ResponseId,Q3_1VL_1,Q3_1VL_2,Q3_1VL_3,Q3_1VL_4,Q3_1VL_5,Q3_1VL_6,Q3_1VL_7,Q3_1VL_8,Q3_1VL_9,Q3_1VL_10,Q3_1VL_11,Q3_1VL_12,Q3_1VL_13,Q3_1VL_14,Q3_1VL_15,Q3_1VL_16,Q3_1VL_17,Q3_1VL_18,Q3_2Im_1,Q3_2Im_2,Q3_2Im_3,Q3_2Im_4,Q3_2Im_5,Q3_2Im_6,Q3_2Im_7,Q3_2Im_8,Q3_2Im_9,Q3_2Im_10,Q3_2Im_11,Q3_2Im_12,Q3_2Im_13,Q3_2Im_14,Q3_2Im_15,Q3_2Im_16,Q3_2Im_17,Q3_2Im_18,Q3_3KnP_1,Q3_3KnP_2,Q3_3KnP_3,Q3_3KnP_4,Q3_3KnP_5,Q3_3KnP_6,Q3_3KnP_7,Q3_3KnP_8,Q3_3KnP_9,Q3_3KnP_10,Q3_3KnP_11,Q3_3KnP_12,Q3_3KnP_13,Q3_3KnP_14,Q3_3KnP_15,Q3_3KnP_16,Q3_3KnP_17,Q3_3KnP_18,Q3_4KnS_1,Q3_4KnS_2,Q3_4KnS_3,Q3_4KnS_4,Q3_4KnS_5,Q3_4KnS_6,Q3_4KnS_7,Q3_4KnS_8,Q3_4KnS_9,Q3_4KnS_10,Q3_4KnS_11,Q3_4KnS_12,Q3_4KnS_13,Q3_4KnS_14,Q3_4KnS_15,Q3_4KnS_16,Q3_4KnS_17,Q3_4KnS_18,Q3_5Av_1,Q3_5Av_2,Q3_5Av_3,Q3_5Av_4,Q3_5Av_5,Q3_5Av_6,Q3_5Av_7,Q3_5Av_8,Q3_5Av_9,Q3_5Av_10,Q3_5Av_11,Q3_5Av_12,Q3_5Av_13,Q3_5Av_14,Q3_5Av_15,Q3_5Av_16,Q3_5Av_17,Q3_5Av_18,Q3_6Fa_1,Q3_6Fa_2,Q3_6Fa_3,Q3_6Fa_4,Q3_6Fa_5,Q3_6Fa_6,Q3_6Fa_7,Q3_6Fa_8,Q3_6Fa_9,Q3_6Fa_10,Q3_6Fa_11,Q3_6Fa_12,Q3_6Fa_13,Q3_6Fa_14,Q3_6Fa_15,Q3_6Fa_16,Q3_6Fa_17,Q3_6Fa_18,Q3_7Ch_1,Q3_7Ch_2,Q3_7Ch_3,Q3_7Ch_4,Q3_7Ch_5,Q3_7Ch_6,Q3_7Ch_7,Q3_7Ch_8,Q3_7Ch_9,Q3_7Ch_10,Q3_7Ch_11,Q3_7Ch_12,Q3_7Ch_13,Q3_7Ch_14,Q3_7Ch_15,Q3_7Ch_16,Q3_7Ch_17,Q3_7Ch_18,Q3_8Dr_1,Q3_8Dr_2,Q3_8Dr_3,Q3_8Dr_4,Q3_8Dr_5,Q3_8Dr_6,Q3_8Dr_7,Q3_8Dr_8,Q3_8Dr_9,Q3_8Dr_10,Q3_8Dr_11,Q3_8Dr_12,Q3_8Dr_13,Q3_8Dr_14,Q3_8Dr_15,Q3_8Dr_16,Q3_8Dr_17,Q3_8Dr_18,Q3_9Fa_1,Q3_9Fa_2,Q3_9Fa_3,Q3_9Fa_4,Q3_9Fa_5,Q3_9Fa_6,Q3_9Fa_7,Q3_9Fa_8,Q3_9Fa_9,Q3_9Fa_10,Q3_9Fa_11,Q3_9Fa_12,Q3_9Fa_13,Q3_9Fa_14,Q3_9Fa_15,Q3_9Fa_16,Q3_9Fa_17,Q3_9Fa_18,Q6_1ED_1,Q6_1ED_2,Q6_1ED_3,Q7_1TR_1,Q7_1TR_2,Q7_1TR_3,Q7_1TR_4,Q7_1TR_5,Q7_1TR_6
R_2SDANhBDtuou3OJ,7,5,3,5,5,4,2,4,7,3,3,1,6,4,2,3,5,5,1,3,6,5,3,4,5,4,2,3,5,2,5,4,4,6,4,1,6,5,5,4,5,2,6,4,2,3,4,4,3,4,3,5,3,4,3,2,5,4,5,2,5,5,4,3,4,3,6,6,3,5,3,2,2,3,3,6,4,2,2,5,2,4,5,5,5,3,1,3,4,2,4,3,5,1,4,4,5,2,4,6,2,1,2,3,4,3,3,1,4,3,6,6,5,2,3,3,5,2,3,2,4,4,2,2,5,5,3,2,1,5,2,3,2,3,4,5,4,1,3,3,4,5,2,4,4,3,2,3,6,4,4,1,2,1,7,3,1,5,3,6,3,3,2,3,4,1,2,3,4,3,2
R_8fB6Gib4iIR7zR8,6,6,4,4,5,5,4,4,4,3,4,3,4,5,5,5,5,7,4,4,4,4,4,4,4,4,4,4,4,4,4,4,4,4,4,4,7,7,5,6,6,6,6,7,5,5,5,7,6,6,6,5,6,5,2,3,2,3,2,2,3,2,2,3,2,3,3,2,2,3,2,3,3,4,3,4,3,3,4,3,3,3,3,4,4,3,4,4,3,4,4,4,4,4,4,4,4,4,4,4,4,4,4,4,4,4,4,4,4,4,4,4,4,4,4,4,4,4,4,4,4,4,4,4,4,4,3,3,4,4,5,4,3,3,4,3,5,5,4,4,3,4,5,5,4,4,4,4,4,4,4,4,4,4,4,4,4,4,4,4,4,4,4,4,4,5,5,4,4,4,4
R_24udw4nO1F1VNwi,6,5,5,6,5,4,4,1,2,4,7,5,7,7,7,7,7,4,7,7,7,7,7,7,7,7,7,7,7,7,7,7,6,7,7,7,7,6,7,6,6,6,6,7,6,7,7,6,7,7,7,6,6,7,1,2,1,1,2,1,1,1,1,1,1,1,1,1,1,1,1,1,7,7,5,7,5,7,6,7,7,7,2,7,5,2,4,4,4,2,4,5,5,3,2,6,6,3,4,5,6,6,6,6,5,5,4,1,1,1,1,1,1,1,1,1,1,1,1,1,1,1,1,1,1,1,3,3,3,3,3,3,3,3,3,3,3,3,3,3,3,3,3,3,2,1,1,1,1,1,1,1,2,1,1,1,1,1,1,1,2,1,5,2,4,4,4,5,5,2,4
R_2qeWmXNGw34rnoB,6,5,3,5,7,4,2,3,3,3,6,1,6,6,7,6,7,7,4,4,4,4,4,4,4,4,4,4,4,4,4,4,4,4,4,4,6,5,3,6,7,3,3,4,3,4,7,3,7,7,7,7,7,7,3,2,2,3,2,2,2,2,2,2,6,1,5,3,6,4,3,5,4,3,4,3,4,5,6,5,5,3,2,7,2,2,2,1,2,1,3,6,5,5,2,7,5,6,7,5,2,6,1,3,1,1,2,1,3,3,2,2,5,4,2,2,3,2,2,2,2,2,2,3,4,5,4,4,6,6,6,5,4,5,6,3,5,6,4,3,4,4,5,4,5,4,5,5,6,4,4,4,4,3,4,5,5,3,4,5,4,4,4,6,5,5,3,5,5,2,4
R_2nHVxzybAu5DemJ,2,4,2,4,7,1,4,1,1,3,5,4,5,7,4,3,5,2,6,5,7,5,7,5,6,5,5,5,7,5,7,7,7,5,6,6,4,3,6,3,6,2,3,3,2,5,7,3,7,5,6,6,5,5,1,4,2,2,5,1,2,1,1,2,5,1,4,4,4,3,4,3,7,7,7,7,4,7,7,7,7,7,5,7,5,2,2,5,5,4,7,5,5,4,3,7,3,6,6,6,4,7,5,5,5,2,4,4,1,1,2,5,7,5,1,1,1,1,1,1,1,1,5,1,5,6,1,5,5,5,7,1,6,6,2,6,5,5,4,4,7,5,6,7,6,5,4,3,7,3,3,4,3,3,3,5,5,5,4,5,5,6,4,3,6,7,5,5,5,7,3
R_8jv6JUC9PyMZJCD,7,6,5,5,6,7,5,5,4,4,7,4,7,7,7,7,6,7,6,6,6,5,5,6,5,6,4,6,6,6,6,5,6,6,6,6,5,6,5,6,6,6,5,5,4,5,6,5,5,6,6,6,6,6,4,2,3,2,2,3,2,2,2,2,3,2,4,3,2,3,2,2,5,4,4,4,4,4,4,5,5,4,4,5,4,4,5,4,4,5,5,6,7,7,7,7,7,7,7,6,5,6,5,5,5,6,5,7,3,4,4,4,4,4,4,4,4,4,4,4,4,4,4,4,4,4,5,5,5,5,5,5,5,5,5,5,5,5,5,5,5,5,5,5,4,4,4,4,4,4,4,4,4,4,4,4,4,4,4,4,4,4,5,3,5,3,5,5,3,5,2
R_81H0P23MXzR1mzF,3,6,5,4,7,3,3,4,5,5,6,1,7,5,7,7,6,7,7,7,7,6,7,7,7,7,7,7,7,7,7,7,7,7,7,7,2,3,4,3,7,1,4,2,3,3,6,2,6,4,6,5,5,6,1,1,1,1,1,1,1,1,1,1,1,1,1,1,1,1,1,1,5,4,2,4,2,6,7,7,7,7,7,6,1,3,1,3,4,1,7,6,3,5,4,7,6,6,6,6,5,7,4,4,4,5,3,4,1,1,1,1,1,1,1,1,1,1,1,1,3,1,1,1,1,1,1,1,1,1,1,1,1,1,1,1,1,1,1,1,1,1,1,1,4,4,4,4,4,4,4,4,4,4,4,4,4,4,4,4,4,4,6,3,3,5,6,4,5,4,3
R_2UeVYdULGWF9X4i,3,4,3,4,3,3,2,2,2,4,3,2,4,4,4,4,4,4,6,6,6,6,6,6,6,6,6,6,6,6,6,6,6,6,6,6,4,5,4,5,3,3,2,2,2,2,5,3,5,5,5,5,5,5,1,1,1,1,1,1,1,1,1,1,1,1,1,1,1,1,1,1,3,2,2,4,4,4,4,4,4,4,2,3,2,2,2,2,2,2,5,5,5,5,5,6,6,6,6,6,2,5,4,3,4,3,5,4,4,4,4,4,3,3,3,3,3,3,4,4,4,4,4,4,4,4,4,4,4,5,5,4,4,4,4,4,3,5,4,4,3,3,3,4,4,4,5,5,5,4,4,4,4,4,4,5,4,4,4,4,4,5,4,4,5,3,3,3,4,3,2
R_8eCR2vE0LpJGoZQ,6,6,6,6,5,5,4,5,5,5,5,2,6,5,6,6,6,6,6,6,6,6,5,5,5,5,5,6,5,5,6,5,5,6,6,5,6,5,5,5,5,4,5,5,5,5,6,4,6,5,6,6,6,5,2,2,2,2,2,2,2,2,2,2,2,2,2,2,2,2,2,2,6,5,6,6,6,6,5,6,5,6,5,6,5,6,4,5,5,5,4,4,5,4,6,6,4,4,6,4,2,6,1,5,1,1,2,2,4,6,2,6,6,6,2,1,1,2,1,1,2,1,2,1,2,5,5,4,3,5,5,5,3,3,3,3,3,3,3,3,3,3,3,5,3,4,3,4,4,4,3,3,3,3,3,4,3,3,3,3,3,4,2,3,2,5,5,6,5,6,4
R_2GvOL5W160ovAcv,1,1,1,1,1,1,1,1,1,1,1,1,1,1,1,1,1,1,7,7,7,7,7,7,7,7,7,7,7,7,7,7,7,7,7,7,4,4,4,4,4,4,4,4,4,4,4,4,4,4,4,4,4,4,4,4,4,4,4,4,4,4,4,4,4,4,4,4,4,4,4,4,7,7,7,7,7,7,7,7,7,7,7,7,7,7,7,7,7,7,4,4,4,4,4,4,4,4,4,4,4,4,4,4,4,4,4,4,4,4,4,4,4,4,4,4,4,4,4,4,4,4,4,4,4,4,4,4,4,4,4,4,4,4,4,4,4,4,4,4,4,4,4,4,4,4,4,4,4,4,4,4,4,4,4,4,4,4,4,4,4,4,1,1,1,4,4,4,4,4,4
R_8gIWDx7SUPgXYu2,7,6,7,7,7,4,6,5,5,7,7,5,7,7,7,7,7,7,5,5,5,5,4,4,5,6,6,4,5,4,3,4,5,3,4,3,7,7,7,7,7,5,6,6,6,7,7,6,7,7,7,7,7,7,3,3,4,3,3,2,3,2,2,3,4,3,4,4,4,4,3,3,4,2,1,1,1,4,5,3,5,5,3,5,1,1,1,1,1,2,1,1,2,1,1,5,1,2,5,1,1,4,1,2,1,1,1,1,3,3,5,5,3,4,1,2,3,2,1,3,5,5,4,5,3,6,5,3,2,7,6,2,4,3,2,4,4,5,6,5,4,5,4,3,5,5,5,5,6,6,5,5,5,6,5,6,5,6,6,5,6,6,5,6,6,4,6,2,1,1,1
R_2uCdEKKHHadYzx8,4,6,5,6,7,6,3,5,3,3,4,3,4,6,4,5,7,6,3,4,4,3,2,4,3,5,4,4,5,3,4,3,5,4,4,3,5,4,6,3,2,3,4,4,5,3,5,2,5,5,6,5,5,2,4,3,4,2,2,3,5,5,3,4,6,2,6,6,6,5,5,3,6,3,4,4,5,2,2,3,4,4,2,5,2,4,3,2,4,3,5,4,4,4,6,5,4,4,4,5,4,6,2,3,2,2,2,7,4,4,3,3,6,5,5,5,3,2,3,4,3,3,4,2,5,3,5,5,5,7,6,6,5,4,4,5,4,6,4,4,5,4,4,6,5,5,5,5,6,6,6,4,5,5,4,6,4,4,4,2,4,7,4,4,5,5,5,5,6,6,4
R_2X095LwYSW6nONK,2,3,3,3,3,3,1,1,1,1,4,1,7,1,7,7,3,7,7,7,7,7,7,7,7,7,7,7,7,7,7,7,7,7,7,7,3,3,7,1,1,2,2,1,1,1,7,2,7,4,4,7,7,7,1,1,1,1,1,1,1,1,1,1,1,1,1,1,1,1,1,1,7,7,4,7,7,7,7,7,7,7,7,7,1,7,1,1,4,1,1,1,1,7,3,7,4,7,7,2,1,5,1,1,4,3,1,4,1,1,1,1,1,1,1,1,1,1,1,1,1,1,1,1,1,1,4,3,4,1,1,1,1,1,1,1,5,1,3,7,4,6,4,7,4,4,4,4,4,4,4,4,4,4,4,4,4,4,4,4,4,4,4,4,5,7,7,7,7,7,3
R_8dlLzs08H0K8wnv,4,7,4,7,4,1,1,1,1,1,7,5,7,7,7,7,7,7,7,7,7,7,5,7,7,7,7,7,7,7,7,7,7,7,7,7,5,7,1,6,5,1,1,2,4,3,6,4,7,7,6,7,7,7,1,1,1,1,1,1,1,1,1,1,1,1,1,1,1,1,1,1,7,4,7,4,7,7,7,7,7,7,5,5,3,3,3,4,4,3,7,3,7,4,7,7,7,7,7,7,1,4,3,1,1,1,1,1,1,1,1,1,1,1,1,1,1,1,1,6,7,7,7,7,7,7,5,4,5,5,4,1,4,1,2,2,4,4,4,6,3,6,6,5,4,5,4,4,3,4,3,3,4,4,4,7,4,4,3,4,5,6,1,4,3,1,7,1,2,1,1
R_2fK37fJsUPdL2Jo,4,5,1,3,7,2,1,1,1,2,7,6,6,5,5,7,7,7,7,5,5,5,5,7,6,5,7,4,5,5,4,5,5,4,5,4,5,5,2,2,3,2,2,3,2,4,5,2,5,5,5,7,4,7,5,2,3,2,4,1,2,3,2,2,5,1,5,4,5,5,5,6,5,4,7,6,3,7,7,7,7,7,2,7,2,5,2,2,3,2,2,3,1,2,1,7,2,3,5,1,5,7,2,2,2,2,7,2,1,2,1,6,7,4,1,2,1,1,3,1,5,6,4,5,6,7,3,3,2,5,5,1,3,3,2,3,5,2,6,5,5,6,4,7,4,5,2,3,6,2,3,3,2,3,4,2,5,3,4,5,5,6,2,5,5,7,2,5,2,7,3
R_8Pz2LRztR5QI9Qo,4,4,5,4,3,6,4,4,4,4,4,3,4,2,4,5,3,4,4,6,5,5,6,7,7,5,4,6,3,5,5,4,7,4,5,6,5,4,6,4,4,5,4,4,4,4,4,5,3,3,2,5,3,4,5,3,4,4,3,4,5,4,4,4,4,3,4,4,5,3,4,6,3,4,4,4,5,2,4,4,4,4,4,3,4,5,3,3,4,4,3,3,4,6,3,5,4,3,4,5,3,4,4,6,2,3,5,4,3,2,3,4,2,3,3,1,2,3,3,3,4,3,4,2,3,3,4,3,1,3,2,3,4,2,3,3,2,3,2,5,3,3,3,2,6,4,3,4,3,4,3,3,3,2,2,3,3,4,3,2,1,2,5,4,4,4,4,4,3,3,4
R_2MVIPyp1o3saifn,5,3,4,5,5,2,5,3,3,2,3,5,6,2,4,3,6,6,4,3,3,3,5,4,4,4,4,5,4,3,5,3,5,4,4,5,2,2,2,2,2,2,2,2,2,2,2,2,2,2,2,2,2,2,2,2,2,2,2,2,2,2,2,2,2,2,2,2,2,2,2,2,5,6,3,4,3,5,6,6,6,6,5,6,3,3,3,4,2,3,3,5,5,6,6,6,5,6,5,6,4,6,3,4,3,4,3,5,4,4,5,5,5,5,5,5,3,4,4,4,5,4,5,4,5,5,4,4,4,6,4,6,5,4,5,5,5,6,4,5,4,4,4,5,3,3,3,3,1,3,3,3,3,3,3,4,3,3,3,3,3,3,2,3,3,6,3,5,4,5,2
R_83hTgucldhNOWHv,1,1,4,4,6,7,1,1,1,1,1,1,4,1,4,4,2,7,6,4,6,3,4,6,6,7,6,6,7,6,7,6,7,7,5,7,5,2,3,1,2,1,3,4,2,2,6,2,1,6,4,6,5,3,1,3,4,2,1,2,1,1,2,1,5,1,3,5,2,6,3,4,7,7,7,7,7,6,7,7,5,7,7,7,4,5,4,2,1,1,7,7,1,5,7,7,2,3,5,6,1,1,4,1,5,1,1,2,2,4,2,7,7,6,2,3,2,2,2,3,6,2,6,3,2,5,3,6,2,6,7,4,4,3,2,2,3,3,7,3,6,2,3,3,3,3,3,5,7,4,3,4,4,4,3,3,7,3,7,3,4,2,4,3,4,4,1,3,5,2,1
R_8EKiOst39bAVMMo,6,6,5,2,5,2,4,4,6,3,6,1,6,3,6,6,6,6,6,6,6,6,6,6,6,6,6,6,7,5,7,6,6,7,6,6,6,6,6,6,4,5,6,6,5,5,7,3,7,7,7,7,7,7,2,3,4,3,2,2,5,4,3,4,4,1,3,3,4,3,3,4,2,2,6,3,6,6,6,6,6,6,5,7,1,6,1,2,2,1,6,1,5,2,6,6,5,6,5,5,2,7,1,5,1,1,1,1,2,2,2,2,2,2,2,2,2,2,2,2,2,2,2,2,2,2,5,6,2,4,6,6,2,5,5,5,3,7,2,2,2,2,2,2,1,1,1,1,1,1,1,1,1,1,1,1,1,1,1,1,1,1,2,2,5,4,5,6,4,5,5
R_8qyiBJBVielvuOJ,6,6,4,6,6,7,4,3,4,3,3,2,4,2,5,5,4,7,4,3,3,5,3,6,5,5,4,6,5,5,4,6,4,5,3,3,5,4,3,6,6,3,4,5,3,4,4,3,5,4,3,6,6,3,3,3,2,2,3,2,3,5,2,2,4,2,3,5,3,5,4,5,5,3,4,5,3,3,3,5,3,4,2,4,5,6,4,5,4,3,5,4,5,3,1,4,4,4,3,5,3,3,6,3,3,3,3,6,2,4,5,2,1,2,3,3,4,5,5,5,2,5,2,5,3,5,3,4,4,5,2,6,6,4,3,5,4,3,3,1,4,5,5,3,2,5,5,4,3,5,5,2,4,5,6,3,3,5,4,3,6,4,3,1,3,5,5,5,3,2,5
R_2kU9q2rNXfyl0Mp,4,6,4,4,7,3,2,1,2,2,6,1,6,1,6,6,6,4,7,7,7,7,7,7,7,7,7,7,7,7,7,1,7,7,7,7,6,6,6,6,6,6,6,6,6,6,6,6,6,1,6,6,6,6,4,4,4,4,4,4,4,4,4,4,4,4,4,1,4,4,4,4,1,1,1,1,1,1,1,1,1,1,1,1,1,1,1,1,1,1,7,7,7,7,7,7,7,7,7,7,7,7,7,1,7,7,7,7,1,1,1,1,1,1,1,1,1,1,1,1,1,7,1,1,1,1,1,1,1,1,1,1,1,1,1,1,1,1,1,7,1,1,1,1,1,1,1,1,1,1,1,1,1,1,1,1,1,7,1,1,1,1,1,1,1,7,7,6,6,6,6
R_8O24ULnTTTFqT6x,1,7,7,1,7,1,1,1,1,1,1,4,4,4,4,4,6,7,4,4,4,4,4,4,4,4,4,4,4,4,4,4,4,4,4,4,2,5,6,5,7,1,6,6,3,5,6,5,6,6,6,6,6,7,1,1,2,1,2,3,1,1,1,1,2,2,3,2,3,1,1,3,7,4,4,5,1,6,6,6,6,6,4,5,4,5,1,4,4,1,7,7,5,6,5,7,7,6,7,5,5,4,5,6,5,5,5,5,1,1,1,1,1,1,1,1,1,1,1,1,1,1,1,1,1,1,1,3,3,2,4,1,1,1,1,1,3,3,3,1,3,3,3,4,2,2,2,2,3,2,1,1,1,2,2,1,2,2,2,2,3,2,3,3,3,5,5,4,4,5,3
R_880xDPaUwDvWxbz,4,7,1,7,4,1,1,1,1,1,1,1,7,1,7,7,7,7,4,4,4,4,4,4,4,4,4,4,4,2,4,4,4,4,4,4,7,7,7,7,7,7,7,7,7,7,7,7,7,7,7,7,7,7,1,1,3,1,1,1,3,1,1,1,3,1,3,2,1,3,2,3,7,1,7,1,1,7,7,7,7,7,5,7,1,1,1,1,1,1,7,4,7,5,7,7,7,7,7,7,4,7,4,4,4,4,6,4,1,1,1,1,4,4,1,1,1,1,1,1,1,1,1,1,1,4,4,6,1,7,7,7,4,4,2,4,1,7,4,4,4,2,4,4,4,4,4,5,4,4,4,1,1,1,2,5,4,4,4,2,4,4,1,4,2,4,5,4,4,4,4
R_8eQI5JBnfGsogwD,7,7,1,7,7,7,1,1,1,1,7,1,7,7,7,1,7,7,7,7,7,7,7,7,7,7,7,7,7,7,7,7,7,7,7,7,4,4,1,1,7,1,1,1,1,1,7,7,7,4,7,7,7,7,1,1,1,1,1,1,1,1,1,1,1,1,1,1,1,1,1,1,6,5,5,5,7,7,6,6,6,5,5,5,5,5,6,6,6,6,7,7,7,7,4,7,7,7,7,7,4,7,4,7,7,4,7,4,1,1,1,1,1,1,1,1,1,1,1,1,1,1,1,1,1,1,7,7,7,7,5,7,5,7,7,7,4,7,5,5,4,5,5,5,1,1,1,1,1,1,1,1,1,1,1,1,1,1,1,1,1,1,2,2,2,6,6,6,6,6,6
R_2pGVadWriW5Ollb,5,5,5,5,2,2,5,5,6,6,5,4,4,3,2,5,5,6,5,2,3,3,3,5,5,4,5,6,4,5,4,3,3,5,3,5,4,3,5,3,3,3,4,5,3,5,4,6,4,6,6,5,4,5,3,4,3,3,3,2,3,4,4,3,5,3,4,5,5,5,3,5,4,5,2,5,5,6,5,4,5,5,3,6,2,2,2,2,3,2,4,4,4,6,2,7,5,6,5,5,2,5,2,2,1,2,2,2,2,4,1,2,2,2,3,2,2,2,4,1,6,6,6,6,6,6,3,4,2,5,5,2,3,3,3,2,4,4,3,4,4,3,5,4,4,3,3,3,4,3,3,3,4,3,4,3,4,4,4,4,5,5,1,3,5,2,3,4,1,2,3
R_2PyVA8NiseC7opf,1,2,2,2,2,1,2,1,2,1,2,1,2,3,1,3,2,2,5,5,5,5,5,5,5,4,5,5,5,4,5,5,5,5,5,5,2,4,4,4,3,2,4,2,4,3,4,2,3,4,4,3,3,3,1,1,1,1,1,1,1,1,1,1,1,1,1,1,1,1,1,1,5,3,4,5,6,6,5,6,4,5,4,6,4,4,4,3,4,3,4,4,5,3,4,6,5,5,5,3,5,5,5,4,5,3,4,5,3,3,3,3,3,3,3,3,3,3,3,3,3,3,3,3,3,3,5,5,5,5,5,5,5,5,5,5,5,5,5,5,5,5,5,5,4,4,4,4,4,4,4,4,4,4,4,4,4,4,4,4,4,4,5,6,5,3,4,3,4,4,4
R_2G0CbsqSEhLF3cl,1,7,7,7,3,1,1,1,7,1,7,6,7,7,7,7,7,7,5,3,5,7,6,6,5,6,5,3,6,5,1,2,1,2,2,2,6,7,7,7,6,6,6,6,7,6,6,6,6,7,6,2,5,7,1,2,2,5,1,2,6,7,6,3,7,5,2,3,2,2,2,5,7,7,7,5,1,6,6,7,7,7,2,6,1,1,2,2,2,1,7,7,6,7,1,7,6,6,1,6,2,6,1,2,1,1,7,1,6,6,2,1,5,6,5,3,6,6,2,6,2,1,2,3,3,2,1,1,1,1,1,1,1,1,1,1,1,1,1,1,1,1,1,1,4,4,4,4,4,4,4,4,4,4,4,4,4,4,4,4,4,4,1,3,1,6,6,5,6,5,1
R_8YCQxOTUs7KU59f,7,5,7,6,7,5,4,4,4,4,7,5,7,6,7,7,6,7,7,7,7,7,7,7,7,7,7,7,7,7,7,7,7,7,7,7,4,3,3,2,7,1,3,3,4,6,4,5,6,4,4,7,6,7,1,1,4,1,3,1,3,1,1,3,3,1,2,4,3,4,3,2,6,6,1,3,1,6,6,6,6,6,1,6,1,5,3,1,4,5,1,7,7,7,1,7,2,4,7,5,7,5,4,4,4,1,3,2,1,1,1,1,1,1,1,1,1,1,1,1,1,1,1,1,1,1,5,5,4,7,6,7,4,5,4,4,4,5,6,5,4,4,5,3,4,3,3,6,4,6,3,2,3,5,3,4,5,2,5,5,2,3,4,4,4,5,3,4,2,4,2
R_80HL4IlsYL2TZIs,1,7,7,7,7,2,1,1,1,1,7,1,7,1,7,3,7,7,7,7,7,7,7,7,7,7,7,7,7,7,7,7,7,7,7,7,7,7,7,7,7,4,4,7,4,7,7,7,7,4,7,7,7,7,1,2,2,1,1,1,1,2,1,1,2,1,2,2,2,1,2,2,1,1,1,1,1,1,1,1,1,1,1,1,1,1,1,1,1,1,5,5,7,5,7,7,7,7,7,4,5,7,5,4,7,5,4,5,1,1,1,1,1,1,1,1,1,1,5,1,5,1,1,1,1,1,7,7,7,7,7,7,7,7,7,7,7,7,7,7,7,7,7,7,5,5,6,5,5,6,5,6,6,5,5,5,5,5,5,5,5,5,4,5,6,3,5,4,2,1,2
R_27gtJMUcdx3CBxa,5,6,3,5,6,3,3,2,3,3,3,4,3,3,3,3,7,7,7,7,7,6,7,7,7,7,7,7,7,7,7,7,7,7,7,7,6,6,6,6,6,6,6,6,6,6,6,6,6,6,6,6,6,6,2,2,2,2,2,2,2,2,2,2,2,2,2,2,2,2,2,2,5,5,5,5,5,5,5,5,5,5,5,5,5,5,5,5,5,5,5,5,5,5,5,5,5,5,5,5,5,5,5,5,5,5,5,5,2,2,2,2,2,2,2,2,2,2,2,2,2,2,2,2,2,2,4,4,4,4,4,4,4,4,4,4,4,4,4,4,4,4,4,4,4,4,4,4,4,4,4,4,4,4,4,4,4,4,4,4,4,4,1,6,7,7,5,4,5,5,2
R_2Pv3K5vKJvuCzO4,6,6,3,4,6,3,2,2,2,2,4,2,6,5,5,6,6,6,5,5,5,5,5,5,5,5,5,5,5,5,5,5,5,5,5,5,4,4,4,4,4,4,4,4,4,4,4,4,4,4,4,4,4,4,3,3,3,3,3,3,3,3,3,3,3,3,3,3,3,3,3,3,5,3,4,3,3,5,5,5,6,5,5,5,4,4,4,3,4,3,4,4,4,4,4,4,4,4,4,4,4,4,4,4,4,4,4,4,3,3,3,3,3,3,3,3,3,3,3,3,3,3,3,3,3,5,4,4,4,4,4,4,4,4,4,4,4,4,4,4,4,4,4,4,4,4,4,4,4,4,4,4,4,4,4,4,4,4,4,4,4,4,3,5,4,5,2,6,5,5,3
R_2dN0QOjFJOhZFC2,4,2,3,2,5,2,2,4,2,2,4,3,5,3,7,3,4,7,3,5,5,4,4,5,6,6,6,5,5,1,2,2,2,5,2,3,4,2,2,1,3,4,4,3,1,1,5,1,3,3,5,3,5,6,2,1,1,1,1,1,1,2,1,1,2,1,2,1,2,1,2,2,5,6,7,7,7,7,7,7,7,7,5,4,2,6,3,4,3,4,4,6,7,6,7,6,7,5,7,7,1,2,1,3,3,1,3,1,4,2,1,1,1,2,1,1,1,1,6,7,2,3,5,1,4,7,6,7,4,7,4,6,7,7,7,7,4,5,4,7,4,4,5,5,6,4,4,4,4,6,6,4,5,4,3,4,4,4,2,3,4,5,4,4,4,7,6,5,5,6,5
R_8EOH7avLINr8iel,7,4,3,3,4,1,1,1,4,2,3,7,5,7,7,4,4,7,7,7,6,7,7,6,5,7,7,6,7,4,5,5,5,5,6,5,6,6,7,7,7,7,7,4,4,6,7,7,7,7,5,6,7,6,1,1,1,1,1,1,1,1,1,1,1,1,1,1,1,1,1,1,5,6,4,5,2,5,5,6,5,5,6,6,5,5,5,6,6,5,7,6,6,6,7,6,7,7,7,7,4,7,6,5,6,7,4,7,3,1,1,2,5,5,2,2,2,2,2,1,2,4,2,2,2,1,2,3,3,2,4,1,4,2,3,3,2,4,4,4,3,3,3,3,2,3,2,2,3,1,1,2,3,1,3,5,1,5,4,3,6,5,3,2,2,1,3,2,3,1,2
R_2YSsevCtZfXZm4e,7,7,7,4,6,1,7,2,2,3,4,5,7,4,7,6,6,7,6,6,2,3,2,3,7,5,4,7,6,3,5,4,3,3,4,4,2,3,4,1,4,5,3,4,2,2,7,3,4,4,4,3,3,3,4,5,4,3,6,3,5,4,2,2,7,6,5,5,3,5,5,4,7,6,7,6,6,4,5,7,6,6,6,7,2,4,7,6,7,3,5,6,2,5,6,7,2,7,7,6,1,4,1,1,2,1,1,1,3,5,4,4,3,5,5,5,3,5,3,4,4,4,3,3,4,4,5,3,4,5,3,5,5,2,3,4,5,6,3,3,5,3,5,4,4,4,5,5,4,5,3,5,4,5,4,4,3,3,4,5,4,4,1,2,2,1,1,2,2,2,2
R_2ZCCiuqZ8zOLCBj,7,7,7,7,7,7,5,7,7,7,7,5,7,7,7,7,7,7,7,7,7,7,7,7,7,7,7,7,7,7,7,7,7,7,7,7,7,7,7,7,7,7,7,7,7,7,7,7,7,7,7,7,7,7,1,1,1,1,1,1,1,1,1,1,1,1,1,1,1,1,1,1,4,1,4,2,1,4,4,4,4,4,1,4,1,1,1,1,1,1,1,1,1,1,1,1,1,1,1,1,1,4,1,1,1,1,1,1,4,4,4,4,4,4,4,4,4,4,4,4,4,4,4,4,4,4,4,4,4,4,4,4,4,4,4,5,4,4,4,4,4,4,4,4,5,5,5,5,5,5,5,5,5,5,5,5,5,5,5,5,5,5,2,4,3,1,5,5,7,5,2
R_8hAXlYvQGiZMkKz,3,4,4,4,6,5,3,3,3,3,4,3,4,4,4,4,4,4,7,6,7,7,5,6,6,6,7,6,7,5,4,6,6,6,5,6,4,4,5,4,5,5,3,3,4,4,5,5,5,5,5,5,5,5,2,2,3,3,2,2,2,3,3,3,3,2,3,3,3,3,3,3,4,4,4,4,5,5,5,5,5,5,4,5,4,4,4,4,4,5,3,5,5,5,5,6,6,6,6,6,5,4,5,4,3,3,3,4,1,1,5,1,1,1,1,1,1,5,1,6,5,5,5,5,5,5,4,4,4,4,4,4,4,4,4,4,4,4,4,4,4,4,4,4,3,3,5,5,3,3,3,3,3,3,3,5,6,5,6,5,5,5,2,3,2,4,4,3,4,4,3
R_2byCkLFPoUyc45b,4,5,3,7,7,4,1,1,1,1,7,3,7,7,7,7,7,7,7,7,7,4,7,7,7,7,7,7,7,5,7,5,5,7,7,5,7,7,7,7,7,7,7,7,7,7,7,7,7,7,7,7,7,7,3,3,2,3,3,2,3,3,2,3,3,2,4,3,3,4,4,4,1,1,3,1,1,4,7,7,7,7,7,7,1,1,1,1,1,1,3,7,7,7,3,7,7,7,7,7,4,7,3,2,4,3,3,3,1,1,1,1,1,3,1,1,1,1,1,1,1,1,1,1,1,3,4,4,4,4,4,4,4,4,4,4,4,4,4,4,4,4,4,5,3,3,3,3,3,3,4,5,5,3,3,5,3,3,3,3,3,4,1,3,5,7,4,7,6,4,2
R_8j8wSDH4PBAMwxQ,4,3,6,3,4,4,3,2,3,3,4,3,4,3,4,4,3,5,6,7,7,7,6,6,6,7,6,6,6,6,7,6,6,6,5,7,3,5,4,4,4,3,3,4,3,3,3,3,4,3,4,4,4,5,1,2,1,1,1,2,1,1,1,2,1,1,1,1,2,1,1,2,5,3,5,5,4,4,5,4,5,5,5,6,3,5,3,4,5,4,7,5,7,7,7,7,7,7,7,7,7,7,6,7,7,7,7,5,2,1,1,1,1,2,1,1,1,1,1,1,1,1,1,1,1,1,2,1,2,1,2,1,2,1,1,1,2,1,1,2,2,1,1,1,3,3,2,3,3,3,3,3,3,3,3,3,2,3,2,3,3,3,1,2,1,7,7,7,7,6,6
R_2RRrUYjvWncausl,4,3,4,3,7,5,1,1,7,7,2,7,2,7,5,6,4,7,4,6,6,3,4,6,5,3,6,6,6,3,7,7,6,6,6,6,2,2,2,2,1,1,1,2,1,2,3,2,3,5,6,6,3,6,2,2,2,1,1,1,1,1,1,1,2,1,2,3,2,2,3,2,5,6,7,6,7,7,7,7,7,7,4,7,6,5,6,6,5,1,5,4,7,6,7,7,7,7,7,7,3,7,4,3,4,4,4,4,1,1,1,1,1,1,1,1,1,1,1,1,1,1,1,1,1,1,3,3,3,3,3,4,3,3,3,4,3,2,4,3,3,4,3,3,5,4,5,6,6,5,6,5,6,6,5,5,5,5,4,5,5,5,4,5,6,3,4,3,3,4,2
R_2QKQyYgU9qUyaw1,3,4,5,4,3,2,5,4,1,1,5,2,2,1,2,2,4,2,5,6,5,6,5,6,5,6,6,6,6,4,5,6,5,5,6,5,3,3,2,4,4,2,2,3,3,3,5,2,5,2,5,5,5,6,2,2,2,2,2,2,2,2,2,2,2,2,2,2,2,2,2,2,4,4,5,5,5,5,4,4,6,5,5,6,6,4,6,5,4,4,7,7,7,7,7,7,7,7,7,7,7,7,7,7,7,7,7,7,5,5,6,5,5,5,6,6,5,6,4,5,6,5,6,6,5,7,3,3,4,3,2,4,3,4,3,3,3,2,4,3,4,2,3,2,3,3,3,3,3,3,3,3,3,3,3,3,3,3,3,3,3,3,2,2,2,2,1,2,1,1,1
R_21BsPg8aIAbgtUg,2,5,3,6,5,5,1,2,1,1,4,2,6,3,5,6,5,6,7,7,7,6,6,7,7,7,7,7,7,7,7,6,7,7,7,7,1,3,5,5,7,3,1,1,1,1,3,1,7,2,7,7,2,5,2,1,2,1,1,2,1,1,2,1,1,1,2,5,7,2,1,2,6,3,7,3,2,6,7,7,7,7,4,7,2,3,2,4,4,2,6,5,4,5,6,6,5,6,5,4,3,5,2,3,3,2,2,4,1,3,3,3,5,1,1,1,1,1,2,1,5,4,5,5,3,7,2,3,2,2,5,2,2,2,2,2,4,2,4,3,3,4,3,6,4,4,4,4,4,4,4,4,4,4,4,4,4,4,4,4,4,4,2,2,2,2,5,2,5,3,5
R_8qsuZ0ac2kFuyL7,7,7,7,5,7,3,6,5,1,6,4,1,7,1,7,5,7,7,7,7,7,7,7,7,7,7,7,7,7,4,7,7,7,7,7,7,7,7,7,7,7,5,7,7,7,7,7,7,7,7,7,7,7,7,1,1,1,1,1,1,1,1,1,1,1,1,1,1,1,1,1,1,1,1,1,1,1,1,1,1,1,1,1,1,1,1,1,1,1,1,1,1,1,1,1,7,1,1,7,1,1,7,1,1,1,1,1,1,3,4,4,4,4,3,4,4,4,2,4,4,4,4,3,4,4,4,1,1,1,1,1,1,1,1,1,1,1,1,1,1,1,1,1,1,3,3,4,4,3,4,4,3,4,3,4,4,4,4,4,4,4,3,1,1,1,7,7,7,7,7,7
R_2M9UxjfG5o45tv2,6,6,6,6,7,5,6,6,6,6,6,2,7,7,7,7,7,7,7,7,7,7,7,7,7,7,7,7,7,7,7,7,7,7,7,7,5,5,5,5,6,3,5,3,5,5,6,2,7,5,7,5,6,7,4,4,4,4,4,4,4,4,4,4,4,4,4,4,4,4,4,4,5,4,5,5,3,5,6,5,6,6,5,6,2,1,4,3,2,1,3,5,5,5,3,5,6,6,6,6,1,7,1,1,1,1,1,1,1,1,1,1,1,1,1,1,1,1,1,1,1,1,1,1,1,1,1,2,2,5,2,5,3,4,2,3,1,2,1,1,1,1,1,1,2,2,2,2,2,2,2,2,2,2,2,2,2,2,2,2,2,2,1,2,2,5,5,5,6,6,2
R_2qUrHq6UrWlWUct,2,3,2,6,7,2,2,2,2,2,3,1,5,4,6,6,6,7,7,5,7,5,5,5,6,7,6,5,5,5,5,5,5,5,6,5,3,4,3,4,5,3,3,3,3,3,6,3,3,3,5,5,6,3,1,1,1,1,1,1,1,1,1,1,1,1,1,1,1,1,1,1,7,4,7,5,3,6,7,7,7,7,5,6,2,7,3,3,4,4,6,6,5,6,5,6,7,7,6,6,2,6,3,5,5,3,2,3,2,2,3,4,3,4,1,1,1,1,5,1,3,4,4,5,3,4,6,6,4,7,6,7,7,7,7,7,4,6,5,7,4,4,4,6,5,5,5,5,5,6,3,3,5,3,3,5,5,6,5,4,4,4,4,7,7,1,4,1,1,1,1
R_2D7Av2wTh298Pp9,3,4,4,5,6,6,2,4,3,3,5,2,5,4,4,3,5,5,7,4,2,4,5,5,5,3,3,3,5,5,3,3,3,4,3,4,5,4,2,5,5,6,4,3,5,5,5,5,4,4,4,5,5,5,2,3,2,4,4,2,3,4,3,4,2,2,2,3,4,4,2,2,5,4,5,2,4,6,5,5,5,7,5,2,5,6,3,4,4,5,3,3,3,5,2,3,4,4,4,2,3,3,4,4,3,4,6,2,4,2,4,2,3,4,3,3,3,2,5,2,3,3,4,3,3,3,2,3,4,3,3,3,4,3,3,3,3,4,2,3,4,2,3,4,5,3,3,3,3,2,2,4,3,4,3,2,2,2,2,4,3,2,2,3,4,7,6,5,6,5,5
R_2QDK0Sv6Nx6QYgs,2,4,4,4,7,1,2,1,1,1,5,1,3,6,4,6,5,7,7,7,7,7,7,7,7,7,7,7,7,7,7,7,7,7,7,7,2,4,4,4,7,3,2,2,3,2,6,1,6,7,5,7,7,6,2,2,1,1,4,1,1,1,1,1,4,1,2,2,4,3,2,3,4,4,7,5,1,4,7,5,6,7,1,3,1,1,1,1,1,1,2,4,5,2,1,7,7,7,7,5,4,7,1,3,2,2,2,4,1,5,1,2,3,3,1,1,1,1,1,1,3,1,1,1,1,4,2,1,2,5,7,4,2,2,2,4,1,1,1,1,1,1,3,1,1,2,2,4,3,2,7,2,2,4,1,4,1,1,3,2,1,1,4,3,3,5,5,4,2,2,4
R_8rIFXE53CdctHBY,3,4,4,5,3,4,3,3,2,3,6,2,6,6,5,5,7,6,6,6,7,5,6,6,7,7,5,6,7,5,5,7,6,5,6,6,6,3,5,3,4,3,5,4,3,3,7,3,6,5,6,7,6,6,2,1,1,1,1,1,1,1,1,1,2,1,1,1,1,2,1,2,6,3,2,4,4,6,6,6,6,6,5,6,1,1,1,1,1,1,3,3,2,6,5,6,6,5,6,6,1,6,2,2,2,2,2,3,5,5,5,5,4,4,4,4,4,4,2,5,5,5,6,5,5,5,3,3,3,3,3,3,4,4,3,3,5,3,6,2,6,2,6,2,3,3,3,3,3,3,3,3,3,3,2,3,4,4,4,2,4,5,6,3,3,5,5,3,3,3,2
R_8RdpoDsLzkD3Lko,5,5,6,3,6,3,1,2,4,1,4,1,5,6,5,5,2,3,7,7,7,5,7,7,5,7,7,7,7,4,7,7,7,7,7,7,5,4,5,4,4,4,2,6,5,5,6,6,5,5,6,5,7,4,1,1,1,1,1,1,1,1,1,1,1,1,1,1,1,1,1,1,7,5,6,3,3,6,7,7,5,7,5,7,3,3,4,5,3,2,4,4,6,1,4,4,5,3,3,1,1,5,6,5,3,4,3,3,1,1,1,1,1,1,1,1,1,1,1,1,1,1,1,1,1,1,5,5,5,5,5,5,5,5,5,5,5,5,5,5,5,5,5,5,3,2,3,2,2,3,2,3,2,2,2,3,3,3,3,2,4,3,1,3,4,5,6,2,4,2,1
R_2f2PmIK8GH1DpjN,1,4,1,7,5,4,4,1,1,1,4,1,1,1,4,7,6,7,6,7,4,1,7,3,6,5,7,1,7,5,5,3,7,4,6,4,4,1,5,3,6,3,4,1,5,7,4,3,1,4,1,2,5,4,2,3,6,5,3,3,1,3,3,4,1,1,4,5,3,4,5,6,6,3,7,1,5,1,3,4,7,4,4,7,3,4,4,4,5,3,4,2,5,6,5,1,1,5,6,7,5,4,1,4,7,7,4,5,7,7,6,2,4,5,7,3,4,6,4,1,4,5,6,5,3,5,1,3,4,1,5,1,2,1,2,3,6,6,7,1,4,2,6,7,1,1,1,1,2,1,3,1,1,3,1,1,3,2,1,3,1,4,4,6,4,6,7,7,7,7,7
R_8Vrt54on2aXghjU,7,7,3,7,7,7,1,1,2,1,7,7,7,2,7,7,7,7,7,7,7,7,7,7,7,7,7,7,7,4,7,7,6,7,7,7,6,7,6,7,7,7,7,5,7,6,7,5,7,7,7,7,7,7,1,1,1,1,1,1,1,1,1,1,1,1,1,1,1,1,1,1,7,1,3,4,3,3,5,7,6,7,4,6,3,5,4,4,1,4,7,1,1,3,1,5,1,1,2,1,1,1,1,1,1,1,1,1,6,6,4,5,7,5,5,5,4,5,4,5,4,4,4,5,3,5,1,2,2,7,6,6,1,1,1,1,1,1,1,1,1,1,1,1,3,3,2,2,5,5,2,2,2,2,2,2,3,3,3,2,2,3,1,2,2,5,7,5,5,5,3
R_84c1NMej8wRKcpl,5,5,5,5,5,5,5,5,5,5,5,5,5,5,4,5,5,5,5,5,5,5,5,5,5,6,5,5,5,5,5,5,4,5,5,5,6,5,6,6,6,6,6,6,6,6,6,6,5,6,6,6,6,6,1,1,1,1,1,1,1,1,1,1,1,1,1,1,1,1,1,1,7,7,7,7,1,7,7,7,7,7,4,7,1,7,1,1,1,1,7,7,1,4,1,7,2,6,7,6,2,7,1,1,2,2,2,2,1,1,1,1,1,1,1,1,1,1,1,1,1,1,1,1,1,1,7,7,7,7,7,7,7,7,7,7,7,7,7,7,7,7,7,7,4,4,3,4,4,4,4,4,4,4,4,4,4,4,4,3,4,4,4,5,5,6,6,6,2,4,3
R_2SkKKaNQFsexB2I,6,5,4,4,2,4,2,3,3,1,3,6,6,6,5,7,6,6,4,4,4,5,6,6,5,5,3,4,6,4,5,5,5,5,4,3,5,5,3,4,5,4,5,3,5,4,5,4,4,5,4,5,3,4,4,4,4,4,4,4,4,1,3,2,5,4,5,4,3,5,3,4,5,4,4,4,4,5,4,3,3,4,3,4,4,4,5,2,4,3,4,4,4,5,4,5,5,3,4,4,4,6,4,6,5,3,2,4,5,4,5,6,4,2,5,4,4,4,4,3,4,5,4,5,3,3,4,4,5,4,5,4,5,5,4,2,7,3,6,3,5,5,4,5,5,3,4,4,3,5,4,5,4,4,4,4,4,4,5,4,3,5,4,5,3,2,4,6,4,3,3
R_2TEBTZA5k4VlkT7,3,4,4,4,4,7,1,1,5,1,5,1,4,5,6,4,4,7,5,4,5,4,4,5,4,5,4,5,4,4,3,4,3,4,4,3,4,4,4,4,3,4,4,5,4,4,4,4,3,4,3,3,4,3,5,4,5,4,4,5,4,4,3,4,4,4,3,3,3,5,3,3,4,4,4,4,5,4,4,5,4,4,4,4,3,3,4,3,3,3,5,4,5,5,6,5,3,4,4,5,5,4,5,5,5,5,4,5,4,4,4,4,4,4,4,4,4,4,4,4,4,4,4,4,4,4,3,4,3,4,4,3,2,2,2,3,3,3,5,5,5,6,5,5,3,3,4,3,4,2,3,2,4,2,3,2,4,4,4,5,5,4,2,4,4,5,6,7,5,5,3
R_2PWTgsAqg3nDfE0,4,3,2,4,6,4,2,2,2,4,3,2,4,2,3,4,5,6,6,5,6,5,4,6,5,4,6,6,6,4,5,4,5,5,4,5,3,4,5,4,4,2,3,5,3,2,6,4,6,6,6,6,5,5,2,2,2,2,2,2,2,2,2,2,2,2,2,2,2,2,2,3,4,5,6,5,5,5,6,6,6,6,4,4,4,4,4,4,5,3,5,3,4,3,5,6,7,6,6,5,4,6,5,5,3,3,4,5,5,5,4,4,4,4,3,3,3,3,4,4,5,4,4,5,5,5,3,2,3,3,3,2,2,3,3,3,5,4,4,4,5,3,4,4,4,5,4,4,3,5,4,3,4,4,5,3,4,4,5,3,3,4,5,4,6,6,6,6,6,6,4
R_2OasgaxlT0AsNWx,3,7,6,6,6,5,5,6,4,4,4,2,6,3,4,4,5,7,5,7,6,4,3,6,3,5,4,4,4,5,3,4,6,4,3,4,3,4,5,4,2,4,5,6,5,3,6,3,4,4,6,6,6,6,2,2,2,2,1,2,2,3,4,2,3,3,3,3,4,3,3,3,6,6,6,2,6,7,6,6,5,6,5,7,2,3,2,1,3,1,6,5,3,1,6,6,2,3,5,3,2,6,1,1,2,1,5,2,3,3,2,4,5,2,5,2,2,5,2,3,5,1,2,1,4,1,3,3,4,6,7,2,5,3,4,6,3,3,5,4,3,2,4,2,3,2,2,4,7,1,3,2,2,4,3,2,3,2,2,3,4,1,3,5,5,3,1,2,3,6,2
R_8kPUY9EG9jJu5vX,3,5,2,7,6,3,2,2,2,1,4,1,5,1,4,6,5,7,7,7,7,7,7,7,7,7,7,7,7,7,7,7,7,7,7,7,5,7,7,2,6,3,4,7,6,2,7,7,7,7,7,4,7,3,2,3,7,2,3,4,4,4,5,2,5,3,6,5,6,3,4,2,7,2,3,2,2,4,7,7,7,7,2,7,2,7,2,2,3,1,7,7,4,2,2,7,7,3,7,2,7,5,5,7,4,2,7,7,4,1,5,7,6,4,1,3,1,4,1,1,5,1,5,5,2,6,1,1,1,6,3,1,2,1,6,6,3,4,1,1,2,4,1,4,4,4,4,4,4,4,4,4,4,4,4,4,4,4,4,4,4,4,1,2,2,5,2,2,4,7,1
R_8Sw2jhFuATdRuMy,1,4,1,2,4,5,1,1,1,1,1,1,3,1,3,1,5,4,5,7,5,4,3,5,7,7,5,5,5,5,5,5,7,7,7,5,5,5,4,3,1,5,4,3,3,4,5,3,4,3,5,5,4,3,1,3,2,1,1,1,2,1,1,1,1,1,2,2,3,3,1,1,7,4,7,4,4,4,7,7,7,7,4,7,7,7,7,3,3,7,5,7,7,7,7,7,7,7,7,5,4,7,7,5,7,4,4,7,3,7,7,7,7,7,1,4,7,1,1,1,4,3,1,3,4,5,5,7,4,1,7,7,7,3,7,1,7,7,1,7,1,1,1,3,4,4,4,1,4,4,4,4,4,4,4,4,4,4,4,4,4,1,4,4,5,7,5,7,5,6,3
R_8eODGNUKSirKGrH,6,6,5,6,5,3,1,1,2,1,1,1,4,7,6,4,6,7,6,6,7,7,6,6,4,6,7,4,7,4,4,6,6,7,5,6,6,3,4,6,6,2,2,2,2,2,6,2,6,6,6,4,7,6,3,1,2,1,2,1,1,2,1,1,1,1,2,1,2,2,2,6,6,2,3,2,4,5,2,7,2,1,6,7,2,7,4,4,5,7,2,5,5,2,2,7,3,6,4,4,2,6,4,6,5,2,2,2,4,4,2,1,4,2,4,4,2,4,1,2,3,4,1,2,2,1,5,2,2,5,3,5,2,4,3,4,2,5,2,4,2,2,5,2,4,4,4,4,4,4,4,4,4,4,4,4,4,4,4,4,4,4,2,6,5,4,6,5,5,3,2
R_8Kx7MCTYr6UmMtS,3,5,3,5,5,2,2,2,5,2,2,5,2,2,2,3,3,3,6,6,6,6,6,6,6,6,6,6,6,6,6,5,6,6,6,6,4,2,2,3,3,2,2,2,3,3,2,2,2,2,3,3,2,2,2,2,2,2,2,2,2,2,2,2,2,2,2,2,2,2,2,2,6,6,6,6,6,6,6,6,6,6,6,6,6,6,6,6,6,6,6,6,6,6,6,6,6,6,6,6,6,6,6,6,6,6,6,6,1,1,1,1,1,1,1,1,1,1,1,1,1,1,1,1,1,1,5,5,5,5,5,5,5,5,5,5,5,5,5,5,5,5,5,5,5,5,5,5,5,5,5,5,5,5,5,5,5,5,5,5,5,5,2,2,2,5,5,5,3,3,2
R_2HTTVBUZVm9MELd,2,3,2,4,4,5,3,1,3,3,3,2,5,5,4,5,4,5,5,6,6,5,6,4,7,7,6,6,5,6,4,6,5,5,5,5,6,5,4,6,5,5,6,6,6,6,5,5,6,6,4,5,6,4,2,3,3,2,3,2,3,2,3,1,5,3,3,2,4,3,2,2,7,5,3,4,6,3,6,6,3,6,4,4,5,5,6,4,4,5,7,3,6,2,7,3,5,5,5,6,2,4,4,5,4,3,3,4,3,3,4,2,2,3,1,3,3,2,4,3,3,2,2,3,2,3,4,4,3,3,6,1,1,3,2,2,3,3,3,3,5,2,5,2,3,3,2,3,4,4,3,1,3,2,3,3,4,3,4,2,3,4,3,4,4,2,5,3,5,5,3
R_2nuRHpiKLvgyI4X,6,7,7,7,7,4,6,6,7,7,5,7,1,1,2,7,7,7,7,7,7,7,7,7,7,7,7,7,7,6,7,7,7,7,7,7,5,6,2,5,6,6,6,6,6,6,6,7,6,6,6,6,6,6,3,5,3,1,3,5,3,3,3,4,4,3,3,4,4,3,2,2,7,7,1,2,1,6,7,7,7,7,6,7,6,7,6,6,4,1,6,5,6,5,2,4,5,7,5,3,5,7,3,5,5,4,5,2,1,1,1,1,1,1,1,1,1,1,1,1,1,1,1,1,1,1,5,1,1,1,4,1,1,1,1,2,1,1,1,3,1,1,1,1,4,4,6,4,4,4,4,4,5,4,4,5,4,4,4,4,4,5,7,6,7,6,6,2,2,6,1
R_2R4RV8KdJrgzeV2,6,7,5,6,7,6,5,5,5,7,7,5,6,7,6,7,7,7,4,4,4,4,3,3,4,5,5,5,5,4,3,4,3,3,5,5,5,5,6,6,6,6,6,5,6,5,7,6,6,7,6,6,5,6,6,5,5,6,4,3,5,3,3,3,3,4,6,6,5,4,5,4,3,2,3,3,2,3,4,4,3,3,2,2,3,3,3,2,3,4,2,3,3,2,2,5,4,4,4,3,2,3,3,1,3,5,2,2,5,2,3,4,5,3,4,4,3,3,3,4,3,3,3,2,4,3,4,3,5,3,3,4,4,5,2,3,3,4,2,2,5,3,2,4,2,2,3,3,4,3,4,3,3,4,2,3,3,3,4,4,2,3,5,5,5,2,1,2,3,3,1
R_2DfFBeu4i6plu5X,7,7,7,7,7,2,5,5,4,4,7,4,7,4,7,7,7,7,7,7,7,7,7,7,7,7,7,7,7,7,7,7,7,7,7,7,7,7,7,7,7,2,3,4,5,3,7,5,7,7,7,7,7,7,3,2,3,2,2,2,3,2,3,2,2,3,2,3,4,2,2,2,7,3,2,5,3,7,7,7,7,7,6,7,1,1,1,1,1,1,7,5,1,3,1,7,4,6,7,6,7,7,2,2,4,2,6,3,1,1,1,1,1,1,1,1,1,1,1,1,1,1,1,1,1,1,4,3,1,5,5,5,5,2,4,4,3,6,2,2,3,2,3,4,3,3,2,5,5,4,2,2,2,3,3,3,2,2,3,3,3,4,2,3,6,3,3,5,3,5,1
R_2WV8zSmKH2JZxaV,6,7,6,7,7,7,5,6,6,5,7,6,7,7,7,7,7,7,6,6,7,5,5,7,6,6,6,6,6,5,7,5,6,6,7,6,6,6,7,6,6,6,6,6,6,6,7,4,7,6,7,7,7,7,1,1,1,1,1,1,1,1,1,1,1,1,1,1,1,1,1,1,6,2,2,2,1,2,7,7,7,6,6,7,1,7,1,4,1,1,7,6,1,7,5,7,6,6,6,6,1,6,1,5,1,1,7,5,1,1,1,3,3,3,1,1,1,1,1,1,1,3,1,3,1,1,4,4,3,5,4,4,3,2,3,3,3,6,5,5,3,4,4,4,3,4,3,4,3,4,3,3,3,3,3,4,3,4,4,4,4,4,1,3,5,6,3,3,2,5,1
R_8NcbbHb0NA7klfb,3,4,3,4,3,3,2,3,3,3,5,3,5,3,5,4,5,2,5,3,4,4,5,4,5,4,5,4,4,3,5,5,4,4,5,2,4,5,3,3,3,2,5,4,4,4,5,2,5,5,5,3,5,3,2,2,2,2,2,1,2,2,2,2,2,2,2,2,2,2,2,1,4,3,2,4,4,4,5,5,5,5,5,5,2,3,3,4,4,3,6,5,5,6,5,5,4,5,5,5,5,5,5,5,5,4,5,6,5,4,4,4,4,4,4,4,4,4,4,4,4,4,3,4,3,4,3,2,2,2,2,2,2,2,3,2,2,2,3,2,2,2,2,2,3,3,3,3,3,3,3,3,3,3,3,3,3,3,3,3,3,3,3,4,4,5,5,5,6,5,4
R_2voNfeu0nDTQE9j,5,7,6,6,6,3,5,3,5,2,4,3,7,5,7,5,7,7,7,7,7,6,6,6,6,7,7,6,7,4,5,6,6,6,6,5,7,5,6,4,3,2,6,4,3,3,7,1,6,6,6,6,6,3,2,2,2,2,2,1,2,2,2,2,2,1,2,2,2,2,2,1,4,2,3,4,3,6,5,6,6,6,2,7,2,2,2,2,2,2,3,5,5,5,4,7,7,5,5,6,3,7,3,2,3,3,3,6,4,5,3,5,4,3,3,3,4,3,3,5,3,3,2,3,3,4,2,5,5,6,6,6,5,5,6,5,3,7,4,3,3,3,3,6,5,5,5,6,6,6,5,5,5,5,4,7,4,5,4,5,5,6,2,2,4,2,2,5,2,2,3
R_2VZCFCinK2h0QNj,1,1,1,1,4,1,1,1,1,1,4,1,1,1,1,1,1,7,4,5,5,3,5,3,5,7,6,6,4,2,3,4,5,4,6,4,2,1,1,1,4,1,1,1,1,1,3,1,2,1,1,3,2,1,1,1,1,1,1,1,1,1,1,1,1,1,1,1,1,1,1,1,7,4,7,7,3,7,7,7,7,7,7,7,7,7,7,7,4,7,7,6,7,7,4,7,7,7,7,7,5,7,4,7,7,7,5,7,2,4,2,6,6,3,2,3,4,2,2,5,1,1,3,3,2,6,1,3,5,7,7,7,7,3,4,7,1,7,1,3,1,1,6,7,5,5,6,7,5,7,7,7,7,7,5,7,6,4,7,6,4,7,7,7,7,7,7,5,7,7,7
R_8ThO5gG666y42fD,2,2,2,4,7,2,2,1,2,5,6,1,4,5,3,4,5,7,7,7,7,7,7,7,7,7,7,7,7,7,7,7,7,6,7,5,5,5,5,5,5,5,5,5,5,5,5,5,5,5,5,5,5,5,3,3,3,3,3,3,3,3,3,3,3,3,3,3,3,3,3,3,7,7,7,5,6,7,7,7,7,7,5,7,7,7,7,7,5,3,7,7,7,7,6,7,7,7,7,7,4,7,5,7,6,5,5,7,3,3,3,3,3,3,3,3,3,3,3,3,3,3,3,3,3,3,2,5,2,3,5,5,2,5,2,2,2,5,3,3,2,3,2,7,4,2,2,2,3,2,2,2,2,3,2,2,3,2,2,2,3,6,3,4,5,5,6,6,4,4,5
R_2suG5ngA2z8y2dD,6,6,5,6,6,6,6,6,6,6,6,5,6,6,6,6,6,6,7,7,7,7,7,7,7,7,7,7,7,7,7,7,7,7,7,7,7,7,7,7,7,7,7,7,7,7,7,7,7,7,7,7,7,7,4,4,4,4,4,4,4,4,4,4,4,4,4,4,4,4,4,4,1,2,4,2,1,2,4,3,4,4,4,4,1,1,1,1,1,1,1,1,1,1,1,6,1,1,3,3,1,3,1,1,1,1,1,1,1,6,1,4,5,5,1,1,1,1,7,1,7,7,7,7,7,7,4,4,4,4,4,4,4,4,4,4,4,4,4,4,4,4,4,4,4,4,4,4,4,4,4,4,4,4,4,4,4,4,4,4,4,4,4,5,5,5,3,5,5,5,5
R_2CjnrSKOxg4nxSh,7,7,4,7,7,7,3,4,3,3,7,1,7,7,7,7,7,7,7,6,7,7,7,5,7,7,5,5,7,4,7,7,7,7,7,4,7,6,6,7,7,3,6,4,2,4,7,1,7,7,7,6,7,6,5,4,1,1,7,1,4,1,1,1,4,1,5,6,5,5,6,5,4,1,6,5,1,4,7,7,7,7,4,7,1,2,1,1,1,1,1,3,1,4,1,7,2,6,7,7,1,7,1,1,1,1,1,3,1,1,1,1,1,1,1,3,1,1,1,1,6,5,7,7,4,7,7,7,5,7,7,1,3,1,2,2,4,1,4,4,4,7,3,7,4,4,3,3,5,5,4,3,5,5,1,6,4,4,4,3,4,6,1,5,2,4,4,5,4,5,5
R_2nTJQtEKqPCwUlJ,2,3,3,6,4,2,1,1,2,2,6,2,4,4,4,3,6,6,5,6,5,6,6,6,6,6,6,6,5,5,3,6,6,6,6,4,3,3,4,2,3,2,3,3,2,3,4,4,5,4,5,5,4,3,1,2,3,1,3,2,2,2,2,2,3,2,3,2,2,3,4,4,7,6,4,6,5,6,5,2,6,4,4,5,5,4,5,6,4,5,6,5,4,6,2,7,5,6,3,5,3,4,5,3,4,3,4,3,6,2,6,6,6,2,2,2,2,2,6,2,6,6,6,6,6,6,2,3,4,3,6,2,2,4,2,2,4,2,4,2,4,4,5,3,4,3,3,2,4,5,5,2,4,3,4,4,4,4,5,3,3,4,2,6,5,6,5,5,4,4,2
R_8dEJ3fhecjVQSpr,4,6,5,5,7,6,4,5,6,3,4,6,6,3,6,6,5,7,7,7,7,7,7,7,7,7,7,6,7,5,7,6,7,7,7,5,2,3,6,3,3,2,3,5,2,3,3,3,5,6,5,5,4,5,2,2,2,2,3,2,2,2,2,2,2,2,2,2,3,2,3,3,7,6,6,6,7,4,5,7,6,7,6,7,3,7,4,4,7,6,4,4,5,6,4,4,5,6,4,5,4,4,4,4,4,5,4,6,1,1,2,2,2,1,2,1,3,2,1,2,1,2,1,1,1,1,2,3,3,2,3,5,2,2,2,2,2,4,2,4,3,3,2,3,3,2,2,3,4,2,2,2,2,2,4,3,3,1,3,3,2,4,1,4,2,4,5,5,5,5,4
R_2neCuaOyO1d67Ep,3,3,6,4,6,3,1,1,1,1,6,2,7,3,6,6,6,6,7,7,7,7,7,7,7,7,7,7,7,6,7,7,7,7,7,7,2,3,6,2,7,3,2,2,2,2,6,2,7,6,6,7,6,6,1,1,1,1,1,1,1,1,1,1,1,1,2,1,1,1,1,1,5,5,3,6,4,6,7,7,7,7,6,7,1,6,1,1,2,1,6,6,1,4,3,7,6,7,7,6,2,7,2,3,1,2,2,3,1,2,1,2,1,1,1,1,1,1,2,1,1,1,2,1,2,1,4,3,1,3,4,5,1,2,2,3,1,5,1,1,1,1,2,3,1,2,1,1,1,1,1,1,1,1,1,2,3,1,4,2,1,3,1,2,2,6,4,6,7,7,7
R_8ZKtC1jmoKTTQEp,4,4,4,7,7,1,1,1,1,1,7,1,7,1,7,7,7,7,5,5,5,5,5,4,5,5,5,5,5,3,5,5,5,5,4,4,3,5,7,5,5,3,5,5,4,4,5,4,6,7,6,6,7,7,2,2,3,2,1,1,1,1,1,1,2,2,2,2,2,2,3,2,7,2,2,3,1,7,5,7,7,7,6,6,4,7,4,4,1,1,7,6,7,4,5,7,2,7,7,7,7,7,1,3,3,4,4,7,1,1,3,1,3,1,1,2,1,1,1,2,3,1,1,1,3,1,5,4,5,5,4,7,5,4,5,4,4,5,4,3,3,4,2,2,4,4,3,5,4,5,2,3,3,3,5,4,3,4,4,3,6,4,1,4,6,7,5,5,3,5,2
R_2l438BM3GiMXd9D,3,3,4,7,7,2,3,2,3,4,4,1,3,1,4,3,7,7,7,7,7,4,7,7,7,7,7,7,7,7,7,7,7,7,7,7,6,5,7,6,7,6,7,5,7,7,7,5,7,7,7,7,7,7,5,2,5,5,2,3,4,3,4,5,5,2,5,3,5,5,5,5,6,4,3,4,6,6,6,7,7,7,7,7,3,7,3,4,4,3,5,5,2,3,6,5,4,3,3,4,2,5,3,3,2,2,3,2,3,2,3,2,3,2,2,2,2,3,2,3,3,2,3,2,2,3,1,1,1,1,1,1,1,1,1,1,1,1,1,1,1,1,1,1,2,2,3,3,3,2,2,3,3,2,3,3,2,3,3,3,2,2,2,3,5,4,4,4,7,6,3
R_2nOdqEJtVraDVLG,6,5,7,7,7,3,4,5,6,4,7,4,7,4,7,7,7,7,6,4,6,7,6,5,6,5,7,6,7,4,7,5,4,4,6,6,7,5,6,7,7,3,5,4,6,5,7,5,7,6,6,7,7,7,2,1,2,2,4,1,2,1,2,1,2,1,2,3,1,3,3,3,7,4,7,5,2,7,7,7,7,7,3,7,3,7,3,3,3,1,2,5,5,2,1,7,2,4,5,3,1,6,1,1,3,3,1,1,5,1,5,5,2,1,4,1,4,2,1,5,1,3,5,5,4,1,4,4,5,7,4,1,3,1,4,4,3,4,4,5,6,6,5,6,4,6,6,5,5,3,3,3,4,3,5,5,6,6,6,5,4,3,4,5,2,4,5,5,5,2,4
R_8QFpnihbIO05QrN,2,5,2,4,6,4,1,2,1,1,2,1,5,3,6,6,6,5,7,7,4,7,7,7,7,7,7,7,7,2,7,7,7,7,7,4,6,6,6,6,6,6,6,6,6,6,6,6,6,6,6,6,6,6,2,1,1,2,2,2,1,2,1,2,2,1,2,2,2,2,2,2,7,7,7,7,7,7,7,7,7,7,7,7,7,7,7,7,7,7,7,7,7,7,7,7,7,7,7,7,7,7,7,7,7,7,7,7,1,1,1,1,1,1,1,1,1,1,1,1,1,1,1,1,1,1,1,1,1,1,1,1,1,1,1,1,1,1,1,1,1,1,1,1,4,4,4,4,4,4,4,4,4,4,4,4,4,4,4,4,4,4,7,4,4,4,4,5,5,5,1
R_82gMsGeIZooxkzg,1,6,5,6,7,2,2,2,2,2,5,1,7,2,7,6,7,7,4,6,6,4,6,6,5,6,7,5,4,5,6,5,7,6,5,6,2,4,3,3,5,2,3,2,3,5,4,3,6,6,5,6,5,6,2,3,3,4,5,2,3,2,2,2,5,2,6,5,6,6,5,6,7,5,1,2,1,6,6,7,7,7,5,7,2,7,1,2,1,3,7,6,7,3,5,7,7,7,7,6,7,7,4,6,4,5,7,4,1,1,1,2,2,1,2,1,2,2,1,2,1,1,1,1,1,1,5,3,1,2,3,6,2,1,3,3,2,7,2,4,2,2,2,2,2,1,1,3,3,2,2,2,2,2,3,2,1,2,1,2,1,1,1,2,2,6,2,5,5,6,4
R_27O6oUvwirc9Jy9,5,5,5,6,7,3,1,1,3,1,5,1,7,4,7,7,7,7,7,7,7,7,7,7,7,7,7,7,7,7,7,7,7,7,7,7,3,4,7,7,3,4,4,3,3,4,7,3,7,7,7,7,7,6,3,3,2,3,2,2,3,2,3,3,3,2,3,3,2,2,3,3,3,3,1,4,4,4,4,4,4,4,2,4,2,3,4,3,2,2,3,4,4,3,3,5,4,7,5,4,5,4,3,6,5,3,4,5,3,1,4,1,4,1,1,1,3,1,1,4,1,1,1,1,1,1,7,7,7,7,5,5,4,3,4,3,4,4,4,4,5,6,6,4,4,4,5,5,4,4,4,3,4,4,4,5,4,3,4,5,5,5,1,4,4,1,2,4,2,2,3
R_8SAoVkGBSwnJl78,6,6,6,7,7,5,7,4,7,5,7,3,7,5,7,7,7,7,7,7,7,7,7,7,7,7,7,7,7,7,7,7,7,7,7,7,5,4,6,5,7,3,4,3,3,4,7,2,7,6,7,7,7,7,5,5,5,3,6,3,4,3,3,6,6,3,7,6,7,7,6,7,3,3,2,1,1,4,5,5,5,5,1,6,1,2,1,1,1,1,4,4,2,3,1,6,5,4,6,5,1,6,1,2,1,1,1,1,7,7,7,7,7,5,2,1,1,1,2,7,5,4,2,6,7,7,5,5,4,7,2,7,1,1,3,2,2,7,4,1,7,1,3,7,4,6,3,6,3,6,2,3,3,2,3,7,3,1,2,3,4,5,2,3,5,3,3,2,4,2,1
R_8gPz6Ug9j6jKGf7,3,5,6,4,6,3,4,4,4,4,5,3,4,4,4,4,6,6,5,5,5,5,5,5,5,5,5,5,5,5,5,5,5,5,5,5,3,5,5,4,7,3,5,4,5,4,6,2,7,5,5,5,7,4,3,4,3,3,5,2,3,4,2,3,5,2,4,5,4,4,5,3,6,4,2,5,5,6,6,6,6,6,4,6,3,5,4,4,3,3,6,4,4,5,4,7,4,5,7,5,4,6,3,2,5,4,3,6,2,3,2,3,3,3,2,2,2,2,4,1,5,5,5,5,5,6,5,4,4,5,4,6,4,4,5,5,2,5,4,3,4,3,3,6,4,4,4,4,4,4,4,4,4,4,4,4,4,4,4,4,4,4,2,3,4,5,6,5,5,6,4
R_2Pq9aM8oj2iC46q,3,4,3,4,4,4,4,4,3,5,4,4,4,4,4,4,3,3,3,5,4,3,4,3,5,4,3,3,4,3,5,4,4,3,4,3,4,3,4,4,3,5,5,4,3,4,4,4,5,4,4,4,5,5,4,4,4,3,5,4,4,4,4,3,5,5,4,5,3,4,4,3,5,5,3,4,4,5,4,4,5,4,4,5,3,5,5,5,5,5,5,5,5,4,4,5,7,5,5,5,5,5,5,4,4,6,4,5,6,4,4,5,5,5,5,6,5,4,5,4,4,4,5,5,4,4,5,5,5,5,6,4,5,4,5,4,4,3,5,3,4,5,5,4,5,5,5,5,5,5,5,4,4,5,4,4,5,4,5,3,4,5,5,5,4,5,5,4,5,4,4
R_2LZm7dmwGqPvVfx,4,4,4,5,5,4,4,5,4,5,4,3,5,5,4,4,5,4,5,5,5,5,5,5,5,5,5,6,6,6,5,5,5,4,5,4,5,5,5,5,5,5,5,5,5,5,5,5,5,5,5,5,5,5,2,2,2,2,2,2,2,2,2,2,2,2,2,2,2,2,2,2,3,3,3,3,3,3,3,3,3,3,3,3,3,3,3,3,3,3,3,3,3,4,4,4,3,3,3,4,3,4,3,3,3,4,3,3,4,4,4,4,4,4,4,4,4,4,4,4,4,4,4,4,4,4,5,5,5,5,5,5,5,5,5,5,5,5,5,5,5,5,5,5,4,4,4,4,4,4,4,4,4,4,4,4,4,4,4,4,4,4,5,5,5,6,5,6,6,7,6
R_27jQKL9X0FuW4LZ,7,7,3,7,7,7,3,1,3,1,5,2,7,7,7,7,6,7,4,7,7,7,7,6,7,7,5,7,7,4,7,7,7,7,4,3,2,1,1,2,3,2,1,2,1,1,5,1,2,1,4,3,2,2,2,1,2,2,2,1,3,1,3,1,2,3,3,2,2,3,3,1,5,1,5,1,1,3,6,7,7,1,7,7,1,5,1,1,1,1,7,3,1,1,1,7,7,7,7,7,1,7,1,7,1,1,1,1,1,1,1,1,1,1,1,1,1,1,1,1,1,1,1,1,1,1,1,2,1,2,4,3,2,1,4,1,1,4,1,1,2,1,1,1,1,3,2,2,3,2,2,2,5,3,2,5,1,2,3,2,1,1,1,7,5,3,7,7,7,7,1
R_8Cc03CgrCUtb2p3,5,7,5,4,7,3,4,4,4,5,7,4,7,7,7,7,7,7,4,4,4,4,4,4,4,4,4,4,4,4,4,4,4,4,4,4,7,7,7,7,7,7,7,7,7,7,7,7,7,7,7,7,7,7,4,4,4,4,4,4,4,4,3,3,4,4,4,4,4,4,4,4,7,4,7,7,4,7,7,7,7,7,4,7,2,5,3,4,4,3,5,2,3,1,3,7,4,4,7,7,1,3,1,1,1,1,1,1,1,3,1,3,3,3,1,1,1,1,3,3,4,3,4,3,4,4,4,5,6,4,4,6,6,6,6,6,2,4,4,2,4,2,4,4,3,4,3,4,4,5,3,3,4,2,3,5,4,4,4,4,4,4,4,4,4,4,5,4,5,4,5
R_8KOVBuyPYZJ5vBk,6,2,3,6,7,5,3,4,5,4,6,3,5,4,4,3,3,6,7,7,7,7,7,7,7,7,7,7,7,7,7,7,7,7,4,7,5,3,4,4,4,5,4,4,2,3,3,4,5,3,3,3,3,3,2,2,2,2,3,3,2,3,2,2,2,2,2,3,3,3,2,4,3,3,2,2,2,3,3,2,3,2,3,4,4,3,3,3,3,2,4,4,4,6,5,6,4,5,5,5,5,5,5,6,5,5,6,4,1,1,1,1,1,1,1,1,1,1,1,1,1,1,1,1,1,1,2,2,2,2,2,2,2,2,2,2,1,2,1,1,2,3,2,3,4,3,3,4,4,3,3,3,4,3,4,4,3,3,3,4,4,4,3,4,3,3,4,3,5,3,4
R_8y8f4bRXmQdJJny,6,5,4,5,6,3,4,3,2,3,6,3,5,6,3,3,6,7,7,7,7,7,7,7,7,7,7,7,7,4,7,7,7,7,7,7,6,6,6,6,6,6,6,6,6,6,7,6,7,6,6,7,7,6,7,7,7,7,7,7,7,7,7,7,7,7,7,7,7,7,7,7,3,3,3,4,7,3,4,4,3,3,7,4,3,7,1,4,4,3,5,5,5,5,5,5,5,5,5,5,5,5,5,5,5,5,5,5,1,1,1,1,1,1,1,1,1,2,1,1,1,1,1,1,1,2,3,3,3,3,3,3,3,3,3,3,3,3,3,3,3,3,3,3,3,3,3,3,3,3,3,3,3,3,3,3,3,3,3,3,3,3,1,3,2,5,5,6,5,4,3
R_8vldSdbQD1XFu9m,1,7,3,7,1,1,1,7,7,3,7,7,4,3,4,3,3,3,7,7,7,7,7,7,7,7,7,7,7,7,7,7,7,7,7,7,2,2,2,2,2,2,2,2,2,2,2,2,2,2,2,2,2,2,2,2,2,2,2,2,2,2,2,2,2,2,2,2,2,2,2,2,5,5,5,5,5,5,5,5,5,5,5,5,5,5,5,5,5,5,4,3,3,4,3,4,4,4,4,4,4,4,3,4,4,3,4,3,4,4,4,4,4,4,4,4,4,4,4,4,4,4,4,4,4,4,1,1,2,3,3,1,1,3,2,1,1,1,4,4,4,2,4,4,4,2,1,2,2,2,2,3,2,1,1,1,3,5,4,2,1,3,1,2,2,7,7,6,6,7,4
R_2g58vCdA7qIAaFi,5,5,4,4,7,3,3,1,3,2,3,1,5,3,6,5,4,7,4,4,4,4,4,4,4,5,4,5,4,4,5,4,4,4,4,4,3,4,4,1,3,1,3,3,3,3,4,1,4,4,3,3,4,4,3,2,3,2,3,1,3,3,2,2,3,2,3,3,3,3,3,2,7,7,7,7,4,7,7,7,7,7,7,7,4,4,7,1,1,5,4,3,5,4,5,5,5,3,3,3,5,5,5,4,4,4,3,4,4,4,5,5,2,3,4,4,3,2,4,1,4,5,4,4,6,5,2,2,2,2,2,2,2,2,2,2,2,2,2,2,2,2,2,2,3,3,3,4,3,4,2,4,4,3,3,4,3,5,3,5,2,5,5,5,6,6,6,6,5,6,4
R_8m8J1hqTUYDDWHW,7,7,4,5,7,4,3,6,6,3,7,4,7,1,7,4,5,7,5,6,7,5,5,7,7,5,7,7,5,4,5,4,5,5,4,7,7,7,4,6,6,3,5,6,4,4,6,3,7,4,7,4,5,7,3,2,2,3,3,4,3,4,3,3,3,1,3,2,2,3,2,4,4,4,4,4,4,4,4,4,4,4,4,4,4,3,4,4,4,4,1,2,5,3,2,4,2,3,4,4,4,3,2,4,2,5,3,5,5,5,4,3,5,6,3,2,3,3,3,2,5,1,6,4,3,5,3,2,2,2,2,2,4,3,2,2,2,2,3,2,2,4,2,3,3,3,3,4,5,3,4,1,1,1,5,5,4,4,3,4,4,4,1,2,5,5,6,5,3,4,1
R_8wLkFPAdw6nU2Lj,6,6,1,3,5,3,4,1,1,5,5,1,5,6,7,6,5,7,6,4,6,6,4,2,7,5,4,3,4,1,7,6,7,6,4,7,6,6,6,5,6,6,4,4,4,3,5,2,7,5,7,7,7,7,6,6,4,6,7,1,4,3,2,3,7,1,7,6,7,7,7,7,2,2,3,3,2,1,4,2,3,3,3,5,1,2,1,1,1,1,1,2,2,3,2,2,2,3,2,2,2,7,4,4,1,4,2,3,7,6,7,4,6,6,4,4,4,5,7,7,7,7,7,7,4,7,4,7,3,4,7,3,3,3,4,3,4,3,6,5,7,7,7,7,4,4,4,4,4,6,2,3,4,3,4,6,3,5,3,6,3,4,3,3,5,2,4,3,4,3,2
R_8nV4KQHYoGGz8uw,7,3,5,6,2,1,3,1,2,5,6,1,2,2,2,3,7,3,5,5,3,5,6,4,4,3,4,3,4,5,4,3,5,4,4,4,6,3,6,2,4,1,3,5,5,5,5,6,4,7,7,4,3,5,5,3,5,7,5,2,5,7,4,5,6,5,6,5,6,6,5,4,7,5,1,3,1,7,5,5,5,3,1,5,7,1,3,1,1,5,1,1,1,3,4,7,3,6,7,5,1,3,1,1,4,1,1,1,3,5,7,1,7,7,4,3,5,3,1,4,5,5,4,1,1,5,5,5,1,6,3,1,3,1,2,1,6,1,3,6,3,4,6,4,3,5,2,4,4,1,3,3,2,3,4,4,2,1,3,3,3,4,1,5,7,1,5,5,2,3,1
R_2cimWwy50LMqfuO,5,5,4,7,6,2,2,2,3,3,5,2,7,5,4,5,5,5,6,6,6,6,6,5,6,7,6,6,6,4,6,7,7,5,4,3,3,5,2,3,6,3,3,2,3,2,4,2,5,4,7,6,5,6,1,1,1,1,2,1,1,1,1,1,1,1,1,1,1,1,2,1,5,7,7,7,4,5,7,7,7,7,4,7,5,6,3,2,3,3,6,6,6,6,5,7,7,6,6,7,6,7,6,6,4,5,4,6,3,3,2,3,6,5,2,2,2,2,3,4,2,4,2,3,4,6,2,3,3,5,5,4,3,2,2,3,4,4,2,5,2,4,4,6,2,3,4,4,4,2,2,3,3,3,3,2,4,2,2,3,2,5,2,4,6,2,2,6,6,5,3
R_2DS4djFUr3qdkTe,1,1,1,1,1,1,6,1,1,1,1,7,7,1,7,7,1,7,7,7,7,7,7,7,7,7,7,7,7,7,7,7,7,7,7,7,1,1,1,1,3,1,1,1,1,1,1,1,5,1,3,1,1,4,1,1,1,1,1,1,1,1,1,1,1,1,1,1,1,1,1,1,7,6,7,7,3,7,7,7,7,7,7,3,7,1,7,7,6,1,7,7,7,7,7,7,7,7,7,7,7,7,7,7,7,7,7,7,1,1,1,1,1,1,1,1,1,1,1,1,1,1,1,1,1,1,1,1,1,1,1,1,1,1,1,1,1,1,1,1,1,1,1,1,1,1,1,1,1,1,1,1,1,1,1,1,1,1,1,1,1,1,1,3,2,4,7,7,5,7,4
R_8TtL58KLMOKO6LK,1,7,6,2,4,4,1,4,4,4,4,4,4,5,7,4,5,7,4,4,4,4,4,4,4,4,4,4,4,4,4,4,4,4,4,4,4,4,4,4,4,4,4,4,4,4,4,4,4,4,4,4,4,4,4,4,4,4,4,4,4,5,4,4,4,4,4,4,4,4,4,4,3,3,3,4,3,4,4,4,3,3,3,3,3,4,3,3,4,4,4,4,4,4,5,4,4,4,5,4,4,4,4,3,4,5,4,5,4,4,4,4,4,4,4,4,4,4,4,4,4,4,4,4,4,4,5,5,5,4,5,5,3,4,3,4,4,3,3,4,4,4,5,3,5,4,4,3,4,4,4,3,3,4,4,4,4,4,3,5,5,5,4,3,3,3,3,4,3,4,2
R_8AMh0KWkUC5p7LH,6,7,6,6,7,5,6,6,4,7,7,5,5,6,7,6,7,6,6,6,6,7,6,7,6,6,6,4,6,6,6,6,6,6,6,7,7,7,7,4,5,7,7,5,5,6,7,7,6,7,7,7,7,7,6,4,5,6,6,6,6,6,6,6,6,6,6,6,6,6,6,6,4,2,5,4,4,3,4,4,3,2,1,1,3,2,5,2,1,2,2,1,1,2,1,3,2,2,5,2,1,2,1,1,1,1,2,1,2,4,4,4,2,4,4,4,4,4,4,4,4,4,4,3,3,4,2,2,3,3,4,2,3,5,4,3,3,2,4,2,3,4,2,3,3,3,3,2,3,3,4,3,4,3,4,4,4,5,4,4,3,3,4,3,3,6,6,4,6,6,6
R_8OquY65lVj3GADn,6,5,4,5,5,3,3,4,6,3,6,4,3,6,3,6,7,7,5,4,5,3,3,3,6,6,5,6,5,4,4,5,4,6,7,4,6,6,5,6,4,4,6,5,6,4,6,5,4,7,6,7,7,4,3,3,2,3,3,1,3,4,4,3,2,3,3,5,3,5,2,3,3,3,3,3,3,4,5,4,2,5,3,4,5,2,4,2,3,2,2,2,6,3,3,6,5,3,2,4,1,3,3,3,5,1,2,6,1,1,1,1,1,1,1,1,1,1,1,1,1,1,1,1,1,4,5,5,3,3,4,2,4,4,5,4,5,3,3,4,3,5,7,5,4,4,4,4,4,3,4,4,4,4,4,4,4,4,4,4,4,4,5,5,4,2,4,5,4,5,3
R_2iapMvrx7GKsmJP,4,3,1,5,5,4,2,1,2,2,5,1,4,1,4,5,2,6,4,3,4,2,4,3,7,4,6,4,6,2,5,2,7,5,5,3,6,5,4,3,6,2,3,3,3,4,7,1,7,4,5,5,4,6,1,1,1,1,1,1,1,1,1,1,1,1,1,1,1,1,1,1,4,3,2,4,3,5,7,6,7,7,1,6,3,2,1,2,4,1,5,4,2,4,5,7,7,6,6,4,1,7,1,3,4,2,2,4,3,4,5,4,5,2,4,3,3,4,4,5,3,3,3,2,5,5,6,5,5,7,7,7,6,6,6,6,7,7,5,4,5,5,5,6,5,5,4,4,6,5,4,4,3,4,3,7,3,5,4,4,5,4,7,3,4,4,3,2,3,3,2
R_2kDEZR4gMCpKnbH,3,5,5,5,5,2,3,3,3,3,5,3,6,3,7,6,6,7,6,5,6,5,6,5,6,4,5,7,5,6,6,6,5,5,5,6,6,6,4,3,3,4,5,3,4,3,6,3,6,5,6,6,6,6,1,1,1,1,1,1,2,1,1,1,1,1,1,1,1,2,1,2,6,6,6,6,7,6,6,6,6,6,4,4,3,4,3,3,3,2,6,6,6,6,5,6,6,6,6,6,5,6,5,5,5,6,6,6,3,4,3,3,3,6,3,3,3,3,4,6,6,6,6,6,6,6,5,6,3,6,4,6,3,4,3,3,5,6,6,5,6,6,6,6,4,4,5,5,5,6,2,5,5,2,5,6,6,3,6,6,6,6,2,5,5,5,3,4,6,4,2
R_8IN7f2YirTh2H7Y,4,4,3,4,4,4,2,3,3,3,4,2,5,3,5,5,4,5,3,3,4,3,4,3,3,4,3,3,5,3,5,4,4,4,4,4,4,2,4,2,5,3,3,2,2,2,4,1,5,4,5,3,5,6,1,1,1,1,1,1,1,1,1,1,1,1,1,1,1,1,1,1,6,6,6,6,4,5,7,6,7,7,4,7,4,6,4,4,4,3,4,6,4,6,4,7,5,6,7,6,3,7,4,3,4,4,4,4,4,6,4,6,4,6,4,5,3,5,3,6,4,3,4,4,4,4,1,6,4,6,3,6,5,6,6,6,3,6,3,4,4,4,3,3,4,6,4,5,4,5,5,5,5,5,4,5,4,4,4,3,4,4,2,4,4,3,3,3,3,3,3
R_2C0goV9Ln7aXAsh,3,6,1,5,6,3,1,3,1,3,1,1,6,1,4,4,7,6,7,7,7,7,7,7,7,7,7,7,7,7,7,7,7,7,7,7,4,3,4,2,2,4,4,3,4,4,4,4,3,4,3,2,2,3,4,3,4,2,2,4,4,4,4,4,4,4,4,4,4,4,2,2,4,4,7,4,5,7,7,7,7,7,7,7,4,7,4,4,3,4,3,2,6,5,3,4,6,4,6,6,5,4,3,4,6,2,2,3,1,1,1,1,1,1,1,1,1,1,1,1,1,1,1,1,1,1,4,1,4,4,4,4,1,1,1,1,1,1,4,1,4,4,4,4,4,1,4,1,4,1,1,1,1,1,4,1,4,4,4,4,4,4,1,4,4,6,7,3,4,1,3
R_2qC8Dcptc8sJFQr,6,6,7,7,6,1,3,2,5,6,7,1,7,6,4,7,7,7,6,6,5,2,3,4,6,7,6,2,7,2,5,7,5,3,6,6,2,7,7,2,7,1,7,1,7,6,6,7,7,7,6,7,7,3,5,6,6,7,7,2,6,2,6,4,6,2,6,3,5,1,6,7,7,1,6,5,2,4,4,6,7,7,7,7,1,3,1,3,3,2,1,7,3,1,2,7,2,6,7,6,6,7,3,6,5,3,2,4,6,5,2,6,6,2,5,1,2,5,2,3,4,7,7,1,6,5,1,3,4,7,1,1,7,6,1,6,2,4,2,1,3,7,5,3,2,5,4,6,1,4,2,1,2,6,1,6,3,5,2,3,1,3,2,4,6,3,1,3,3,7,2
R_2jynybiqSYJiUmt,6,6,2,6,7,4,3,2,5,6,6,4,6,4,6,7,6,7,2,4,4,3,3,4,4,3,2,3,4,3,2,2,3,2,5,4,6,6,6,7,7,5,6,7,6,6,6,6,7,7,6,7,7,7,3,3,2,3,3,2,2,2,3,3,3,3,3,3,3,3,3,2,2,5,4,1,2,6,7,7,6,7,1,6,4,2,2,2,4,1,4,4,6,3,3,7,7,7,6,5,2,6,2,5,3,2,3,3,1,1,2,2,2,2,2,2,1,2,2,2,2,2,2,2,2,1,1,2,1,6,2,3,2,1,1,2,3,2,3,3,3,4,3,3,2,2,2,3,3,3,3,2,2,3,2,3,2,2,2,3,3,3,2,4,4,2,2,2,1,2,2
R_2TpM1GE2Ax8gnGF,5,4,3,5,6,4,3,3,3,3,5,2,4,3,4,4,5,7,7,7,6,7,7,7,7,7,7,7,7,6,7,7,7,7,7,6,4,3,3,4,4,3,4,3,3,4,4,2,4,4,4,4,4,2,3,3,3,3,4,3,3,3,3,3,3,2,4,4,4,4,4,2,3,5,5,5,3,5,5,4,4,5,4,6,4,5,4,4,3,2,6,5,5,6,3,7,6,6,6,6,3,7,3,4,3,3,3,5,3,3,2,2,3,2,2,2,3,3,3,6,4,4,4,5,4,7,5,5,5,5,4,3,5,5,5,5,3,3,4,2,4,3,3,6,3,3,4,3,4,3,3,3,3,3,4,4,4,3,3,4,3,5,6,4,4,5,5,5,5,4,4
R_2GexWLNVF96VshU,4,5,4,4,4,4,3,3,4,3,4,4,4,4,3,4,4,4,4,5,4,4,5,5,4,4,3,4,5,4,4,4,5,4,3,5,5,5,4,5,4,4,5,1,6,5,6,4,6,5,3,4,4,5,5,5,6,4,5,4,5,4,5,6,5,5,4,5,4,5,5,5,5,3,5,4,5,4,4,5,5,5,5,5,5,5,4,5,5,5,5,5,6,5,5,5,5,4,5,5,5,5,5,5,5,5,5,5,6,5,4,4,5,4,5,5,5,5,5,3,4,4,5,5,4,5,4,3,4,4,5,5,4,5,2,5,4,4,5,4,4,4,5,4,5,4,4,4,4,3,5,4,3,5,5,5,3,4,4,5,4,4,4,3,4,5,3,5,3,4,4
R_2sYc44E703PMXBy,6,6,6,6,6,6,6,6,6,6,6,6,7,7,7,7,7,7,6,6,6,6,6,6,6,6,6,6,6,6,6,6,6,6,6,6,6,6,6,6,6,6,6,6,6,6,6,6,6,6,6,6,6,6,1,1,1,1,1,1,1,1,1,1,1,1,1,1,1,1,1,1,4,4,4,4,4,4,4,4,4,4,4,4,4,4,4,4,4,4,4,4,4,4,4,4,4,4,4,4,4,4,4,4,4,4,4,4,4,4,4,4,4,4,4,4,4,4,4,4,4,4,4,4,4,4,1,4,4,1,4,1,4,4,1,4,1,1,4,4,1,4,4,4,4,4,4,4,4,4,4,4,4,4,4,4,4,4,4,4,4,4,2,3,2,3,4,3,3,2,2
R_2pc0CAdOJzNhPU8,3,5,2,5,5,2,2,1,2,2,3,3,5,1,3,4,3,6,2,5,5,2,2,6,7,7,7,3,4,4,4,6,6,3,3,4,4,5,3,2,3,2,2,1,1,3,7,3,6,5,7,5,5,5,2,1,2,1,1,1,1,1,1,1,2,1,2,2,4,4,2,3,5,3,7,3,5,7,7,7,7,7,2,6,2,4,2,5,3,2,2,3,4,7,3,7,5,7,7,6,2,4,4,2,5,3,3,3,4,4,6,2,3,5,5,6,7,4,4,3,4,3,5,3,3,3,3,4,5,7,7,5,5,2,2,6,3,4,3,4,4,3,3,3,3,4,4,5,6,4,2,2,2,3,3,3,3,3,3,2,4,3,4,5,5,5,5,4,3,3,3
R_84o7pdlJjpKYM9O,4,7,7,7,7,7,4,4,1,1,7,1,7,7,7,7,7,7,7,7,7,7,7,7,7,7,7,7,7,7,7,7,7,7,7,7,7,7,7,7,7,7,7,7,7,7,7,7,7,7,7,7,7,7,1,1,1,1,1,1,1,1,1,1,1,1,1,1,1,1,1,1,7,1,7,7,1,7,7,7,7,7,7,7,1,1,1,1,1,1,4,4,4,4,4,4,4,4,4,4,4,4,4,4,4,4,4,4,1,1,1,1,1,1,1,1,1,1,1,1,1,1,1,1,1,1,1,1,1,4,1,1,4,1,1,4,1,1,1,1,1,1,1,1,4,1,1,1,4,1,4,4,1,1,4,2,1,1,4,1,1,1,4,4,4,4,4,4,4,4,4
R_82RXIvFoSxmTPYu,2,5,5,4,5,5,2,2,2,3,6,2,4,2,2,4,5,6,4,4,4,4,4,4,4,4,4,4,4,4,4,4,4,4,4,4,3,3,3,3,3,3,3,3,3,3,6,5,5,5,5,5,5,5,2,2,2,2,2,2,2,2,2,2,2,2,2,2,2,2,2,2,6,2,4,2,4,4,2,5,2,6,2,6,4,2,2,2,2,3,4,4,3,4,4,5,4,3,4,5,3,4,4,3,4,3,3,3,3,3,4,3,3,4,3,3,3,3,3,3,3,4,3,3,3,3,3,3,4,3,3,3,3,4,3,3,4,4,4,4,4,4,4,4,4,4,4,4,4,4,4,4,4,4,4,4,4,4,4,4,4,4,1,5,5,5,6,5,5,6,5
R_2IHrKWoV1Vu7inC,5,3,3,4,4,4,5,4,2,5,3,2,6,3,4,4,5,4,5,5,5,5,5,5,5,5,5,5,5,5,5,5,5,5,5,5,2,2,2,2,2,3,3,3,3,2,3,2,3,2,3,3,2,3,2,2,2,2,2,2,2,2,2,2,2,2,2,2,2,2,2,2,2,3,2,3,4,5,5,2,5,2,3,2,3,2,2,3,3,3,4,2,5,3,3,5,4,3,3,3,4,3,4,4,4,3,3,3,2,2,2,2,2,2,2,2,2,2,2,2,2,2,2,2,2,2,5,5,5,5,5,5,5,5,5,5,5,5,5,5,5,5,5,5,5,5,5,5,5,5,5,5,5,5,5,5,5,5,5,5,5,5,4,5,6,2,3,2,2,2,1
R_83gjmJpMp7Y0ko0,1,4,3,2,6,2,2,3,2,2,1,2,4,4,5,5,5,5,6,5,6,6,4,6,5,6,6,7,7,6,6,6,6,6,6,6,4,4,2,1,6,3,1,2,1,1,5,1,4,4,5,5,5,5,1,1,1,1,1,1,1,1,1,1,1,1,1,1,1,1,1,1,5,5,5,5,5,3,7,7,7,7,4,7,5,2,5,4,4,4,7,7,7,7,7,7,2,7,7,7,1,7,3,3,3,2,2,4,1,1,1,1,3,1,1,1,1,1,3,3,4,4,3,1,1,1,1,1,1,2,1,2,2,1,1,1,3,1,4,2,4,4,4,4,2,1,2,1,2,2,1,1,1,1,4,4,3,4,3,5,4,4,2,3,3,5,5,5,5,5,3
R_8M4BlEB7AoGdYqq,3,6,3,6,6,4,3,3,3,3,5,3,5,3,5,6,6,7,3,6,3,3,6,2,2,3,1,3,6,3,7,5,6,7,5,7,3,5,4,4,6,3,3,3,3,3,6,3,7,3,7,7,7,7,1,1,1,1,1,1,1,1,1,1,1,1,1,1,1,1,1,1,5,3,5,3,3,5,5,4,4,4,2,5,4,6,1,1,2,1,7,5,5,2,3,7,3,6,6,6,2,7,1,5,7,4,1,3,3,1,2,1,1,1,1,2,2,1,2,1,7,6,3,4,7,7,4,2,2,2,5,2,4,2,3,2,6,3,4,2,1,5,5,6,4,4,4,4,4,4,4,4,4,4,4,4,4,4,4,4,4,4,3,5,4,3,4,4,6,3,3
R_2wFSrbYsAqYZPuA,2,5,4,4,6,2,2,2,2,3,6,4,3,6,5,5,6,6,6,7,6,7,5,5,7,6,7,7,6,6,7,6,6,5,6,7,3,2,4,3,2,3,3,1,3,1,4,2,2,1,2,3,4,1,2,2,1,1,2,1,3,2,3,1,2,3,2,2,3,2,2,3,4,4,7,7,3,7,7,7,7,7,3,7,5,2,2,2,3,2,5,3,7,4,5,7,7,6,2,7,3,6,5,5,3,5,3,3,1,1,1,1,1,1,1,1,1,1,1,1,1,1,1,1,1,1,4,3,5,6,3,4,6,4,5,3,6,5,4,4,2,2,5,5,4,3,3,3,4,2,3,4,4,2,4,4,4,3,5,3,2,3,3,5,6,3,3,2,2,2,1
R_2VkckLEgxPF44KU,6,6,6,6,6,6,6,6,6,6,6,6,6,6,6,6,6,6,5,5,5,5,5,5,5,5,5,5,5,5,5,6,5,5,5,5,5,5,5,5,5,5,5,5,5,5,5,5,5,5,5,5,5,5,6,5,5,5,5,5,5,5,5,5,5,6,5,5,5,5,5,5,6,5,5,5,5,5,5,5,5,5,6,5,6,5,5,5,5,5,6,6,6,6,6,6,6,6,6,6,6,6,6,6,6,6,6,6,5,5,5,5,5,5,5,5,5,5,5,5,5,5,5,5,5,5,4,3,3,4,5,5,5,4,3,3,5,5,5,4,5,4,4,3,4,5,4,5,3,5,5,5,6,4,3,5,3,4,5,2,4,4,4,4,4,5,5,5,5,5,5
R_80NerwBWp2Js9iX,4,4,4,4,7,5,4,4,2,4,7,2,5,4,5,5,7,7,4,4,4,4,4,7,4,4,4,4,4,4,4,4,4,4,4,4,4,4,2,4,7,5,5,5,2,2,7,1,4,4,4,5,7,7,1,3,1,1,3,1,1,1,1,1,1,1,2,1,2,1,1,7,7,7,7,4,1,5,7,7,7,7,7,7,4,4,4,7,4,1,7,7,7,4,1,7,7,7,7,7,1,7,1,3,1,1,1,7,1,1,1,1,4,1,1,1,1,1,1,1,1,1,1,1,1,1,4,4,4,4,7,6,4,4,4,4,4,4,4,4,4,4,4,7,1,1,1,1,1,1,1,1,1,1,1,4,1,1,1,1,4,4,1,7,5,7,5,1,5,2,1
R_8ZV97U0XcqbphBV,1,7,1,7,7,7,1,1,1,1,1,1,7,1,7,7,4,7,7,7,7,7,7,7,7,7,7,7,7,7,7,7,7,7,7,7,7,7,7,7,7,7,7,7,7,7,7,7,7,7,7,7,7,7,3,3,3,3,3,3,3,3,3,3,3,3,3,3,3,3,3,3,1,1,1,1,1,1,1,1,1,1,1,1,1,1,1,1,1,1,6,6,6,6,6,6,6,6,6,6,6,6,6,6,6,6,6,6,2,2,2,2,2,2,2,2,2,2,2,2,2,2,2,2,2,2,1,1,1,1,1,1,1,1,1,1,1,1,1,1,1,1,1,1,4,4,4,4,4,4,4,4,4,4,4,4,4,4,4,4,4,4,1,5,6,1,5,2,1,1,1
R_2qESXWp7oimR1u0,4,5,3,3,3,3,1,1,1,1,4,1,4,3,5,4,5,4,5,5,4,5,4,6,6,4,7,5,4,6,5,6,6,4,4,5,5,5,4,4,3,1,4,6,1,4,6,5,6,5,6,6,6,5,5,5,5,5,3,1,2,5,1,3,5,2,5,5,5,5,5,5,4,4,4,4,6,7,5,7,7,6,4,7,5,7,5,5,5,4,4,3,7,3,5,7,2,5,7,5,2,6,3,3,5,2,3,3,5,4,3,5,4,3,5,6,5,4,1,4,1,3,2,2,1,5,4,4,3,6,5,5,4,6,5,5,2,3,3,3,1,1,1,5,2,3,1,5,4,3,1,1,1,2,1,3,1,2,1,5,1,4,3,3,4,4,5,5,5,5,5
R_2awsrhWvxiDeIA5,7,5,7,7,7,3,4,3,1,5,7,1,7,7,7,7,5,7,7,7,7,7,7,7,7,7,7,7,7,3,7,7,7,7,7,4,1,3,7,6,7,1,3,4,3,4,7,7,2,2,2,7,2,4,1,1,7,5,7,1,1,1,2,7,7,1,1,1,1,1,1,3,7,4,6,5,7,7,7,7,7,7,1,7,1,1,1,1,1,4,4,1,1,1,1,7,3,1,7,1,1,7,1,1,2,1,1,4,1,1,1,1,1,3,1,1,1,1,1,7,1,1,1,1,1,4,2,2,3,4,3,4,1,1,1,2,2,7,2,2,2,2,2,5,2,2,2,4,4,4,2,2,2,4,2,7,2,2,2,2,2,4,2,3,5,7,6,4,7,5,2
R_8hFmwgF5KXrK4Ak,6,6,7,7,7,6,6,6,6,6,7,2,7,6,7,7,7,7,7,7,7,7,7,7,7,7,7,7,7,4,7,7,7,7,7,7,7,7,7,7,7,7,7,7,7,7,7,4,7,7,7,7,7,7,1,2,1,1,3,1,1,1,1,1,3,2,2,3,3,3,2,3,4,3,2,1,1,3,3,3,3,3,1,5,1,3,1,1,1,1,7,7,7,7,7,7,7,7,7,7,7,7,7,7,7,6,7,6,4,3,1,3,4,1,3,3,2,3,3,3,3,4,3,3,4,4,5,5,5,5,6,5,5,5,5,5,5,7,5,5,5,5,5,6,4,4,4,4,4,4,4,4,4,4,4,6,4,4,4,4,4,4,5,6,6,2,1,1,1,1,4
R_8pQ2gVyVmjNQ9EO,7,7,6,7,7,6,6,6,6,7,6,1,7,6,7,7,7,7,4,5,2,3,5,5,6,6,5,6,6,3,5,6,5,6,6,6,7,5,7,3,5,6,7,7,7,7,7,2,7,7,7,7,7,7,4,4,4,4,4,4,4,4,4,4,4,4,4,4,4,4,4,4,5,3,4,3,3,5,4,5,6,6,2,5,2,3,2,2,3,1,3,3,5,3,3,5,3,3,3,3,2,4,2,3,4,3,4,3,4,4,4,4,4,4,4,4,4,4,4,4,4,4,4,4,4,4,4,5,6,7,6,3,5,5,5,7,5,4,6,5,6,4,4,5,4,4,4,4,4,4,4,4,4,4,4,4,4,4,4,4,4,4,4,4,6,3,2,5,4,3,5
R_2gLwVjYmiJbN3rK,2,7,5,3,5,3,2,2,4,2,5,2,5,3,5,2,4,6,3,3,3,3,5,4,5,2,4,5,4,3,5,4,3,4,2,3,4,2,3,3,3,4,5,3,4,3,5,4,3,3,3,5,2,5,3,5,3,4,4,5,3,3,6,3,3,6,5,5,3,3,5,3,3,5,2,2,2,2,5,2,5,5,6,4,3,4,4,4,5,6,4,3,4,4,5,3,4,3,3,4,4,5,5,4,4,3,5,5,4,5,3,4,6,4,4,5,4,4,3,3,5,6,4,5,3,5,6,4,3,1,7,4,3,6,4,2,4,2,2,6,2,5,5,7,7,4,4,6,2,7,4,3,3,4,5,2,3,2,3,3,5,7,4,2,5,4,3,4,6,2,5
R_2ocja4C9vtFKBP5,5,5,5,4,6,5,3,2,4,3,3,3,6,3,5,6,5,7,4,4,4,4,3,4,4,4,4,4,4,4,3,4,4,4,4,3,4,4,4,3,4,4,4,4,4,4,4,4,4,3,4,3,4,4,3,3,3,2,3,3,3,3,3,3,4,3,3,3,3,3,3,3,6,4,3,3,4,5,4,5,4,5,4,5,2,5,2,2,2,2,4,4,4,4,3,5,4,5,4,4,4,4,5,4,5,3,3,4,4,5,4,4,4,4,4,4,4,4,4,4,5,4,5,5,6,6,5,5,4,4,4,5,4,4,4,4,4,4,5,4,5,5,5,5,4,4,4,4,4,4,4,4,4,4,4,4,4,4,4,4,4,4,2,3,4,6,4,5,6,5,4
R_8KIbpRJlcPfZJ3S,3,7,7,7,5,6,1,1,3,1,7,1,5,4,7,7,7,4,7,5,7,7,6,5,7,7,7,7,5,5,7,7,6,7,4,3,4,4,7,4,4,4,3,3,4,4,5,3,4,7,7,7,3,1,1,1,1,1,1,1,1,1,1,1,1,1,1,1,1,1,1,1,6,5,7,7,5,6,7,7,5,4,4,5,6,7,5,7,4,2,2,3,1,2,1,2,2,1,6,5,1,4,1,2,1,6,1,7,7,7,1,1,1,7,1,1,1,1,1,7,1,1,1,1,1,1,1,1,5,1,4,1,1,1,1,1,1,7,1,1,1,4,7,7,4,1,7,2,4,5,1,1,1,1,1,6,1,1,1,1,7,7,1,3,7,7,7,5,7,7,5
R_2Rwr0AmA9AdBPij,3,7,4,3,2,5,2,3,2,2,3,3,7,6,7,3,4,7,7,5,6,4,5,7,7,7,7,6,7,7,4,6,4,3,4,5,5,4,1,2,3,3,3,3,4,1,5,4,2,3,2,1,2,3,1,3,1,1,2,1,2,1,1,3,3,2,1,3,3,1,1,1,4,3,3,3,3,4,2,5,4,3,6,2,2,5,1,2,2,2,3,4,4,6,4,7,5,5,6,5,6,6,7,5,6,7,4,4,5,5,6,6,5,4,2,5,3,3,1,4,7,6,6,7,5,7,4,2,2,4,5,3,3,4,3,2,3,2,1,3,4,1,1,2,2,3,2,3,3,3,2,2,1,1,1,2,2,2,2,2,2,1,3,5,6,6,7,6,7,7,7
R_8KkVuINiQpxZ6Pn,6,6,7,7,7,7,1,6,1,1,5,5,4,2,7,7,7,7,7,7,7,7,7,7,7,7,7,7,7,7,7,7,7,7,7,7,7,7,7,7,7,5,7,7,7,7,7,7,7,7,7,7,7,7,1,1,1,1,1,1,1,1,1,1,1,1,1,1,1,1,1,1,5,1,1,1,1,4,1,1,1,1,4,5,1,4,1,1,1,1,2,1,1,3,1,7,3,4,3,3,3,5,5,2,3,3,1,1,3,1,3,3,3,1,1,1,1,1,1,1,1,1,3,1,3,1,1,1,1,1,1,1,1,1,1,1,1,1,1,1,1,1,1,1,1,1,1,1,1,1,1,1,1,1,1,1,1,1,1,1,1,1,1,2,2,7,7,6,6,6,4
R_2g0zIWmx8p6VIeQ,2,7,2,7,5,3,4,4,1,1,4,1,7,7,7,7,7,7,5,6,4,5,4,2,5,4,6,5,5,6,6,7,7,6,6,6,2,7,5,7,3,2,3,5,4,4,7,2,7,6,7,7,7,7,1,1,2,1,1,1,1,1,1,1,1,1,2,1,2,1,2,2,7,5,7,7,7,7,7,4,7,7,3,7,1,1,1,1,1,1,7,3,4,7,7,7,5,3,7,3,3,7,1,3,1,1,4,1,1,2,1,1,3,3,1,1,1,1,1,4,1,1,1,2,1,1,5,1,1,6,7,1,1,1,1,1,6,7,1,4,2,1,4,7,4,3,4,7,6,6,1,1,1,4,3,6,4,5,1,4,4,7,1,5,6,2,7,1,2,2,1
R_4V3wcH5A02shzRT,7,7,7,7,3,1,6,1,6,3,6,2,6,2,6,7,7,5,3,4,6,4,1,4,6,4,4,4,4,3,4,4,4,3,7,3,3,3,6,4,2,5,7,3,6,2,4,1,7,5,7,3,4,7,2,2,5,1,1,3,6,1,5,6,2,1,3,3,4,1,3,5,4,6,4,1,1,6,6,7,5,6,4,7,1,4,1,1,3,1,7,7,1,1,1,7,1,5,4,5,2,7,1,1,1,4,1,1,7,7,4,3,7,7,4,4,4,5,4,7,7,5,7,7,4,4,2,1,5,4,7,3,4,3,4,4,4,7,3,4,2,4,4,1,3,4,2,6,7,4,4,4,6,6,3,7,2,3,2,2,5,3,5,6,6,6,7,7,7,7,7
R_8m9wYaxGjAwrBy8,4,4,2,4,5,2,4,2,4,2,4,1,4,2,4,4,4,4,4,4,4,3,6,5,6,4,4,6,6,1,4,6,6,6,4,2,4,4,4,3,3,5,4,4,4,4,4,1,4,4,4,4,4,2,2,2,1,1,1,1,1,1,3,2,2,1,4,3,3,2,3,1,6,5,6,7,7,7,7,7,7,7,4,7,3,5,4,7,2,3,7,6,7,2,7,7,6,7,6,7,3,7,3,6,6,2,3,7,4,4,2,7,2,7,4,2,4,7,4,7,2,2,2,2,2,5,1,4,4,7,7,7,4,4,4,7,1,7,4,2,4,6,1,7,2,3,1,4,5,5,1,1,2,1,1,7,2,1,1,1,1,6,1,4,4,3,7,5,5,6,5
R_2Qvy0VT1uJLco9j,6,6,5,6,5,6,6,4,4,4,5,4,5,4,6,5,6,6,6,6,6,6,6,6,6,6,6,6,6,6,6,6,6,6,6,6,5,5,5,5,5,5,5,5,5,5,5,5,5,5,5,5,5,5,3,2,3,2,2,2,3,2,2,2,3,2,2,2,2,2,3,2,2,2,2,2,2,2,2,2,2,2,2,2,2,2,2,2,2,2,5,5,5,5,5,5,5,5,5,5,5,5,5,5,5,5,5,5,6,6,6,6,6,6,6,6,6,6,6,6,6,6,5,6,6,6,5,5,5,5,5,5,5,5,5,5,5,5,5,5,5,5,5,5,5,5,5,5,5,5,5,5,5,5,5,5,5,5,5,5,5,5,4,5,6,3,5,5,5,6,4
R_2aRG58ttI914WIu,1,7,6,3,7,6,2,5,2,1,6,1,7,1,7,7,7,7,6,6,6,6,7,6,6,7,7,6,7,6,7,6,7,7,7,6,3,7,3,6,6,4,3,6,5,4,7,5,7,7,7,7,7,7,2,2,2,2,2,2,2,2,2,2,2,2,2,2,2,2,2,2,5,2,2,2,3,3,7,5,5,5,5,5,1,5,1,2,1,1,3,5,2,5,6,2,3,7,5,2,2,5,1,2,5,2,1,5,1,1,1,1,1,1,1,1,1,1,1,1,1,1,1,1,1,1,2,2,2,2,2,2,2,2,2,2,2,2,2,2,2,2,2,2,2,2,2,2,2,2,2,2,2,2,2,2,2,2,2,2,2,2,1,2,2,3,3,5,5,6,2
R_8oRydxASCYAJRYk,4,4,3,4,7,3,7,2,2,2,3,5,6,2,2,3,4,4,5,6,7,6,5,4,6,7,4,5,5,6,5,5,5,5,6,5,5,6,3,6,5,3,6,5,5,5,5,3,6,4,4,5,7,6,2,2,1,1,2,1,2,1,1,1,3,1,3,2,2,2,2,3,5,5,6,5,1,5,6,6,6,6,3,6,2,4,4,3,3,2,5,2,6,5,5,6,3,6,6,6,2,6,2,3,2,3,5,2,2,3,2,6,2,5,2,2,2,2,2,4,2,2,2,2,5,4,3,2,2,5,5,5,3,2,5,3,2,6,3,2,2,2,5,5,2,4,2,3,3,4,2,2,2,3,2,5,2,3,3,2,2,2,2,5,2,5,5,5,6,6,2
R_8SFwAyBVBeJtCgN,5,7,7,7,7,2,3,2,2,3,6,5,5,4,6,7,5,7,6,6,3,5,6,2,6,6,6,4,5,3,6,5,6,6,6,2,6,6,7,6,6,1,4,3,6,5,6,2,6,6,6,6,2,6,2,2,1,2,1,1,2,2,2,2,2,1,3,2,4,2,1,3,5,1,2,4,1,7,3,3,7,3,7,7,1,5,1,1,5,2,4,3,4,4,1,7,5,4,5,3,4,7,1,4,2,1,5,1,3,2,2,3,4,6,2,2,2,2,2,5,2,2,3,2,2,6,4,5,3,5,5,6,4,5,4,5,5,6,5,5,5,5,4,6,3,3,3,3,5,5,3,2,2,3,4,5,4,3,4,4,4,5,5,5,5,5,5,4,2,2,1
R_2cbdGs9134x5ulz,7,7,7,7,7,5,7,7,7,7,7,7,7,5,7,7,7,7,6,6,6,6,5,7,7,6,6,6,6,6,6,6,6,6,6,6,4,5,4,4,5,4,4,5,4,4,4,4,4,4,4,4,4,4,4,4,4,4,4,4,4,4,4,4,4,4,4,4,4,4,4,4,7,4,2,5,5,7,7,7,7,7,7,7,4,5,2,4,3,3,6,6,6,6,5,7,7,6,7,6,6,6,5,6,6,6,4,5,2,2,2,2,2,3,2,1,2,2,2,2,3,2,2,2,3,4,2,3,2,3,2,2,3,2,2,3,2,3,3,2,4,4,3,5,2,2,2,2,2,2,2,1,1,1,1,2,3,2,3,2,2,4,1,3,3,6,6,6,6,6,5
R_2fqeRL1f7H5NCl3,4,3,4,5,2,4,3,4,5,3,4,2,4,4,5,5,5,5,5,5,5,3,4,6,4,4,5,3,6,4,4,6,3,5,4,5,5,4,5,3,5,1,5,5,4,5,5,4,3,4,4,5,2,3,5,4,5,4,4,4,5,5,5,4,4,5,4,4,3,3,4,5,5,5,5,5,4,3,5,4,5,2,4,4,5,4,4,2,4,4,5,4,4,5,3,4,4,3,4,5,3,2,5,3,4,2,5,4,3,5,5,3,5,7,5,5,3,3,4,3,6,5,3,5,5,5,3,4,3,5,6,4,5,3,4,6,6,4,3,3,6,3,6,6,4,4,5,1,2,4,4,4,5,5,4,3,4,1,2,5,3,3,4,5,4,4,4,1,3,5,2
R_2pa7ALB1vSztqd3,7,7,7,7,7,7,7,7,7,7,7,7,7,7,7,7,7,7,7,7,7,7,7,7,7,7,7,7,7,7,7,7,7,7,7,7,7,7,7,7,7,5,7,7,7,7,7,7,7,7,7,7,7,7,2,3,3,2,3,2,3,3,3,3,3,2,3,3,3,3,3,3,3,1,2,1,1,2,1,3,3,2,2,3,1,2,1,1,2,1,4,3,5,3,1,6,1,1,5,1,2,5,1,2,1,1,1,1,1,1,1,1,1,1,1,1,1,1,1,1,1,1,1,1,1,1,2,4,2,7,6,2,5,6,3,7,5,3,6,5,7,5,4,7,4,5,4,5,4,5,4,4,4,5,4,4,4,4,4,5,4,5,2,5,4,3,4,2,2,4,1
R_8CTExWPCZOujhLg,7,7,6,5,7,3,3,2,4,3,7,3,7,5,7,7,5,7,5,6,5,6,7,7,6,6,7,7,6,6,7,7,7,6,6,5,7,7,6,7,7,5,4,3,5,3,7,4,7,7,7,7,7,7,3,4,3,2,4,1,3,4,2,2,4,4,4,4,3,3,4,5,4,3,4,6,4,5,6,7,5,6,2,5,2,2,1,2,2,2,3,3,1,5,1,6,5,7,5,5,1,4,1,1,1,1,1,1,3,3,4,4,3,3,4,4,3,4,1,3,1,1,2,1,2,2,2,4,2,5,1,5,4,6,3,4,1,2,1,2,1,2,1,1,3,2,2,3,3,3,2,2,2,2,2,3,2,4,1,2,3,2,3,2,3,6,6,4,3,2,4
R_2oBdvdpai2jrIxa,2,4,5,5,5,5,3,3,5,4,5,3,5,4,5,5,5,3,2,6,3,3,3,3,2,4,4,5,4,2,4,2,2,3,3,3,3,4,4,3,4,3,3,4,3,3,3,3,3,3,5,3,3,4,5,4,4,4,3,3,5,5,4,4,3,4,4,4,4,4,3,4,5,3,4,3,3,4,3,3,3,4,3,3,3,2,2,2,2,4,4,6,5,4,3,5,6,4,3,4,4,5,3,3,4,4,4,4,4,3,3,3,3,3,4,5,3,4,2,3,3,6,4,4,3,3,2,3,3,3,3,3,3,3,3,4,4,4,4,3,3,2,3,3,2,3,3,3,3,3,3,4,3,3,3,3,2,3,3,3,3,2,4,2,4,4,5,5,3,6,4
R_8WQWDfpPsECW3yV,4,7,7,1,7,1,1,1,1,1,4,1,7,7,7,3,7,7,7,7,7,5,7,7,7,7,7,7,7,6,7,6,7,7,7,6,4,3,7,1,1,1,1,4,3,4,4,4,1,4,1,1,7,4,3,3,3,3,2,1,3,2,3,3,3,3,3,3,3,3,3,3,7,1,7,1,1,7,7,7,7,7,7,7,1,1,1,1,1,1,4,3,7,1,3,7,7,7,7,7,4,3,7,1,7,1,3,1,4,5,3,4,6,6,3,2,4,4,4,3,7,5,3,1,4,4,1,4,3,7,3,1,3,3,1,1,4,3,6,7,6,6,6,6,2,3,1,6,3,3,1,1,2,2,6,2,7,3,7,6,3,4,3,4,5,4,5,4,1,2,1
R_2nBjAdaTpl8tgbq,7,7,4,4,7,4,3,1,5,2,7,2,6,2,7,7,7,7,6,5,6,3,2,6,4,6,6,3,7,3,4,6,4,4,5,4,6,4,4,5,2,4,3,2,2,4,6,1,6,5,4,5,6,6,2,3,1,1,2,3,3,2,2,2,3,1,2,3,2,1,1,4,4,4,4,4,4,4,4,4,4,4,4,4,4,3,4,4,4,4,3,4,4,2,3,3,4,6,4,2,4,4,5,4,3,3,2,2,2,2,2,2,2,2,3,2,2,1,2,1,3,3,3,2,3,2,3,3,3,4,2,3,3,3,3,5,3,5,4,3,3,6,3,3,3,3,4,2,5,2,4,2,2,4,2,4,5,2,4,2,3,4,5,3,4,5,2,2,2,2,6
R_8syPmYJMrqenU6i,6,5,7,5,7,5,2,2,3,3,6,3,2,2,2,5,4,6,7,7,7,7,7,7,7,7,7,7,7,7,7,7,7,7,7,7,2,6,6,6,6,6,2,2,2,2,6,6,6,6,6,6,6,6,1,1,1,1,1,1,1,1,1,1,1,1,1,1,1,1,1,1,5,5,2,3,4,4,6,6,5,6,5,5,5,4,4,5,2,1,1,1,1,1,1,7,7,7,7,7,1,1,1,1,1,1,1,1,1,7,7,7,1,2,7,7,7,7,7,7,4,7,7,7,7,7,3,3,1,4,3,3,3,3,3,2,4,5,4,4,4,4,4,6,4,4,4,4,4,4,4,4,4,4,4,4,4,4,4,4,4,4,4,4,4,2,4,4,4,3,3
R_8M3tfE6IKK3YRm0,7,6,3,3,7,6,5,4,6,4,6,5,7,1,7,7,7,7,4,3,5,3,2,3,6,6,3,6,3,3,6,4,5,6,3,3,5,5,2,6,7,2,6,5,6,4,6,3,7,6,6,7,7,7,2,2,2,4,3,1,3,2,2,2,3,4,3,2,3,5,4,2,2,3,1,2,1,5,4,4,2,3,3,4,1,5,1,2,1,1,3,4,6,4,2,7,3,4,5,1,2,2,2,4,1,1,2,3,3,3,1,5,5,2,2,1,1,2,4,2,3,4,3,5,3,6,6,4,2,7,7,3,3,4,3,6,4,5,6,7,7,6,6,7,4,4,3,5,5,3,3,2,2,3,5,3,4,5,4,5,4,5,4,3,4,2,6,2,4,2,2
R_21GjLzTSoNTcAjC,2,7,7,4,7,4,4,2,2,1,7,1,7,7,7,7,7,7,6,6,6,6,6,6,6,6,6,6,6,6,6,6,6,6,6,6,4,7,7,3,7,3,2,1,2,2,7,6,7,3,7,7,5,6,2,2,2,2,4,2,3,2,2,2,2,2,2,2,2,2,2,3,7,5,1,5,1,6,7,7,7,7,1,7,1,1,1,1,5,1,3,4,3,3,2,4,5,5,5,3,3,5,2,2,3,3,3,2,2,2,2,2,3,2,2,2,2,2,2,3,2,2,2,2,2,2,3,4,3,4,4,3,4,5,3,3,3,5,3,5,2,4,3,5,4,4,4,4,4,4,4,4,4,4,4,4,4,5,4,5,4,5,2,4,4,5,5,5,5,3,4
R_8zM9XKTQoj898ys,5,5,7,4,6,3,4,2,3,4,5,1,6,4,6,6,5,5,6,6,6,5,5,5,6,6,6,6,6,6,6,6,6,6,5,6,4,4,3,3,4,2,5,3,5,5,4,1,4,5,4,6,6,3,1,1,1,1,1,1,1,1,1,1,2,1,2,2,2,1,1,1,5,5,7,6,3,7,7,7,7,7,3,7,4,6,3,7,3,2,7,6,4,6,5,7,6,7,7,6,3,7,3,4,5,3,5,6,2,2,2,2,2,2,3,4,3,3,2,3,1,1,1,1,1,1,4,3,2,7,6,7,4,3,3,2,3,7,4,3,3,4,3,7,5,5,5,7,7,5,4,5,5,4,5,7,4,5,5,4,6,7,2,2,3,7,6,5,5,5,2
R_8F9ftV9R2chxozL,2,2,2,3,6,2,2,1,2,2,2,2,6,4,5,4,2,5,7,6,6,6,4,7,7,7,7,7,7,5,7,7,7,7,7,7,1,1,1,1,1,1,1,1,1,1,1,1,1,1,1,1,1,1,1,1,1,1,1,1,1,1,1,1,1,1,1,1,1,1,1,1,7,7,7,7,7,7,7,7,7,7,7,7,7,7,7,7,7,7,7,7,7,7,7,7,7,7,7,7,7,7,7,7,7,7,7,7,1,1,1,1,1,1,1,1,1,1,1,1,1,1,1,1,1,1,1,1,1,1,1,1,1,1,1,1,1,1,1,1,1,1,1,1,1,1,1,1,1,1,1,1,1,1,1,1,1,1,1,1,1,1,4,5,3,7,7,7,7,7,7
R_2VsVCdjq8pW7l3X,5,3,3,3,5,5,3,5,3,3,5,3,5,3,3,5,5,3,5,6,5,5,6,5,5,5,5,5,5,5,6,5,6,5,5,5,5,3,5,3,5,4,3,3,5,3,4,5,5,5,3,4,5,5,6,5,5,6,6,5,6,5,6,5,6,6,5,5,5,6,5,6,3,2,3,3,3,3,5,5,3,3,5,5,5,2,5,5,3,5,5,5,6,5,5,5,5,6,5,6,5,6,5,5,6,5,6,5,3,3,3,2,2,3,3,3,3,3,3,2,3,3,3,2,2,3,3,3,3,4,5,5,3,4,4,3,5,3,5,5,5,3,5,5,5,5,5,6,5,6,6,5,5,6,5,5,6,5,5,6,5,5,3,3,3,3,3,3,3,3,3
R_8do7OsQGTvHPvzE,7,7,7,7,7,7,2,5,3,1,4,1,5,1,5,5,4,7,7,6,7,6,7,7,6,6,6,7,7,5,7,7,7,7,6,6,2,2,2,2,2,2,1,1,1,1,3,1,3,1,3,3,3,1,2,2,1,2,2,2,1,2,1,1,2,1,1,1,3,1,2,1,1,1,1,1,1,1,7,7,7,7,7,7,6,7,6,3,1,1,3,3,7,4,3,7,7,7,7,7,5,7,5,7,4,7,6,7,7,7,7,7,5,7,1,7,1,1,3,3,7,7,7,7,5,7,1,2,6,4,6,7,2,1,1,1,6,1,2,7,3,2,3,6,2,4,4,4,5,5,3,2,3,3,5,6,3,5,4,4,4,7,4,5,6,1,1,1,1,1,1
R_247f5LsP20pz2FR,2,4,1,4,5,3,1,2,2,1,4,3,4,4,4,4,5,4,5,5,5,5,5,5,5,5,5,5,5,5,5,5,5,5,5,5,4,3,3,3,5,4,3,3,3,3,4,3,4,4,4,4,4,4,2,2,2,2,2,2,2,2,2,2,2,2,2,2,2,2,2,2,5,5,5,5,5,5,5,5,5,5,5,5,4,5,4,4,4,4,6,6,6,6,6,6,6,6,6,6,6,6,6,6,6,6,6,6,3,3,3,3,3,3,3,3,3,3,4,3,4,4,4,4,4,4,4,4,4,4,4,4,4,4,4,4,4,4,4,4,4,4,4,4,4,4,4,4,4,4,4,4,4,4,4,4,4,4,4,4,4,4,4,4,4,4,5,5,4,4,5
R_2fJy7eT37COPVrr,4,2,5,2,6,7,7,7,7,4,4,6,3,5,6,5,2,7,4,2,6,6,7,5,2,7,5,3,7,5,3,5,5,1,7,7,3,7,4,3,5,6,7,6,6,1,4,3,1,6,5,4,5,3,5,4,6,4,7,2,6,4,4,6,4,2,7,5,4,7,5,1,4,5,6,7,4,1,6,2,4,4,2,1,7,7,3,7,4,5,3,6,5,3,5,4,4,6,7,2,5,2,7,3,7,7,4,6,5,3,4,6,3,7,3,3,7,4,7,3,5,4,3,7,4,5,4,4,7,4,3,5,4,6,4,6,3,7,4,5,6,1,7,6,1,1,6,3,6,6,1,3,5,4,4,5,7,5,1,7,3,7,5,2,7,5,3,7,5,3,5
R_82gSVVARDyD4MQb,2,3,7,4,7,1,2,2,2,2,7,1,3,1,6,4,7,7,3,5,5,3,7,3,6,4,5,5,7,2,3,3,4,3,3,4,1,1,6,3,1,1,1,1,1,1,5,1,6,1,5,5,3,6,1,1,2,1,1,1,1,1,1,1,1,1,1,1,1,1,1,2,7,7,1,7,7,7,7,7,6,7,5,7,5,7,1,1,1,1,7,7,4,7,7,7,6,7,7,5,6,7,3,7,2,3,2,2,4,2,4,2,6,4,2,2,2,2,4,7,4,2,4,4,4,5,1,1,5,3,1,2,1,1,1,1,3,7,5,2,5,3,4,7,4,5,4,6,6,5,5,3,5,5,5,7,4,6,5,5,5,5,2,6,7,2,3,6,6,6,1
R_23TscojuhIWMTPh,5,4,4,5,5,4,3,4,4,3,5,1,6,5,6,5,5,7,6,6,6,6,6,6,6,6,6,7,7,6,6,6,6,7,6,6,7,7,7,7,7,7,7,7,7,7,7,7,7,7,7,7,7,7,6,5,4,5,4,4,4,4,4,5,5,3,6,5,5,6,5,5,6,4,5,4,5,6,6,6,6,5,6,7,4,3,4,4,3,4,4,4,2,5,5,7,5,4,5,3,2,5,3,3,2,4,3,3,1,5,3,5,4,2,2,2,2,2,1,1,5,5,2,4,5,6,3,4,3,5,5,6,3,2,3,3,4,6,4,4,4,4,4,4,2,2,2,3,2,3,2,2,2,2,2,3,2,3,2,2,2,2,4,5,3,4,3,4,3,4,3
R_2Iahl7uy13H0Dnm,5,5,5,4,6,5,3,2,4,4,5,4,6,5,5,5,6,7,6,6,6,6,6,6,6,7,6,6,6,6,5,5,5,5,5,5,4,6,6,5,6,5,6,5,5,4,6,6,6,6,6,6,6,6,4,5,5,5,6,5,5,6,6,4,6,5,4,5,6,5,5,5,6,6,5,6,6,6,6,6,6,6,5,6,5,4,5,4,4,4,2,4,3,3,2,5,3,3,4,4,2,4,3,3,5,3,2,5,2,4,4,5,2,2,3,3,3,3,3,3,6,6,5,7,6,6,5,2,4,6,3,2,4,4,4,6,4,4,6,5,6,6,5,5,3,2,6,2,2,2,2,2,2,2,2,3,6,6,6,6,6,6,5,6,5,7,5,5,5,6,4
R_2rf0EF0HztjkvN7,7,7,6,7,5,3,2,5,3,2,7,1,7,6,7,7,6,7,7,7,7,7,6,6,7,6,7,6,7,6,7,6,7,6,6,5,7,7,6,7,7,3,6,6,6,6,7,3,7,6,7,6,6,6,2,3,3,2,2,2,2,2,2,2,3,1,3,2,3,3,2,2,6,2,7,4,5,6,6,6,7,7,7,7,1,5,1,1,4,4,6,4,6,2,4,7,6,7,6,2,5,7,4,4,3,2,6,4,1,2,1,3,2,3,2,1,1,2,1,3,1,2,1,1,1,3,2,2,2,7,4,4,2,2,4,4,4,3,2,3,2,1,2,3,2,2,3,4,3,4,2,2,2,4,2,4,2,2,2,4,2,4,2,4,3,6,2,6,5,3,4
R_2r0wMQbx2IReCbG,3,3,1,5,7,2,1,1,1,1,3,1,6,2,6,7,6,7,5,4,2,2,3,3,3,2,3,2,6,2,3,3,5,7,5,3,6,5,2,6,2,3,3,4,3,3,3,3,5,5,4,6,3,4,4,2,2,1,1,2,2,2,1,1,2,1,2,2,3,2,3,2,5,5,7,5,3,3,7,7,7,7,5,7,4,6,4,4,3,5,4,4,7,6,2,6,6,6,7,7,3,7,6,5,5,2,3,4,1,2,3,1,1,1,1,5,1,1,1,1,2,7,5,3,2,7,1,1,5,4,6,2,5,3,3,6,3,4,1,2,1,1,2,6,1,1,5,3,2,2,4,2,3,4,2,3,1,2,1,2,2,5,4,3,2,4,6,5,5,4,4
R_8TDkpBNV5G2AUSt,4,6,3,6,4,1,4,1,1,1,5,1,6,1,6,3,6,5,6,5,6,5,6,6,6,6,6,6,6,6,5,5,6,6,6,5,7,7,7,7,7,1,4,3,4,4,7,3,7,7,7,7,7,7,2,2,2,1,2,2,2,2,2,2,2,2,2,2,2,2,2,2,7,2,7,3,2,7,7,7,7,7,4,7,2,5,2,4,2,1,5,4,7,5,2,7,7,7,7,7,3,7,2,3,3,2,4,2,1,1,1,1,1,1,1,1,1,1,4,1,3,4,1,1,1,1,4,3,5,4,4,4,4,4,6,5,6,6,6,3,5,3,3,3,4,4,4,4,4,4,4,4,4,4,4,4,4,4,4,4,4,4,4,5,5,2,1,2,2,3,1
R_8EnM0xeVxpCbnvJ,6,2,3,5,5,4,6,2,1,1,3,2,4,6,6,3,5,5,5,5,6,5,5,5,5,6,6,5,6,4,3,4,3,4,5,5,4,5,4,4,4,4,6,5,5,4,4,4,4,4,5,5,5,4,4,2,3,2,5,4,4,3,3,3,4,4,3,2,4,4,5,4,7,5,5,5,5,7,5,5,6,5,6,4,1,1,5,6,5,5,6,3,6,2,6,6,4,6,6,6,3,4,2,4,3,2,2,1,4,4,4,4,4,4,4,4,4,4,4,4,4,5,4,5,4,4,4,5,6,6,5,6,4,5,4,4,4,5,6,6,6,6,6,6,4,4,4,4,4,4,4,4,4,4,4,4,4,4,4,4,4,4,4,5,5,3,4,3,4,4,3
R_2ZVxJAFUeklCSNf,7,7,5,6,7,4,3,1,3,2,2,1,4,4,4,6,6,5,2,1,3,1,2,2,1,2,2,1,1,1,1,2,2,2,1,1,3,5,6,2,3,5,7,4,4,3,3,3,5,3,5,6,2,2,3,6,6,6,6,5,5,5,7,6,3,5,5,6,4,3,7,5,3,2,3,2,2,1,2,5,1,2,1,3,3,3,2,1,3,1,1,3,2,6,5,2,2,5,3,3,5,1,2,3,5,1,1,7,6,7,7,7,7,5,5,7,6,6,6,6,7,7,6,6,7,5,7,7,7,5,5,6,6,6,4,6,6,7,7,6,6,6,7,6,6,6,6,6,7,7,7,5,7,6,7,6,7,7,5,7,7,7,4,5,6,4,5,6,7,5,6
R_8BIYaFbbY5U2wMx,1,2,2,6,7,3,2,1,1,1,1,1,7,1,7,5,6,7,7,7,7,6,7,7,7,7,7,7,7,7,5,7,7,7,7,7,2,6,1,6,7,1,2,2,1,2,1,1,7,7,7,7,6,7,1,1,1,1,1,1,1,1,1,1,1,1,1,1,1,1,1,1,7,7,6,2,1,7,6,7,7,7,1,7,1,7,7,7,1,1,7,7,7,7,7,7,7,7,7,7,7,7,7,7,7,7,7,7,1,1,1,2,1,1,1,1,1,1,1,2,2,1,1,2,1,1,1,1,1,1,1,1,1,1,1,1,1,1,1,1,1,1,1,1,4,3,4,2,4,4,2,2,1,2,2,2,4,4,1,2,3,1,1,3,6,3,7,1,1,1,1
R_8PThstmZNGIVXuk,6,7,6,7,6,5,5,6,5,5,7,6,6,7,5,7,7,7,7,6,7,5,7,7,7,7,7,7,7,7,6,6,5,7,7,6,5,7,5,2,5,4,6,7,7,4,7,5,5,7,5,7,7,5,2,5,5,1,2,1,5,4,3,2,6,4,4,4,3,3,6,4,6,5,5,1,6,5,5,5,5,3,5,6,3,4,4,2,4,2,5,3,5,4,5,6,3,4,2,4,1,1,5,3,7,1,3,3,4,2,2,3,1,3,1,1,1,1,1,2,4,4,4,3,3,6,2,2,2,7,4,3,4,2,4,5,1,2,3,3,4,5,1,5,2,1,3,5,1,2,2,2,2,4,2,2,3,2,3,4,1,5,1,5,3,7,5,4,7,5,5
R_8YWzsPo2XAtUXej,6,3,7,2,4,6,3,7,6,4,6,1,5,7,7,6,7,7,5,2,5,6,2,3,5,5,5,4,5,3,5,6,5,3,7,3,6,3,5,2,2,2,5,4,4,4,4,2,4,5,4,5,4,3,3,2,4,1,1,1,3,4,5,4,4,2,3,3,3,2,4,3,3,3,3,3,3,3,3,3,3,3,3,3,3,4,3,3,3,3,4,7,3,7,7,7,3,4,2,2,2,5,3,3,3,3,4,3,2,2,2,1,1,1,2,3,2,2,2,2,3,2,3,2,2,2,3,7,4,7,7,3,2,6,4,4,3,3,5,4,4,3,4,3,3,2,4,4,4,4,4,3,3,3,4,3,3,3,3,4,3,4,5,4,4,1,3,2,2,3,2
R_2KVAE9Pe6wj3u92,3,4,4,2,6,3,2,2,2,2,3,2,6,4,6,6,6,7,4,5,4,5,5,4,4,5,4,4,5,4,4,3,4,5,6,4,5,5,5,5,5,4,4,5,3,3,5,3,7,7,6,6,7,6,3,4,3,2,2,2,2,3,3,2,4,2,4,5,5,5,5,6,6,6,3,4,5,7,7,6,6,7,5,7,2,5,2,2,2,1,5,3,4,6,6,6,5,3,5,6,2,6,5,2,2,3,1,2,2,3,2,5,2,2,2,2,2,2,2,2,6,2,6,3,6,6,3,5,2,3,2,5,4,1,2,3,2,4,5,2,2,2,1,6,3,2,4,5,3,4,4,2,2,5,2,6,2,2,2,2,2,3,2,4,5,5,5,4,5,6,3
R_8CvUaQ0l490ccyL,7,6,5,6,6,6,2,2,2,2,6,1,7,1,7,7,6,7,6,6,5,4,7,6,6,7,7,4,5,7,6,7,6,6,4,6,5,7,5,7,7,7,4,4,4,5,7,4,7,7,7,7,7,7,2,2,2,2,2,2,2,2,2,2,2,2,2,2,2,2,2,2,5,1,4,1,1,4,5,5,5,5,5,6,1,1,1,1,1,1,2,3,2,4,5,5,2,4,4,2,2,4,2,2,2,2,2,2,1,1,1,1,1,1,1,1,1,1,1,1,1,1,1,1,1,1,4,4,4,4,4,4,4,4,4,4,4,4,4,4,4,4,4,4,4,4,4,4,4,4,4,4,4,4,4,4,4,4,4,4,4,4,3,3,4,4,5,4,4,5,3
R_8KQ5Ac0OLJx4G4k,6,7,6,6,5,6,5,4,6,4,7,4,7,5,7,7,7,7,6,7,6,4,4,6,7,7,6,6,6,6,6,5,6,6,7,6,6,4,6,6,4,6,4,5,4,4,6,4,6,5,6,6,5,6,1,2,2,2,2,2,2,3,2,3,2,2,3,3,3,3,3,2,2,2,2,2,2,2,2,2,2,2,2,2,2,2,2,2,2,2,6,6,5,6,6,7,6,5,7,6,6,7,6,5,5,7,5,6,7,7,7,7,7,7,1,1,7,7,1,7,6,1,1,6,7,7,7,7,7,7,7,7,7,7,7,7,7,7,7,7,7,7,7,7,5,4,4,6,6,5,3,4,4,4,4,6,3,4,4,4,5,6,4,4,4,4,3,2,1,1,1
R_8rOKehHijWg0gpD,5,5,5,6,6,5,5,5,5,5,5,5,5,5,5,5,5,5,4,4,5,4,4,4,4,4,5,5,5,5,4,5,5,5,5,4,4,4,4,4,4,4,4,4,4,4,4,4,4,4,4,4,4,4,4,4,4,4,4,4,4,4,4,4,4,4,4,4,4,4,4,4,4,4,4,4,4,5,4,4,4,4,4,4,4,4,4,4,4,4,4,4,4,4,5,5,4,4,4,4,3,3,3,4,3,4,5,5,2,3,2,2,2,2,2,2,2,2,3,2,2,2,2,2,2,2,3,3,3,3,3,3,3,3,3,3,3,3,3,3,3,3,3,3,4,4,4,4,4,4,4,4,4,4,4,4,4,4,4,4,4,4,4,5,5,3,4,5,5,4,3
R_2eaGJ99L9ezBkxY,4,7,7,7,7,3,3,5,1,3,5,1,7,4,7,5,7,7,7,7,7,7,7,7,7,5,7,7,7,7,6,7,6,7,6,6,4,6,6,3,7,1,6,2,1,2,6,1,7,3,7,7,3,7,1,1,1,1,1,1,1,1,1,1,1,1,1,1,1,1,1,1,7,6,5,4,1,7,7,7,7,7,2,7,1,5,1,3,2,1,5,6,4,7,1,7,6,7,7,7,5,7,2,7,1,5,7,1,1,1,1,1,1,1,1,7,1,1,4,3,4,4,4,4,5,6,2,4,1,4,3,4,3,4,7,1,1,7,1,4,1,1,3,7,1,2,1,3,1,5,2,4,2,4,3,5,4,4,4,5,4,7,1,5,2,6,7,7,5,7,5
R_2325Hei7HUWaC6M,2,4,6,4,3,3,3,1,4,3,5,2,6,6,6,6,5,7,6,6,7,6,4,7,6,7,7,5,5,4,5,6,5,6,5,5,7,2,5,3,5,2,4,3,4,3,6,4,6,5,6,6,7,4,2,2,2,2,3,2,2,1,2,3,3,2,4,4,2,4,4,4,6,5,3,5,2,5,7,7,4,5,3,7,2,5,3,3,3,3,5,5,3,7,2,7,6,6,4,6,5,5,4,4,4,4,3,3,2,6,5,5,4,4,2,4,4,4,3,1,6,6,5,5,6,6,4,2,2,3,4,4,2,4,5,5,4,5,3,3,2,3,3,5,3,4,3,6,4,3,5,4,4,5,4,5,5,3,3,4,4,6,3,4,5,5,3,4,3,4,3
R_2dECQs7CTHJvbnF,3,3,3,4,6,3,3,3,3,3,3,7,7,7,7,7,6,7,7,7,7,7,7,7,7,7,7,7,7,7,7,7,7,7,7,7,3,3,3,3,3,3,3,3,3,3,3,3,3,3,3,3,3,3,3,3,3,3,3,3,3,3,3,3,3,3,3,3,3,3,3,3,7,7,7,7,2,7,7,7,7,7,6,7,1,2,4,2,5,1,5,7,5,7,5,5,5,6,5,5,5,5,1,1,1,5,5,5,1,1,1,1,1,1,1,1,1,1,1,1,1,1,1,1,1,1,2,2,2,2,3,2,2,2,2,2,2,2,2,2,2,2,3,2,4,4,4,4,4,4,4,4,4,4,4,4,4,4,4,4,4,4,1,2,2,5,3,4,5,5,3
R_8CSziDbAuypd1Wp,6,6,5,6,5,5,3,5,4,5,5,2,5,5,6,5,5,6,6,6,4,5,5,6,6,6,7,6,6,4,6,6,6,6,6,5,6,5,4,5,2,3,5,4,4,4,5,2,5,6,6,5,6,4,2,2,2,2,1,1,2,1,1,1,3,1,3,4,3,2,3,2,6,3,5,4,4,5,3,3,4,6,3,6,3,4,2,2,5,3,6,5,5,4,7,5,6,6,6,7,3,6,3,2,2,3,3,5,2,2,2,2,3,3,3,2,3,2,2,4,2,2,2,2,2,3,3,3,3,5,5,6,5,5,4,4,4,6,4,4,3,4,5,4,3,5,3,3,4,4,4,3,4,3,3,6,3,3,2,3,3,3,2,5,5,4,5,6,4,4,2
R_2yseTJJLE8HB0Po,2,5,2,2,6,2,2,2,2,2,6,3,6,6,6,7,6,7,7,7,7,7,7,7,7,7,7,7,7,7,7,7,7,7,7,7,2,3,2,4,7,2,2,2,2,2,7,2,7,7,7,7,7,7,2,2,3,3,4,2,2,2,2,2,4,2,4,4,4,4,4,4,7,4,6,3,2,5,7,7,7,7,3,7,1,1,1,1,1,1,7,3,5,1,1,5,3,5,5,5,1,2,1,1,1,1,1,1,3,2,2,4,4,2,2,2,2,2,2,2,2,2,2,2,2,4,4,5,5,5,5,5,5,5,5,5,5,5,5,5,5,5,5,5,2,2,2,2,4,2,2,1,2,1,2,2,1,2,2,2,2,2,1,3,1,6,4,5,4,6,3
R_2O370jwEcDHic01,5,7,7,3,4,4,2,2,2,2,2,2,5,1,4,4,5,6,5,4,5,5,4,5,5,5,5,5,5,5,5,5,3,3,4,3,2,2,4,3,5,3,4,5,4,3,6,3,6,3,3,5,3,4,3,3,4,3,3,3,4,4,3,3,3,3,3,3,3,4,3,3,7,5,4,5,5,7,5,5,6,5,3,6,5,6,5,3,4,3,7,6,4,3,3,7,3,7,6,4,4,6,3,3,4,4,3,5,3,6,2,6,4,6,2,2,2,2,4,2,4,2,5,6,6,6,2,2,2,2,3,1,3,2,2,3,4,3,5,4,5,4,5,6,2,3,2,3,3,2,2,2,4,2,4,2,3,5,4,5,4,5,1,4,4,6,4,5,5,3,4
R_8hChm8qv1rDEEql,3,3,3,7,4,4,2,3,3,4,1,1,7,3,7,7,3,7,5,5,4,5,4,4,5,4,4,4,5,4,4,4,4,4,4,4,7,5,5,5,6,7,5,5,5,5,5,3,6,7,6,7,5,6,2,2,3,2,2,2,2,2,1,1,2,1,2,4,3,4,3,2,5,6,6,4,2,4,6,6,7,6,7,6,2,5,2,4,3,2,5,5,5,2,4,5,6,6,5,5,3,6,3,3,4,3,2,1,2,3,2,2,4,2,2,2,2,2,3,2,2,2,2,3,3,4,3,4,3,6,3,3,5,3,3,3,3,6,2,3,3,3,2,3,3,3,4,3,4,5,3,4,3,3,4,6,3,4,3,3,4,4,3,6,5,3,5,3,2,2,3
R_2RpSybksauoJt6B,4,4,7,5,6,3,4,1,3,4,4,1,4,7,7,5,7,6,4,5,4,4,5,4,6,7,7,4,4,6,6,7,4,6,5,4,5,7,7,4,5,2,3,3,3,5,7,2,7,6,7,7,7,7,4,4,4,4,4,4,4,4,4,4,4,4,4,4,4,4,4,4,6,4,1,5,6,5,7,6,7,7,4,7,1,7,2,2,3,1,3,4,2,4,6,7,6,6,6,4,2,6,1,4,3,5,3,2,4,4,7,5,3,4,1,1,1,1,4,1,3,2,6,2,4,7,4,2,1,4,6,1,6,7,5,4,1,5,2,5,1,1,2,7,4,4,4,4,4,4,4,4,4,4,4,4,4,4,4,4,4,4,2,3,4,5,7,7,6,6,4
R_2bKwRpbrV3G2f1D,1,1,1,3,1,5,1,1,1,1,4,1,4,1,5,4,6,5,6,5,6,5,4,5,4,4,5,5,5,4,5,5,5,4,6,5,3,3,4,3,3,2,3,3,3,3,4,3,5,4,4,4,2,4,4,4,4,4,4,4,4,4,4,4,4,4,4,4,4,4,4,4,4,4,4,4,4,4,4,4,4,4,4,4,4,4,4,4,4,4,4,4,4,4,2,4,3,4,4,4,4,4,4,4,4,4,4,4,4,2,4,4,4,4,4,4,4,4,4,4,4,4,4,4,4,3,4,3,4,4,4,4,4,4,4,4,4,4,4,4,4,4,4,4,5,4,5,5,1,4,6,4,4,3,5,5,5,6,3,4,2,4,4,4,5,6,4,4,5,3,4
R_2wb6zXrkw4hVApH,4,7,7,7,7,7,3,1,3,4,7,1,3,1,2,7,7,7,7,7,7,7,7,7,7,7,7,7,7,7,7,7,7,7,7,7,7,7,7,7,7,6,7,7,7,7,7,7,7,7,7,7,7,7,2,2,2,2,2,2,2,2,2,2,2,1,2,2,2,2,2,2,7,3,1,6,3,3,6,4,6,7,3,1,5,3,5,5,1,1,5,3,1,3,5,6,4,4,4,5,1,7,3,5,2,2,2,2,1,1,1,1,1,1,1,1,1,1,1,1,1,1,1,1,1,1,2,2,2,4,4,5,5,3,5,2,3,5,2,3,3,2,2,5,2,2,2,5,5,2,4,2,4,4,2,4,2,3,1,2,2,5,3,4,3,2,5,5,2,2,2
R_2ZEJrMPURtWCyFS,6,6,1,6,6,1,1,1,1,1,1,1,3,6,4,7,6,6,7,7,7,7,6,7,7,7,7,7,7,7,7,7,7,7,7,7,5,4,5,4,2,1,6,5,5,5,6,6,5,6,5,6,5,5,1,1,1,1,1,1,1,1,1,1,1,1,1,1,1,1,1,1,7,5,5,5,3,7,6,7,5,7,7,7,1,2,1,1,4,1,7,6,4,4,7,7,5,4,5,3,1,7,1,3,1,1,7,4,1,1,1,1,1,1,1,1,1,1,1,1,1,1,1,1,1,1,4,7,4,7,5,7,4,5,4,4,4,7,4,4,4,7,4,4,4,4,1,3,3,4,3,3,1,2,1,4,2,4,1,1,4,3,1,5,2,6,5,7,7,3,4
R_8YzkSAYa9muBlWQ,4,3,1,6,6,2,4,2,2,3,5,1,6,3,5,5,5,6,6,6,5,5,4,7,6,7,7,5,7,4,5,7,6,7,7,7,6,5,4,6,7,3,6,4,5,5,6,5,7,5,7,7,6,7,4,4,4,4,5,3,5,3,2,5,4,3,6,4,6,5,6,7,6,3,3,3,3,6,7,7,6,6,3,7,2,5,2,2,2,2,4,4,6,2,3,6,2,4,6,2,5,6,2,5,3,3,3,5,2,2,2,2,2,1,2,1,2,3,2,5,3,3,4,3,4,5,3,3,2,5,4,2,3,2,2,4,3,5,5,2,3,5,4,5,4,3,2,4,4,2,3,2,2,4,3,4,4,2,4,3,4,4,3,5,4,3,1,4,5,2,2
R_2lXKaSEn3vctO3i,5,3,4,3,4,4,4,5,4,5,4,3,4,3,3,1,4,5,5,2,2,4,2,2,2,4,4,6,2,2,6,2,4,2,2,4,6,7,5,4,7,4,4,1,4,4,7,4,3,1,7,7,4,3,1,1,1,1,1,1,1,1,1,1,1,1,1,1,1,1,1,1,5,6,3,4,1,7,5,6,3,7,4,4,4,3,3,3,3,2,3,3,3,3,3,3,4,3,3,4,3,3,3,3,3,4,3,3,7,6,3,7,7,6,6,6,6,6,6,6,6,7,6,6,6,6,4,3,7,5,6,5,7,4,5,6,5,6,7,6,4,5,5,7,6,4,5,5,5,6,5,4,4,4,7,5,7,5,4,5,5,4,4,4,5,5,4,3,5,4,2
R_224Opb4m9JoSMCJ,6,6,4,6,7,3,6,6,5,6,7,3,5,7,5,6,3,5,7,7,6,6,5,6,6,6,7,6,6,5,5,6,6,6,5,5,7,7,4,6,7,5,5,7,6,7,7,4,7,7,5,7,6,7,2,3,3,3,2,2,2,3,2,2,3,2,1,2,2,1,2,4,1,1,4,1,3,4,1,1,2,1,1,3,2,3,1,2,1,1,3,6,3,6,3,5,3,4,2,4,2,6,3,6,2,7,3,4,2,1,2,4,2,1,2,2,2,2,2,3,1,2,2,2,2,5,1,2,2,2,1,2,1,1,1,2,2,3,2,1,2,1,2,3,2,2,1,2,2,2,1,1,1,2,2,3,2,1,2,1,1,1,4,3,3,6,6,3,3,3,3
R_8SCgsZ6nnFmugeR,3,4,4,4,3,4,4,4,4,4,4,3,4,4,4,4,4,3,4,4,4,4,4,2,4,4,3,5,4,3,3,4,4,4,3,4,4,4,4,4,4,4,4,4,4,4,4,4,4,4,4,4,4,4,5,4,4,5,4,4,2,4,2,2,5,5,2,4,4,5,4,4,4,4,4,3,3,2,4,3,3,2,4,4,4,5,3,4,5,2,5,2,3,3,3,3,4,1,5,2,4,3,4,5,5,4,3,4,5,5,3,5,3,4,5,2,3,6,2,3,1,3,1,5,5,3,3,6,3,6,4,3,5,2,4,4,5,5,2,5,6,5,5,3,4,3,5,4,5,5,5,3,5,5,6,5,4,4,3,5,5,5,4,4,4,3,4,3,4,4,3
R_2spkPXNPqTcVt7i,4,3,3,5,3,4,4,5,4,4,3,3,5,3,3,4,3,3,4,3,2,4,3,3,3,3,4,4,4,3,4,3,4,3,4,3,4,4,4,4,4,3,4,3,4,3,5,4,4,3,3,3,3,4,3,4,3,5,4,4,4,5,4,5,4,4,4,4,4,4,3,4,4,3,4,5,3,3,4,4,3,3,3,4,4,4,4,4,5,4,4,5,4,5,4,4,4,5,4,4,3,4,3,3,4,5,3,3,4,5,3,5,5,4,4,4,4,4,4,4,3,4,4,3,5,4,3,4,4,5,3,4,3,4,4,5,4,4,3,4,4,4,4,4,4,4,4,4,3,5,4,4,3,4,4,4,4,4,5,3,5,4,4,4,4,4,4,4,5,3,3
R_27sN6T728f1fXkl,4,5,3,5,2,5,3,3,4,3,3,3,3,3,3,5,5,7,6,6,6,6,5,6,6,6,6,6,6,4,6,6,6,6,5,6,5,3,3,3,2,3,3,1,3,3,5,5,5,5,3,5,5,6,3,3,2,3,1,1,1,1,2,2,4,2,3,4,4,3,3,4,7,6,5,5,4,5,6,6,6,6,6,6,6,5,7,4,4,2,4,4,5,5,5,6,6,6,6,5,2,5,5,2,6,3,2,2,4,6,4,3,6,4,3,2,2,3,3,5,4,3,3,2,6,6,3,3,3,3,3,2,3,1,2,3,3,2,2,4,1,3,4,5,2,3,2,3,6,3,2,2,2,2,2,3,2,3,2,2,4,5,2,5,5,3,2,5,5,4,3
R_89oblYnrf8WLK5X,3,6,7,7,6,2,2,3,2,3,6,4,7,6,7,6,7,7,5,6,6,5,6,6,4,6,7,6,5,6,4,7,6,5,6,4,2,4,4,6,4,2,6,3,2,3,6,3,5,5,6,5,4,3,1,2,1,2,3,1,3,1,1,3,2,1,3,2,2,2,2,2,7,2,2,4,3,7,6,6,7,6,3,7,2,5,2,2,2,1,6,2,3,2,2,7,6,5,6,3,4,6,4,5,3,3,4,4,2,2,2,4,4,3,1,1,1,1,1,1,4,2,3,4,4,6,2,3,2,5,3,2,4,2,2,3,4,2,6,4,3,4,4,4,3,4,4,6,5,5,5,3,3,4,6,5,7,5,3,7,5,6,2,4,5,7,5,6,5,3,4
R_2LYaWKUCoHsHshS,4,5,5,4,7,3,3,6,2,2,5,3,6,4,7,4,5,7,7,7,7,7,6,7,7,7,7,7,6,7,7,7,7,7,6,7,3,3,4,4,6,2,3,3,2,3,6,3,6,5,4,5,4,7,1,1,2,2,1,1,2,1,1,2,1,1,1,2,1,1,1,1,2,2,1,1,1,5,6,6,3,7,3,7,1,6,3,5,2,1,4,3,2,1,1,7,3,3,6,2,6,5,1,1,1,2,1,5,4,5,2,3,3,5,3,4,2,2,2,2,2,2,1,1,4,4,5,5,4,5,5,5,4,4,4,4,4,4,4,4,4,4,6,6,5,5,4,5,5,6,4,4,4,4,4,4,5,4,5,4,5,6,2,4,5,6,5,6,4,6,2
R_8YGmUQFb2ETmmp9,7,7,3,7,7,5,2,1,1,1,5,2,6,5,5,3,7,5,3,3,6,5,6,6,6,6,3,6,7,2,6,3,2,6,2,5,6,3,3,6,6,2,3,6,2,1,6,2,6,6,6,6,3,7,3,1,1,1,2,2,3,1,1,1,1,1,2,1,3,2,1,3,2,2,7,3,2,3,4,7,3,7,2,7,4,5,2,2,2,1,5,7,7,6,4,7,3,7,7,5,7,6,7,1,1,3,3,1,3,4,3,3,6,6,3,3,6,5,6,4,4,1,6,2,5,7,5,4,3,2,3,2,2,2,1,2,5,3,5,5,5,4,6,6,6,3,2,3,3,2,6,6,1,4,2,2,5,4,2,6,3,6,5,2,5,7,6,6,5,7,2
R_2QbAR9pn09fuEr7,4,4,7,7,7,2,1,1,1,1,7,3,5,1,4,3,4,7,5,4,7,3,4,4,5,7,5,5,6,4,5,4,5,4,4,4,1,5,7,3,7,1,4,7,1,7,7,7,7,3,7,7,7,7,1,1,1,1,1,1,1,1,1,1,1,1,1,1,1,1,1,1,7,3,1,1,1,7,7,7,7,7,1,2,4,7,3,1,1,1,7,4,4,4,1,7,7,5,7,4,4,5,3,7,4,1,7,1,1,1,1,5,6,1,1,1,1,1,1,1,3,2,1,4,1,7,4,4,1,7,7,1,4,1,1,5,5,4,1,1,1,5,5,6,4,4,4,4,4,4,4,4,4,4,4,4,4,4,4,4,4,4,1,4,2,6,7,5,4,7,4
R_837FSiosUN7EtjX,5,6,7,5,5,5,2,3,2,4,4,2,7,6,7,6,7,7,6,5,5,4,4,4,5,5,6,6,2,4,6,7,6,7,6,5,6,7,3,6,6,5,4,3,2,3,7,3,7,6,7,6,7,7,2,2,2,2,2,2,2,2,2,2,3,2,2,3,2,3,4,2,3,3,6,5,5,1,4,6,1,5,1,6,1,1,1,1,1,1,4,5,7,5,2,7,3,7,7,7,1,7,1,2,3,3,1,2,4,4,3,3,4,3,3,4,4,4,5,3,6,6,6,6,6,6,3,5,6,4,6,6,6,6,6,6,4,5,2,6,2,3,2,2,2,2,2,2,2,2,2,2,2,2,2,2,2,2,2,2,2,2,3,5,5,5,3,6,6,6,4
R_22WYIW38tvPyNW0,6,6,4,6,7,4,4,2,4,2,6,1,7,3,7,6,6,7,7,7,7,7,7,7,7,7,7,7,7,7,7,7,7,7,7,7,7,7,7,7,7,7,7,7,7,7,7,7,7,7,7,7,7,7,2,3,2,2,3,1,3,3,2,2,3,1,3,3,2,2,2,3,2,2,2,1,1,1,7,7,7,7,7,7,1,7,1,1,1,1,3,4,5,4,4,7,4,4,3,5,3,7,3,7,3,5,3,3,3,2,4,2,3,1,3,1,3,3,2,3,2,2,2,2,2,3,3,2,1,3,3,2,2,1,1,1,2,1,2,2,2,2,7,2,6,4,5,5,2,4,2,3,2,3,7,2,3,4,4,4,5,4,2,6,5,5,1,2,4,4,6
R_8Zx7nZ8OrKvWGjL,1,7,1,1,7,1,1,1,1,1,7,1,7,7,7,7,7,7,7,7,7,7,7,7,7,7,7,7,7,7,7,7,7,7,7,7,7,7,7,7,7,1,7,7,7,7,7,7,7,7,7,7,7,7,1,1,3,4,4,5,2,5,5,3,5,2,7,1,3,3,5,5,6,2,5,7,7,4,4,5,3,2,4,5,4,7,1,1,2,1,7,7,7,5,7,7,7,7,1,7,7,1,7,1,7,1,1,7,1,1,1,1,1,1,1,1,1,1,1,1,1,1,1,1,1,1,1,1,1,7,1,1,1,1,1,1,1,1,1,1,1,1,1,1,4,4,4,4,4,4,4,4,4,4,4,4,4,4,4,4,4,4,1,1,5,7,1,7,7,7,1
R_2UWw3ewgnltrdbg,2,6,2,3,6,1,2,3,2,5,4,2,7,2,7,7,7,7,7,7,7,6,7,6,7,7,7,6,7,4,7,7,7,7,7,7,6,5,7,6,7,3,6,6,6,5,4,3,7,7,7,6,7,6,2,2,2,1,2,1,2,1,1,1,1,1,2,2,2,2,2,1,7,4,7,6,6,7,7,7,7,7,2,7,1,7,1,2,5,1,2,2,2,2,2,7,5,5,5,2,1,2,1,1,1,1,2,1,2,5,2,2,2,5,2,2,2,2,2,2,2,1,2,2,2,6,2,2,3,3,5,5,2,5,3,3,2,7,1,2,3,2,2,5,1,1,2,2,2,2,2,2,2,2,2,2,2,2,2,2,2,3,1,4,2,5,5,7,6,7,4
R_2LILFseZmiJocYz,7,7,7,7,7,7,7,7,7,7,7,7,7,7,7,7,7,7,4,4,4,4,4,4,4,4,4,4,4,4,4,4,4,4,4,4,7,7,7,7,7,7,7,7,7,7,7,7,7,7,7,7,7,7,4,4,4,4,4,4,4,4,4,4,4,4,4,4,4,4,4,4,6,6,6,6,6,6,6,6,6,6,6,6,6,6,6,6,6,6,1,1,1,1,1,1,1,1,1,1,1,1,1,1,1,1,1,1,4,4,4,4,4,4,4,4,4,4,4,4,4,4,4,4,4,4,4,4,4,4,4,4,4,4,4,4,4,4,4,4,4,4,4,4,4,4,4,4,4,4,4,4,4,4,4,4,4,4,4,4,4,4,4,4,4,1,2,2,1,1,1
R_2zdsvfCSzNJb6Xn,1,6,3,3,3,2,3,1,1,1,3,2,3,1,4,3,4,7,4,4,4,4,3,4,7,4,7,6,4,5,4,4,4,4,4,7,3,5,6,5,3,4,6,3,5,6,7,3,5,5,4,4,6,3,1,1,1,1,1,1,1,1,1,1,1,1,1,1,1,1,1,1,4,4,4,4,4,4,4,4,4,4,4,4,4,4,4,4,4,4,3,3,5,4,7,7,4,4,5,4,1,7,2,1,3,2,2,5,1,1,1,1,1,1,1,1,1,1,1,1,1,1,1,1,1,1,4,7,3,5,2,2,3,3,4,3,4,4,5,6,5,5,5,6,4,4,5,5,4,5,5,2,6,3,5,6,6,5,5,6,5,7,3,2,3,5,4,5,5,5,5
R_2JUCH5peFCYCZY6,2,6,7,5,4,3,3,2,3,3,5,1,6,2,7,4,7,7,7,6,6,4,5,6,7,7,7,7,6,7,6,6,7,6,6,6,3,4,4,3,6,5,6,7,5,6,7,4,7,7,5,7,3,7,4,1,3,1,1,3,4,4,3,2,3,2,3,3,3,3,3,4,7,4,2,3,7,4,6,6,6,7,5,7,1,4,2,2,1,1,7,7,5,5,4,6,5,5,5,5,1,7,2,2,2,2,2,3,1,1,1,2,3,1,1,1,1,1,1,3,2,1,3,3,3,4,3,3,2,6,5,1,5,4,3,4,4,6,1,1,1,1,1,3,2,4,2,4,3,3,3,2,1,3,3,3,1,2,2,2,2,1,1,2,2,5,6,6,7,7,3
R_2kaK8sqmtTDRvxh,4,5,4,6,7,2,4,4,4,4,4,4,6,4,6,4,6,6,7,7,6,6,7,7,7,7,7,7,7,7,6,7,6,7,7,7,7,7,7,3,7,3,7,7,7,7,7,7,7,7,7,7,7,7,4,3,4,3,4,3,4,4,4,4,4,4,4,4,4,4,4,4,4,4,4,3,1,5,5,5,4,4,4,5,3,3,3,2,3,2,5,6,5,5,5,6,5,5,5,5,5,5,5,5,5,5,5,5,1,1,1,1,1,1,1,1,1,1,1,1,1,1,1,1,1,1,1,1,1,1,1,1,1,1,1,1,1,1,1,1,1,1,1,1,2,2,2,2,2,2,2,2,2,2,2,2,2,2,2,2,2,2,1,1,1,4,5,5,3,4,4
R_2nB1obCmbKlsC1j,5,7,6,3,4,4,2,3,2,2,7,1,4,6,4,6,6,4,6,5,6,4,4,4,5,6,7,3,7,1,6,5,7,6,7,5,1,1,1,2,2,1,2,2,2,1,5,1,2,3,3,2,4,2,1,1,1,1,1,1,1,1,1,1,1,1,1,1,1,1,1,1,4,4,4,4,4,4,4,4,4,4,4,4,4,4,4,4,4,4,6,3,3,5,2,3,3,1,3,5,5,7,2,2,3,2,3,4,3,3,4,2,7,2,2,1,1,2,7,5,2,3,3,2,7,3,1,2,7,3,3,5,3,5,2,3,5,6,5,2,5,2,7,5,3,5,3,3,3,3,1,2,1,2,6,5,2,4,3,2,7,7,3,5,5,4,4,4,4,4,4
R_8s1aMm2u8yghmea,5,1,2,5,7,5,5,3,2,4,5,1,7,3,1,7,7,7,4,3,6,4,5,3,5,4,4,5,4,4,6,5,4,6,7,3,3,5,6,4,1,1,1,1,1,5,5,1,4,4,5,5,3,5,1,1,1,4,1,1,1,1,1,1,1,1,1,2,5,5,3,5,7,7,7,7,4,7,7,7,7,7,4,7,1,4,1,3,1,1,7,7,7,7,7,7,7,7,7,7,4,7,3,7,4,3,4,5,5,5,5,5,5,5,5,5,5,5,5,7,7,5,5,4,5,5,7,7,7,7,7,7,7,7,7,7,5,7,4,5,4,4,4,4,1,1,1,1,1,1,1,1,1,1,1,1,1,1,1,1,1,1,1,5,5,5,4,4,7,7,4
R_2JDaJYovkJ062lD,6,6,5,7,7,3,4,4,4,4,6,3,7,3,7,6,5,7,7,7,7,7,7,7,7,7,7,7,7,7,7,7,7,7,7,7,5,3,6,3,4,2,6,4,5,3,6,3,6,4,7,6,6,6,2,2,3,2,2,2,2,2,2,2,3,2,2,3,3,3,2,3,7,6,7,5,5,6,7,7,7,7,6,7,3,6,3,4,4,4,3,5,3,5,3,7,4,5,4,5,4,7,3,3,3,4,5,3,1,2,2,1,4,1,1,1,2,1,1,1,2,2,2,2,3,5,2,6,4,5,6,1,2,2,2,3,5,2,5,4,5,6,5,7,3,3,2,4,3,4,3,2,2,4,4,5,4,2,3,3,3,5,2,5,3,6,5,4,5,5,3
R_2xPr0I466kyuvzi,7,6,4,4,7,7,4,4,4,4,4,4,5,4,4,4,4,7,7,7,7,7,7,7,7,7,7,7,7,7,7,7,7,7,7,7,6,7,7,5,7,3,5,5,5,5,7,7,7,5,5,6,7,7,1,1,1,1,1,1,1,1,1,1,1,1,1,1,1,1,1,1,7,7,7,7,7,7,7,7,7,7,7,7,7,7,7,7,7,7,5,4,1,7,1,7,7,5,3,7,1,1,1,4,1,1,1,1,2,1,1,1,6,1,1,1,1,1,1,1,1,1,5,4,6,6,1,4,2,4,5,2,1,2,1,1,4,1,4,2,1,4,4,7,4,4,2,6,4,4,4,5,4,4,4,4,4,4,4,4,5,7,4,4,3,6,6,6,7,7,6
R_2fIc1SLos2E4c5S,1,4,7,7,7,3,3,1,2,3,3,3,5,1,5,4,7,7,7,4,4,5,6,5,6,6,5,5,7,5,6,7,7,7,5,5,4,4,7,6,6,4,5,4,4,5,7,4,7,6,6,7,6,7,2,2,2,2,2,2,2,2,2,2,2,2,2,2,2,2,2,2,5,2,3,4,5,3,4,7,4,4,4,2,4,5,5,4,5,4,7,7,5,3,3,7,3,5,4,3,2,4,3,3,3,2,3,3,1,1,1,1,1,1,1,1,1,1,1,1,1,1,1,1,1,1,4,4,4,4,4,4,4,4,4,4,4,4,4,4,4,4,4,5,4,5,3,5,4,6,3,3,2,3,3,6,4,4,4,5,3,4,2,2,2,3,6,3,1,1,3
R_2QSVjxIIJ8XrE4s,3,5,3,4,3,5,3,3,3,3,6,3,4,2,4,4,3,5,6,4,6,6,3,6,6,5,6,6,2,5,4,4,4,4,2,4,3,3,3,3,7,3,5,2,3,2,7,6,4,2,5,4,7,7,4,4,4,4,4,4,4,4,4,4,4,4,4,4,4,4,4,4,6,4,4,4,3,6,6,6,6,6,1,6,5,6,3,4,3,3,6,7,6,5,3,7,4,7,6,5,1,4,4,6,5,4,2,3,4,4,4,4,4,4,4,4,4,2,4,4,4,4,4,4,4,4,1,2,4,4,7,1,2,1,2,2,7,2,4,4,4,4,7,4,4,4,4,4,4,4,4,4,4,4,4,4,4,4,4,4,4,4,2,3,4,1,1,1,5,1,4
R_2dSdczp1SlVrmfl,5,6,4,5,6,5,4,5,5,4,5,4,6,7,6,6,5,7,7,7,7,7,7,7,7,7,7,7,7,7,7,7,7,7,7,7,4,4,4,4,4,4,4,4,4,4,4,4,4,4,4,4,4,4,3,3,3,3,3,3,3,3,3,3,3,3,3,3,3,3,3,3,4,4,4,4,4,4,4,4,4,4,4,4,4,4,4,4,4,4,7,7,7,7,7,7,7,7,7,7,7,7,5,4,5,5,7,5,4,4,4,4,4,4,4,4,4,4,4,4,4,4,4,4,4,4,4,4,4,4,4,4,4,4,4,4,4,4,4,4,4,4,4,4,4,4,4,4,4,4,4,4,4,4,4,4,4,4,4,4,4,4,4,4,5,5,5,3,1,1,1
R_8f7jh5ZatpSqGjc,2,1,2,2,1,1,1,1,1,1,2,1,7,7,7,6,5,7,4,4,4,6,2,4,7,7,7,6,7,2,3,7,7,7,3,1,3,4,2,5,3,2,5,3,2,3,7,1,7,5,7,7,7,7,3,1,1,1,1,1,1,1,1,1,1,1,3,4,1,1,1,1,7,7,6,7,7,7,7,7,7,7,7,7,6,7,5,7,7,2,2,2,1,1,1,7,1,6,5,3,1,7,1,2,1,1,1,7,3,3,3,3,3,3,3,3,3,3,3,7,3,3,3,3,3,3,5,5,1,6,5,5,1,1,1,1,1,7,2,1,1,1,1,5,3,3,3,3,3,6,3,3,3,3,3,3,3,3,3,3,3,3,1,3,5,7,5,7,7,7,2
R_8NWkVeOFo2UCq6u,3,6,2,5,5,5,5,4,3,5,3,6,6,5,2,3,5,7,6,4,6,4,5,5,5,6,6,6,6,5,5,5,6,6,5,5,4,5,2,5,3,4,4,5,3,6,5,2,6,5,5,6,4,5,3,3,3,3,3,3,2,2,3,3,2,3,2,2,4,4,2,4,3,3,3,3,3,5,3,3,3,3,3,3,4,2,3,4,3,3,4,6,4,5,5,6,6,5,5,6,5,5,3,2,5,5,5,3,1,2,3,3,3,3,2,2,2,2,3,3,4,7,4,4,4,7,3,3,3,3,4,4,5,3,4,5,3,4,3,3,3,3,3,2,6,6,5,5,6,6,3,6,5,6,4,5,5,6,5,4,4,6,3,4,4,7,7,5,5,3,3
R_8f733WQsMNvO93y,7,7,7,7,7,7,7,7,7,7,7,7,7,3,7,7,7,7,5,6,5,6,6,7,6,5,6,6,6,6,6,5,5,5,6,5,7,7,7,7,7,7,7,7,7,7,7,7,7,7,7,7,7,7,1,1,1,1,1,1,1,1,1,1,1,1,1,1,1,1,1,1,5,5,4,5,4,7,5,5,5,4,5,6,3,7,2,2,4,3,6,5,6,5,6,5,5,5,4,6,5,6,4,7,6,5,6,6,1,1,1,1,1,1,1,1,1,1,1,1,1,1,1,1,1,1,1,1,1,1,1,1,1,1,1,1,1,1,1,1,1,1,1,1,2,3,3,3,3,3,3,4,3,4,4,3,2,3,4,3,2,3,2,2,2,6,6,4,5,3,2
R_2tj6LMWZLbq2LPb,6,6,7,7,7,6,7,6,6,7,6,7,7,7,7,6,7,6,7,4,7,6,6,6,6,6,7,5,7,6,7,5,6,7,4,3,6,5,4,4,6,4,4,3,4,4,4,4,7,7,7,4,4,7,3,3,1,3,3,2,3,1,2,1,5,3,4,2,2,2,2,2,1,1,1,1,1,1,1,1,1,1,1,1,1,1,1,1,1,1,1,7,6,6,6,7,2,7,5,5,2,5,2,3,4,1,2,1,1,1,1,1,1,1,1,1,2,1,1,1,5,1,6,5,4,6,5,1,1,6,3,7,6,1,1,3,4,3,7,5,5,7,7,4,4,4,4,4,4,4,4,2,2,4,4,4,4,4,4,4,4,4,4,7,7,5,5,4,3,4,1
R_8LiojAVFJx1SquN,5,6,6,2,6,5,2,2,2,2,2,1,6,2,6,6,5,6,6,3,4,4,5,6,5,3,6,6,6,6,3,3,3,5,3,5,2,3,2,5,5,2,2,3,2,3,5,1,3,5,5,5,6,6,1,1,1,1,1,1,1,1,1,1,1,1,1,1,1,1,1,1,4,3,5,6,2,6,7,7,5,6,5,7,2,6,3,2,2,1,2,2,3,3,2,2,2,6,2,5,2,2,4,2,3,1,3,2,2,1,1,1,1,1,1,1,1,2,1,1,1,1,1,1,1,2,3,7,7,4,4,3,2,6,6,6,2,7,2,2,3,3,6,6,4,3,2,2,2,1,3,2,3,4,4,3,3,2,3,2,1,2,4,3,3,5,5,5,2,2,1
R_2hniWOF7DI2qAbn,4,3,3,2,3,2,2,2,1,1,4,1,3,2,2,3,2,6,6,4,5,6,4,4,5,7,4,4,4,4,4,4,4,4,4,5,2,3,2,2,2,3,2,2,3,3,2,2,2,3,3,2,2,2,1,1,1,1,1,1,1,1,1,1,1,1,1,1,1,1,1,1,2,2,2,2,2,3,2,2,3,2,3,4,2,2,2,2,2,2,5,6,6,6,6,7,6,6,7,6,6,7,6,6,6,6,6,6,5,6,4,4,7,7,6,5,7,4,3,5,5,4,6,5,5,5,6,6,5,7,7,7,6,6,6,7,6,7,6,6,6,6,6,7,5,7,5,6,7,7,4,6,4,4,5,7,6,6,4,6,6,6,3,4,5,1,2,1,1,1,2
R_2ANFtj9P4F3TZpb,7,7,7,7,7,7,7,7,7,7,7,7,7,7,7,7,7,7,7,7,7,7,7,7,7,7,7,7,7,7,7,7,7,7,7,7,7,7,7,7,7,7,7,7,7,7,7,7,7,7,7,7,7,7,3,3,3,3,3,3,3,3,3,3,3,3,3,3,3,3,3,3,1,1,1,1,1,1,1,1,1,1,1,1,1,1,1,1,1,1,4,4,4,4,4,4,4,4,4,4,4,4,4,4,4,4,4,4,1,1,1,1,1,1,1,1,1,1,1,1,1,1,1,1,1,1,1,1,1,1,1,1,1,1,1,1,1,1,1,1,1,1,1,1,2,2,2,2,2,2,2,2,2,2,2,2,2,2,2,2,2,2,1,1,1,4,4,4,4,4,4
R_2k6cKo7r1JQG7AX,4,4,4,3,4,2,1,1,1,1,2,1,6,2,4,7,3,7,7,7,6,7,7,7,7,7,7,7,6,7,6,6,6,6,6,6,6,6,6,2,3,2,1,1,1,1,6,1,7,3,6,7,4,6,1,1,1,1,1,1,1,1,1,1,1,1,1,1,1,1,1,1,7,6,6,6,7,7,7,7,7,7,6,7,4,7,4,4,6,4,4,2,5,5,7,7,6,7,6,7,3,7,3,3,4,3,6,6,4,5,2,4,3,4,2,2,2,3,6,2,7,2,7,6,7,2,4,4,4,6,3,4,1,1,2,2,1,1,2,2,2,5,3,4,5,4,2,4,5,4,5,5,5,4,4,5,5,5,5,5,4,6,2,4,5,3,6,6,5,7,4
R_2nTwQuEni9dH05d,4,5,3,6,6,4,1,3,2,2,2,1,4,3,4,5,4,4,4,6,5,4,3,4,5,5,5,6,6,5,5,5,6,5,5,5,6,7,6,5,4,5,5,6,6,5,7,4,6,6,6,6,6,5,3,3,2,2,1,2,3,2,3,3,2,3,3,3,2,3,2,2,4,3,2,4,4,5,7,5,7,7,6,6,2,4,2,3,4,5,5,4,7,5,6,6,4,5,4,4,2,5,2,3,3,2,3,4,2,5,5,2,4,4,2,3,4,3,2,2,5,3,5,3,5,5,2,3,1,2,3,2,2,3,2,2,2,2,1,1,1,1,2,2,2,3,3,3,3,3,3,3,3,3,3,3,3,3,3,3,3,3,3,3,3,6,6,7,5,7,5
R_21FZeYC1GdyHk1u,6,2,7,7,7,2,3,5,6,3,4,1,7,7,7,7,7,7,7,3,6,3,3,6,6,5,7,7,7,4,6,4,4,7,4,6,7,3,7,1,1,2,6,7,6,6,6,2,4,6,4,6,5,2,1,1,1,1,1,1,1,1,1,1,1,1,1,1,1,1,1,1,7,2,1,7,2,7,6,7,7,7,1,7,1,7,2,7,1,2,3,7,1,5,7,7,5,3,4,1,1,7,5,2,6,5,1,6,1,2,3,7,7,1,1,1,2,1,1,2,1,2,1,1,1,2,2,2,1,7,7,3,1,1,1,1,1,5,1,1,2,4,2,4,2,4,2,5,7,4,2,1,2,1,3,4,2,2,2,2,3,2,5,3,3,1,7,2,4,1,2
R_2F4ZsTzsvi7PXMq,1,2,1,2,3,1,1,1,1,2,3,1,4,2,4,4,4,7,5,4,3,5,4,4,6,5,5,5,5,4,5,4,5,4,4,3,4,3,1,2,3,1,1,1,3,2,5,1,5,4,5,5,5,6,1,1,1,1,1,1,1,1,1,1,2,1,2,2,2,2,2,1,7,6,7,6,7,7,7,7,7,7,4,6,4,4,3,4,4,3,5,6,7,5,7,7,7,6,7,7,4,7,5,4,5,4,4,5,3,3,5,4,2,2,3,3,3,2,3,4,4,3,4,4,4,6,2,3,4,3,2,2,4,2,2,3,4,3,3,2,2,3,3,5,5,4,5,5,4,5,4,3,4,4,3,4,3,3,3,5,3,5,5,5,5,1,1,1,2,1,1
R_2J7TGhtQsTP3sPt,4,4,4,4,4,4,4,4,4,4,4,4,4,4,4,4,4,4,4,4,4,4,4,4,4,4,4,4,4,4,4,4,4,4,4,4,4,4,4,4,4,4,4,4,4,4,4,4,4,4,4,4,4,4,5,5,5,5,5,5,5,5,5,5,5,5,5,5,5,5,5,5,4,4,4,4,4,4,4,4,4,4,4,4,4,4,4,4,4,4,4,4,4,4,4,4,4,4,4,4,4,4,4,4,4,4,4,4,3,3,3,3,3,3,3,3,3,3,3,3,3,3,3,3,3,3,2,3,2,3,2,2,2,3,2,3,3,2,3,3,3,3,2,2,4,3,4,4,4,3,4,4,4,4,4,4,4,4,4,4,4,4,2,2,2,4,4,4,4,4,4
R_80xFN0drw6JAo8B,7,7,7,7,6,7,7,7,7,7,7,7,7,7,7,7,6,7,4,4,6,6,5,5,6,3,3,4,4,5,6,2,4,5,5,5,4,4,4,2,3,4,5,5,2,3,2,5,2,5,3,3,3,4,2,4,5,6,6,6,4,6,5,5,4,6,3,4,6,5,6,4,4,3,5,5,5,4,2,4,5,1,3,4,5,1,6,2,2,3,5,6,5,1,5,4,2,4,5,2,5,3,5,4,6,4,4,3,3,2,2,4,4,5,4,7,5,5,3,3,4,3,6,3,3,5,2,6,2,5,4,2,4,2,3,3,6,4,3,5,2,4,2,3,4,7,4,2,5,1,4,3,6,3,2,4,3,4,2,4,6,2,5,4,3,4,2,3,6,3,4
R_8qaGGfU2eOlPCTA,7,7,7,7,7,7,1,1,4,1,7,1,7,7,7,7,7,7,7,7,7,7,7,7,7,7,7,7,7,7,7,7,7,7,7,7,7,7,7,7,7,7,4,4,4,4,7,3,7,7,7,7,7,7,2,2,2,2,2,2,2,2,2,2,2,2,2,2,2,2,2,2,5,1,1,1,3,1,6,6,6,6,1,6,1,1,1,1,1,1,1,3,2,5,1,5,6,6,6,5,1,6,1,2,1,1,1,1,4,4,4,4,4,4,4,4,4,4,4,4,4,4,4,4,4,4,4,4,4,4,4,4,4,4,4,4,4,4,4,4,4,4,4,4,4,4,4,4,4,4,4,4,4,4,4,4,4,4,4,4,4,4,1,4,4,7,4,5,4,4,3
R_8IcPVCsIUzG3c8O,4,4,2,6,7,3,1,1,1,1,5,3,7,1,7,5,6,7,7,7,4,6,6,7,6,7,6,6,7,5,6,6,6,6,5,6,2,3,3,3,3,3,4,3,3,5,4,1,4,4,5,4,5,5,2,2,3,2,2,1,3,4,2,2,4,1,4,4,4,4,4,4,7,1,4,3,7,7,7,7,6,7,7,7,4,4,1,1,1,3,6,4,3,7,5,7,3,6,6,6,3,1,2,3,3,1,1,3,3,3,2,4,2,1,4,3,3,3,3,6,3,3,4,3,3,2,3,2,3,3,5,7,2,3,4,4,2,7,4,3,3,3,3,4,2,2,4,2,4,7,3,2,3,3,4,7,3,3,3,3,3,2,3,3,4,5,4,6,6,5,2
R_2QS1JguD18URwhP,7,6,6,4,7,4,7,3,7,7,7,1,7,7,7,7,6,7,5,7,4,1,6,1,1,4,7,6,6,5,5,7,7,1,7,5,5,5,6,1,7,2,7,5,4,6,4,4,7,6,2,1,7,5,5,7,4,6,4,5,7,4,5,7,5,2,6,4,5,4,1,2,4,6,6,5,7,6,6,2,6,2,1,3,1,1,6,6,4,4,1,4,5,3,6,7,2,7,4,7,5,6,6,2,5,5,5,3,2,1,7,4,6,6,1,7,5,5,7,1,4,3,7,5,6,1,6,1,7,7,3,5,7,7,7,7,2,1,7,4,1,2,5,7,1,3,7,4,7,7,2,7,3,7,2,5,2,6,4,3,7,7,3,4,5,5,7,3,4,4,1
R_2QH151py7XbMqFE,6,6,6,6,4,6,6,6,6,6,6,6,6,6,6,6,6,6,6,6,6,6,6,6,6,6,6,6,6,6,6,6,6,6,6,6,5,5,3,5,1,3,4,2,2,4,5,3,5,5,5,5,4,4,3,3,3,2,3,2,3,2,3,3,3,3,3,3,3,3,3,3,3,3,2,2,2,2,2,2,2,2,2,2,2,2,2,3,2,2,3,3,7,3,3,5,5,5,7,2,4,5,4,4,4,2,3,3,3,4,3,3,3,3,3,3,3,3,3,3,3,3,3,5,3,3,5,5,5,5,5,5,5,5,5,5,5,5,5,5,5,5,5,5,4,4,4,4,4,4,2,4,4,4,5,2,4,5,3,4,4,4,3,3,3,5,5,5,5,5,5
R_8siRMzAO3bk3pOU,5,5,5,4,4,2,1,1,1,1,3,3,5,3,4,4,6,6,7,7,7,7,7,7,7,7,7,7,7,7,7,7,7,7,7,7,3,3,3,3,3,3,3,3,3,3,3,3,3,3,3,3,3,3,3,3,3,3,3,3,3,3,3,3,3,3,3,3,3,3,3,3,5,4,6,3,2,4,7,7,7,7,7,7,3,3,3,3,3,3,6,6,6,6,6,6,6,6,6,6,6,6,6,6,6,6,6,6,1,1,1,1,1,1,1,1,1,1,1,1,1,1,1,1,1,1,1,1,1,1,1,1,1,1,1,1,1,1,1,1,1,1,1,1,4,4,4,4,4,4,4,4,4,4,4,4,4,4,4,4,4,4,1,2,2,5,5,3,2,2,1
R_85BAA1wZmLiR8cj,4,6,6,6,6,6,4,4,5,4,7,3,6,4,7,6,4,7,7,5,7,7,6,6,7,6,5,7,7,6,6,6,7,7,6,7,4,5,4,4,6,4,2,4,4,5,4,4,6,5,6,3,4,4,2,2,2,1,2,1,2,2,1,2,1,1,2,2,2,1,2,2,7,2,6,6,4,5,6,4,6,4,1,6,1,5,6,4,4,3,5,2,5,3,4,6,6,6,4,6,4,4,2,3,4,4,3,2,4,5,3,7,6,6,4,4,4,3,6,5,4,6,6,3,5,5,3,6,2,6,5,5,3,2,3,2,4,5,4,2,4,3,5,4,4,4,4,4,4,4,4,4,4,4,4,4,4,4,4,4,4,4,1,1,2,5,3,6,5,5,4
R_2PSnPU9IEzK56FA,1,1,1,4,4,1,1,1,1,1,1,1,7,1,1,1,7,7,4,4,4,4,4,4,4,4,4,4,4,4,4,4,4,4,4,4,4,4,4,4,4,4,4,4,4,4,4,4,4,4,4,4,4,4,4,4,4,4,4,4,4,4,4,4,4,4,4,4,4,4,4,4,7,7,7,7,7,7,7,7,7,7,7,7,7,7,7,7,7,7,7,7,5,7,7,7,7,7,5,7,5,7,4,5,5,4,5,4,4,4,4,4,4,4,4,4,4,4,4,4,4,4,4,4,4,4,2,2,2,2,2,2,2,2,2,2,2,2,2,2,2,2,2,2,4,4,4,4,4,4,4,4,4,4,4,4,4,4,4,4,4,4,5,5,6,7,7,7,6,7,7
R_2kFA126FSuwz4GJ,4,5,6,4,5,4,3,3,3,3,3,3,7,2,7,6,7,7,7,7,7,7,7,7,7,7,7,7,7,6,7,7,7,7,7,7,5,5,7,5,6,4,6,6,5,6,7,7,7,7,7,7,7,7,2,2,2,2,2,2,2,2,2,2,2,2,2,2,2,2,2,2,7,6,2,6,7,6,6,6,7,7,6,6,2,2,1,1,6,1,6,4,2,3,4,7,5,5,4,5,2,6,1,3,2,1,3,1,5,4,4,4,2,4,2,2,2,3,2,3,2,1,6,6,5,3,2,3,3,5,2,3,2,2,2,2,3,3,3,2,2,2,3,3,3,3,3,3,3,3,2,3,2,2,3,3,3,3,3,3,3,3,2,3,2,1,2,2,1,3,2
R_8Imw9NvrTpwvCCX,5,4,4,6,6,6,4,5,3,3,6,5,6,2,6,6,7,6,7,7,7,7,7,7,7,7,7,7,7,7,7,7,7,7,7,7,4,4,4,4,4,4,4,4,5,4,4,4,4,4,4,4,4,4,1,1,1,1,1,1,1,1,1,1,1,1,1,1,1,1,1,1,4,3,3,3,3,2,4,6,5,4,2,5,1,7,2,1,1,1,7,7,7,7,7,7,7,7,7,7,7,7,7,7,7,7,7,7,1,1,1,1,1,1,1,1,1,1,1,1,1,1,1,1,1,1,4,4,5,5,5,5,4,4,4,4,3,4,3,4,3,5,5,5,4,4,4,4,4,4,4,4,4,4,4,4,4,4,4,4,4,4,4,3,4,3,3,4,5,3,3
R_2tlmNDEyiLlw7Hr,5,5,5,6,7,4,4,5,5,5,5,3,6,6,7,7,7,7,7,7,7,7,7,7,7,7,7,7,7,7,7,7,7,7,7,7,7,7,7,7,7,7,7,7,7,7,7,7,7,7,7,7,7,7,3,3,4,3,3,5,3,3,3,3,4,3,4,4,4,4,4,4,6,4,5,1,1,5,5,6,5,6,4,6,1,2,1,1,1,1,4,3,3,2,2,5,4,5,4,5,2,5,2,2,2,2,2,2,2,3,2,2,3,2,2,2,2,2,2,2,3,3,3,3,3,5,6,4,5,6,4,4,5,6,6,6,5,6,4,4,4,4,5,5,3,3,3,3,3,3,3,3,3,3,3,3,3,3,3,3,3,3,2,3,5,5,4,3,2,3,2
R_2gMzQJhrNNQjRcY,5,4,3,5,6,3,2,5,2,2,2,1,5,7,7,7,6,7,7,7,6,6,6,5,5,5,5,7,6,4,6,6,5,6,6,5,2,1,2,3,6,2,2,5,2,5,6,5,3,5,6,7,3,2,2,2,1,2,7,2,2,3,1,5,6,2,6,6,6,7,5,6,7,5,7,2,1,5,5,6,7,7,2,2,1,2,2,2,2,1,6,7,7,6,2,7,7,6,7,3,2,7,3,5,2,2,2,5,2,3,2,2,2,2,2,2,3,2,2,3,2,3,3,2,1,3,2,3,2,4,3,2,2,3,3,3,3,4,4,4,4,3,4,4,4,4,4,4,3,4,3,3,3,3,3,5,4,4,4,4,4,4,1,3,4,7,7,6,7,7,5
R_2CO5wF4KIRslGtP,7,4,4,7,4,4,2,2,3,3,4,2,5,3,7,5,4,3,6,6,6,6,5,6,6,6,6,5,6,5,6,6,6,6,6,6,6,4,6,6,3,4,4,6,6,5,6,4,6,5,6,5,6,3,1,1,1,1,1,1,1,1,1,1,1,1,1,1,1,1,1,1,4,4,5,4,5,4,4,4,4,4,4,3,4,4,3,4,4,4,6,6,6,6,6,6,6,6,6,6,6,6,6,6,6,6,6,6,1,1,1,1,1,1,1,1,1,1,1,1,1,1,1,1,1,1,4,4,4,4,4,4,4,4,4,4,4,4,4,4,4,4,4,4,4,4,4,4,4,4,4,4,4,4,4,4,4,4,4,4,4,4,2,3,4,2,1,2,1,2,3
R_2Cjh8OmJfmed6OR,1,5,2,2,1,1,3,1,1,3,2,1,6,7,6,4,7,7,7,7,6,6,4,6,7,7,7,7,6,5,7,6,6,7,6,7,4,6,2,4,3,1,6,5,3,6,4,4,7,7,7,7,7,3,2,2,3,3,1,2,4,1,1,2,2,2,3,2,3,5,4,5,7,4,3,6,7,7,7,7,7,7,7,7,3,7,3,4,1,1,5,4,7,3,6,7,6,7,7,7,5,7,3,4,3,3,5,5,6,4,6,5,7,7,6,4,1,5,3,6,1,2,2,2,5,7,2,3,4,3,6,5,3,4,5,5,2,5,1,2,1,1,1,2,5,2,3,6,6,5,3,2,3,2,5,6,3,2,2,2,5,2,1,4,2,6,7,6,6,1,4
R_8ucsLLZTP52Xiql,3,5,5,6,4,4,2,2,2,2,3,2,5,3,5,5,4,5,7,7,6,7,7,7,7,7,6,7,6,3,7,7,7,7,6,6,7,7,7,7,7,7,7,7,7,7,7,7,7,7,7,7,7,7,2,2,2,2,2,2,3,2,2,2,2,2,3,2,2,2,2,2,7,4,5,3,4,6,7,7,7,7,7,7,3,7,3,3,3,4,6,6,4,4,7,7,6,7,6,6,4,7,2,2,3,4,6,4,4,4,1,7,7,4,1,1,1,1,1,1,4,7,4,7,7,7,3,3,3,3,3,3,3,3,3,3,3,3,3,3,3,3,3,3,2,2,2,2,2,2,2,1,3,3,2,2,2,3,2,2,3,5,1,2,2,4,3,1,2,1,2
R_8Bwub7C3ywUYyyJ,6,6,6,6,5,4,3,6,6,5,6,5,6,6,6,6,6,6,7,7,7,7,7,7,7,7,7,7,7,7,7,7,7,7,7,7,6,6,7,6,5,6,6,6,7,6,7,7,7,5,7,7,7,6,4,4,5,4,4,3,5,5,4,3,4,4,4,5,4,4,3,3,4,2,1,2,1,3,3,3,3,3,1,2,1,3,1,1,1,1,3,5,1,1,1,5,1,1,2,2,1,2,1,3,1,3,2,5,1,1,2,1,2,1,1,4,2,1,1,2,1,1,1,1,1,4,3,2,1,3,3,3,1,2,1,2,1,3,1,4,1,1,3,5,2,3,2,4,4,4,3,2,3,2,3,2,3,4,3,4,5,4,4,4,4,3,2,4,3,5,3
R_2yCRxTMtogneqrv,4,6,6,5,7,2,2,2,2,2,4,2,6,3,6,6,5,5,4,6,7,4,3,3,7,7,7,7,4,4,3,4,4,4,5,3,4,4,3,4,2,6,4,2,2,3,5,4,4,6,6,5,4,5,4,3,2,2,2,3,4,4,4,2,3,2,3,2,4,2,3,3,5,2,5,3,3,2,6,5,5,5,2,4,2,2,3,5,2,2,4,5,6,7,5,6,6,7,7,7,4,7,4,4,4,3,4,6,3,3,4,6,3,5,3,3,3,3,3,5,3,4,4,3,5,6,5,6,3,6,6,6,6,5,5,4,3,5,3,3,5,3,5,7,5,6,4,6,7,5,4,2,2,3,5,7,3,4,3,3,4,7,4,4,6,4,4,5,2,5,2
R_8lxp36Org5nVmJD,4,4,2,4,7,4,2,3,2,2,2,1,5,5,2,6,5,5,7,6,7,7,6,6,6,5,6,7,6,4,7,6,7,7,7,6,6,6,6,7,6,5,5,6,6,5,6,3,7,6,7,7,7,5,2,2,3,2,3,2,2,2,2,2,2,2,3,2,2,3,3,3,6,2,5,6,3,6,7,7,7,7,2,7,6,6,6,4,3,1,6,6,6,5,2,7,7,7,7,7,2,7,4,4,3,4,5,2,2,1,1,1,5,2,1,1,1,1,1,6,1,2,1,1,1,6,3,4,1,2,7,3,2,2,1,1,1,6,1,2,2,1,3,5,2,2,2,3,6,2,2,2,2,2,2,6,1,2,1,1,2,5,1,1,2,5,4,6,6,6,4
R_8GuHTiVovhoptUR,6,4,4,5,6,3,3,2,2,3,6,4,6,4,6,6,4,6,4,4,4,4,4,4,4,7,7,4,4,4,4,4,4,4,4,4,5,3,3,4,5,1,2,1,2,2,6,5,6,5,6,6,5,6,3,3,3,3,3,1,3,1,3,3,3,3,3,3,3,3,3,3,3,5,3,5,3,6,5,7,7,6,3,5,3,3,3,3,3,3,3,5,5,5,3,7,7,7,7,6,4,4,2,3,3,3,3,3,4,4,4,4,4,4,4,4,4,4,4,4,4,4,4,4,4,4,4,4,4,4,4,4,4,4,4,4,4,4,4,4,4,4,4,4,4,4,4,4,4,4,4,4,4,4,4,4,4,4,4,4,4,4,5,3,4,4,4,4,4,4,4
R_27SXlyO2tE4OBxf,2,7,6,7,7,5,3,7,6,4,6,2,7,6,7,7,7,7,7,7,7,7,7,7,7,7,7,7,7,7,7,7,7,7,7,7,2,4,1,3,2,2,1,1,1,3,6,1,4,6,4,3,5,6,3,2,3,4,4,2,2,3,3,2,3,3,3,3,3,3,2,4,1,1,1,1,1,1,1,1,1,1,1,1,1,1,1,1,1,1,7,7,7,7,7,7,7,7,7,7,7,7,7,7,7,7,7,7,3,3,3,5,7,7,1,3,2,3,1,4,4,4,3,3,4,2,1,1,1,1,1,1,1,1,1,1,1,1,1,1,1,1,1,1,1,3,2,4,5,4,4,3,5,5,3,1,3,2,2,4,2,3,1,3,4,6,5,6,4,7,5
R_2MTGYp0ufm50xfr,5,6,4,4,5,5,3,4,4,3,5,3,6,4,3,7,7,7,4,4,6,4,3,5,5,5,5,5,5,4,5,4,5,5,3,3,3,3,5,2,1,3,4,5,3,3,4,2,3,6,2,4,2,1,2,2,1,1,1,1,1,2,1,1,2,1,2,1,2,2,1,1,5,7,6,5,7,5,5,7,7,6,7,5,6,5,3,3,5,7,4,3,4,4,7,4,3,4,4,5,4,5,4,4,6,3,5,5,4,6,5,6,6,6,4,4,6,6,3,6,5,4,4,4,5,3,3,7,4,5,6,3,5,5,6,7,5,2,5,2,6,4,3,5,5,5,6,5,6,3,2,4,3,5,2,6,4,1,2,5,4,4,4,4,4,4,5,4,4,4,4
R_2ccrGq2mxlGcfNk,7,7,7,4,7,7,1,1,1,1,7,1,7,6,6,6,7,7,6,6,6,6,6,6,6,6,6,6,6,6,6,6,6,6,6,6,5,4,3,3,5,5,1,1,1,1,7,1,7,6,6,6,6,6,3,3,3,4,2,4,2,2,2,2,6,2,4,5,2,4,2,4,2,2,2,2,2,2,6,6,6,6,6,6,2,2,2,2,2,2,1,2,3,4,1,4,1,1,1,1,1,1,2,5,5,2,7,1,4,4,4,4,4,4,4,4,4,4,4,4,4,4,4,4,4,4,3,3,3,3,3,3,3,3,3,3,3,3,3,3,3,3,3,3,2,2,2,2,2,2,2,2,2,2,2,2,2,2,2,2,2,2,1,2,2,6,5,6,6,6,6
R_2EXvBx5nBd9YU3D,7,7,7,7,7,4,7,7,7,7,7,7,7,7,7,7,7,7,7,7,7,7,7,7,7,7,7,7,7,7,7,7,7,7,7,7,7,7,7,7,7,7,7,7,7,7,7,7,7,7,7,7,7,7,1,1,1,1,1,1,1,1,1,1,1,1,1,1,1,1,1,1,4,4,4,2,1,4,4,4,4,4,4,4,1,1,1,1,1,1,3,3,1,2,1,3,2,3,3,3,1,2,1,1,1,1,1,1,1,1,1,1,4,1,1,1,1,1,1,1,1,1,1,1,1,5,3,3,3,3,6,3,3,3,3,3,3,3,3,3,4,3,4,5,3,3,4,4,4,4,3,3,4,3,3,4,6,3,4,5,4,6,1,6,6,7,6,6,4,7,6
R_2m3MEY7AMEXhSj1,5,5,5,4,4,5,6,4,5,5,4,5,5,5,4,5,5,5,7,7,7,7,4,7,7,7,6,7,5,7,7,7,7,7,5,7,6,5,5,5,4,5,5,5,3,4,5,4,5,5,4,5,5,4,5,4,4,4,6,5,4,5,3,4,4,6,5,5,4,4,3,5,3,2,2,3,2,3,3,3,4,4,3,3,2,3,2,4,4,3,6,5,4,5,3,3,5,4,4,5,3,5,2,4,4,5,4,4,4,4,4,4,4,4,4,4,4,4,4,4,4,4,4,4,4,4,2,3,3,3,5,4,2,5,5,5,5,2,4,4,4,4,3,4,2,2,3,3,2,2,3,3,3,2,3,3,2,2,3,3,3,3,3,4,3,5,4,4,3,5,3
R_8dg31k9ug0h3cD1,6,6,6,7,7,6,6,3,6,5,7,6,7,7,7,7,7,7,7,7,7,7,7,7,7,7,7,7,7,6,7,7,7,7,7,7,5,6,7,6,5,6,4,4,4,7,7,3,7,7,7,7,7,3,3,4,4,5,4,3,2,2,3,2,5,2,5,4,4,4,4,2,3,2,1,2,1,2,2,3,2,2,1,2,1,1,1,1,1,1,3,2,3,1,1,3,3,4,3,2,1,5,1,2,1,1,1,3,7,7,4,7,7,7,3,3,3,3,4,7,6,5,7,3,4,4,1,2,2,2,2,2,1,1,1,2,1,4,1,2,2,4,2,1,6,6,6,6,6,6,6,5,5,6,5,6,6,6,5,6,6,6,1,5,2,2,1,3,1,3,1
R_8mefFwK8DyAkwMW,4,6,2,6,6,5,2,4,3,2,5,1,6,3,5,5,7,7,7,7,6,7,7,7,7,7,7,7,7,6,7,7,7,7,7,7,5,6,7,3,6,5,4,3,4,3,6,4,7,4,6,7,7,7,2,2,4,3,3,2,2,2,2,2,2,4,3,1,2,2,3,4,6,3,5,6,6,4,5,6,7,7,3,7,4,6,5,5,2,5,3,3,5,4,2,6,5,5,5,5,1,7,6,5,7,5,4,6,2,3,2,3,2,2,2,3,1,2,3,1,3,3,3,3,1,2,3,1,3,5,3,3,2,4,4,4,3,4,2,2,2,3,3,3,4,4,3,4,3,3,4,4,4,4,5,3,4,4,4,4,4,4,1,3,1,6,4,5,6,7,4
R_2lSMEKjiPQJOiqY,4,7,7,6,7,4,4,4,4,4,5,4,5,7,7,7,7,7,7,7,7,7,7,7,7,7,7,7,7,7,7,7,7,7,7,7,5,6,7,6,7,5,7,6,6,6,7,6,7,7,7,7,7,6,4,3,2,4,4,2,4,3,1,4,4,3,4,4,2,4,4,4,1,1,1,1,1,1,1,1,1,1,1,1,1,1,1,1,1,1,4,5,7,1,2,7,2,5,7,1,2,5,5,3,4,2,2,4,4,7,1,7,4,7,4,2,1,1,4,1,4,2,4,4,3,7,2,4,1,6,4,1,4,4,1,4,1,2,5,4,5,5,4,5,4,4,4,4,4,4,4,4,4,4,4,4,4,4,4,4,4,4,1,2,4,6,5,4,2,5,2
R_2o0fhdtg7JFbg41,4,4,1,4,4,1,1,1,1,1,4,1,7,7,7,7,7,7,7,7,4,2,2,2,1,7,7,1,7,1,7,7,7,7,7,7,1,4,2,1,1,1,1,1,2,2,7,1,7,7,7,7,7,7,1,1,1,1,1,1,1,1,1,1,1,1,1,1,1,1,1,1,7,7,7,7,7,7,7,7,7,7,1,7,1,1,1,1,1,1,7,6,7,7,7,7,7,7,7,7,1,7,1,1,1,1,1,1,1,1,1,1,1,1,1,1,1,1,1,1,7,7,7,7,7,7,7,7,7,7,7,7,7,7,7,7,1,7,1,1,1,1,1,1,4,2,2,2,6,2,1,1,1,2,2,1,2,2,4,4,2,4,4,4,3,7,7,4,6,4,5
R_2I9liLy2uh8ps82,5,4,1,5,5,5,5,3,2,5,5,1,4,3,6,3,4,4,7,7,7,7,7,7,7,7,7,7,7,7,7,7,6,7,7,7,7,7,7,7,7,7,7,6,7,7,7,7,7,7,7,6,7,7,4,4,3,4,3,2,5,3,2,4,3,4,5,7,4,3,4,3,6,3,5,5,4,5,3,4,4,4,3,4,4,4,6,4,3,3,4,3,2,4,4,4,2,5,2,2,3,2,3,3,4,3,2,4,3,3,3,3,3,4,3,4,3,5,3,2,3,3,3,3,3,3,4,5,3,5,3,3,4,3,4,4,3,4,4,5,3,4,4,2,4,3,3,5,4,3,4,5,4,3,2,4,4,5,5,4,5,3,3,2,6,1,1,1,1,1,1
R_81aGaXybxrtJRAZ,5,4,5,5,5,5,4,5,5,5,5,3,5,5,5,4,6,4,7,7,7,7,7,7,7,7,7,7,7,7,7,7,7,7,7,7,4,5,4,4,4,4,4,4,3,4,4,4,4,4,4,4,4,4,3,3,3,3,3,3,3,3,3,3,3,3,3,3,3,3,4,3,3,3,3,3,3,3,3,3,4,3,3,3,3,2,3,3,3,3,4,4,2,3,4,5,4,2,5,4,6,4,4,3,4,4,4,2,4,4,4,4,4,4,4,4,4,4,4,4,4,4,4,4,4,4,4,4,4,4,4,4,4,4,4,4,4,4,4,4,4,4,4,4,4,4,4,4,4,4,4,4,4,4,5,5,4,4,4,4,4,4,3,3,3,4,4,4,4,5,4
R_80H7Endpw7dKPyM,6,5,7,6,6,3,5,5,4,5,6,2,5,3,4,4,5,4,4,5,5,3,5,3,6,6,6,6,7,2,5,5,7,6,6,3,3,4,6,5,5,3,3,5,2,3,4,1,4,4,4,4,5,3,1,3,2,2,2,1,2,1,2,1,2,1,3,3,3,3,2,2,4,4,3,4,6,2,2,2,2,2,3,1,5,4,4,3,5,2,5,6,4,4,6,7,5,5,7,6,5,7,2,4,3,4,3,4,2,3,4,4,4,5,2,2,2,2,2,6,2,2,3,3,2,6,3,3,3,5,5,6,2,3,2,4,1,7,3,3,3,2,5,5,2,3,5,4,5,4,3,3,2,3,2,5,2,2,2,2,3,5,2,5,5,5,5,5,5,4,3
R_83e1aSjwdwy2ThD,7,4,1,1,1,1,1,1,1,1,7,1,7,7,1,7,7,1,7,7,7,7,7,7,7,7,7,7,7,1,7,7,7,7,7,7,7,7,4,4,4,4,4,4,3,4,7,1,7,7,7,7,7,7,2,2,1,1,2,1,1,1,2,2,2,2,2,2,2,2,2,2,7,7,7,7,7,7,7,7,7,7,1,7,1,1,1,1,1,1,7,7,7,7,1,7,7,7,7,1,3,7,1,3,3,3,3,3,1,1,1,1,1,1,1,1,1,1,1,1,1,1,1,1,1,1,3,3,3,3,3,3,3,3,3,3,5,3,5,5,5,5,5,5,3,3,3,3,3,3,3,3,3,3,3,3,3,3,3,3,3,3,1,3,5,2,1,3,5,7,2
R_28J2EEjo6fkB9ax,7,7,7,7,7,1,7,7,7,7,7,1,7,1,7,7,7,7,7,7,7,7,7,7,7,7,7,7,7,7,7,7,7,7,7,7,2,2,2,2,2,2,2,2,4,2,4,2,2,2,2,2,4,2,1,1,1,1,1,1,1,1,1,1,1,1,1,1,1,1,1,1,5,5,5,5,5,7,5,7,5,5,5,5,5,7,5,5,5,7,7,7,7,7,2,7,7,7,7,7,7,7,7,7,7,2,2,7,1,1,1,1,1,1,1,1,1,1,1,1,1,1,1,1,1,1,2,2,2,2,2,3,2,2,2,2,2,3,2,2,2,2,2,2,2,2,2,2,2,2,2,2,2,2,2,2,2,2,2,2,2,2,1,2,2,6,7,7,5,7,4
R_2JeK8OQ8nAADU9I,3,6,3,5,7,3,6,4,7,5,5,2,6,6,6,7,7,7,7,6,6,7,6,5,7,7,6,6,7,4,7,6,6,6,6,4,4,7,6,5,7,2,5,7,6,5,7,3,7,6,7,7,7,4,2,4,4,2,4,1,4,3,5,2,3,2,3,3,4,3,6,2,2,2,2,2,2,6,2,2,2,2,2,6,2,2,1,2,2,2,6,3,2,6,2,7,3,3,3,4,2,7,2,2,5,2,2,7,2,2,2,2,2,4,2,1,1,2,1,5,1,1,1,2,2,4,5,3,3,4,4,1,3,3,3,1,3,5,3,3,3,3,3,5,1,2,2,2,2,5,2,2,3,3,2,5,2,2,2,2,2,5,3,3,7,5,4,5,6,5,2
R_2wU2BC0dtExlx7s,4,4,4,4,4,4,4,4,4,4,4,3,4,3,4,4,4,4,6,6,6,6,6,6,6,6,6,6,6,6,6,6,6,6,6,6,6,6,6,5,6,4,6,6,6,6,6,4,6,5,6,6,6,6,2,2,2,1,1,1,2,2,2,2,2,1,2,2,2,2,2,2,4,4,4,4,4,4,4,4,4,4,4,4,4,4,4,4,4,4,7,7,7,7,7,7,7,7,7,7,7,7,7,7,7,7,7,7,2,2,2,2,2,2,2,2,2,2,2,2,2,2,2,2,2,2,2,2,2,2,2,2,2,2,2,2,2,2,2,2,2,2,2,2,4,4,4,4,4,4,4,4,4,4,4,4,4,4,4,4,4,4,4,4,4,2,2,3,2,2,1
R_8yjgH6TM9qCAlOR,7,7,6,7,7,6,6,7,7,6,7,5,7,6,7,7,7,7,7,7,5,6,6,6,6,7,6,6,6,5,6,6,6,7,7,6,7,6,6,7,7,5,6,7,7,7,7,5,7,6,7,7,7,7,4,4,3,2,3,2,3,3,3,3,4,3,4,3,4,5,3,4,4,3,3,2,2,3,4,6,5,6,2,5,1,3,5,2,2,1,1,4,2,4,1,6,1,4,2,3,2,6,1,3,1,2,2,2,6,7,4,6,4,4,5,2,5,2,6,2,3,3,5,3,6,6,2,2,5,6,5,5,3,4,5,5,2,6,2,2,2,2,2,3,4,5,3,5,4,3,3,5,4,5,4,6,3,3,4,3,4,3,2,2,2,3,2,4,2,4,2
R_8HTSiAa3F4wMXuu,4,5,1,5,7,1,1,1,5,1,6,1,6,2,5,5,6,7,5,5,6,5,4,5,7,5,5,5,6,6,5,6,5,7,6,5,6,4,5,3,3,1,2,1,3,1,7,1,6,6,7,7,7,6,1,2,2,1,1,1,1,1,1,1,3,1,1,3,1,2,3,1,7,7,7,3,7,7,7,7,7,7,3,7,3,5,2,3,3,2,4,3,7,4,7,7,7,7,7,7,1,7,2,1,3,2,2,1,2,2,1,1,2,1,1,1,1,1,1,2,6,6,5,6,5,6,1,6,2,1,1,1,1,1,1,2,6,1,6,6,6,7,6,3,3,2,2,5,6,5,5,4,2,5,3,5,4,3,5,6,3,4,3,5,1,6,3,3,7,7,1
R_83pDzGuhImV6lGQ,7,7,7,7,4,3,1,1,1,1,7,1,7,7,7,7,7,7,7,7,7,7,7,7,7,7,7,7,7,7,7,7,7,7,7,7,2,3,4,4,4,3,2,1,4,3,7,2,7,4,7,7,7,7,2,3,2,1,3,1,2,1,1,1,3,1,3,3,3,4,2,2,1,1,2,4,2,7,7,7,7,7,1,2,1,1,1,1,1,1,7,5,7,5,7,7,7,7,7,7,3,7,2,7,3,4,4,4,5,1,1,1,1,5,1,1,1,1,1,1,1,7,4,4,4,7,1,1,4,1,7,1,1,1,1,1,1,1,4,1,4,4,7,4,1,1,1,2,1,1,2,1,1,1,1,1,1,1,1,1,1,1,1,2,2,3,2,2,1,5,1
R_83zxHTDxRoqDZeh,6,7,2,2,6,3,1,2,2,1,2,1,7,1,6,6,6,6,6,6,6,4,4,4,6,6,6,6,6,6,6,6,7,6,7,6,3,2,2,7,6,1,2,2,2,2,7,2,7,4,7,7,7,7,2,2,2,2,3,2,2,2,1,2,3,1,2,3,3,2,2,3,6,2,6,1,7,7,6,1,1,1,7,1,2,7,2,4,2,6,2,5,6,4,4,7,2,5,6,6,1,7,2,2,2,2,1,1,1,5,1,4,4,5,1,2,2,1,3,1,2,2,5,1,4,2,5,6,6,5,4,6,3,6,3,6,4,1,4,4,3,3,4,2,4,5,3,5,4,5,4,4,4,4,3,6,3,3,3,3,3,5,2,5,5,6,5,6,4,4,4
R_2EaTqLf4oiMTJR9,4,4,7,5,6,5,2,5,3,2,6,1,7,5,7,6,6,7,5,5,6,5,6,6,5,6,5,5,6,4,6,6,7,6,7,6,6,6,6,6,7,6,7,7,6,7,7,6,7,7,7,7,7,7,4,2,2,4,6,5,4,2,4,4,6,3,6,4,6,6,5,5,6,4,3,4,2,4,6,6,6,6,4,6,2,6,2,2,2,2,2,6,5,4,3,6,2,6,5,4,3,7,2,6,5,4,3,7,2,2,1,2,2,2,1,2,1,1,1,1,2,2,2,2,2,4,5,4,1,2,2,3,2,3,2,2,1,4,1,2,1,1,2,6,2,2,2,2,2,2,2,2,2,2,2,3,2,2,2,2,2,4,2,3,3,4,3,6,5,5,2
R_2msZMjjSKY306v2,7,7,7,7,7,7,7,7,7,7,7,7,7,7,7,7,7,7,7,7,7,7,7,7,7,7,7,7,7,7,7,7,7,7,7,7,7,7,7,7,7,7,7,7,7,7,7,7,7,7,7,7,7,7,7,7,7,7,7,7,7,7,7,7,7,7,7,7,7,7,7,7,1,1,1,1,1,1,1,1,1,1,1,1,1,2,1,1,1,1,7,1,7,2,6,7,5,4,6,5,1,1,1,5,1,3,1,1,1,1,1,1,1,1,1,1,1,1,1,1,1,1,1,1,1,1,7,6,7,7,6,7,7,6,7,7,5,5,4,4,4,6,5,6,4,4,4,4,4,3,4,3,4,4,3,3,3,3,3,3,4,4,7,7,5,3,4,2,3,5,1
R_2Xv8nAPjobnzUKl,4,2,2,3,7,2,2,2,2,2,5,2,3,4,5,5,4,4,5,4,4,3,4,3,5,6,6,6,5,3,4,4,5,4,4,2,6,4,2,6,6,2,2,2,2,2,6,2,6,2,6,6,6,3,2,2,2,2,6,2,2,2,2,2,2,2,2,2,2,2,2,2,7,4,7,7,4,7,7,7,7,7,4,7,4,7,4,4,4,5,1,3,3,3,1,7,1,3,7,3,1,3,1,3,3,1,3,4,2,4,3,3,6,5,4,3,4,4,4,4,3,3,3,3,3,6,6,6,5,5,5,6,6,4,3,3,4,6,5,6,5,3,6,6,5,5,4,5,5,5,3,3,3,3,3,4,5,5,3,3,5,6,2,3,5,5,6,7,4,7,4
R_2SDs1WaQhteEgtb,5,6,5,4,6,6,5,6,3,5,7,6,7,3,6,7,7,7,6,5,6,6,6,5,6,6,6,6,6,4,6,6,6,6,6,6,4,5,4,4,3,3,5,4,3,3,7,3,5,4,5,6,6,4,1,1,1,1,1,1,1,1,1,1,2,1,1,1,1,1,1,1,3,2,2,3,3,2,2,2,2,2,6,6,3,4,3,3,2,1,4,5,5,4,6,7,7,6,5,5,2,7,3,6,6,3,6,3,2,2,2,2,3,1,2,2,2,2,2,1,2,2,2,2,2,3,6,7,7,6,7,7,6,6,7,6,7,7,7,5,6,6,7,7,5,5,5,5,6,6,6,6,5,6,5,7,6,5,6,5,5,7,2,4,5,5,4,5,5,6,5
R_8bW9IKMfFFKpUnL,6,6,5,5,4,6,4,2,3,2,4,4,4,2,6,5,6,5,5,5,5,5,5,4,4,5,5,5,7,5,4,4,5,6,5,4,3,4,5,5,3,4,4,5,4,4,3,4,4,4,5,4,5,4,4,3,3,4,5,4,3,3,4,3,3,3,4,3,4,3,3,3,5,3,2,6,2,5,6,5,4,4,6,2,6,6,3,3,4,4,4,3,5,4,4,4,3,5,5,4,4,4,5,3,4,3,3,4,4,5,4,5,4,3,3,5,4,5,3,4,3,3,5,4,5,4,4,3,4,3,4,4,4,4,3,5,3,4,3,5,3,3,5,4,4,4,4,3,3,4,5,5,4,5,4,5,3,4,3,4,5,3,4,4,3,5,4,4,4,3,5
R_8fAuA7AXnymbO37,6,7,7,7,7,3,3,2,3,3,7,2,7,7,7,7,7,7,7,7,4,7,7,7,7,7,7,7,7,7,7,7,7,7,7,7,6,7,3,6,7,5,5,6,5,4,7,4,7,7,7,7,7,7,1,1,1,1,1,1,1,1,1,1,1,1,1,1,1,1,1,1,5,3,3,4,2,5,4,6,4,4,2,4,1,3,1,1,2,1,7,6,3,2,4,7,6,6,6,2,2,6,2,2,4,2,4,2,1,1,1,1,1,1,1,1,1,1,1,1,1,1,1,1,1,1,3,3,3,2,1,3,3,3,3,3,1,3,1,1,1,1,2,1,4,4,4,4,4,4,4,4,4,4,4,4,4,4,4,4,4,4,1,2,3,6,7,7,5,5,7
R_8wp2g0QZdYe2dHe,6,6,5,7,7,5,5,5,5,5,7,5,7,7,7,7,7,7,7,6,6,6,5,7,7,7,6,6,6,5,5,6,4,5,6,4,2,2,2,2,2,2,2,2,2,2,2,2,2,2,2,2,2,2,3,2,3,2,3,2,2,2,2,2,2,2,2,2,3,2,4,2,1,1,1,1,1,1,1,1,1,1,1,1,1,1,1,1,1,1,1,2,1,5,5,4,3,3,3,3,4,3,4,3,3,2,3,2,1,1,1,1,1,1,1,1,1,1,1,1,4,5,4,3,5,6,1,6,1,7,4,6,7,4,1,7,4,1,4,1,4,5,3,7,3,3,1,6,5,4,3,3,2,2,4,3,3,3,4,5,3,5,1,3,3,2,5,2,4,1,1
R_2APOAeTw9MdI03D,5,7,6,7,7,4,1,3,3,1,7,1,7,2,7,7,7,7,7,7,7,7,7,7,7,7,7,7,7,7,7,7,7,7,7,7,7,7,7,7,7,6,7,6,7,6,7,6,7,7,6,7,7,7,3,3,3,3,3,3,2,3,2,3,3,2,3,3,3,3,3,2,3,3,3,3,3,3,6,6,6,6,3,7,3,3,3,3,3,3,7,7,7,7,7,7,7,7,7,7,5,7,7,7,7,7,7,7,1,1,1,1,1,1,1,1,1,1,1,1,1,1,1,1,1,1,2,2,2,2,2,2,2,2,2,2,2,2,2,2,2,2,2,2,1,1,1,1,1,1,1,1,1,1,1,1,1,1,1,1,1,1,1,3,2,2,2,2,2,2,1
R_2dDtHP3A5NFfrAR,1,7,7,7,7,1,1,1,1,1,1,1,7,1,7,7,1,7,5,5,2,5,2,5,3,3,3,3,4,2,4,5,4,3,2,2,3,5,2,6,5,2,2,3,2,2,3,1,6,7,2,2,2,2,1,1,1,1,1,1,1,1,1,1,1,1,1,1,1,1,1,1,3,2,2,2,1,7,7,2,7,7,1,1,1,2,1,1,1,1,6,6,6,6,6,6,6,6,6,6,6,6,6,6,6,6,6,6,3,3,3,3,3,3,3,3,3,3,3,7,3,3,3,3,3,3,5,6,6,6,6,5,6,5,5,5,5,7,6,6,6,5,5,5,4,3,3,4,4,4,3,4,4,4,3,4,4,4,4,5,4,3,4,6,6,5,6,6,5,5,5
R_273Qzid31QsMJIh,2,6,5,7,7,5,2,1,2,2,7,7,5,2,7,7,7,7,6,6,6,6,6,6,6,6,6,6,6,6,6,6,6,6,6,6,2,6,2,6,6,2,2,2,2,2,6,6,6,6,6,6,6,6,1,1,1,1,1,1,1,1,1,1,1,1,1,1,1,1,1,1,6,2,6,2,2,6,6,6,6,6,2,6,2,6,2,2,2,2,5,7,7,5,5,7,7,7,7,7,5,7,5,5,5,5,5,7,6,6,6,1,6,6,6,6,1,6,1,7,1,6,1,1,1,1,6,6,6,6,6,6,6,6,6,6,6,6,6,6,6,6,6,6,6,4,4,6,4,6,4,4,4,4,4,7,4,4,4,4,4,7,2,4,5,5,5,6,6,6,3
R_2WgFGsJgmV4GRLb,5,4,4,4,4,3,4,4,4,4,4,4,4,4,4,4,4,5,4,4,4,4,4,4,4,4,4,4,4,4,4,4,4,4,4,4,4,4,4,4,4,4,4,4,4,4,4,4,4,4,4,4,4,4,3,3,3,3,3,3,3,3,3,3,4,3,3,3,3,3,3,3,5,3,5,4,4,5,5,4,5,5,4,5,5,4,5,3,4,3,1,4,1,1,1,5,1,2,1,2,1,1,1,1,1,1,1,1,2,2,2,2,2,2,2,2,2,2,2,2,3,3,3,3,3,5,1,1,1,1,1,1,1,1,1,1,1,1,1,1,1,1,1,1,4,4,4,4,4,4,4,4,4,4,4,4,4,4,4,4,4,4,4,4,4,2,4,1,1,2,4
R_2EafkOHeaQLstfP,6,6,6,6,6,6,2,1,2,1,5,1,7,1,7,7,7,7,7,7,7,7,7,5,7,7,7,7,7,5,7,7,7,7,7,7,5,4,5,6,5,3,5,5,4,4,4,4,6,6,5,5,5,6,4,4,4,4,4,4,4,4,4,4,4,4,4,4,4,4,4,4,4,4,4,4,4,4,4,4,4,4,4,4,4,4,4,4,4,4,4,4,5,4,4,6,4,4,4,4,4,4,4,4,4,4,4,4,1,1,1,1,5,1,1,1,1,1,1,1,5,3,6,6,5,6,4,4,2,3,4,4,4,3,4,4,4,4,3,4,1,3,1,3,4,4,3,3,3,4,4,3,4,3,4,3,4,3,4,3,4,4,2,3,4,5,5,4,5,5,4
R_8H1eQM2xrNQkUBK,5,6,7,7,6,7,4,1,1,1,6,2,1,4,7,7,7,7,5,5,5,4,3,6,3,6,6,6,4,2,4,4,4,4,5,2,5,6,7,7,7,7,6,6,5,5,7,2,7,6,6,6,6,7,1,1,1,1,1,1,1,1,1,1,1,1,1,1,1,1,1,1,6,3,5,4,3,5,4,4,6,6,4,7,2,7,2,2,1,2,7,3,2,3,2,6,2,5,2,5,5,4,2,4,2,4,1,6,2,3,1,1,4,1,1,1,1,1,2,4,2,2,2,1,5,7,1,3,1,2,5,3,1,1,1,1,1,7,1,1,1,2,5,7,2,3,5,6,6,1,1,2,1,2,4,5,2,2,2,3,5,6,5,4,5,1,1,1,1,1,1
R_8S7Ynzr3bxauq5z,1,4,3,3,7,2,1,1,1,1,7,5,7,1,7,6,7,6,7,7,7,7,7,7,7,7,7,7,7,4,7,7,7,7,7,5,3,5,3,4,5,3,3,4,3,3,4,4,5,5,4,5,4,7,2,3,2,2,2,2,2,2,2,2,2,3,3,2,2,2,3,3,7,5,5,5,5,5,6,6,7,6,3,6,4,2,3,3,2,2,7,4,4,6,3,7,6,6,6,6,4,6,4,6,6,6,6,6,1,2,1,2,2,1,1,1,2,2,2,2,2,2,2,2,3,2,1,3,3,3,3,3,4,1,1,3,3,3,3,4,3,4,3,3,1,1,1,1,1,1,1,1,2,1,1,1,1,1,1,1,1,1,1,2,2,4,3,6,4,5,3
R_23ZGrwUAJUdEveR,3,3,3,3,4,2,2,2,2,4,4,1,3,1,3,4,5,5,4,4,4,4,4,4,4,4,4,4,4,4,4,4,4,4,4,4,4,5,5,5,4,2,2,2,3,3,5,3,4,4,5,4,4,5,3,3,3,3,3,3,3,3,3,3,3,3,3,3,3,3,3,3,5,5,3,3,3,5,6,7,6,5,2,6,2,4,4,3,1,1,3,5,4,6,4,7,4,5,4,3,5,4,2,3,4,5,4,4,3,3,3,3,3,3,3,3,3,3,3,3,3,3,3,3,3,3,4,4,4,4,4,4,4,4,4,4,4,4,4,4,4,4,4,4,4,4,4,4,4,4,4,4,4,4,4,4,4,4,4,4,4,4,1,1,1,5,5,7,5,5,5
R_8PhRcYfo5i6pZzg,4,6,5,5,6,6,5,4,5,4,5,3,6,6,6,5,5,5,4,4,4,4,5,4,5,5,4,4,4,4,4,4,5,5,4,4,5,4,5,4,5,5,4,4,5,4,4,5,4,4,5,4,4,5,5,4,5,5,5,5,4,4,5,5,5,4,4,4,4,4,4,4,3,2,2,2,2,3,2,3,4,3,3,3,1,2,2,2,3,2,5,5,5,4,4,5,4,4,5,4,4,4,4,5,5,4,4,5,3,4,4,4,3,4,3,3,3,3,4,3,4,4,3,4,3,4,1,1,1,1,1,1,1,1,1,1,1,1,1,1,1,1,1,1,3,4,3,3,3,3,3,4,4,3,3,3,3,4,3,3,3,4,2,2,2,2,6,4,5,6,6
R_8H200iCXYpukg9x,1,7,2,4,7,5,1,1,1,1,3,1,7,1,7,7,7,7,5,6,5,5,5,4,6,6,5,5,5,6,6,5,5,5,5,6,5,5,3,3,3,2,3,5,2,2,4,4,5,2,3,5,4,3,1,1,2,1,1,1,2,2,2,1,2,1,1,3,2,1,1,2,7,6,6,6,6,6,7,7,7,7,3,7,2,1,1,1,1,1,5,6,5,6,6,7,7,7,7,5,7,7,5,2,2,5,1,2,6,6,2,7,5,7,1,1,1,1,2,1,6,7,6,6,6,7,5,4,2,6,5,6,3,3,3,3,4,7,4,4,6,4,3,6,5,3,3,4,5,2,6,3,3,6,2,2,5,4,4,5,3,3,2,3,2,6,4,4,3,3,2
R_8JFQCtpPljg6ZtT,6,4,2,2,6,2,1,1,1,2,6,2,6,2,6,6,5,7,4,4,5,6,5,5,6,6,5,4,6,4,6,4,6,6,6,5,7,7,2,4,7,2,4,2,1,2,7,2,7,6,7,7,7,7,2,2,2,3,1,2,1,1,1,1,4,1,3,3,4,4,4,2,1,2,1,1,2,3,1,1,1,1,3,1,3,2,3,4,2,4,2,1,3,1,7,6,7,7,7,7,1,5,1,1,1,1,1,3,3,4,4,2,2,2,4,4,3,4,4,4,4,4,4,4,4,4,7,5,6,7,7,4,7,5,6,5,4,7,4,4,4,4,5,6,5,4,5,5,5,2,5,4,5,4,4,5,4,4,4,4,4,4,5,5,4,6,6,5,6,7,5
R_207Wa7qVqDs6kDg,4,4,7,1,1,1,1,4,1,1,4,1,7,1,7,1,4,7,7,5,3,4,1,3,3,3,5,2,4,2,4,4,7,4,4,4,7,5,5,2,3,2,4,5,3,2,6,2,6,4,5,6,7,7,3,3,1,1,1,3,3,1,1,1,1,1,1,1,1,1,2,1,7,7,6,6,4,7,7,7,7,7,5,7,4,7,5,7,4,1,3,2,7,4,3,7,7,5,7,4,3,7,3,7,7,4,4,2,1,4,7,7,4,7,5,5,5,5,5,7,7,3,3,6,5,7,4,4,1,7,4,1,4,4,1,1,4,7,6,4,6,4,4,7,4,3,4,5,4,5,4,4,4,4,4,6,4,4,4,4,4,4,4,4,5,2,5,1,2,1,2
R_8vdZWnDr6oOtIOH,3,4,3,4,6,3,2,1,2,1,4,3,4,2,4,3,4,5,4,4,4,5,4,4,4,3,6,4,5,5,3,4,4,5,4,3,3,3,4,2,3,1,4,2,5,3,3,4,4,3,4,4,2,2,2,2,2,3,2,1,2,1,2,2,3,4,3,2,3,3,1,3,7,1,4,2,2,5,5,6,4,6,3,4,3,5,4,3,2,2,7,1,6,5,5,7,3,4,6,2,5,6,3,5,3,3,4,4,5,5,3,5,7,4,4,3,2,2,1,2,4,5,4,2,5,4,2,5,4,3,5,1,4,3,2,3,3,4,4,2,4,3,2,5,4,4,4,6,5,5,4,3,4,4,4,2,4,4,3,3,5,6,3,1,4,7,6,7,6,6,5
R_8sYJILYvXYX3CIQ,5,4,3,6,7,4,5,4,3,3,6,2,5,6,6,6,7,5,5,7,4,4,4,5,7,7,6,6,5,4,7,6,6,6,4,6,4,4,4,3,4,2,3,3,4,3,6,2,5,4,4,4,5,5,3,3,3,2,2,2,3,2,3,2,4,2,4,4,4,3,4,4,5,4,5,6,5,6,5,5,5,5,3,6,3,5,4,3,3,3,2,3,3,3,3,7,5,5,3,5,3,7,3,4,3,3,2,3,4,3,3,5,5,6,3,2,4,3,3,4,4,3,4,3,4,4,4,4,3,5,4,6,4,4,3,4,4,6,3,3,4,4,3,4,3,3,3,4,3,4,3,2,3,4,3,3,3,3,3,3,3,3,3,5,3,5,4,4,4,5,3
R_2I4PUElKfgb1lQl,7,7,7,6,7,4,6,3,3,5,6,4,7,4,7,7,7,7,7,7,7,7,4,7,7,7,7,7,4,7,4,4,4,7,4,4,5,5,5,5,5,3,4,4,2,4,7,3,5,4,6,6,6,5,2,2,2,2,2,2,2,2,2,2,2,2,2,2,2,2,2,2,4,4,2,1,2,3,7,5,6,7,3,6,1,4,1,1,1,1,7,5,1,5,1,7,4,4,7,1,1,5,1,1,3,1,1,1,1,1,1,1,5,4,1,1,1,1,5,1,4,4,3,1,7,5,2,2,5,2,6,4,4,2,2,5,5,3,5,5,5,7,7,6,4,4,4,3,4,3,4,4,4,4,4,4,4,4,4,4,5,3,4,4,4,6,2,3,4,7,3
R_8p44bhAJmrulOu9,7,4,7,7,5,4,7,4,7,5,6,1,4,5,7,7,7,4,7,7,7,6,6,7,7,7,7,7,7,6,6,6,7,7,7,6,7,6,6,2,7,4,7,4,6,5,7,2,7,6,7,7,7,6,7,7,7,5,7,3,7,6,6,7,7,7,7,6,7,7,7,4,1,1,1,1,7,7,5,5,7,7,3,4,1,5,1,1,1,1,1,4,1,7,1,7,4,1,7,1,1,1,1,1,1,3,1,1,7,5,7,4,4,1,3,4,3,4,4,7,5,4,4,4,4,5,1,1,7,7,7,1,3,4,4,1,1,5,1,4,5,3,1,3,1,3,5,5,4,5,3,1,4,1,1,4,1,3,1,1,1,5,1,4,2,6,6,6,4,5,5
R_8pMfmwLKHvULanq,1,6,1,3,7,1,1,1,4,1,1,1,6,1,6,7,6,7,7,7,7,7,7,7,7,7,7,7,7,6,7,7,7,7,7,7,3,6,3,4,5,1,3,1,3,1,6,1,6,1,6,6,5,6,1,1,1,1,1,1,1,1,1,1,1,1,1,1,1,1,1,1,7,2,7,5,7,7,7,7,7,7,7,7,5,7,5,5,6,1,3,2,3,6,6,7,6,7,5,6,4,7,4,3,4,4,5,3,3,7,3,5,5,2,2,2,2,4,2,3,3,5,5,5,7,3,4,1,3,5,5,3,1,4,3,3,3,7,3,3,2,1,3,4,1,1,2,2,3,3,1,1,1,1,3,4,1,2,3,1,4,3,1,1,5,3,1,1,1,2,1
R_2vUled5RPqsoHbX,3,5,5,4,2,4,2,2,2,2,4,2,5,2,5,5,5,5,5,4,5,4,4,5,4,4,4,4,4,4,4,4,4,4,5,4,4,3,3,3,3,3,4,4,4,4,3,3,4,4,4,3,3,4,5,5,5,4,5,5,5,5,5,5,5,4,4,5,4,4,5,5,4,4,4,4,4,4,6,6,6,6,3,4,4,4,3,4,3,4,3,3,4,3,5,5,4,6,6,6,4,5,4,3,4,3,4,5,4,3,4,3,3,5,5,3,5,3,5,3,5,5,4,5,3,4,5,5,5,4,6,6,5,5,6,5,5,5,5,5,5,5,5,4,4,4,5,4,4,5,5,4,4,5,4,5,3,4,3,4,4,3,3,3,3,4,4,4,4,4,2
R_883tpkrrV9qtLuV,6,7,4,4,7,2,7,3,2,6,7,2,7,7,7,7,7,7,1,6,1,4,5,3,5,6,7,3,6,3,3,5,4,7,5,1,6,3,5,4,3,4,4,4,5,3,7,4,2,5,6,6,7,4,1,1,1,1,1,1,1,1,1,1,1,1,1,1,1,1,1,1,4,3,2,4,2,5,4,7,7,7,4,7,1,4,1,1,1,1,3,3,1,7,5,6,4,5,7,6,1,3,1,1,1,1,4,6,3,2,1,3,5,3,1,2,3,1,1,1,5,5,3,1,5,3,4,4,2,5,6,4,4,5,4,5,1,7,5,3,1,7,2,7,4,5,5,6,4,7,4,3,4,3,4,2,5,5,5,4,4,7,3,3,3,7,7,4,3,4,1
R_8Jgz8qLGMl7oT3m,4,4,3,5,5,1,2,2,2,2,3,3,4,3,2,3,2,5,4,4,5,4,5,4,3,4,5,3,4,3,4,3,4,2,4,3,5,4,4,4,5,5,4,5,5,5,3,4,5,4,5,4,5,4,2,3,2,2,3,2,3,3,3,3,3,3,3,4,3,3,3,4,7,5,4,5,4,5,4,7,5,4,5,4,4,4,4,5,5,4,5,4,5,4,5,7,3,6,5,4,4,3,6,3,3,5,4,5,3,3,3,3,2,4,2,3,2,4,1,4,1,3,3,4,3,2,3,2,4,5,3,2,3,5,5,4,4,4,4,4,3,2,4,4,5,5,4,3,4,5,2,5,2,3,5,2,4,3,4,3,5,3,4,4,4,5,4,6,4,5,3
R_8ZUfjEjaNS39fGK,4,6,5,6,7,3,4,5,4,4,7,4,7,6,4,5,5,7,7,6,5,7,6,5,7,7,6,7,5,6,5,7,7,7,7,7,4,5,4,4,5,4,5,4,6,4,6,5,6,4,4,7,5,5,1,1,1,1,1,1,1,1,1,1,1,1,1,1,1,1,1,1,4,4,4,4,4,4,5,5,4,6,3,5,4,4,5,4,4,4,5,4,5,4,4,5,5,6,5,5,5,7,6,6,6,6,3,6,1,1,3,1,1,1,1,2,1,1,1,1,1,1,1,2,1,3,6,5,4,5,6,5,2,6,6,6,5,6,6,6,5,6,4,4,5,4,3,4,4,5,5,4,4,5,6,4,5,3,3,3,5,5,3,4,5,4,4,4,1,2,4
R_22ZFYozwsdL5hpn,6,6,6,7,5,7,5,5,5,5,6,7,7,7,7,7,6,6,7,7,7,6,7,7,7,7,7,7,7,6,7,7,7,7,6,7,6,6,6,5,6,7,6,5,4,7,6,6,6,6,6,6,6,6,3,2,2,2,2,2,2,2,2,2,3,3,2,3,3,2,4,2,7,6,5,4,5,4,6,6,6,6,6,6,4,4,4,4,4,5,2,6,7,6,7,7,7,7,7,7,3,7,3,3,1,3,4,3,1,1,1,1,1,1,1,1,1,1,1,1,1,1,1,1,1,1,5,5,4,4,5,4,5,6,4,5,3,4,4,4,5,4,4,2,1,1,1,1,1,1,1,1,1,1,1,1,1,1,1,1,1,1,5,5,5,3,4,5,4,4,2
R_8pomj3NY8er4DU2,7,7,7,7,7,4,4,7,4,3,6,1,7,6,7,6,7,7,6,6,7,4,5,7,7,7,7,7,6,4,6,7,7,7,4,7,7,7,6,7,7,7,6,6,6,6,6,6,7,6,7,6,6,7,1,1,1,1,1,1,1,1,1,1,1,1,1,1,1,1,1,1,1,1,4,1,1,1,1,4,4,4,4,4,1,1,1,1,1,1,7,7,7,7,7,7,4,7,7,7,5,4,7,7,7,7,7,5,1,2,1,7,5,1,3,3,2,7,6,3,4,1,1,7,6,3,4,5,1,7,6,7,5,1,1,7,6,7,4,5,1,7,6,7,3,3,1,5,4,2,4,3,1,4,3,3,4,3,1,4,4,3,5,6,6,1,6,5,1,1,1
R_2pPsEiN69bJXrEq,1,5,7,1,7,1,4,3,4,1,7,6,7,1,7,7,5,7,7,7,7,7,7,7,7,7,7,7,7,7,7,7,7,7,7,7,3,4,6,7,7,4,4,3,4,4,7,5,7,6,7,7,7,7,1,1,1,1,1,1,1,1,1,1,1,1,1,1,1,1,1,1,7,3,1,2,1,7,7,6,7,7,1,3,1,7,1,1,1,1,7,6,1,1,1,7,6,7,7,6,4,3,1,1,1,1,2,2,1,1,1,1,1,1,1,1,1,1,1,1,1,1,1,1,1,1,1,3,7,6,6,6,4,3,2,1,5,2,7,4,6,4,3,6,2,1,1,2,4,2,2,3,1,1,1,4,4,2,1,1,1,2,3,4,2,4,6,2,5,2,2
R_2CeFzjBLmmjDUI4,3,5,5,5,2,1,2,2,6,5,7,4,7,5,5,6,7,4,3,1,3,4,4,3,4,5,4,4,2,4,2,4,2,3,1,7,4,3,5,6,2,5,3,4,3,5,6,3,5,5,5,5,4,3,4,3,3,3,3,4,4,4,3,4,4,4,4,4,3,4,4,3,4,5,4,4,4,3,5,4,3,4,4,3,4,5,4,4,4,5,4,4,4,5,5,5,5,5,5,4,5,4,5,3,5,5,4,3,4,4,5,3,5,3,3,5,5,3,3,4,4,4,4,4,5,4,5,5,5,5,4,2,3,5,3,3,3,3,5,5,3,5,5,4,4,3,3,5,4,5,3,4,5,4,4,5,4,3,2,5,4,5,4,5,5,3,7,3,2,7,3
R_2PvtvLVOuyIRG7H,3,4,3,7,6,6,3,1,3,1,5,2,4,5,5,4,7,7,4,3,7,4,5,7,5,7,7,7,7,7,5,7,7,3,5,4,6,7,1,3,4,1,4,2,1,3,7,1,7,6,7,7,7,7,1,4,1,1,1,1,1,1,1,1,5,1,4,5,3,4,1,4,5,4,7,5,7,7,7,7,1,7,7,7,2,3,2,4,1,1,3,3,7,3,7,7,7,7,7,3,1,4,3,1,3,1,1,3,7,3,5,3,5,1,1,1,1,1,1,1,5,6,5,5,4,7,5,3,4,7,4,1,5,1,5,3,4,4,4,5,3,4,3,4,4,4,3,6,5,4,4,4,5,2,3,3,3,5,3,4,5,5,1,4,3,4,4,5,7,5,3
R_2MPWn2ZGN8h22KB,4,4,4,4,4,3,4,3,5,5,3,5,4,4,2,4,2,4,4,4,5,4,4,3,4,3,3,4,4,4,4,3,4,2,4,4,4,3,4,4,3,5,4,4,3,3,4,4,4,4,4,3,3,4,6,5,7,5,5,5,4,5,4,4,5,5,4,5,5,5,5,5,5,5,5,4,5,5,4,5,5,5,5,5,5,5,6,5,5,5,4,4,5,5,4,4,4,4,4,4,4,4,5,4,4,4,4,5,4,3,5,5,4,6,3,4,5,5,4,4,4,4,3,5,4,6,5,5,6,5,5,5,5,5,6,6,5,5,6,5,5,6,5,5,4,4,3,3,4,4,4,3,3,4,4,3,5,3,4,4,4,3,3,3,2,4,3,3,3,3,4
R_8rJEDLFVWUHxTJD,7,7,1,7,6,1,7,1,1,7,1,1,7,4,6,7,7,7,7,7,7,7,7,7,7,7,7,7,7,7,7,7,7,7,7,7,4,2,2,5,7,1,4,3,3,2,5,1,7,3,7,7,7,5,2,1,1,1,2,1,1,1,1,1,2,1,2,2,2,2,2,1,4,2,4,3,1,7,6,7,7,7,7,7,1,7,1,7,2,2,7,7,7,3,7,7,1,7,6,4,2,7,4,5,1,5,4,7,1,1,1,1,1,1,1,1,1,1,1,1,1,1,1,1,1,1,3,1,2,2,3,2,3,3,1,4,4,6,2,1,1,3,2,5,1,1,2,4,3,2,3,2,2,1,3,4,2,3,1,1,4,5,2,4,2,6,6,7,6,7,6
R_21iyJ1F45FtlNRs,3,4,3,3,2,2,2,1,2,2,4,1,5,3,5,5,3,5,5,4,5,5,4,6,6,6,7,6,4,2,5,6,5,5,3,4,4,4,5,4,2,4,4,3,4,3,4,2,3,4,2,4,3,2,3,3,3,4,2,4,4,4,3,3,5,2,2,4,4,3,4,2,4,4,3,4,2,4,5,4,5,5,3,2,3,3,3,3,3,2,4,4,5,5,7,5,5,5,6,6,4,6,3,5,4,4,3,5,2,3,3,2,5,3,2,2,2,2,4,2,5,6,4,5,6,6,4,4,4,5,6,5,4,4,2,4,4,7,5,5,6,4,5,7,4,4,4,3,6,4,3,4,3,3,4,6,4,4,5,4,5,6,3,3,2,4,5,5,6,6,5
R_2aDHsbcxyvRsBAW,7,7,7,7,7,6,4,4,4,4,7,2,7,4,7,7,6,7,7,7,7,7,7,7,7,7,7,7,7,6,7,7,7,7,7,7,7,7,7,7,7,5,5,5,5,5,7,1,7,7,7,7,7,7,2,2,2,1,2,1,2,2,2,2,2,1,2,2,2,2,1,3,3,3,3,3,3,3,3,3,3,3,3,3,3,3,3,3,3,3,1,3,3,3,1,6,3,3,3,3,1,6,1,1,1,1,3,1,1,1,1,1,1,1,1,1,1,1,1,1,1,1,1,1,1,1,3,3,3,7,4,1,3,4,3,3,4,3,3,4,3,7,3,5,2,2,2,2,2,2,2,2,2,2,2,2,2,2,2,2,2,2,4,5,6,6,4,3,5,5,1
R_8Pu8lU2HGhkxgoo,5,4,5,4,5,5,1,1,1,1,5,2,3,5,3,6,5,5,7,6,6,7,7,6,7,6,7,7,6,6,7,5,7,6,7,5,6,7,6,7,4,4,1,1,1,1,6,3,7,3,4,5,5,4,2,3,4,2,4,2,2,2,2,2,4,3,4,2,3,5,4,3,6,4,3,4,4,5,7,7,7,7,5,7,4,2,4,2,4,4,3,4,2,5,5,6,7,7,6,7,2,5,3,6,3,3,2,4,5,5,5,5,4,5,4,5,4,4,5,5,3,4,3,3,4,6,3,5,4,2,3,3,4,5,2,3,3,4,2,2,2,2,3,5,5,4,4,5,3,3,3,4,3,3,5,6,3,5,3,3,5,5,4,4,5,3,3,3,3,4,3
R_8KG7jpfArPYmM9P,7,7,6,7,7,2,6,5,5,6,7,4,7,6,7,7,7,7,7,7,7,7,7,5,7,7,7,7,7,5,7,7,7,7,7,5,2,3,2,3,5,3,4,1,2,6,5,4,7,3,3,6,5,7,1,4,3,3,5,4,2,1,3,4,4,2,4,3,4,4,3,6,7,3,7,3,4,5,7,7,7,5,5,7,1,6,2,1,2,1,7,6,7,3,3,7,5,7,7,2,5,4,4,4,3,1,4,2,6,6,2,6,4,6,1,2,1,1,4,1,6,3,5,5,4,7,4,3,1,7,5,1,2,2,2,6,5,7,4,2,1,5,1,5,4,5,3,5,5,3,4,3,3,5,4,5,4,4,3,5,4,5,1,6,6,7,6,4,3,2,2
R_2akptc41V4byvSH,5,6,5,7,7,4,5,5,6,6,5,5,5,5,5,6,6,7,7,7,7,7,7,7,7,7,7,7,7,5,7,7,7,7,7,6,7,6,7,6,7,4,7,6,6,7,7,5,6,7,7,7,7,7,2,4,3,3,4,2,3,3,4,3,4,2,3,4,4,4,4,4,4,4,5,3,3,7,4,4,4,4,3,7,2,4,2,2,2,1,4,4,3,1,4,6,3,3,3,2,3,5,3,3,3,3,2,2,2,1,1,2,1,5,1,1,1,1,1,4,4,3,3,3,4,5,2,2,1,1,2,6,2,2,2,2,2,6,2,2,2,1,2,5,2,2,1,3,3,4,1,1,1,2,1,5,2,2,2,2,2,4,1,3,3,6,3,4,4,3,2
R_8jxENRv3YKoNNIs,5,5,5,5,7,3,3,2,4,3,4,1,7,5,7,3,5,7,5,6,3,5,3,5,6,4,5,5,4,3,5,4,6,6,3,4,6,3,7,5,6,2,2,4,3,3,5,1,6,4,6,6,5,4,2,1,1,4,4,1,2,1,2,2,3,1,5,5,4,6,5,3,5,3,2,3,3,5,5,7,6,4,2,7,3,5,2,2,2,4,5,3,5,5,1,7,3,6,5,5,1,7,2,4,1,2,1,2,2,4,2,5,5,4,2,2,3,4,2,1,2,2,4,5,3,5,7,7,7,7,7,7,7,7,7,5,7,7,7,7,7,7,7,7,4,2,4,4,5,1,4,4,2,4,5,2,4,4,5,3,5,4,5,4,6,5,4,5,3,3,1
R_2O0xY0nJ2xfQOzv,4,3,7,3,4,4,4,3,4,4,7,1,7,3,6,7,7,7,7,7,7,7,7,7,7,7,7,7,7,4,7,7,7,7,7,7,6,6,7,7,7,4,5,7,6,7,7,5,7,7,7,7,7,7,2,2,3,1,3,3,3,1,1,2,2,3,2,3,4,3,3,2,3,4,7,4,6,6,5,5,7,5,1,7,4,5,4,5,7,1,4,6,3,3,3,7,5,2,7,3,3,7,2,5,2,1,1,7,5,7,5,6,5,5,1,5,3,4,3,2,4,3,4,1,3,6,2,4,1,6,4,1,4,2,2,6,3,4,5,4,4,5,1,7,4,3,4,3,4,4,3,4,3,4,3,5,4,5,3,4,5,5,1,4,3,1,2,6,3,5,3
R_2SeOznwu5TA5g6A,6,7,6,6,6,6,6,6,6,6,6,6,6,6,6,6,6,6,6,6,6,6,5,6,6,6,7,5,6,5,6,6,5,5,6,6,6,6,6,6,6,6,6,6,6,6,6,6,6,6,6,6,6,6,3,3,3,2,3,3,3,3,3,3,3,2,2,3,3,2,3,2,2,2,2,2,2,2,2,2,2,2,2,2,2,2,2,2,2,2,3,3,5,2,3,3,4,6,3,2,3,4,3,6,4,2,2,3,6,6,5,6,6,6,6,6,6,6,2,2,6,6,6,6,6,6,6,6,6,6,6,6,6,6,6,6,6,6,6,6,6,6,6,6,4,4,4,4,4,4,4,4,4,4,4,4,4,4,4,4,4,4,4,4,4,3,2,3,2,7,1
R_8oyxSE93FC38b7v,6,6,6,6,6,6,6,3,5,5,6,3,4,2,3,5,6,6,6,5,6,6,3,3,5,5,5,4,3,3,4,5,5,6,3,3,4,4,6,6,6,3,4,4,4,4,5,2,7,6,7,7,5,6,1,1,1,1,1,1,1,1,1,1,1,1,1,1,1,1,1,1,4,4,4,4,4,4,4,4,4,4,4,4,4,4,4,4,4,4,6,5,3,3,3,7,3,7,7,7,3,7,4,3,5,3,5,6,3,5,3,3,3,6,3,3,4,3,5,1,5,5,6,5,5,5,4,4,4,4,4,4,4,4,4,4,4,4,4,4,4,4,4,4,4,4,4,4,4,4,4,4,4,4,4,4,4,4,4,4,4,4,4,5,5,6,5,5,4,4,4
R_8etAPDpelP9BbS9,5,5,4,4,4,3,5,5,4,4,4,5,6,4,6,5,6,4,4,3,5,4,4,4,4,4,4,3,4,3,3,3,5,5,4,5,5,4,4,4,3,4,3,4,5,4,4,4,5,5,3,5,4,4,4,3,3,4,4,5,5,4,4,4,5,3,4,3,4,4,5,4,5,3,4,4,5,4,4,4,3,4,4,3,4,4,3,4,4,5,3,5,4,5,4,5,4,5,4,4,4,3,4,4,5,4,4,3,4,5,5,5,4,4,3,4,3,5,3,4,4,4,4,4,4,3,4,5,4,3,4,3,3,4,3,4,4,5,4,4,5,4,5,4,4,4,3,4,5,4,4,4,4,4,4,3,3,5,4,4,5,4,3,4,5,3,4,5,4,4,3
R_2IFVZ68wquhn5Fu,1,4,1,1,6,1,1,1,2,1,4,1,4,2,3,3,2,3,4,4,4,4,4,4,4,4,5,4,5,5,4,6,5,4,4,4,5,5,3,4,4,2,4,3,3,4,5,4,6,7,6,6,7,6,1,2,2,1,2,1,1,1,1,2,1,2,2,2,2,2,2,2,7,3,4,4,5,7,7,7,7,7,3,7,2,1,2,2,2,2,4,3,6,7,2,7,7,7,7,7,5,7,3,3,4,2,5,5,2,3,2,2,1,2,3,3,3,1,3,3,2,2,2,1,2,2,1,1,2,3,2,2,2,1,1,2,3,2,3,2,3,2,1,4,2,2,3,3,4,2,1,1,3,2,2,2,3,1,2,1,2,3,4,4,5,5,2,3,6,3,1
R_8XfnFHPeyiukiw9,7,7,5,5,7,5,5,5,5,5,7,5,7,7,7,7,7,7,4,4,4,4,4,4,4,4,4,4,4,4,4,4,4,4,4,4,7,7,7,7,7,7,7,7,7,7,7,7,7,7,7,7,7,7,1,1,1,1,1,1,1,1,1,1,1,1,1,1,1,1,1,1,1,1,1,1,1,1,1,1,1,1,1,1,1,1,1,1,1,1,5,5,3,3,5,7,3,3,3,3,6,7,5,3,5,3,7,7,4,4,4,4,4,4,4,4,4,4,4,4,4,4,4,4,4,4,4,4,4,4,4,4,4,4,4,4,4,4,4,4,4,4,4,4,4,4,4,4,4,4,4,4,4,4,4,4,4,4,4,4,4,4,4,4,4,3,6,1,1,1,1
R_8AoiBG5wWmDL2s9,3,5,2,6,6,2,2,3,3,4,6,1,5,4,5,6,6,7,4,5,7,5,3,5,4,5,4,5,4,3,4,6,5,6,5,3,5,3,2,5,5,2,2,4,2,2,6,2,6,4,7,7,6,7,2,2,1,1,2,1,1,1,1,1,3,1,3,3,5,5,3,4,4,5,7,3,2,6,7,5,7,7,3,7,2,5,2,2,2,1,2,3,5,3,3,6,5,5,5,3,1,7,4,3,3,2,1,6,2,3,2,3,2,2,2,2,2,3,2,2,4,4,4,4,5,6,4,4,5,3,3,4,2,2,3,2,4,6,3,3,3,5,4,5,3,3,1,3,2,2,2,2,2,2,3,4,2,3,2,4,2,3,1,2,4,4,5,2,3,4,1
R_8EHp6aPUPKPsoNB,4,5,6,5,7,3,3,3,6,2,5,5,5,4,5,5,6,7,5,6,3,5,5,4,6,5,5,5,5,3,5,7,6,6,3,5,6,3,6,2,2,1,3,4,5,3,7,1,7,5,5,5,2,2,4,3,2,1,1,2,4,3,1,1,4,2,2,3,3,3,1,3,3,6,4,6,7,7,5,5,4,4,2,5,4,2,2,2,6,2,6,5,6,6,6,6,5,6,4,3,5,4,7,4,4,3,7,5,3,6,6,2,3,3,4,6,6,3,2,6,3,6,2,4,5,4,1,4,1,1,3,2,1,3,3,1,1,1,4,2,2,3,2,3,3,2,2,2,3,1,3,3,3,1,3,1,1,2,3,2,2,1,5,6,4,4,7,7,7,7,5
R_8w0q5Mnp7EP761K,3,3,2,3,2,3,2,3,3,2,3,2,3,3,3,3,3,4,4,3,5,3,3,5,5,3,3,4,4,3,4,5,5,4,4,4,5,4,4,5,3,4,4,4,4,3,3,3,3,2,4,3,4,3,2,3,4,3,4,4,3,3,5,2,4,4,3,3,2,3,2,4,4,3,5,3,3,4,2,5,3,2,3,4,3,4,4,3,4,2,5,5,4,5,4,4,1,4,4,4,3,3,3,2,4,4,5,5,3,4,4,2,4,4,5,5,3,3,4,4,5,4,4,6,3,4,3,4,3,2,3,4,4,4,4,4,4,4,4,3,2,2,4,2,2,2,1,4,3,2,4,3,3,1,1,5,4,3,4,3,1,3,4,2,4,2,3,6,3,4,4
R_8ZJk52fRYD3L7oS,1,3,1,3,5,3,2,1,1,1,1,1,3,2,1,3,3,7,5,4,5,3,3,3,4,4,4,3,2,3,4,4,5,4,4,3,4,4,3,4,5,2,2,3,3,3,3,3,5,2,3,5,2,4,2,3,3,4,2,2,2,3,2,4,1,2,4,2,2,4,2,2,7,4,5,1,1,5,6,7,7,7,7,7,1,7,3,1,1,2,5,5,7,1,1,7,7,7,7,1,5,7,2,7,2,2,5,3,3,3,3,4,4,4,4,4,3,4,4,3,5,4,2,4,4,3,3,2,2,4,4,5,3,3,3,3,5,4,5,4,3,2,5,4,4,3,2,4,5,5,4,5,3,3,5,5,4,5,4,4,4,3,4,4,3,7,4,4,4,5,3
R_8S4OQC4Jyq64Lsd,7,7,7,7,7,7,7,7,7,7,7,7,7,7,7,7,7,7,7,7,7,7,7,7,7,7,7,7,7,7,7,7,7,7,7,7,7,7,7,7,7,7,7,7,7,7,7,7,7,3,7,7,7,7,7,7,7,7,7,7,7,7,7,7,7,7,7,7,7,7,7,7,1,1,1,1,1,1,7,7,7,7,1,7,1,7,1,7,1,1,1,4,1,1,1,7,1,7,7,7,1,7,1,1,1,1,4,1,4,4,4,4,4,4,2,4,4,3,4,4,4,4,1,3,4,7,7,7,4,4,4,4,4,1,1,3,7,4,4,7,7,7,1,4,2,4,5,4,4,2,4,2,4,4,4,4,4,4,4,3,4,4,4,4,4,4,4,4,3,3,1
R_2B4L830XRADweal,7,7,7,5,7,5,3,2,4,3,5,2,5,5,4,4,5,7,5,7,6,6,5,5,6,7,6,7,5,5,6,6,7,4,6,6,4,4,7,4,6,3,4,3,4,4,7,4,7,7,7,5,7,7,1,1,1,1,1,1,1,1,1,1,1,1,1,1,1,1,1,1,5,6,3,6,5,7,6,7,7,6,4,7,3,3,2,3,1,1,7,7,2,5,7,7,7,7,7,7,2,7,4,3,4,3,3,2,5,5,3,4,5,5,3,3,3,3,3,3,5,5,5,5,5,5,7,7,7,7,7,7,7,7,7,7,5,7,4,6,4,5,5,7,2,4,4,4,5,3,2,1,2,2,4,4,5,4,3,4,4,4,2,3,5,6,7,7,7,7,2
R_23D1pCi96X0oSKW,4,4,4,4,6,4,4,3,2,4,4,4,4,4,4,4,4,7,5,5,5,5,4,2,5,5,5,5,3,5,4,4,4,5,5,5,7,6,6,5,6,6,4,6,6,6,5,6,6,6,6,6,4,6,3,2,2,2,3,3,2,2,2,2,3,3,4,2,1,3,3,2,2,3,2,3,2,3,3,2,3,2,2,3,2,2,3,3,2,3,4,4,2,3,2,4,4,4,4,5,1,3,5,4,5,4,2,4,3,2,2,3,2,3,3,2,4,3,3,3,2,1,3,3,2,3,5,2,4,4,4,4,3,2,5,4,1,5,3,3,3,2,2,3,4,4,4,3,2,3,3,4,3,3,3,4,3,3,3,3,3,3,1,3,6,2,1,3,5,5,4
R_2U0pS3kzbATZWvH,3,2,3,2,4,4,2,2,2,2,3,2,5,4,4,4,5,5,3,4,3,3,3,4,6,6,6,6,5,4,2,2,3,3,3,3,4,4,3,4,4,4,3,3,2,3,4,2,4,4,3,3,3,3,4,4,5,5,5,5,4,5,3,5,4,4,4,5,5,5,3,4,2,2,2,4,4,4,5,3,4,1,5,4,2,1,2,2,2,2,6,6,7,6,4,7,4,7,4,6,4,7,4,7,5,7,7,7,2,2,2,3,2,2,2,2,2,2,2,2,3,3,3,3,3,3,2,2,3,2,2,2,1,1,1,1,1,1,3,3,3,3,2,3,4,3,5,4,3,4,1,2,1,5,2,1,5,3,5,5,5,4,2,2,2,5,2,4,5,4,4
R_2S01lvQrp9nE12G,1,5,3,5,4,3,1,1,2,1,3,1,5,2,4,4,6,5,7,6,7,5,5,5,7,6,7,7,7,6,5,7,7,7,5,5,3,5,6,7,3,5,3,1,5,4,6,3,6,6,6,6,7,5,2,2,3,4,2,4,2,1,3,4,5,2,4,2,4,2,6,2,6,4,4,4,5,5,6,6,3,6,4,4,2,6,3,3,6,2,6,6,6,6,6,6,6,6,6,6,6,6,6,6,6,6,6,6,6,4,4,6,5,3,2,3,4,3,3,4,3,5,4,3,6,4,1,4,3,1,3,1,2,1,2,1,1,1,1,3,1,3,5,2,2,2,2,2,2,2,2,2,2,2,2,2,2,2,2,2,2,2,2,3,4,2,5,4,5,3,3
R_2ln8WNCepljOGoc,6,6,7,7,7,4,5,2,3,4,7,2,4,1,3,5,7,7,7,7,7,7,7,7,7,7,7,7,7,7,7,7,7,7,7,7,6,7,7,7,7,3,5,5,4,4,7,5,7,3,7,7,7,7,1,1,1,1,1,1,1,1,1,1,1,1,1,1,1,1,1,1,7,4,5,1,2,6,5,7,7,4,4,7,1,7,1,1,2,1,6,2,1,4,1,7,4,4,3,4,1,1,1,7,1,1,1,1,1,1,1,1,1,1,1,1,1,1,1,1,1,1,1,1,1,1,1,1,1,1,1,1,1,1,1,1,1,1,1,1,1,1,1,1,4,4,4,4,4,4,4,4,4,4,4,4,4,4,4,4,4,4,2,4,4,2,3,1,2,1,2
R_81cwrGRjuhvWKEy,5,5,5,6,5,4,1,1,1,1,2,1,6,2,5,5,5,6,6,5,6,5,4,6,6,5,6,5,5,3,5,4,6,3,5,3,5,4,4,2,3,3,6,2,2,4,4,2,5,3,4,3,4,2,6,4,4,2,3,2,6,3,2,3,4,3,6,4,4,3,4,2,5,4,4,5,4,6,6,7,7,7,4,7,3,6,3,3,3,2,2,2,2,4,3,6,2,5,7,2,3,6,2,3,2,2,4,6,2,4,2,4,4,2,1,1,2,2,2,6,2,3,2,2,2,7,2,3,3,4,5,5,2,6,5,3,3,5,2,3,2,2,3,7,2,3,2,5,4,5,2,2,3,3,3,5,3,4,3,3,3,6,1,3,2,7,5,5,6,6,4
R_2z9xgnQMUkGF6M1,4,7,3,2,7,3,3,3,3,3,4,5,7,7,7,5,5,7,5,5,6,5,4,5,7,5,5,6,5,3,5,5,5,7,3,3,7,7,7,7,7,7,7,7,7,7,7,7,7,7,7,7,7,7,4,4,4,4,4,4,4,4,4,4,4,4,4,4,4,4,4,4,7,5,7,7,5,7,7,7,7,7,7,6,4,4,4,4,4,4,5,7,7,7,4,7,7,7,4,7,3,7,3,3,4,2,3,3,1,1,3,1,6,1,1,2,1,1,1,1,5,5,5,4,7,7,1,1,1,1,4,1,1,1,1,1,1,4,3,1,1,1,5,5,1,1,1,5,3,1,1,1,1,1,1,4,1,2,1,2,5,4,1,1,4,3,3,5,7,7,3
R_8PYKAKhzy9fcWDz,4,4,3,3,4,2,3,4,4,4,4,4,4,4,5,4,4,6,7,7,7,7,7,7,7,7,7,7,7,7,7,7,7,7,7,7,3,3,3,4,3,2,3,3,3,3,6,2,6,6,4,5,5,6,2,2,2,2,3,2,2,2,2,2,2,2,2,2,2,2,2,2,4,4,4,4,4,4,4,4,4,4,4,4,4,4,4,4,4,4,7,7,6,5,4,6,6,4,6,4,3,4,4,4,4,2,5,3,4,4,4,4,4,4,4,4,4,4,4,4,4,4,4,4,4,4,4,4,4,4,4,4,4,4,4,4,4,4,4,4,4,4,4,4,4,4,4,4,4,4,4,4,4,4,4,4,4,4,4,4,4,4,4,4,4,4,4,4,4,4,4
R_8qKjLXaEjn53O9x,6,3,5,2,5,3,3,5,4,2,6,1,5,3,3,3,2,7,3,4,5,5,5,5,5,3,5,3,3,4,5,6,6,4,3,4,6,3,1,2,4,3,2,5,3,1,6,5,4,4,3,4,3,6,2,5,5,6,1,6,3,6,4,6,6,5,3,3,3,2,3,2,6,6,5,6,4,6,2,3,7,3,4,2,3,2,6,5,3,3,4,5,4,3,2,5,2,6,5,1,7,3,5,7,1,5,5,3,4,6,5,3,2,6,4,2,3,3,7,4,2,6,5,2,1,6,2,2,5,7,6,6,3,4,6,3,6,1,5,1,1,7,3,4,2,5,3,5,4,4,3,1,6,3,3,2,7,1,2,5,3,4,3,4,3,5,3,2,4,7,1
R_8J8KcDJfSvjcR48,4,4,3,5,4,3,3,7,4,3,4,5,5,4,4,5,5,3,4,5,5,3,5,5,5,5,4,4,5,5,4,5,5,3,4,3,6,5,5,2,5,4,4,5,5,5,5,5,4,5,5,5,5,3,5,4,5,4,5,4,5,5,5,5,3,5,3,5,5,5,5,4,5,5,5,4,5,5,5,5,4,5,4,5,5,4,6,5,5,4,5,5,5,4,4,4,5,5,6,5,5,6,5,4,5,5,4,5,4,5,5,5,5,4,5,4,6,5,3,5,5,5,5,5,4,5,5,3,6,4,4,5,6,5,5,6,5,4,5,5,5,4,5,5,5,5,4,4,5,4,4,5,4,6,5,4,4,4,5,4,4,6,3,4,4,5,5,5,4,4,5
R_2fNc9S6fucsaRCu,7,7,7,7,7,7,7,7,7,7,7,7,7,7,7,7,7,7,7,7,7,7,7,7,7,7,7,7,7,7,7,7,7,7,7,7,6,6,6,6,6,6,5,6,5,5,7,5,6,6,6,6,6,7,6,6,6,6,6,6,6,5,5,6,6,5,6,6,6,6,6,6,6,1,1,3,2,5,7,7,7,7,6,7,1,7,2,1,1,1,6,6,2,5,2,5,5,6,6,6,1,6,2,5,2,3,1,2,2,5,2,5,6,5,1,1,1,1,4,1,5,3,6,5,5,5,2,3,2,5,5,2,2,1,1,1,4,1,5,3,5,4,6,6,3,3,3,3,3,3,3,3,3,3,3,3,3,3,3,3,3,3,1,5,2,5,5,5,3,5,4
R_8Q42EeFZY70MEqQ,4,7,3,5,6,3,2,4,1,1,6,2,4,3,3,4,7,7,7,7,7,5,6,7,6,7,7,5,5,6,7,6,7,5,6,6,7,7,5,6,7,5,7,7,6,7,7,7,7,7,7,7,7,7,2,2,1,1,3,2,2,3,1,2,3,2,2,2,3,2,3,3,3,4,7,5,3,4,7,7,7,7,1,7,3,5,3,2,1,1,2,2,6,4,1,7,4,4,6,4,5,3,4,4,4,4,4,5,3,4,3,2,3,5,3,4,2,3,4,4,4,6,1,1,2,2,3,2,4,5,4,2,5,3,3,4,5,3,2,4,4,2,2,1,2,3,3,5,3,3,4,2,2,3,4,3,3,4,3,5,3,2,4,3,5,3,4,3,4,4,5
R_2JUB4xkpSGETIb3,4,6,5,5,6,4,3,3,3,3,6,2,3,4,5,6,5,5,6,6,5,6,7,7,6,7,6,6,6,4,6,5,6,6,5,6,5,5,3,6,7,3,3,3,3,3,7,1,7,4,7,3,7,7,4,4,4,4,4,4,4,4,4,4,4,4,4,4,4,4,4,4,6,7,6,1,2,6,7,6,3,6,3,7,1,6,6,6,1,1,6,4,4,1,3,2,4,4,4,4,1,4,1,1,1,1,1,1,7,6,1,5,7,4,1,3,1,1,1,3,5,2,7,7,5,7,2,3,3,4,4,4,3,5,3,3,2,3,5,4,4,5,1,5,4,4,4,4,4,4,4,4,4,4,4,4,4,4,4,4,4,4,2,2,4,7,6,3,7,7,3
R_8NldCimTY2YtabA,6,5,2,5,5,3,1,1,1,1,1,1,5,3,5,6,6,7,7,5,5,6,5,4,6,7,6,5,4,3,5,5,6,6,6,6,2,4,3,3,2,1,2,3,3,2,3,1,4,3,4,4,3,6,3,3,3,3,2,1,2,2,3,3,3,1,4,4,5,4,5,4,6,5,3,4,3,6,7,7,7,7,7,7,3,5,4,3,5,1,6,7,3,5,3,7,7,6,6,7,6,7,4,6,3,3,6,2,2,7,1,6,5,4,2,4,2,1,2,1,6,5,5,5,7,6,4,5,2,5,4,6,6,5,5,5,4,7,3,6,2,3,1,4,4,3,3,4,6,5,6,3,4,4,5,7,3,5,4,3,4,4,3,3,3,5,3,4,4,5,2
R_8cqpetB9skh9O8a,4,7,2,3,7,1,3,1,1,3,6,4,7,1,7,7,6,7,5,5,5,3,5,5,7,7,7,5,5,7,7,5,7,7,7,7,1,7,7,7,7,1,1,1,1,1,7,3,7,2,7,7,7,7,1,1,1,1,1,1,1,1,1,1,1,1,1,1,1,1,1,1,1,1,1,1,1,1,1,1,1,1,2,1,4,3,3,1,3,1,7,3,3,2,3,7,7,7,3,1,1,3,1,1,1,1,1,1,7,6,4,6,6,7,3,3,4,4,5,2,5,5,3,5,7,7,1,1,1,3,1,1,1,1,1,2,2,4,3,1,3,3,3,5,5,4,4,4,4,6,3,3,3,3,4,6,5,6,5,4,4,5,1,6,7,7,7,5,6,4,2
R_8S5TEDvtj3ektB7,3,3,4,3,3,3,2,2,3,2,3,4,3,3,3,4,5,5,5,5,6,5,4,6,5,6,5,6,6,5,7,5,7,5,4,4,5,4,2,3,4,2,2,2,2,2,5,3,3,3,4,3,6,6,3,3,2,1,1,1,2,1,2,2,3,3,2,3,2,2,3,2,7,5,3,6,3,5,7,7,7,6,4,7,4,7,4,4,2,1,2,4,6,6,7,7,5,7,6,5,4,6,5,2,6,3,2,2,5,4,3,3,4,4,4,4,2,3,2,3,3,3,3,3,6,7,3,3,3,3,2,3,2,2,2,1,3,3,3,3,2,2,5,6,3,3,3,4,6,5,4,3,3,3,2,5,3,3,3,3,4,4,2,5,5,2,2,5,5,6,2
R_2KrnB0V4IpWGOn7,5,3,5,5,6,4,4,3,3,3,4,2,5,1,5,5,4,5,5,5,6,5,4,6,5,7,6,6,7,4,6,5,6,6,6,4,4,4,5,4,4,4,4,4,3,4,5,2,5,5,5,4,5,6,3,2,3,2,2,2,2,2,3,2,3,2,3,2,3,3,2,2,6,5,4,5,6,6,6,6,6,6,6,6,6,6,6,5,6,4,4,3,3,4,4,5,4,4,5,4,3,6,4,4,2,3,3,4,3,3,3,2,5,3,3,3,3,3,3,3,5,3,3,3,3,3,4,4,4,5,6,4,4,4,4,4,5,6,3,4,4,4,4,5,3,4,3,4,5,4,4,3,3,3,3,4,3,4,3,3,3,4,4,4,5,4,4,5,5,4,3
R_83913DNMQQWDCoG,2,2,1,2,1,1,2,1,1,1,1,1,2,2,2,2,3,3,5,6,6,5,5,5,5,5,5,5,5,5,5,4,5,5,5,5,3,3,3,2,2,2,4,4,2,3,3,3,3,2,3,3,3,2,2,3,4,3,3,4,2,2,4,4,4,2,4,2,3,3,3,3,4,3,5,2,3,5,4,4,4,5,4,3,2,4,5,3,3,4,4,5,5,2,3,2,3,3,3,5,4,5,2,2,4,3,5,3,3,3,4,4,4,3,2,3,2,4,4,3,5,4,5,3,5,2,3,3,3,4,4,4,3,4,4,3,3,2,2,2,2,3,5,3,4,3,5,4,4,4,3,4,3,3,3,4,3,5,5,5,4,4,3,4,3,4,4,5,3,5,4
R_8kzh1t4kluQUSM2,1,3,4,4,3,1,1,1,1,1,3,1,6,5,5,5,4,6,7,7,7,7,7,7,7,7,7,7,7,7,7,7,7,7,7,7,2,3,4,5,4,2,3,2,3,1,7,1,6,7,6,7,6,3,2,3,3,4,4,3,2,2,2,2,2,2,3,3,5,3,5,4,7,6,4,3,6,7,7,7,6,7,5,7,4,6,5,2,3,2,6,5,4,5,3,7,7,7,7,7,2,7,6,5,5,2,3,4,2,2,2,3,3,2,1,2,3,2,1,4,2,3,2,2,3,5,2,2,1,4,2,3,1,1,1,1,1,5,1,1,1,2,2,3,2,2,2,3,2,2,2,2,2,2,2,2,2,2,2,2,2,2,3,3,5,7,7,6,6,6,6
R_2KTTsOLpjTPiIUF,4,4,4,4,4,3,2,2,2,2,2,3,5,5,5,6,4,5,3,3,3,3,3,3,3,3,3,3,3,3,3,3,3,3,3,3,5,5,5,5,5,5,5,5,5,5,5,5,5,5,5,5,5,5,3,3,3,3,3,3,3,3,3,3,3,3,3,3,3,3,3,3,3,3,3,3,3,3,3,3,3,3,3,3,3,3,3,3,3,3,5,5,5,5,5,5,5,5,5,5,5,5,5,5,5,5,5,5,2,2,2,2,2,2,2,2,2,2,2,2,2,2,2,2,2,2,2,2,2,2,2,2,2,2,2,2,2,2,2,2,2,2,2,2,3,3,3,3,3,3,3,3,3,3,3,3,3,3,3,3,3,3,1,3,3,5,3,5,5,5,5
R_2D1gbrwXVOpww8h,4,6,6,4,6,4,2,2,2,2,3,2,4,2,4,4,5,7,7,7,7,7,7,7,7,7,7,7,7,7,7,7,7,7,7,7,6,3,7,3,7,4,3,6,3,2,6,3,7,6,7,7,5,7,3,3,2,2,3,2,3,3,2,2,3,2,3,3,3,3,3,3,4,2,1,2,2,6,6,6,6,6,3,6,1,6,2,1,2,1,2,3,5,4,1,7,2,6,6,2,3,5,2,3,2,2,5,3,2,2,2,2,2,2,2,2,2,2,2,2,2,2,2,2,2,2,4,4,4,4,4,4,4,4,4,4,4,4,4,4,4,4,4,4,2,2,2,2,2,2,2,2,2,2,2,2,2,2,2,2,2,2,2,3,4,6,6,7,7,7,4
R_2WHh96szsHBwTcc,6,7,3,7,7,4,3,3,3,1,7,2,7,2,7,7,7,7,6,7,6,5,5,6,7,6,7,7,6,6,5,6,6,5,6,6,5,6,7,7,7,4,6,6,6,6,7,4,7,7,7,7,7,7,4,5,6,5,5,3,6,5,4,6,4,4,6,6,6,6,6,5,2,2,2,2,2,6,2,2,2,2,2,2,2,2,2,1,2,2,6,2,2,2,2,7,2,2,6,1,1,2,1,1,1,1,1,1,1,1,1,1,1,1,1,1,1,1,1,1,1,1,1,1,1,1,2,3,2,6,5,5,4,3,2,2,5,5,3,3,3,4,4,3,3,2,3,5,5,2,5,3,1,2,4,5,5,4,4,4,5,4,1,2,2,6,6,6,6,6,3
R_8AMtfmVDnf1msrz,4,4,4,4,4,5,5,5,5,5,5,4,4,5,4,4,4,4,5,5,5,5,5,5,5,5,5,5,5,5,5,5,4,5,5,5,4,5,4,5,5,5,4,4,4,4,5,5,5,5,5,5,4,5,2,3,3,3,2,2,3,3,3,3,3,3,3,3,3,3,3,3,5,5,5,5,5,5,5,5,5,5,4,5,3,5,4,5,5,3,4,4,4,4,4,5,5,4,5,4,4,3,5,3,4,4,3,3,3,3,3,3,3,3,3,3,3,3,4,3,3,3,3,3,3,3,4,4,4,4,4,4,4,4,4,4,5,4,4,4,4,4,4,4,4,4,4,4,4,4,4,4,4,4,4,3,3,4,3,4,4,4,3,3,3,3,4,5,4,5,4
R_8c07lcMK4vLtqoN,6,6,5,5,6,2,3,3,3,3,5,2,5,6,6,6,7,6,5,4,5,4,3,3,3,5,3,3,7,3,3,4,5,5,5,5,3,4,5,3,6,2,5,3,3,3,7,3,6,6,3,6,7,5,2,1,2,1,2,1,2,2,1,2,2,2,2,2,2,2,2,2,4,5,2,5,5,6,5,5,4,5,4,6,5,2,5,5,2,2,5,5,5,4,2,7,5,6,6,5,2,6,2,2,6,5,2,5,5,5,5,5,5,5,2,2,5,4,2,5,4,4,3,4,5,6,2,2,2,3,4,4,2,2,3,2,2,2,5,2,5,4,2,2,3,2,2,3,4,4,2,2,3,4,2,3,4,3,4,4,2,4,2,3,2,5,5,6,5,6,4
R_2G3SWJPKqso6L6h,1,4,7,7,7,7,1,7,7,1,4,7,3,1,4,4,7,7,6,6,6,6,7,7,6,6,6,6,4,5,6,5,6,5,5,5,2,4,3,4,4,3,1,1,2,1,5,2,5,3,5,4,3,4,1,1,1,1,2,1,1,1,1,1,3,1,2,2,3,2,1,3,7,6,7,7,3,7,7,7,7,7,4,7,3,3,1,4,1,1,7,3,7,7,4,7,7,7,7,7,3,7,5,5,5,3,4,4,1,1,1,4,1,4,1,1,1,1,1,1,7,6,4,4,6,7,5,6,4,5,3,6,6,5,5,6,4,4,3,3,3,3,4,4,3,4,4,4,4,4,4,4,4,4,4,3,4,4,4,4,4,4,4,4,3,2,2,3,2,2,3
R_8DcxPtbgRpr8G1r,5,7,7,5,7,7,4,1,5,5,7,1,7,4,7,7,7,7,7,7,7,7,7,7,7,7,7,7,7,6,7,7,7,7,7,7,6,6,7,6,7,4,4,6,6,6,7,2,7,5,7,7,7,7,1,1,1,1,1,1,1,1,1,1,1,1,1,1,1,1,1,1,5,1,1,2,1,3,6,6,4,3,2,7,1,5,1,3,1,1,5,3,1,2,1,6,6,5,5,3,1,7,1,4,1,1,4,1,1,3,3,3,3,3,1,1,1,1,2,1,3,1,3,2,3,3,2,5,5,5,5,5,2,2,2,2,3,2,4,2,5,4,5,5,5,5,5,5,5,5,5,5,5,5,5,5,5,5,5,5,5,5,7,5,7,6,6,1,2,2,1
R_2eFVM4y0VvUkFZi,1,1,7,5,2,5,1,1,1,1,3,1,4,1,6,7,5,6,5,7,6,5,5,5,6,5,5,5,7,1,5,7,7,6,6,6,2,7,1,2,1,3,2,2,2,2,4,1,2,4,2,6,3,3,1,2,1,2,1,1,2,2,1,2,3,1,2,1,2,2,2,3,2,1,1,3,1,5,7,7,7,6,7,6,6,7,5,5,2,3,7,6,1,6,4,7,3,6,6,6,2,6,7,5,6,5,7,2,7,7,7,6,6,6,3,3,2,4,3,4,6,6,7,6,6,4,2,4,1,2,2,2,2,5,2,2,3,7,4,5,2,1,2,4,3,4,3,4,4,3,3,3,5,4,3,7,2,4,2,2,3,5,5,6,6,2,2,4,4,3,3
R_2c7vueiywKHaUvc,4,4,5,3,2,5,1,1,1,1,3,1,5,4,4,5,3,5,7,7,7,7,7,7,7,7,7,7,7,7,7,7,7,7,7,7,4,4,4,5,4,4,4,4,4,4,4,4,4,4,4,5,5,4,4,6,4,4,4,4,4,4,4,4,4,4,4,4,6,6,4,4,5,7,5,5,2,5,7,6,4,7,7,5,4,5,7,6,4,7,6,2,6,7,3,7,3,4,4,6,7,1,4,4,7,7,3,4,2,4,5,2,3,4,3,5,5,4,6,5,2,5,4,5,5,6,1,3,2,4,3,3,1,2,1,3,2,3,5,5,2,2,1,6,3,2,3,3,3,3,2,4,4,1,1,3,2,3,2,3,3,3,1,1,2,5,4,5,4,3,6
R_22JHPGUmhWJuc2n,5,5,7,7,7,1,7,7,4,5,7,1,5,5,5,5,7,5,7,6,7,7,7,7,7,6,7,7,5,5,7,6,6,6,5,5,5,5,5,7,4,2,3,7,6,6,6,5,4,3,5,4,4,2,2,3,4,2,2,3,2,1,1,2,4,2,4,2,4,3,3,1,7,6,1,4,6,7,7,7,7,7,1,7,4,7,3,7,1,2,1,3,1,1,7,7,3,6,7,3,1,7,1,1,1,3,3,7,2,2,3,3,7,3,2,2,1,1,2,4,2,3,1,2,2,7,2,3,3,4,4,3,4,4,3,3,2,7,3,1,2,2,3,4,2,1,2,2,4,2,2,2,2,1,2,5,1,1,1,1,3,5,1,3,2,4,5,5,2,5,3
R_2Vw4nkd2sgM1cnX,2,6,6,7,5,5,7,1,2,7,4,1,4,1,4,4,7,7,7,7,7,7,7,7,7,7,7,7,7,7,7,7,7,7,7,7,6,6,6,6,4,4,6,2,6,6,6,2,6,5,6,6,6,6,3,3,3,3,3,3,3,3,3,3,3,3,3,1,3,3,3,3,6,3,4,6,5,5,6,7,6,7,2,7,2,6,2,5,2,1,2,2,4,4,2,2,4,6,6,5,2,2,2,1,2,2,1,2,2,2,2,2,2,2,2,2,2,2,2,2,2,2,2,2,2,2,2,2,2,2,2,2,2,2,2,2,2,2,2,2,2,2,2,5,4,4,4,4,4,4,4,4,4,4,4,4,4,4,4,4,4,4,4,4,6,6,6,6,6,6,5
R_8GWFjSJ3ugH9kAx,1,4,3,4,5,2,2,1,2,2,2,1,5,1,5,2,5,5,6,5,6,5,6,6,5,4,5,5,6,5,6,5,6,5,5,6,2,3,5,5,3,4,4,4,5,6,5,2,3,5,4,3,2,4,2,4,3,5,4,4,3,3,2,5,2,5,3,4,4,3,6,3,7,5,3,5,6,7,7,7,6,7,6,7,2,7,2,5,2,4,6,4,5,3,4,6,2,2,5,3,2,6,2,5,6,3,4,6,3,2,2,2,3,2,2,2,2,3,3,3,5,5,3,2,2,6,2,3,2,3,3,4,3,3,3,2,2,6,1,3,2,2,3,6,5,3,2,4,4,3,3,4,4,4,4,2,3,5,5,5,3,3,4,5,3,6,4,5,6,6,4
R_2H8IMcFIwPLloKe,5,4,5,3,1,4,2,3,5,5,5,5,4,3,3,5,3,5,4,3,3,3,3,3,4,5,4,5,4,5,2,5,4,4,3,3,5,4,3,4,4,3,5,3,5,4,5,4,6,5,5,4,5,3,3,6,3,6,3,4,5,3,5,4,5,3,3,4,6,3,6,3,4,2,5,4,3,4,4,3,4,3,4,5,6,5,4,4,5,5,7,3,3,4,4,7,7,5,4,6,4,7,7,4,5,3,5,7,3,4,5,5,3,5,3,5,6,5,5,2,2,7,4,4,3,4,5,5,2,3,6,6,3,4,3,3,5,2,6,3,4,6,2,6,4,6,4,3,4,3,3,5,2,3,2,3,4,4,4,5,6,1,4,5,3,3,3,5,5,2,5
R_23OUPKdZPgVO60V,7,7,7,7,7,7,1,1,1,1,7,7,7,7,7,7,7,7,7,7,3,5,3,7,4,4,3,3,5,4,7,7,7,4,7,7,7,5,7,5,5,5,5,5,5,5,7,5,7,7,7,7,7,7,3,3,3,3,3,3,3,4,3,3,3,4,4,4,3,4,3,4,5,5,5,5,5,5,5,5,5,5,1,5,1,1,1,1,1,1,5,3,5,5,5,5,3,5,5,5,5,3,5,5,5,3,5,5,1,1,1,1,1,1,1,1,1,1,1,1,1,1,1,1,1,1,4,4,4,4,7,4,4,4,4,4,7,4,7,7,7,7,7,7,5,5,5,5,5,5,5,5,5,5,3,5,3,3,3,3,3,3,5,5,5,3,3,6,2,6,3
R_81oRWbB88V7EtZv,7,7,7,7,3,7,5,5,3,6,7,2,7,7,7,7,7,7,7,6,5,3,5,4,4,6,5,6,5,6,4,6,5,6,4,4,7,7,7,5,3,4,5,7,3,5,7,3,7,7,7,7,7,7,3,4,2,1,2,1,2,4,2,3,4,2,4,4,4,3,3,5,1,3,3,3,7,6,6,7,6,6,1,7,1,1,1,1,1,1,1,1,1,3,6,7,2,6,4,3,2,7,1,1,1,1,1,1,1,1,5,2,4,1,1,1,1,1,1,1,1,1,1,1,1,5,1,2,3,4,5,6,1,1,1,1,1,2,1,1,1,1,1,1,3,5,7,7,7,7,2,2,2,1,2,2,2,1,1,1,1,2,1,6,6,5,3,2,6,7,6
R_8O3mr5YwSZa28vK,3,7,4,5,7,5,6,3,3,3,6,3,6,3,6,7,6,7,6,5,5,6,3,5,5,5,5,5,5,4,5,4,5,4,4,5,1,5,1,3,4,1,1,1,2,2,3,1,2,4,4,4,5,4,1,5,2,2,3,2,1,1,2,1,5,1,3,4,2,5,5,4,7,5,5,5,3,2,7,6,7,7,5,5,5,1,1,2,1,1,7,7,7,7,7,7,6,7,7,7,5,7,5,7,5,6,5,7,3,5,5,4,3,4,1,1,5,3,1,5,2,2,4,5,4,6,3,3,7,5,5,6,7,4,6,7,5,7,5,6,2,4,5,4,4,4,4,4,4,4,4,4,4,4,4,4,4,4,4,4,4,4,2,2,4,3,5,3,5,3,6
R_2l3oioVAimxLfSb,1,4,4,3,1,3,1,1,3,1,7,1,7,3,7,7,6,7,7,7,7,2,3,7,7,6,6,2,6,6,6,5,6,6,6,6,4,4,4,2,2,2,2,5,4,3,4,3,4,4,4,5,4,5,2,2,2,1,1,2,1,2,2,1,2,1,2,2,2,2,2,2,7,7,6,6,7,6,7,7,6,7,7,7,4,2,2,3,2,5,6,6,7,6,7,7,7,7,7,7,6,7,2,2,2,3,2,2,2,3,2,3,1,2,1,2,6,1,4,2,6,6,6,6,6,6,5,3,2,7,7,5,1,1,6,6,4,6,2,2,6,6,2,6,5,2,2,6,6,4,3,2,1,4,4,2,5,4,2,5,4,4,3,3,6,6,4,6,5,5,4
R_2pmqdnR3YwY6XQv,1,5,4,2,2,1,1,3,1,2,7,1,7,1,7,7,7,7,7,6,7,7,4,5,7,7,7,7,7,6,7,7,7,7,7,6,2,4,1,1,1,1,1,3,1,2,7,1,7,1,7,7,6,7,1,4,1,1,1,1,2,1,2,1,5,1,4,2,4,4,4,3,7,7,7,7,7,7,7,7,7,7,4,7,2,7,3,3,3,1,5,4,4,3,7,7,5,6,5,6,2,7,2,4,2,2,2,4,6,4,2,4,4,6,2,2,2,4,4,2,3,4,4,5,4,5,6,3,4,5,5,5,4,5,4,4,1,6,1,1,1,2,1,1,5,3,3,6,5,5,5,5,2,6,4,5,2,2,2,2,1,2,1,4,6,2,4,3,3,2,2
R_8MkCrGfOLNNvK8N,1,1,2,4,6,1,3,1,1,1,1,3,4,2,3,5,1,2,5,6,5,4,5,5,6,7,6,7,4,4,5,6,6,4,6,5,1,4,3,3,6,2,4,2,4,4,6,6,5,6,5,6,6,5,1,3,1,1,1,1,1,1,1,1,2,2,2,2,2,2,3,1,7,4,7,6,7,6,7,5,7,7,3,7,2,5,1,1,1,1,4,4,6,3,1,6,3,4,1,4,2,4,3,2,2,3,2,5,1,1,1,4,1,1,1,1,1,1,1,1,2,1,2,4,2,7,6,4,4,5,2,6,3,4,2,5,2,4,2,2,3,3,3,7,2,2,4,4,4,4,4,2,4,2,3,5,4,2,4,5,3,6,2,6,5,2,5,3,4,1,1
R_2PGS6e043jl2AdX,1,5,5,7,7,4,3,5,1,1,7,5,7,7,5,7,7,7,7,7,4,4,3,7,7,7,7,7,7,5,4,5,4,5,5,7,4,2,2,7,4,1,4,2,2,2,4,2,7,7,4,7,7,7,2,1,1,1,4,1,1,1,1,1,2,1,4,1,4,4,4,4,7,7,7,7,7,7,7,7,7,7,7,7,1,5,2,2,3,2,5,7,4,7,7,6,4,7,7,5,4,5,4,4,3,2,2,6,1,1,2,1,1,1,1,1,1,1,2,1,5,7,4,5,4,5,5,1,1,5,6,1,2,1,1,2,2,4,4,3,1,3,5,5,4,3,2,4,5,3,4,4,4,2,2,5,5,3,4,5,4,5,4,2,2,4,2,7,2,5,5
R_81ixSnGopVnuhYB,4,3,3,3,4,3,3,3,3,2,4,3,4,3,4,4,4,4,4,5,4,4,5,4,4,4,4,4,4,4,4,4,4,4,4,4,3,4,4,4,4,4,4,4,4,4,4,4,4,5,4,4,4,4,4,4,3,3,4,3,4,4,3,3,4,3,4,4,3,4,3,4,4,6,4,5,5,6,5,5,5,5,5,5,5,5,5,5,5,4,4,4,3,4,4,4,4,3,4,4,4,4,4,4,4,4,4,4,4,4,4,4,4,4,4,4,4,4,4,4,4,4,4,4,4,4,3,3,3,3,3,3,3,3,3,3,3,3,3,3,3,3,3,3,4,4,4,4,4,4,4,4,4,4,4,4,4,4,4,4,4,4,4,4,4,4,4,4,4,4,4
R_22QvJBWBImdTPHO,6,7,6,7,5,3,5,5,4,6,6,6,7,7,7,7,7,7,5,5,6,6,6,6,5,5,4,5,5,5,7,7,7,6,6,6,5,5,6,6,7,3,5,5,4,6,6,6,7,6,7,7,7,7,1,2,1,1,2,1,1,2,2,3,2,1,1,2,2,2,1,2,6,3,4,1,2,5,4,6,5,5,4,6,1,1,1,1,1,1,7,7,5,6,5,7,7,7,5,5,5,5,2,4,1,5,1,1,4,4,3,3,3,5,1,2,2,1,4,2,7,7,7,7,7,6,3,4,2,5,5,4,4,2,3,4,4,4,4,3,4,4,5,5,3,2,4,4,2,5,3,3,4,3,3,5,2,4,3,3,3,3,2,4,5,6,5,4,5,5,3
R_2V2rxduLtp7by1k,1,1,1,6,6,1,1,1,1,1,6,1,6,1,6,6,6,6,6,5,4,5,2,3,7,4,5,4,7,2,5,5,3,3,3,2,6,4,2,4,2,2,6,6,2,2,6,2,4,3,4,5,4,2,2,2,3,3,3,2,3,2,2,3,4,2,1,1,2,2,3,1,7,7,7,4,7,7,7,7,7,7,7,7,5,4,4,4,3,5,5,2,2,7,6,7,2,2,2,2,3,2,5,3,3,6,3,4,7,6,5,5,5,5,5,5,5,5,5,6,4,1,4,4,4,4,1,1,1,3,1,3,1,1,1,1,3,1,3,2,4,3,4,4,1,2,2,3,4,2,2,2,2,2,2,4,3,3,2,3,3,4,2,2,2,5,6,5,5,5,3
R_2KbkNqqc8tcbUc1,4,3,2,3,6,2,1,1,2,1,4,2,3,5,4,3,5,7,4,4,3,4,4,4,7,4,4,7,4,4,4,3,4,3,4,3,6,5,4,6,6,6,4,5,4,4,6,5,5,5,4,5,4,6,1,1,1,1,1,2,1,1,1,1,1,1,1,1,2,1,1,2,6,5,4,4,4,7,6,6,5,5,4,5,4,4,5,4,4,4,5,3,4,3,3,3,4,6,3,3,5,6,4,2,5,7,3,6,4,4,5,4,6,4,4,5,3,3,5,5,6,5,4,4,5,6,5,6,3,6,6,6,4,5,5,5,3,5,3,4,4,2,4,6,5,5,5,5,5,5,5,5,5,5,5,5,5,5,5,5,5,5,2,4,3,3,6,3,2,2,3
R_2HMsLgGxXpB2n2g,4,6,5,7,7,6,4,5,5,4,6,7,7,7,7,7,6,7,3,4,3,3,2,3,4,4,5,4,4,4,3,3,4,3,3,3,4,6,6,5,4,4,4,3,4,4,7,6,7,6,7,7,6,7,1,1,1,1,1,1,1,1,1,1,1,1,1,1,1,1,1,2,2,5,5,3,5,4,3,6,3,5,2,3,1,1,1,1,1,1,2,1,1,2,3,3,4,4,4,1,1,2,1,1,1,1,1,1,6,6,1,6,6,5,1,1,1,1,1,1,5,6,6,5,6,5,5,5,5,6,4,6,3,3,3,5,5,3,5,3,3,6,6,6,6,6,4,6,4,6,4,4,4,4,4,5,6,6,7,6,6,6,4,6,5,4,4,4,6,5,3
R_8QK9Pr1HI4A4NeO,5,1,5,3,1,1,4,4,1,2,3,1,2,1,2,6,5,3,5,5,7,6,4,6,7,7,7,7,7,4,7,7,7,7,7,4,2,2,7,7,6,1,1,3,2,3,6,1,7,6,7,7,7,7,1,1,1,2,1,1,1,1,1,1,1,1,2,1,2,2,3,2,7,7,3,6,2,7,7,7,7,7,7,7,7,7,5,6,7,2,4,6,6,1,1,7,1,6,7,2,3,7,1,3,1,1,1,1,1,1,1,1,1,5,1,1,1,1,1,1,1,1,5,1,1,6,5,5,5,5,7,7,4,7,7,6,2,7,1,5,1,1,2,1,5,3,2,5,6,5,2,1,6,5,1,6,1,3,3,2,1,5,2,3,3,6,4,3,6,7,4
R_8attOVebKR5Y1vY,5,7,6,7,3,3,6,4,6,7,6,6,6,7,7,4,7,5,4,4,4,4,4,4,4,4,4,4,4,4,4,4,4,4,4,4,4,4,4,5,6,3,6,5,5,3,5,5,4,4,4,4,6,4,6,4,4,2,2,4,4,4,3,4,6,4,4,4,4,4,5,4,4,5,2,4,4,5,6,1,4,5,4,4,6,4,5,3,3,7,4,3,4,4,4,4,3,6,5,5,5,2,7,4,4,4,6,2,2,3,4,3,5,3,4,4,3,5,4,6,4,6,4,1,5,4,4,4,3,6,7,6,4,3,3,4,5,4,4,5,4,6,4,4,6,5,3,6,5,5,5,2,4,5,5,5,5,4,5,6,5,2,3,3,4,5,6,4,4,5,3
R_2jPACKMdQuDkWOU,1,1,1,1,7,1,1,1,1,1,7,1,7,1,7,7,7,7,7,7,7,7,7,7,7,7,7,7,7,7,7,7,7,7,7,7,4,4,4,4,4,4,4,4,4,4,4,4,4,4,4,4,4,4,3,3,3,3,3,3,3,3,3,3,3,3,3,3,3,3,3,3,4,4,4,4,4,4,4,4,4,4,4,4,4,4,4,4,4,4,5,5,5,5,5,5,5,5,5,5,5,5,5,5,5,5,5,5,4,4,4,4,4,4,4,4,4,4,4,4,4,4,4,4,4,4,4,4,4,4,4,4,4,4,4,4,4,4,4,4,4,4,4,4,3,3,3,3,3,3,3,3,3,3,3,3,3,3,3,3,3,3,3,6,4,5,5,5,5,5,5
R_22yFLP4qI6KMTvx,1,3,1,1,5,2,1,1,1,1,2,1,7,1,7,7,7,7,7,5,6,5,6,3,3,5,6,3,5,3,6,3,6,6,6,3,2,3,1,3,3,1,1,1,1,1,5,1,4,1,3,5,4,3,1,1,1,1,1,1,1,1,1,1,3,1,2,1,2,2,1,3,7,6,6,7,7,7,7,7,7,7,6,7,4,5,4,5,5,2,6,6,6,6,7,7,7,7,7,7,5,7,5,6,5,6,4,4,1,1,1,1,2,1,1,1,1,1,2,1,3,1,3,2,2,1,3,5,3,5,7,5,6,7,7,7,2,7,3,7,2,3,3,5,4,4,4,4,4,5,6,7,7,7,5,7,4,4,2,4,3,5,2,5,5,5,5,3,5,2,7
R_2CfTCCtvF3Zz5WV,2,3,7,7,3,5,3,2,3,2,2,2,7,7,7,7,4,7,6,6,6,6,6,5,4,5,7,5,5,6,6,7,7,6,6,5,6,5,5,6,6,6,5,6,6,6,5,5,5,5,5,5,5,5,5,5,5,5,4,5,5,3,4,5,5,5,4,5,5,5,5,6,1,3,4,1,2,1,2,7,2,5,1,7,1,1,1,1,6,1,2,3,5,3,1,5,3,4,5,5,5,7,1,3,1,5,3,4,5,5,4,3,4,5,4,4,5,5,6,5,4,3,3,1,3,1,5,5,4,5,4,7,5,5,5,5,4,3,4,5,5,6,4,5,5,3,4,3,3,4,4,4,4,5,4,6,4,4,3,4,4,5,4,3,3,5,5,3,3,4,4
R_8jO4QEm9pzp9t1M,5,3,2,3,5,2,5,3,2,3,3,3,2,5,2,2,2,5,3,4,5,2,3,3,5,5,6,6,5,2,4,2,5,3,3,4,5,4,4,2,3,1,3,2,3,2,5,2,6,5,6,5,5,6,5,2,4,2,3,1,3,2,3,3,6,1,6,5,6,5,5,6,5,3,6,4,4,7,3,6,4,6,4,5,2,2,2,2,3,2,2,7,3,3,4,7,2,6,4,2,2,2,2,3,1,2,2,3,2,2,2,2,2,2,2,1,1,2,4,6,3,4,3,3,2,4,6,4,3,3,3,1,2,2,1,2,3,6,5,5,5,5,5,5,4,2,2,3,2,1,2,1,2,2,3,7,4,5,4,6,3,5,2,6,5,5,5,6,6,6,4
R_2LDW61ljEjcrk53,3,3,3,3,3,3,3,3,3,3,5,7,7,6,7,7,7,7,7,7,7,7,7,7,7,7,7,7,7,7,7,7,7,7,7,7,7,6,6,7,6,6,7,6,6,6,7,6,7,7,7,7,7,7,3,2,4,2,3,2,3,2,3,5,3,5,5,4,6,4,4,4,7,5,1,5,6,6,7,7,7,7,6,1,1,5,1,2,1,1,1,4,1,4,4,7,5,7,6,5,1,7,1,1,1,1,1,1,5,4,5,2,2,2,1,2,1,2,5,7,7,5,7,7,7,7,3,2,7,3,4,2,2,1,2,3,4,3,7,7,7,5,7,7,4,4,4,4,4,4,4,4,4,4,4,4,4,4,4,4,4,4,7,4,6,3,2,1,1,1,1
R_8Pim2WW3K9mNiWj,1,2,4,6,7,1,4,3,5,1,7,1,3,4,6,7,6,7,7,7,7,7,7,7,7,7,7,7,7,7,7,7,7,7,7,7,3,4,7,7,5,1,3,4,6,3,7,1,7,7,7,7,6,7,2,3,7,5,7,1,3,3,7,3,7,1,7,7,7,7,7,7,7,3,3,3,3,4,7,7,5,7,4,7,1,1,1,1,1,1,7,1,1,1,1,7,3,3,1,2,1,7,1,1,1,1,1,1,4,7,1,4,7,4,1,7,7,1,7,1,7,4,7,7,7,7,4,4,4,4,4,4,4,4,4,4,4,4,4,4,4,4,4,4,4,4,4,4,4,4,4,4,4,4,4,4,4,4,4,4,4,4,4,4,4,2,1,4,4,3,1
R_86m65thYlm1LhOa,3,1,1,1,1,1,1,1,2,2,1,1,7,7,7,7,7,7,6,5,5,3,4,2,6,6,4,6,7,3,3,5,3,3,3,2,7,4,6,5,7,2,4,2,3,3,5,1,7,3,6,7,5,5,3,3,1,2,3,1,1,3,1,1,5,1,4,5,5,4,6,4,6,4,6,4,6,6,7,7,7,7,1,7,5,2,2,2,5,3,1,4,3,1,1,7,1,4,1,1,1,1,1,1,1,1,2,1,1,1,1,1,1,2,1,1,1,1,1,1,1,1,1,1,1,1,1,1,1,1,1,1,1,1,1,1,1,1,1,1,1,1,1,1,1,2,3,2,2,2,3,4,5,2,2,4,5,3,3,2,4,2,2,3,2,6,5,7,7,7,7
R_8dRhxSZ5ctHKZV3,5,5,2,6,6,3,2,2,3,2,3,5,6,6,6,6,6,6,6,6,6,6,6,6,6,6,6,6,6,6,6,6,6,6,6,6,5,6,6,4,6,3,3,3,3,2,5,4,6,6,6,6,6,7,5,4,2,4,3,3,3,2,2,2,6,5,6,6,6,6,6,4,2,3,5,4,2,5,5,5,5,5,2,5,1,1,1,2,1,1,3,4,5,3,5,6,5,5,5,5,1,5,2,3,2,2,3,3,5,2,2,5,5,2,2,2,2,2,2,2,6,6,6,5,5,5,1,1,1,1,1,1,1,1,1,1,1,1,1,1,1,1,1,1,1,1,1,1,1,2,2,2,2,2,1,3,1,1,1,1,1,3,1,3,3,5,2,2,3,3,1
R_8woeo8VZtEuGOEB,6,6,6,7,5,7,6,7,5,6,6,7,6,7,6,6,6,6,5,5,4,6,5,6,4,5,4,6,4,5,4,5,4,5,5,6,4,3,5,5,4,5,3,3,3,4,4,5,4,3,3,3,4,4,1,2,3,1,2,1,2,3,3,3,2,1,3,3,2,2,3,2,5,3,3,5,3,4,4,4,4,5,6,5,3,4,2,2,3,2,5,4,5,4,5,6,4,5,4,5,3,6,3,4,4,3,3,5,4,5,2,4,4,2,3,2,3,2,4,5,4,4,5,4,4,5,3,2,2,3,2,3,2,2,2,3,3,3,2,3,3,3,3,3,5,5,5,4,4,5,3,3,3,3,3,4,5,5,4,4,5,5,3,3,4,5,4,5,5,5,4
R_2jzDImsNBdCYhjj,3,5,6,4,7,2,3,1,1,5,6,2,6,4,7,4,7,7,7,4,5,5,4,5,5,5,5,4,6,7,5,4,5,7,7,6,2,3,3,3,4,1,3,1,1,1,7,1,7,3,7,7,7,7,1,1,1,1,1,1,1,1,1,1,1,1,1,1,1,1,1,1,4,7,3,7,7,7,7,7,7,7,1,7,1,4,1,1,1,1,4,7,4,7,3,7,7,7,7,7,1,7,1,3,1,1,1,1,1,1,1,3,1,1,1,1,1,1,5,1,7,5,6,5,7,5,5,4,4,4,4,5,4,4,4,3,1,7,1,5,6,6,1,6,5,5,5,5,5,7,7,5,6,5,4,7,5,4,5,2,3,7,4,5,7,7,7,7,6,7,5
R_89s1fadlUvnPSCU,2,4,2,2,4,1,1,1,1,1,2,1,3,1,5,5,3,3,5,4,5,4,4,5,5,4,3,4,5,3,5,4,5,5,5,4,5,5,6,5,6,4,3,3,2,3,6,3,6,3,5,5,5,7,1,3,2,1,2,2,1,1,1,1,3,1,3,2,2,3,2,3,4,3,5,4,2,5,6,6,6,6,4,6,4,5,2,3,2,3,4,3,7,2,5,7,4,6,6,6,4,5,5,6,5,4,5,3,3,3,3,5,3,3,3,3,3,2,3,3,3,3,3,3,3,4,4,5,3,5,5,5,4,3,3,5,2,5,3,4,4,5,4,3,3,3,3,6,3,3,3,3,3,4,3,4,3,4,3,3,4,3,3,3,3,4,5,5,5,5,5
R_27Ptxtqkpexax34,5,6,4,6,5,5,3,2,3,3,4,3,6,2,5,6,6,5,5,5,6,5,6,6,6,6,5,6,5,4,6,5,6,6,5,4,5,6,7,7,5,3,4,4,4,6,7,3,6,4,4,6,7,7,2,2,1,2,1,1,1,1,2,1,2,1,2,2,2,3,2,3,7,5,6,4,5,7,7,6,6,6,4,1,3,6,5,2,2,1,5,2,1,3,4,4,5,4,4,5,2,6,4,2,3,3,5,1,5,5,2,3,4,6,3,2,3,2,2,5,5,3,5,2,5,4,5,4,2,4,4,3,3,2,2,2,3,6,2,5,2,3,3,4,3,3,3,3,3,2,2,2,2,3,5,6,4,3,3,3,5,5,4,5,5,4,3,5,2,5,3
R_8qJcNXGK9qMm8aG,4,7,7,3,7,3,1,2,1,1,5,1,7,3,7,3,5,7,7,7,7,7,7,7,7,7,7,7,7,7,7,7,7,7,7,7,3,3,5,6,6,3,2,2,5,3,5,3,4,4,6,5,5,6,5,4,2,6,3,3,4,2,6,3,4,4,3,4,3,2,3,3,7,7,1,7,7,7,7,7,7,7,7,7,5,7,5,7,7,1,6,6,2,6,2,7,5,7,6,6,3,6,3,3,4,3,2,2,1,1,1,1,1,1,1,1,1,1,1,1,1,1,1,1,1,1,2,5,5,4,5,3,2,1,2,4,1,2,2,2,3,2,6,6,2,2,3,3,2,2,3,4,2,3,5,5,5,3,5,4,2,6,1,3,3,2,2,3,5,6,2
R_2AM86YT8n3celuh,4,6,5,5,6,6,3,2,3,3,6,3,6,6,6,5,6,6,6,6,4,7,6,7,7,7,7,7,6,5,7,7,7,7,7,6,5,4,4,5,6,2,3,2,3,3,6,2,5,5,6,5,4,6,4,3,2,3,5,4,3,2,3,4,5,2,3,4,3,4,4,2,3,4,4,2,2,3,5,6,6,5,2,6,3,4,2,4,3,3,2,4,3,3,3,3,2,4,3,4,2,2,4,2,5,4,2,5,1,1,4,2,3,1,1,1,1,1,1,2,2,2,1,1,2,4,2,2,4,3,3,2,3,3,2,2,3,5,2,3,3,4,3,5,2,2,2,2,2,2,2,2,2,2,2,3,2,3,2,2,3,4,2,2,2,5,4,4,4,5,4
R_8QPsKbumrUOcGJG,4,3,3,4,7,1,1,1,1,1,1,1,7,1,1,4,4,7,7,7,7,7,7,7,7,7,7,7,7,7,7,7,7,7,7,7,4,4,4,4,4,4,4,4,4,4,4,4,4,4,4,4,4,4,4,4,4,4,4,4,4,4,4,4,4,4,4,4,4,4,4,4,4,4,4,4,4,4,4,4,4,4,4,4,4,4,4,4,4,4,4,4,4,4,4,4,4,4,4,4,4,4,4,4,4,4,4,4,4,4,4,4,4,4,4,4,4,4,4,4,4,4,4,4,4,4,1,1,1,4,4,4,1,1,1,1,4,1,4,1,4,4,4,4,4,4,4,4,4,4,4,4,4,4,4,4,4,4,4,4,4,4,1,1,1,7,1,7,7,7,7
R_8I3IiewExdenL8T,5,3,7,6,4,3,2,2,2,2,6,2,4,6,6,6,6,7,7,7,7,7,7,7,7,7,7,7,7,7,7,7,7,7,7,7,3,3,3,3,3,3,3,3,3,3,7,3,7,7,7,7,7,7,1,1,1,1,1,1,1,1,1,1,1,1,1,1,1,1,1,1,4,4,1,1,7,5,6,6,6,4,4,7,1,7,1,6,2,1,5,5,1,3,4,7,2,7,7,2,4,7,1,4,1,2,1,2,5,1,5,1,1,5,1,1,1,1,1,4,1,1,1,1,1,5,4,3,4,4,6,3,2,2,2,3,3,3,3,3,4,4,4,5,2,4,5,5,5,5,4,4,3,4,4,5,4,4,3,4,4,5,2,3,2,3,5,2,2,3,2
R_2WOlrgXNOibXDCF,3,5,3,1,1,2,1,1,1,1,1,4,1,4,1,1,3,1,7,5,7,5,7,7,7,6,7,4,7,3,3,7,7,7,7,5,5,5,7,4,5,6,3,2,6,4,7,4,7,3,6,5,5,5,1,5,3,1,1,1,4,1,1,1,1,1,7,1,1,5,5,1,5,3,3,4,4,7,5,5,5,5,4,2,6,7,1,2,2,4,1,1,4,1,1,2,1,2,1,1,1,4,3,4,4,1,1,2,4,3,1,1,1,1,1,1,3,3,1,1,3,6,1,3,3,1,1,1,1,1,1,1,1,1,1,1,1,5,1,1,3,1,3,1,1,1,1,1,1,1,1,1,1,1,3,2,1,2,1,1,1,1,1,2,1,2,2,1,1,2,1
R_2D1Q4Iiexlev3RD,3,4,6,5,5,3,5,4,3,4,5,2,6,4,4,6,3,4,5,5,5,5,4,6,5,6,5,5,7,4,5,5,5,5,5,6,6,6,6,6,7,4,6,6,5,6,7,5,7,5,7,7,7,7,2,2,2,2,3,1,2,2,2,2,4,1,2,3,3,3,3,4,7,5,2,4,1,7,5,5,5,4,2,6,1,2,1,1,2,1,6,6,6,3,2,7,5,2,6,4,3,5,2,3,4,2,4,2,2,2,2,2,2,1,2,2,2,2,2,2,3,4,5,4,4,5,1,5,2,5,4,2,4,2,2,3,6,3,6,5,6,6,5,3,3,3,1,2,2,2,3,2,2,3,1,3,3,2,3,3,2,4,2,4,4,6,6,5,6,7,2
R_8MXgvl7eqLp3Nbb,2,5,4,2,5,1,1,3,2,2,3,1,3,5,6,4,1,5,6,6,6,3,3,6,3,6,6,2,3,3,6,4,4,6,6,4,3,6,3,3,5,1,4,4,3,6,4,1,7,5,2,6,2,3,4,2,3,1,3,4,2,1,1,1,3,2,1,4,2,2,2,2,2,3,6,3,4,4,7,5,7,6,7,6,3,3,3,6,3,2,4,6,3,3,4,3,2,4,6,5,3,1,6,1,7,5,3,6,3,1,5,4,3,3,1,7,3,6,3,5,2,5,5,2,2,2,4,5,4,2,4,5,3,4,6,5,1,5,4,5,4,5,3,2,1,5,5,1,2,4,4,2,4,5,5,5,3,2,3,6,6,3,6,5,2,3,5,4,5,6,2
R_2mRk4uOzaXI9Dbs,6,7,7,6,7,1,5,3,3,3,7,3,7,1,7,7,7,7,7,7,7,7,7,7,7,7,7,7,7,7,7,7,7,7,7,7,5,6,5,6,7,4,6,4,4,6,7,5,7,5,7,7,7,7,3,3,3,3,3,3,3,3,3,3,3,3,3,3,3,3,3,3,5,3,3,3,1,7,7,7,7,7,1,7,1,4,1,1,1,1,7,4,3,5,2,7,5,7,7,5,1,7,1,1,3,1,7,5,1,1,1,1,4,1,1,1,1,1,1,1,4,3,4,4,1,5,3,4,3,4,2,2,2,2,7,2,3,7,3,4,2,2,2,7,1,3,3,3,3,1,1,1,1,1,3,1,3,2,3,3,3,5,1,4,4,5,4,5,4,7,3
R_2gjQ9zLonXIUsic,1,1,1,1,3,1,1,1,1,1,2,1,6,1,5,5,3,6,6,6,5,6,4,5,6,6,6,6,5,5,6,6,6,6,6,5,5,5,7,6,7,3,7,7,7,7,7,6,7,7,7,7,7,7,1,1,1,1,1,1,2,1,1,2,2,1,1,1,1,1,1,1,7,6,7,7,1,7,7,7,7,7,6,7,7,7,4,7,4,1,7,5,7,5,7,7,7,7,7,7,6,7,7,7,3,5,3,4,2,3,5,3,1,1,1,2,2,2,3,2,3,3,3,2,3,2,1,1,1,2,3,5,1,1,1,1,1,1,1,1,1,1,1,1,3,3,7,5,6,6,4,5,4,4,4,5,5,4,4,3,3,4,2,3,4,1,1,1,3,2,1
R_8nwJcpnKun7Lerf,4,7,7,5,7,4,4,1,7,4,6,1,4,1,4,7,7,7,7,7,7,7,7,5,7,7,7,7,7,4,7,7,7,7,7,7,2,4,7,1,2,4,2,1,4,5,2,1,7,2,2,7,2,7,1,1,1,1,1,1,1,1,1,1,1,1,1,1,1,1,1,1,6,7,1,7,7,6,7,7,7,7,7,7,5,7,6,7,6,1,7,7,7,7,7,7,7,7,7,7,7,7,7,7,7,7,7,7,7,7,7,4,7,7,7,7,7,7,7,3,7,7,7,7,7,7,7,7,7,7,7,7,7,3,4,7,4,7,1,4,7,1,7,7,4,4,4,4,4,5,3,4,4,4,5,6,4,3,5,4,3,6,3,3,2,1,7,4,7,7,1
R_8phhyKvPXYSdJkB,7,7,7,7,7,4,1,4,1,1,7,1,7,5,7,7,7,7,7,7,7,7,7,7,7,7,7,7,7,7,7,7,7,7,7,7,4,6,7,4,7,3,7,4,5,7,7,3,7,4,7,7,7,7,1,1,1,1,1,1,1,1,1,1,4,1,1,1,1,1,4,1,4,3,1,1,1,7,7,7,7,3,1,7,1,1,1,1,1,1,7,1,1,1,1,7,7,1,7,4,1,7,1,7,1,1,1,1,1,1,1,1,1,1,1,1,1,1,1,1,1,1,1,3,5,5,4,3,2,5,5,4,4,5,6,5,4,6,5,5,3,5,5,6,3,3,2,3,1,4,1,3,2,2,2,4,3,4,3,3,4,5,1,5,3,2,2,2,3,3,3
R_2V9ZrZ61sPLZL5K,1,5,1,6,6,1,1,1,1,1,6,1,6,5,6,5,5,6,7,7,7,7,7,7,7,7,7,7,7,7,7,7,7,7,7,7,7,7,7,7,7,4,4,4,3,3,7,7,7,7,7,7,5,7,1,1,1,1,1,1,1,1,1,1,1,1,1,1,1,1,1,1,7,4,5,1,1,6,7,7,7,7,1,7,1,3,2,1,2,1,4,4,4,4,4,4,4,4,4,4,4,4,4,4,4,4,4,4,2,2,3,3,3,3,3,3,2,3,3,3,2,2,2,3,2,3,1,3,1,1,1,1,3,1,2,1,1,1,2,1,1,3,2,1,1,1,1,1,1,1,1,1,1,1,1,1,1,1,1,1,1,1,1,2,1,1,1,2,2,2,4
R_8dN8ArkLRaOkEmi,2,7,1,7,5,7,1,1,1,2,5,1,5,1,7,7,7,7,7,7,7,7,7,6,7,7,7,7,7,4,7,7,7,7,7,4,7,6,7,7,7,7,5,3,6,4,7,1,7,2,7,7,4,5,1,1,1,1,3,1,1,1,1,1,1,1,1,1,1,1,2,1,6,3,3,1,2,7,7,7,7,7,4,6,1,3,2,4,2,1,2,3,1,7,3,7,2,1,5,7,1,7,1,2,2,1,1,5,3,2,4,1,7,5,1,1,1,1,1,3,6,1,5,7,5,6,2,7,7,2,7,7,1,2,2,1,2,7,7,7,7,7,5,7,4,2,4,4,5,6,1,1,1,3,4,5,5,5,3,4,4,7,4,3,7,6,6,7,4,6,5
R_8rY7HLVXVpGoFDl,5,7,7,5,6,5,4,6,6,5,7,7,7,6,7,4,7,7,4,6,4,3,2,7,7,5,7,6,6,6,3,5,6,7,6,6,3,4,6,1,2,4,6,5,6,4,4,6,3,3,2,2,2,5,3,3,2,2,2,3,6,3,4,6,5,6,6,2,3,2,5,2,6,5,6,5,1,3,6,6,6,6,1,5,2,1,2,1,1,1,6,3,6,2,2,6,6,3,7,6,1,5,1,2,1,1,2,2,2,3,2,6,6,2,2,1,2,2,1,2,7,2,1,6,7,7,4,3,5,4,6,4,3,2,2,3,5,4,7,7,7,7,7,7,6,5,5,3,6,3,3,2,2,2,5,5,6,6,6,7,7,7,4,5,5,5,5,2,3,7,3
R_2Ka1d0G5iCOXpw7,7,4,4,4,4,4,4,4,4,4,4,4,4,4,4,7,4,4,4,4,4,4,4,4,4,4,4,4,4,4,4,4,4,4,4,4,4,4,4,4,4,4,4,4,4,4,4,4,4,4,4,4,4,4,7,7,7,7,7,7,7,7,7,7,7,7,7,7,7,7,7,7,4,4,4,4,4,4,4,4,4,4,4,4,4,4,4,4,4,4,4,4,4,4,4,4,4,4,4,4,4,4,4,4,4,4,4,4,4,4,4,4,4,4,4,4,4,4,4,4,4,4,4,4,4,4,4,4,4,4,4,4,4,4,4,4,4,4,4,4,4,4,4,4,4,4,4,4,4,4,4,4,4,4,4,4,4,4,4,4,4,4,1,5,2,5,6,6,7,7,4
R_2Pj8arSxufif9Qv,6,4,3,2,4,4,5,1,3,2,2,4,4,5,4,5,2,2,4,7,7,6,7,6,7,6,6,7,7,5,7,7,6,7,6,6,5,5,3,4,6,3,6,4,2,2,6,2,5,4,3,5,5,5,3,5,5,6,6,3,4,5,3,6,5,5,6,5,5,5,3,3,5,4,4,5,2,7,4,7,6,6,6,2,2,3,3,2,3,1,3,4,4,4,6,6,5,4,7,5,2,6,2,3,4,6,2,5,2,5,3,6,2,2,7,2,3,6,3,2,4,3,2,2,3,2,2,2,2,4,3,2,5,2,2,2,2,3,3,3,1,2,3,2,2,2,5,2,3,3,4,3,3,3,4,2,3,2,5,5,5,6,2,3,3,2,5,6,6,6,2
R_8QjVmpa1H91aNAR,6,7,2,5,7,6,1,3,6,1,4,4,4,3,5,3,6,5,7,6,3,7,5,6,7,6,6,6,7,6,6,6,6,7,6,6,5,3,3,6,7,6,3,1,4,3,3,3,7,7,6,6,6,4,1,2,5,2,1,1,2,2,2,3,4,4,2,5,2,3,2,1,6,7,5,6,7,7,4,5,6,7,4,4,2,3,3,4,4,2,7,7,5,5,7,7,3,2,3,2,1,3,6,1,2,5,6,7,1,1,1,1,1,1,1,1,1,1,1,1,6,6,5,5,6,5,1,5,2,1,5,3,1,2,2,1,1,1,6,5,5,1,1,5,3,3,4,4,2,1,2,2,1,1,2,1,3,3,2,3,3,4,2,3,2,1,7,5,3,1,2
R_8eLY9dR794bZG7L,7,7,7,4,7,4,1,2,4,2,5,1,7,7,7,7,7,7,7,7,4,7,7,7,7,7,7,7,7,7,7,7,7,7,7,7,7,5,6,4,4,4,7,4,7,3,7,2,3,5,3,7,7,7,7,5,6,3,5,3,3,3,4,3,7,2,3,7,3,7,4,2,4,3,3,4,2,4,6,7,4,7,5,6,3,7,5,5,1,6,1,5,5,6,7,7,7,5,5,5,1,4,6,7,1,4,1,7,4,4,4,4,4,4,4,4,4,4,4,4,4,4,4,4,4,4,1,5,4,4,4,5,1,1,3,2,3,4,3,4,1,5,1,7,4,3,1,4,4,5,1,2,1,1,1,2,4,1,1,2,1,6,3,4,5,6,6,6,6,6,6
R_2fHJZDAo4TKaXSs,2,7,6,3,5,2,1,5,2,2,3,2,7,7,7,7,7,7,7,7,7,7,7,7,7,7,7,7,7,7,7,7,7,7,7,7,3,3,1,4,4,2,1,1,1,1,4,1,6,7,6,7,5,7,1,1,1,1,1,1,1,1,1,1,1,1,1,1,1,1,1,1,4,3,7,4,6,6,6,7,7,5,3,7,1,1,1,1,1,1,7,7,7,7,7,7,7,7,7,7,3,7,3,4,2,4,5,7,1,1,1,3,1,1,1,1,1,1,1,1,1,5,1,6,2,4,1,1,1,1,1,1,1,1,1,1,1,1,1,1,1,1,1,1,1,1,1,2,2,1,1,1,1,2,2,1,1,3,1,1,1,2,1,4,2,1,3,6,6,6,4
R_2WTMw0eedZ36tei,6,7,7,7,7,7,6,6,6,6,7,6,7,6,7,7,7,7,6,6,5,6,5,5,6,6,5,6,6,7,7,6,7,5,6,6,5,5,6,6,6,5,5,5,4,5,5,5,6,6,6,6,6,6,1,1,2,2,1,1,2,1,1,3,1,1,2,2,2,2,2,2,7,4,5,6,4,5,5,5,5,5,2,5,3,2,2,3,3,4,7,5,3,5,6,6,6,6,7,6,3,6,3,1,2,3,3,2,2,2,1,2,3,1,1,1,2,2,2,2,1,2,1,1,1,1,7,5,4,7,6,6,5,6,6,5,4,6,4,5,3,6,5,5,3,2,3,2,2,1,2,2,2,2,3,2,4,4,4,4,4,3,3,3,5,3,5,3,2,2,1
R_87Ih4cFRVDkFHXn,1,4,4,7,7,4,1,1,1,1,4,1,4,1,4,7,4,7,7,7,7,7,1,7,7,7,7,7,1,7,7,7,7,7,1,4,7,1,4,1,7,4,7,1,7,1,1,4,7,1,7,1,1,4,1,1,1,1,1,1,1,1,1,1,1,1,1,1,1,1,2,1,7,4,7,7,1,7,7,7,7,7,1,7,4,7,1,1,1,1,7,7,7,1,1,7,7,7,7,1,1,7,1,7,1,1,1,1,1,7,1,7,7,7,1,1,1,1,1,1,1,1,1,7,7,7,1,1,1,1,1,1,1,1,1,1,1,1,1,1,1,1,1,1,4,4,4,4,4,7,4,4,4,4,4,7,4,4,4,4,4,7,1,4,6,6,6,6,6,2,3
R_22Lv0cAzqqCZVqF,3,3,3,4,4,3,4,4,4,3,3,3,3,4,2,3,4,5,5,4,4,3,4,4,4,4,4,4,5,3,5,4,4,4,4,4,6,5,6,6,6,4,6,5,5,5,6,6,5,6,6,6,6,5,2,2,2,2,2,2,2,2,2,2,2,2,2,3,2,2,2,2,4,4,3,4,4,4,4,4,3,4,4,4,3,3,4,2,4,2,3,4,5,3,4,5,4,5,5,3,4,6,2,2,2,2,3,2,3,3,3,3,3,3,3,3,3,3,3,3,3,3,3,3,3,3,5,5,5,5,5,5,5,5,5,5,5,5,5,5,4,5,5,5,3,3,3,3,3,3,3,3,3,3,3,3,3,3,3,3,3,3,4,4,5,2,4,3,3,4,3
R_872tzJzXJNDR7lG,7,7,7,7,7,7,5,5,7,5,7,5,7,7,7,7,7,7,7,7,7,7,7,7,7,7,7,7,7,7,7,7,7,7,7,7,7,7,7,7,7,7,7,7,7,7,7,7,7,7,7,7,7,7,1,1,1,1,1,1,1,1,1,1,1,1,1,1,1,1,1,1,1,1,1,1,1,1,1,1,1,1,1,1,1,1,1,1,1,1,1,1,1,1,1,1,1,1,1,1,1,1,1,1,1,1,1,1,5,5,5,5,5,5,5,5,5,5,5,5,5,5,5,5,5,5,3,3,3,3,3,3,3,3,3,3,3,3,3,3,3,3,3,3,5,5,5,5,5,5,5,5,5,5,5,5,5,5,5,5,5,5,2,5,4,2,5,6,1,6,5
R_8fjGbAad5v3dBtv,5,6,5,6,4,3,4,3,6,6,6,4,7,3,6,5,7,7,7,7,7,7,7,7,7,4,7,7,7,7,7,7,7,7,7,7,6,6,7,7,5,3,6,6,5,6,6,6,6,6,7,7,7,7,5,5,7,5,5,5,6,5,5,7,7,4,7,5,7,6,7,5,1,1,1,1,1,1,1,1,1,1,5,1,1,1,1,1,1,1,3,3,5,1,3,7,3,2,6,1,4,4,3,2,1,1,1,2,4,4,2,4,4,4,2,2,3,3,3,3,3,2,2,3,4,4,2,4,4,4,5,4,5,2,5,5,3,3,2,2,2,4,2,3,2,5,3,4,4,4,3,3,3,3,3,5,3,3,4,5,3,4,5,5,5,5,2,3,3,3,2
R_8Xo3wnOT2BDvfLr,3,3,3,2,3,2,2,2,2,1,3,2,3,2,2,3,3,4,6,6,5,6,6,6,6,5,5,6,6,5,6,5,6,6,6,5,6,6,6,5,5,5,5,5,5,5,6,5,6,5,6,6,6,5,3,3,3,3,3,3,3,3,3,3,3,3,3,3,4,3,3,3,6,6,6,6,6,6,6,6,6,6,5,6,6,6,6,5,5,5,5,6,4,6,6,6,6,6,6,6,4,6,6,6,6,5,6,6,2,2,3,2,2,2,2,2,2,2,3,2,3,2,3,3,3,2,2,3,2,3,3,3,4,4,5,4,2,6,2,3,2,2,2,5,2,2,2,3,2,2,3,2,3,4,2,5,2,3,2,2,2,4,4,5,6,3,5,4,4,4,2
R_81WN3fdkEUyrH21,3,3,3,4,3,3,3,2,3,3,3,2,3,3,3,3,3,3,4,4,4,4,4,4,4,4,4,4,4,4,4,4,4,4,4,4,3,3,3,3,3,3,3,3,3,3,3,3,3,3,3,3,3,3,3,3,3,3,3,3,3,3,3,3,3,3,3,3,3,3,3,3,3,2,5,3,3,3,3,4,5,5,5,5,3,4,3,2,3,3,4,4,4,4,4,4,4,4,4,4,4,4,4,4,4,4,4,4,4,4,4,4,4,4,4,4,4,4,4,4,4,4,4,4,4,4,4,4,4,4,4,4,4,4,4,4,4,4,4,4,4,4,4,4,4,4,4,4,4,4,4,4,4,4,4,4,4,4,4,4,4,4,2,2,2,4,6,4,4,3,3
R_8tQXFhlIDQj5uQV,2,3,4,2,4,3,3,1,1,2,3,1,3,1,3,4,4,6,3,5,5,3,5,4,5,6,6,6,4,4,5,5,6,4,6,4,4,7,6,3,7,2,5,5,5,6,6,5,7,3,7,7,7,6,1,1,1,1,3,1,1,1,1,1,2,1,3,1,2,2,3,3,7,7,5,5,6,6,7,7,7,7,5,7,1,5,4,2,3,1,5,1,2,7,1,7,7,7,7,7,2,6,1,3,1,1,1,1,6,6,2,7,6,5,5,4,5,4,4,4,6,3,6,5,5,7,6,5,3,6,6,6,4,4,4,4,4,4,5,4,5,4,4,7,5,5,2,5,5,6,2,2,3,4,3,3,5,5,2,4,5,6,1,5,5,3,2,5,6,5,2
R_8d9XqzIYDPI9pcA,7,7,7,7,7,6,7,6,7,7,7,4,7,7,7,7,7,7,7,7,7,7,7,7,7,7,7,7,7,7,7,7,7,7,7,7,6,7,7,7,7,6,6,7,5,7,7,6,7,7,7,7,7,7,1,1,1,1,1,1,1,1,1,1,1,1,1,1,1,1,1,1,2,2,1,1,1,3,2,2,3,2,1,3,1,1,1,1,1,1,5,5,1,1,1,7,5,5,6,2,2,6,1,1,1,1,5,1,1,1,1,1,1,1,1,1,1,1,1,1,1,1,1,1,1,1,2,3,3,5,6,1,2,3,1,5,4,4,5,4,5,4,3,6,4,4,4,4,4,4,4,4,4,4,4,4,4,4,4,4,4,4,2,4,6,6,7,5,2,3,2
R_2dys3NSXH0ogl07,3,7,7,7,6,6,3,1,4,4,6,1,6,1,6,6,6,7,5,5,5,3,4,6,4,4,4,1,7,5,4,5,4,4,5,4,3,4,7,1,3,4,4,3,5,3,6,3,3,5,3,1,4,3,4,3,7,1,2,4,3,3,4,1,6,4,3,5,5,1,5,2,7,1,4,4,3,5,4,7,3,5,4,7,3,7,2,3,1,1,2,3,1,4,5,6,5,5,5,6,3,6,4,4,4,5,4,2,1,5,7,5,7,5,3,5,6,3,5,1,5,1,7,5,7,7,4,4,7,5,5,3,1,1,4,6,4,3,4,4,4,4,5,7,5,4,5,7,5,5,4,4,4,7,5,4,5,4,4,7,4,7,5,6,7,6,6,6,5,6,4
R_2f0i51iqINQsEjn,2,1,6,6,7,2,1,2,1,1,2,2,7,7,7,7,6,6,7,7,7,7,7,7,7,7,7,7,7,6,7,7,7,7,7,7,3,3,6,3,3,3,3,2,6,4,4,4,3,2,3,3,3,3,2,2,3,2,3,2,2,2,2,3,3,3,3,2,2,2,3,2,7,7,3,3,2,7,7,7,7,7,5,6,1,7,3,5,2,1,7,6,6,4,6,7,2,6,7,3,6,7,1,1,3,2,5,4,1,2,1,3,2,1,1,2,1,1,1,4,2,1,2,1,1,1,1,5,1,7,3,3,4,2,1,5,3,6,5,2,5,4,4,5,2,2,1,4,3,2,2,1,2,2,2,5,2,4,3,2,4,2,2,5,6,7,5,6,5,2,2
R_8XYiMaqeZIzMpIl,1,4,4,2,3,1,1,1,1,1,4,1,3,1,3,3,4,7,7,6,6,5,5,7,7,6,7,7,7,6,3,5,6,4,6,3,2,2,4,2,4,2,2,2,3,2,4,2,4,4,4,4,4,4,1,1,1,1,1,1,1,1,1,1,1,1,1,1,1,1,1,1,7,4,3,7,5,7,7,7,7,7,7,7,7,5,3,4,4,1,7,7,7,7,7,7,7,7,7,7,7,7,7,7,7,7,7,7,1,1,1,1,1,1,1,1,1,1,1,1,1,1,1,1,1,1,1,1,1,1,1,1,1,1,1,1,1,1,1,1,1,1,1,1,4,4,4,4,4,4,4,4,4,4,4,4,4,4,4,4,4,4,1,1,2,3,5,7,6,7,2
R_2gEiXMMWIiLV4eR,7,7,4,7,7,7,2,4,4,4,7,4,7,7,7,7,7,7,4,4,5,5,4,4,5,5,4,5,6,5,5,3,5,5,4,3,5,7,5,5,7,7,5,3,5,3,7,5,7,7,7,7,7,7,1,1,1,1,1,1,1,1,1,1,1,1,1,1,1,1,1,1,7,7,7,7,7,7,7,7,7,7,1,7,3,7,2,7,1,7,7,7,7,7,4,7,7,7,7,7,5,7,5,7,5,5,5,7,4,4,4,4,4,4,4,4,4,4,4,4,4,4,4,4,4,4,1,1,1,1,4,1,1,1,1,1,3,1,1,4,3,3,4,4,2,2,2,2,3,2,2,2,2,2,2,2,2,2,2,3,2,2,3,3,3,1,3,1,1,1,1
R_8B26nlBO4kHXKHn,1,1,1,1,3,1,1,1,1,1,1,1,3,2,3,3,4,7,3,3,3,3,7,3,4,6,4,4,4,4,4,7,4,7,6,3,5,4,5,3,7,3,5,4,4,5,7,5,3,6,3,7,7,7,2,1,1,1,1,1,1,2,2,1,3,1,2,2,2,3,3,2,7,7,7,7,7,7,7,7,7,7,7,7,4,7,4,4,4,1,4,5,5,4,3,7,4,4,5,5,1,7,4,3,4,3,1,1,5,5,4,7,6,6,2,6,6,6,1,6,1,1,1,1,6,5,2,3,2,3,3,7,3,2,2,5,1,6,2,3,3,2,2,3,3,4,4,2,3,5,4,4,4,4,3,5,1,3,3,2,1,5,1,2,3,4,6,6,3,6,2
R_8oZvqL2yhD9JuiR,7,7,7,7,7,6,6,4,6,4,6,1,7,2,7,6,7,7,7,7,7,7,7,7,7,7,7,7,7,7,7,7,7,7,7,7,4,4,6,4,2,3,2,2,2,2,6,1,3,3,3,3,4,4,1,1,1,1,1,1,1,1,1,1,1,1,1,1,1,1,1,1,1,1,1,5,1,6,6,6,6,6,6,7,1,2,1,1,1,1,7,5,4,5,7,7,7,7,7,7,7,7,6,6,1,6,5,6,2,2,2,2,2,4,2,2,2,2,2,5,2,2,2,2,2,2,6,6,5,6,6,6,6,6,6,6,6,7,6,6,6,6,6,6,3,4,2,3,4,4,4,4,3,3,3,6,3,3,4,3,4,4,2,2,6,7,6,6,6,7,6
R_84je22ynRyxssb2,7,7,5,6,7,5,6,5,5,5,7,4,6,7,5,7,7,7,7,7,7,7,7,7,7,7,7,6,7,7,6,5,7,5,5,7,7,7,7,7,7,7,7,7,7,7,7,7,7,7,7,7,7,7,4,4,3,4,4,6,3,4,5,3,4,3,6,3,5,5,3,3,3,2,5,5,3,6,5,7,6,5,4,7,5,5,6,4,5,2,5,5,2,4,5,7,5,6,7,5,2,4,2,2,3,2,2,2,6,4,5,6,6,6,6,5,5,5,3,6,5,4,2,3,6,5,3,6,3,2,3,6,3,5,5,6,6,6,4,5,5,5,4,3,1,1,5,3,3,2,1,1,2,2,2,4,3,5,5,5,2,6,1,3,6,7,7,3,5,6,7
R_8dioqdMyIfZ2wrZ,6,5,4,4,4,3,2,2,2,2,5,3,3,2,2,4,4,2,7,7,7,7,6,7,7,7,7,7,7,7,7,7,7,7,7,6,2,4,3,4,3,5,5,5,3,3,4,3,2,5,4,3,4,5,4,3,5,2,4,3,4,4,5,4,3,3,4,5,2,3,2,4,5,4,2,3,5,4,3,5,4,2,2,6,2,3,3,5,5,4,2,2,3,3,2,2,2,3,2,3,2,3,2,3,3,3,2,3,2,2,3,2,3,2,3,2,2,3,2,2,2,2,2,2,2,3,2,2,2,2,2,2,2,2,2,2,2,2,2,2,2,2,2,3,3,5,4,3,4,5,4,5,5,5,4,3,4,5,5,5,4,5,3,4,4,1,1,1,1,1,2
R_29bqqa5csudIpoy,1,7,3,1,7,1,5,2,3,5,5,2,7,1,7,7,7,7,7,7,7,7,7,7,7,7,7,7,7,7,7,7,7,7,7,7,3,7,3,3,6,5,3,3,3,3,7,6,7,4,7,5,7,6,1,1,1,1,1,1,1,1,1,1,1,1,1,1,1,1,1,1,7,1,7,7,7,7,6,7,5,5,7,7,1,7,1,7,2,1,7,7,4,3,4,7,7,7,6,6,4,4,4,4,4,7,4,4,1,1,1,1,1,1,1,1,1,1,1,1,1,1,1,1,1,1,1,1,1,1,1,1,1,1,1,1,1,1,1,1,1,1,1,1,1,1,1,1,1,1,1,1,1,1,1,1,1,1,1,1,1,1,5,6,7,5,7,7,7,7,1
R_261q4HtKCAfOXKx,7,7,1,7,7,1,1,1,1,1,4,1,7,4,7,4,7,7,3,3,3,3,3,3,3,3,3,3,3,3,3,3,3,3,3,3,7,7,7,7,7,7,7,7,7,7,7,7,7,7,7,7,7,7,1,1,1,1,1,1,1,1,1,1,1,1,1,1,1,1,1,1,1,1,1,1,1,7,7,7,7,7,1,7,1,1,1,1,1,1,7,7,7,7,7,7,7,7,7,7,7,7,7,7,7,7,7,7,1,1,1,1,1,1,1,1,1,1,1,1,1,1,1,1,1,1,7,7,7,7,7,7,7,7,7,7,7,7,7,7,7,7,7,7,7,7,7,7,7,7,7,7,7,7,7,7,7,7,7,7,7,7,7,7,7,2,2,1,1,1,1
R_2QMFCFVk5G22Xrb,6,6,5,6,6,5,6,5,5,5,6,5,5,6,5,6,6,6,7,7,7,7,6,7,7,7,7,7,7,7,7,7,7,7,7,7,6,7,6,7,6,6,6,7,6,5,6,4,7,6,6,7,7,7,2,2,2,2,2,2,2,2,2,2,2,2,2,2,2,2,2,2,3,3,4,4,3,3,3,3,3,3,3,2,3,2,2,3,3,3,7,7,7,7,6,7,7,6,7,7,7,6,6,6,6,7,6,7,1,2,1,2,2,3,1,1,1,1,1,3,4,3,4,2,2,4,3,2,3,3,3,2,3,3,3,2,3,2,2,3,3,2,3,3,4,4,4,4,4,4,4,4,4,4,4,4,4,4,4,4,4,4,4,3,4,6,6,6,4,6,4
R_8QXADk2Huudf48Q,1,2,1,2,3,1,1,1,1,1,5,1,6,5,5,3,4,7,6,6,6,6,6,6,6,6,6,6,6,6,6,6,6,6,6,6,2,3,2,1,2,1,1,1,1,1,2,1,4,3,4,5,4,5,1,1,1,1,1,1,1,1,1,1,1,1,1,1,1,1,1,1,6,6,6,7,4,7,7,7,7,7,5,7,4,4,3,4,4,3,7,6,5,7,6,7,7,7,7,7,5,7,4,4,3,4,3,4,5,5,3,4,7,4,3,3,3,3,4,5,6,4,3,4,5,6,6,3,5,5,5,6,4,5,4,5,5,6,4,5,5,6,6,6,4,3,2,6,5,4,3,3,5,3,3,3,3,3,3,4,4,4,5,7,7,7,7,4,5,5,3
R_2rTP4RyLsmsFe1T,5,6,5,3,2,5,3,3,5,3,5,3,4,4,4,5,4,3,3,3,3,4,3,3,6,6,7,7,6,3,4,6,2,5,3,3,3,1,1,1,1,1,3,7,6,6,5,1,5,4,6,6,7,7,1,3,1,1,1,1,2,1,1,1,1,1,4,3,3,2,1,4,7,2,1,1,3,3,3,7,3,6,7,7,2,1,1,5,3,1,7,4,7,7,3,7,3,7,5,4,1,7,4,2,5,7,3,7,7,7,1,7,2,7,3,5,7,1,1,1,5,7,3,1,3,7,4,3,1,6,3,1,4,2,1,1,1,4,3,5,2,3,3,4,4,4,1,3,5,5,3,1,2,2,2,3,3,3,3,5,3,3,2,5,3,5,7,3,4,6,2
R_8wMHmzXmsxCmK3c,4,6,4,4,6,6,6,4,6,6,6,4,6,6,6,6,4,7,6,6,5,7,5,7,7,6,7,5,5,7,6,6,6,6,6,6,4,4,4,4,5,4,4,5,4,5,5,4,4,4,4,4,3,3,2,4,3,3,4,3,3,3,3,3,3,4,3,4,3,3,3,3,2,2,2,2,2,2,2,3,2,2,2,2,2,2,2,2,2,3,5,7,7,6,7,7,7,7,7,6,6,5,6,7,6,6,7,6,3,3,3,3,3,3,3,3,4,3,3,3,4,3,3,3,2,3,2,2,2,2,2,2,2,3,2,2,2,2,2,2,2,2,2,2,4,4,4,4,4,4,5,5,4,4,4,4,4,3,4,5,4,4,2,3,5,3,2,2,3,2,3
R_25HJkqS6ETZeHU8,7,5,1,7,5,5,1,1,1,1,7,1,4,1,4,4,7,7,7,7,4,7,6,5,7,6,6,7,7,4,6,7,5,5,4,5,6,7,1,6,6,5,1,1,2,1,7,2,5,5,5,5,6,7,6,6,2,3,4,4,2,2,1,2,5,1,6,4,4,4,7,7,6,2,7,7,7,7,7,7,7,7,4,7,3,7,2,3,1,1,4,4,4,7,6,7,7,7,7,7,1,7,2,3,3,2,1,2,1,1,1,1,1,1,1,1,1,1,1,1,1,1,1,1,1,1,3,2,1,1,1,1,1,1,1,1,1,5,1,1,1,1,1,1,4,4,4,4,4,4,4,4,4,4,4,4,4,4,4,4,4,4,1,3,4,3,3,5,5,5,3
R_8q8NA3vRH4WXRiR,5,3,3,4,3,5,2,4,3,4,5,4,4,4,5,5,6,3,4,4,3,3,5,2,3,3,4,3,2,3,4,3,2,5,5,4,3,3,4,3,3,3,4,4,3,3,4,2,3,2,4,3,3,4,3,2,4,2,2,4,3,2,4,2,2,3,3,3,3,3,5,4,2,4,2,4,2,2,3,3,2,2,3,3,3,2,2,3,3,4,4,4,5,6,4,5,5,4,5,5,3,4,6,5,5,3,4,5,6,2,5,4,7,5,4,5,4,6,5,6,5,4,3,5,5,5,4,3,2,4,3,4,4,4,4,4,4,4,3,5,5,3,3,4,3,4,3,5,3,2,3,3,2,4,4,4,6,4,6,4,4,2,5,6,5,5,5,3,4,4,6
R_2Qu62iDX6p5EQXl,7,7,7,7,7,2,7,2,4,5,6,1,7,7,7,6,7,6,7,7,7,7,7,7,7,7,7,7,7,7,7,7,7,7,7,7,5,6,4,6,3,3,7,3,2,4,7,2,7,7,6,7,7,2,2,2,2,4,1,2,4,2,3,3,3,1,2,2,2,4,5,2,7,4,5,1,5,7,6,6,7,3,6,7,3,5,3,2,1,5,7,5,7,3,5,7,6,7,7,4,4,7,3,2,3,2,1,5,1,1,1,1,1,1,1,1,1,1,1,1,1,1,1,1,1,1,1,2,1,3,2,1,3,1,1,2,3,1,3,4,3,2,5,2,2,2,2,2,2,2,2,2,2,2,2,2,2,3,2,3,2,3,1,2,5,7,4,6,6,6,5
R_2oHwC1LoclR1F17,1,2,4,5,6,6,1,1,6,4,6,1,4,1,1,1,7,7,5,5,1,2,1,2,4,5,7,4,7,2,7,4,7,3,7,3,3,3,6,2,1,1,4,4,7,5,7,6,6,3,5,7,2,5,1,2,2,3,1,1,3,1,2,3,5,5,5,4,5,5,4,7,7,6,1,2,2,6,7,2,2,3,2,6,1,7,1,2,1,1,5,2,4,3,2,3,5,2,1,4,1,4,1,6,1,3,1,1,2,2,4,7,7,7,3,3,3,2,3,4,2,2,3,3,7,3,1,7,7,7,7,7,1,1,4,1,2,3,1,1,1,1,6,1,2,4,7,7,7,7,5,3,5,2,3,4,2,2,2,2,7,4,7,7,7,1,7,4,5,1,2
R_2ODfPZQ7vtZ24V2,6,6,6,6,7,4,4,4,4,6,6,5,5,6,6,6,7,7,7,7,7,7,7,7,7,7,7,7,7,7,7,7,7,7,7,7,7,7,7,7,7,7,7,7,7,7,7,7,7,7,7,7,7,7,5,6,4,6,6,6,4,5,5,4,6,7,6,6,4,4,6,6,6,6,6,6,6,6,6,7,6,6,6,6,6,6,6,6,6,6,7,3,2,7,2,7,6,5,2,6,5,6,7,6,5,3,3,4,4,6,5,6,5,6,5,4,5,3,7,4,7,3,6,6,6,6,6,6,6,6,6,7,6,6,6,6,6,6,6,6,6,6,6,6,2,2,2,2,3,2,2,2,4,2,2,2,2,2,4,3,2,3,2,1,2,7,6,7,6,7,6
R_2kRkvbdS4cjiX0z,4,4,5,4,5,3,5,5,5,5,6,6,7,7,7,6,6,7,6,6,7,6,6,6,6,7,6,6,5,7,4,5,5,5,4,5,4,4,4,3,5,2,5,4,3,4,5,4,3,5,4,3,5,4,2,2,2,2,2,3,1,2,1,2,1,3,5,6,5,4,4,4,3,4,6,4,3,3,6,5,7,5,2,5,1,1,1,1,2,2,3,2,4,2,2,1,4,3,5,6,2,1,1,2,2,1,2,2,3,1,2,1,4,1,2,1,2,2,2,3,5,6,6,5,5,7,2,4,2,3,3,3,2,2,1,2,3,5,5,5,4,5,6,4,1,2,2,2,3,2,2,1,2,1,3,3,4,4,5,4,5,5,5,3,4,6,6,4,6,4,3
R_2HiUFuK3iBfNM09,5,5,5,5,1,6,6,5,6,5,5,3,6,4,6,6,3,5,7,7,7,7,7,4,7,7,7,7,7,4,7,7,7,7,7,6,7,5,7,5,4,4,7,7,7,7,6,3,7,7,7,7,7,5,2,1,2,2,1,1,2,2,2,2,2,1,3,3,3,2,2,2,4,5,2,4,7,7,2,3,3,3,2,7,3,3,4,4,4,3,4,7,1,3,7,7,1,2,2,1,2,7,1,1,2,2,1,1,4,3,2,3,6,7,2,2,5,2,2,7,2,2,3,2,3,3,4,5,2,4,6,7,2,2,2,2,2,7,4,2,2,2,2,2,3,4,2,4,5,5,2,2,2,2,2,5,2,2,2,2,2,2,3,5,4,5,4,5,4,7,3
R_2fCO40gWQrqBcu5,5,5,7,7,7,2,5,5,4,4,5,4,6,3,7,7,7,7,7,7,7,7,7,5,7,7,7,7,5,5,7,7,7,7,7,7,5,6,7,6,6,4,6,6,6,5,5,6,7,7,7,6,7,7,1,1,1,1,1,1,1,1,1,1,1,1,1,1,1,1,1,2,6,6,5,1,1,6,5,5,6,7,4,3,1,7,1,1,4,1,4,4,7,3,1,7,4,7,5,4,7,3,1,3,1,3,6,1,4,5,6,6,5,5,5,5,5,5,1,4,6,1,5,3,6,5,2,2,1,3,3,1,1,1,1,3,3,1,2,3,3,3,3,3,3,4,4,4,3,4,4,4,3,3,4,4,4,3,3,4,3,3,3,4,4,2,5,3,1,3,1
R_2HjUBkC1GyJS4s4,7,7,6,6,7,6,6,6,6,5,6,3,7,6,7,6,6,7,6,6,6,6,6,6,5,7,6,6,7,3,7,4,6,6,6,7,6,5,4,6,5,5,3,4,3,4,5,3,5,5,6,6,6,6,5,5,4,5,5,5,4,4,4,2,5,2,5,5,5,5,5,5,6,4,6,4,4,4,5,6,6,7,4,6,2,5,4,2,5,4,4,4,6,6,4,7,6,6,5,6,3,5,4,6,5,3,5,6,4,6,4,6,6,6,2,2,2,2,2,2,3,2,3,2,2,7,5,4,6,7,4,7,7,6,4,6,4,7,5,2,3,4,6,7,2,2,2,2,2,3,3,2,2,2,2,6,4,2,2,2,2,2,2,2,2,6,6,6,6,7,4
R_8P01MfJvEr6pZBX,6,6,5,5,6,6,4,4,4,4,6,2,6,2,5,6,6,7,7,7,7,7,7,7,7,7,7,7,7,7,7,7,7,7,7,7,6,5,6,6,7,5,6,5,6,5,6,5,7,5,7,7,7,5,2,2,2,2,2,2,2,2,2,2,2,2,2,2,2,2,2,2,4,2,3,2,2,2,3,6,5,5,2,7,1,5,1,2,1,1,1,3,2,2,2,5,2,4,4,4,2,4,1,5,1,4,2,2,3,5,2,4,5,4,2,3,2,3,3,3,4,2,5,4,4,4,4,4,5,5,4,4,2,3,4,3,3,4,5,3,5,4,4,5,2,3,3,4,4,2,3,2,2,2,2,3,4,3,4,4,3,3,4,5,4,3,4,5,2,2,3
R_8t9zk3vGJm03DqG,5,6,5,3,6,5,3,6,6,4,6,6,5,6,5,3,5,2,5,5,6,2,3,4,4,3,5,3,4,6,4,5,5,6,5,5,5,5,5,5,5,5,5,5,2,6,6,5,5,6,6,4,5,3,2,4,5,3,5,3,5,5,5,5,4,5,4,5,3,3,5,5,4,5,5,4,5,1,2,5,4,4,4,5,5,5,2,2,5,5,5,4,3,4,4,5,1,5,5,2,4,6,4,6,5,4,5,3,1,3,5,5,5,2,3,5,3,2,4,2,4,3,1,5,5,5,4,6,3,4,3,6,2,1,4,5,5,3,2,2,5,6,5,3,4,3,5,5,5,3,4,5,4,5,3,6,3,3,6,3,3,4,2,1,2,4,4,5,5,5,5
R_2Roowq8vFZfJpap,4,5,3,3,7,7,1,1,1,1,3,1,4,2,4,7,7,7,7,7,7,7,7,7,7,7,7,7,7,7,7,7,7,7,7,7,4,4,2,6,5,6,3,3,2,2,7,5,7,6,7,7,7,7,5,4,1,3,2,4,1,1,1,1,7,3,7,4,7,4,7,3,4,4,7,4,7,1,7,7,7,7,4,7,4,4,4,4,1,1,1,4,7,7,4,7,7,7,7,7,2,1,1,1,1,1,4,5,4,4,1,4,4,4,1,1,1,1,4,1,4,4,4,4,4,7,1,4,7,4,4,4,4,7,7,7,1,7,1,4,1,4,1,7,4,4,4,4,4,4,4,4,4,4,4,4,4,5,4,4,4,4,1,1,1,7,5,5,6,7,4
R_8BouEeaCv9QtVQt,6,5,6,7,7,5,7,2,3,1,6,2,7,3,7,6,7,7,7,7,7,7,6,7,7,7,7,7,7,6,7,6,7,7,7,7,7,7,6,7,7,5,6,6,6,6,7,6,7,7,6,7,7,7,6,6,5,5,7,5,5,5,5,5,6,5,6,6,6,5,5,6,5,7,5,1,1,6,7,7,7,4,5,7,1,1,1,4,1,1,4,4,6,2,1,7,4,5,7,7,2,7,1,1,1,3,1,5,4,3,4,6,7,3,1,1,1,1,4,1,7,5,7,4,7,7,2,3,1,5,7,5,2,1,1,1,3,2,7,7,7,2,7,7,4,4,2,4,5,5,2,1,1,1,4,5,5,4,5,4,5,5,1,4,4,1,1,4,3,2,3
R_84gZPtjw1u2Wdax,2,4,4,6,7,3,5,2,2,3,5,4,5,7,7,5,7,4,5,3,4,4,3,5,7,3,4,3,3,3,3,3,2,4,3,3,7,7,7,7,7,7,7,7,7,7,7,7,7,7,7,7,7,7,2,2,2,3,1,2,2,2,3,2,2,2,2,1,2,3,2,2,6,7,7,6,4,6,7,7,6,7,5,7,4,4,4,4,4,5,7,7,1,6,5,7,4,7,3,6,6,7,5,1,3,2,5,2,5,7,7,7,1,1,3,7,3,3,5,1,6,5,6,2,3,6,1,4,7,4,1,2,7,5,6,7,6,4,4,6,6,5,4,7,4,7,5,5,3,4,5,5,4,5,4,6,6,4,7,7,6,6,1,6,7,1,1,2,6,2,3
R_8gj9XEJbQ3kTpO7,3,4,4,5,2,3,1,1,1,1,1,1,4,2,4,4,4,7,7,7,7,7,7,7,7,7,7,7,7,7,7,7,7,7,7,7,4,5,6,4,6,4,4,4,4,4,5,4,6,4,5,6,6,6,3,3,3,3,3,3,3,3,3,3,3,3,3,3,3,3,3,3,6,4,4,5,3,5,7,7,7,7,4,7,1,6,1,1,3,1,5,3,2,3,2,6,7,7,7,7,4,6,2,6,2,2,2,2,1,1,1,1,1,1,1,1,1,1,1,1,1,1,1,1,1,1,4,4,4,4,4,4,4,4,4,4,4,4,4,4,4,4,4,4,3,3,3,3,3,3,3,3,3,3,3,3,3,3,3,3,3,3,3,3,5,3,4,4,3,5,2
R_2gTG2KkRyNG71Nm,3,2,3,3,7,6,4,2,3,1,3,2,6,3,6,4,5,6,4,5,2,2,6,5,5,3,5,6,5,3,4,4,3,6,3,3,3,5,3,6,6,3,3,4,3,4,5,4,5,4,5,6,5,5,3,3,3,4,2,2,3,2,3,2,3,3,4,3,3,3,2,3,5,4,3,2,3,2,4,5,3,4,5,5,2,3,3,2,3,2,5,4,5,3,3,5,4,4,5,3,4,4,4,2,3,2,2,3,4,5,2,5,5,7,2,2,3,3,2,2,4,3,5,4,2,6,2,3,4,4,4,2,5,5,4,3,3,2,2,4,3,4,4,5,2,4,4,4,3,3,2,3,3,4,3,4,3,4,4,4,5,5,3,4,5,5,5,6,5,3,2
R_2Dvfo4oPjnQQY7O,6,5,4,5,7,5,2,2,3,3,6,2,6,4,6,6,6,7,6,6,7,6,5,5,5,6,6,7,7,5,7,5,6,6,6,4,4,4,3,3,3,3,4,5,5,3,5,2,3,4,5,3,3,3,4,5,5,3,3,3,4,6,5,5,5,2,3,3,5,4,4,3,3,2,5,2,2,6,4,5,7,6,3,7,5,3,3,2,2,1,3,3,6,3,6,7,2,4,6,2,6,7,2,2,2,2,5,5,2,2,1,2,5,4,1,2,1,1,4,2,2,3,1,2,3,5,3,2,4,3,5,3,1,2,1,2,2,5,2,3,3,2,2,2,2,2,2,4,5,2,1,2,1,1,4,5,3,3,2,2,3,3,1,2,3,7,5,6,3,2,3
R_2eFE0ILoGLse2ZL,4,4,4,6,5,3,3,2,4,5,6,2,2,2,5,5,5,2,4,2,5,2,5,4,2,4,2,2,5,2,2,3,2,4,4,5,4,3,5,5,5,2,3,3,2,2,5,2,4,3,4,5,5,4,1,1,4,1,2,1,1,2,1,2,4,2,4,3,5,3,3,3,6,3,1,3,4,7,3,7,6,5,2,4,3,4,3,2,2,3,6,2,3,3,2,7,4,4,5,5,2,1,3,3,5,2,3,4,2,1,5,4,5,1,2,4,2,2,3,1,5,6,1,2,4,4,6,7,6,7,5,4,6,6,4,5,3,6,6,5,5,2,2,4,6,5,5,7,5,7,5,6,4,5,3,3,3,4,2,3,3,3,6,5,4,5,5,6,6,6,5
R_2GiDUNACa4V0Zd1,3,7,3,2,6,3,1,4,1,2,5,1,2,2,7,7,7,7,6,6,7,5,6,7,6,6,6,6,6,6,6,6,6,7,7,7,6,6,6,7,7,5,6,6,5,5,7,4,7,6,7,7,7,7,2,1,4,4,4,4,2,4,2,3,4,1,4,4,4,4,4,3,4,4,4,4,4,4,4,4,4,4,4,5,4,4,4,4,4,4,2,1,2,3,1,3,2,3,2,2,1,7,1,1,1,1,1,1,5,6,1,7,7,6,2,4,1,1,2,1,6,4,6,5,7,6,6,4,6,6,4,7,5,7,5,5,4,6,5,4,4,5,4,5,4,5,5,4,4,4,4,4,5,4,4,6,4,4,4,4,4,4,4,5,5,2,4,3,5,4,5
R_8aWsQ6Sz9RxGBS2,7,7,7,7,1,7,1,1,7,4,7,4,7,4,4,4,4,7,7,7,7,7,7,7,7,7,7,7,7,7,7,7,7,7,7,7,4,7,4,7,7,7,4,2,4,3,2,3,4,4,3,4,4,3,2,2,2,7,7,7,4,4,7,7,7,3,7,2,7,7,7,7,4,4,4,4,4,4,4,4,4,4,4,4,4,4,4,4,4,4,3,1,1,1,3,4,3,3,4,4,1,4,1,1,1,1,1,1,7,7,7,7,7,7,7,7,7,7,7,7,7,7,7,7,7,7,1,1,1,1,1,1,1,1,1,1,1,1,1,1,1,1,1,1,6,7,7,1,7,1,4,4,3,7,4,7,5,4,7,7,3,7,3,5,5,7,3,1,1,4,1
R_8DD1pbvA3zFfRlL,4,5,6,5,6,4,5,4,3,4,4,3,4,3,6,4,6,7,7,6,6,6,6,6,7,7,7,6,7,6,6,6,7,6,7,6,6,6,6,6,6,6,6,6,6,6,6,6,6,6,6,6,6,6,3,2,3,1,3,3,3,3,2,2,3,1,2,2,2,2,1,2,4,3,3,3,4,5,5,4,5,5,4,5,3,6,3,4,3,1,4,4,5,3,4,4,5,4,5,4,4,5,5,5,4,3,5,6,1,1,1,1,1,1,1,1,1,1,1,1,1,1,1,1,1,1,2,2,1,1,2,2,2,2,2,1,2,3,2,3,2,1,2,2,1,1,1,1,2,1,1,1,1,2,2,2,1,1,1,2,2,2,1,2,2,4,3,4,4,5,5
R_8gTtqHcIqSkHYjL,7,7,7,6,7,6,6,3,5,5,7,7,4,4,4,4,7,7,7,7,7,7,7,7,7,7,7,7,7,5,7,7,7,7,7,7,7,7,7,7,7,4,4,4,4,4,7,1,7,6,7,7,7,6,1,1,1,1,1,1,1,1,1,1,1,1,1,1,1,1,1,1,4,1,1,2,1,7,7,7,7,7,6,7,7,5,7,4,2,1,1,3,2,2,4,7,2,7,7,2,5,7,2,5,3,2,5,5,1,1,4,2,3,2,1,1,1,1,2,7,1,2,1,2,2,5,4,2,2,7,3,4,4,1,5,1,7,5,2,2,2,1,4,5,2,1,4,4,4,2,4,1,1,1,4,4,2,4,2,3,4,4,2,4,4,4,5,4,4,4,1
R_2og7R0rPTDmjmRX,6,5,6,6,7,5,6,5,6,6,6,3,7,7,7,5,7,7,7,7,7,7,7,7,7,7,7,7,7,7,7,7,7,7,7,7,7,7,7,7,7,7,7,7,7,7,7,7,7,7,7,7,7,7,7,7,7,7,7,7,7,7,7,7,7,7,7,7,7,7,7,7,6,5,3,5,3,5,6,5,5,5,3,6,2,2,2,3,2,2,6,4,4,5,4,5,3,5,5,3,2,5,2,2,2,2,2,3,3,3,2,5,5,5,1,2,4,1,4,3,4,4,4,4,4,3,5,3,3,5,4,5,5,5,5,5,4,5,4,4,4,5,5,4,4,4,4,4,4,4,4,4,4,4,4,5,4,4,4,4,4,4,3,2,4,6,5,6,5,7,3
R_2zIv9SjoTRW4297,4,4,4,5,5,5,4,4,5,3,4,4,5,4,4,5,4,4,4,4,5,4,4,3,4,4,4,4,4,5,5,5,4,4,5,4,5,4,5,5,5,4,6,5,4,4,5,4,4,6,5,3,5,5,5,5,5,5,4,6,4,5,5,5,4,5,5,5,4,5,5,5,5,4,4,5,4,4,4,4,4,4,5,5,4,4,4,4,4,5,4,4,4,3,3,4,4,3,4,4,5,4,5,4,4,3,4,5,4,5,5,5,4,5,5,4,4,5,4,4,5,5,5,5,5,3,5,5,4,5,5,5,5,4,5,5,4,4,5,5,5,5,5,4,5,4,5,4,4,5,5,4,5,5,5,4,5,4,4,4,4,4,3,3,7,5,5,4,4,4,4
R_8sC46ONKWtajuKd,6,6,4,4,5,4,4,5,3,3,6,2,7,6,7,7,6,7,5,5,7,5,4,6,7,7,7,7,4,6,4,6,4,4,4,4,6,6,6,4,5,5,6,6,6,6,7,3,3,3,4,4,3,3,4,3,6,3,3,3,6,6,6,6,5,3,3,3,2,3,3,3,2,2,3,2,5,4,3,4,4,4,4,6,1,1,1,1,1,1,3,2,2,6,5,6,2,2,4,4,3,6,5,4,5,6,6,6,3,3,4,4,1,1,1,1,1,1,1,7,5,4,6,6,6,6,4,2,3,3,5,5,1,1,1,1,2,6,4,4,6,6,5,6,2,5,2,5,3,3,1,2,1,1,3,7,6,6,6,6,6,5,5,5,7,1,2,1,1,1,1
R_2diKhF90BwXbJh7,3,6,6,3,6,2,4,2,6,2,4,6,7,4,5,5,5,6,6,5,6,6,4,6,5,6,6,6,6,6,6,6,5,6,4,6,7,5,3,4,6,5,2,3,4,2,7,4,7,5,7,6,7,7,5,5,5,4,4,1,5,3,5,7,3,2,2,4,6,6,5,2,6,5,3,3,4,5,2,5,1,7,4,4,3,4,2,4,3,5,2,5,1,2,3,2,2,2,1,1,2,1,4,1,2,2,2,1,2,2,3,3,3,3,2,3,3,3,3,4,2,2,3,3,3,3,3,3,3,3,3,3,3,3,3,3,3,3,3,3,3,3,3,2,6,4,3,6,3,5,4,5,5,3,6,5,7,5,4,5,5,5,6,3,6,3,1,3,3,2,2
R_80xFq2jMYZIoxUD,7,7,7,7,7,7,7,7,7,7,7,7,7,7,7,7,7,7,7,7,7,7,7,7,7,7,7,7,7,7,7,7,7,7,7,7,6,6,7,5,6,4,6,6,6,7,6,6,7,7,7,7,5,6,4,3,4,3,4,3,4,3,3,4,4,4,3,3,3,3,3,3,3,5,3,4,5,4,6,6,6,5,3,5,1,1,1,2,1,1,4,5,3,4,6,7,3,4,4,3,4,4,5,5,5,3,5,5,1,1,1,1,1,1,1,1,1,1,1,1,4,3,4,2,4,3,1,5,3,5,5,1,2,3,4,4,5,4,5,2,3,3,2,2,4,4,4,5,3,2,3,3,5,4,3,3,5,5,5,5,3,5,1,5,2,5,3,5,5,3,2
R_2Srwp6b3jVduEEW,4,3,6,4,5,4,1,2,1,1,1,1,6,5,6,5,3,5,6,6,6,6,6,7,6,7,6,6,7,7,6,5,7,6,6,7,5,1,2,2,2,2,2,2,1,2,2,1,3,2,5,3,2,1,1,2,2,1,1,1,1,1,3,1,2,1,1,1,3,1,2,3,7,5,5,5,6,5,7,7,7,7,4,6,2,4,3,4,1,1,5,4,5,4,4,7,7,7,7,4,4,7,2,6,3,3,3,5,1,4,1,4,2,2,2,2,1,3,1,4,3,5,3,2,3,2,2,4,5,2,3,2,2,3,3,1,3,4,2,2,3,4,3,2,5,4,5,5,6,5,3,5,6,5,5,6,5,5,3,6,2,7,2,3,3,5,6,5,6,4,3
R_8HC3ADr0w58t56h,7,7,6,7,7,7,6,7,7,6,7,5,7,7,7,7,7,7,7,7,7,7,7,7,7,7,7,7,7,7,7,7,7,7,7,7,7,7,7,7,7,6,7,7,7,7,7,6,7,7,7,7,7,7,4,4,1,4,4,1,4,1,1,1,1,1,4,4,4,4,4,4,4,4,4,4,4,4,4,4,4,4,4,4,4,4,4,4,4,4,3,1,4,1,1,5,1,1,4,1,5,4,1,1,1,1,3,1,7,7,7,7,7,7,7,7,7,7,7,7,7,7,7,7,7,7,7,7,7,7,7,7,7,7,7,7,7,7,7,7,7,7,7,7,5,5,5,5,5,5,5,5,5,5,5,5,5,5,5,5,5,5,4,4,4,3,7,2,3,1,1
R_20N5crpcBnmQ7uh,4,4,6,6,6,3,4,3,4,4,5,4,4,4,3,5,6,6,5,6,6,5,4,5,5,5,5,5,5,5,5,5,5,5,4,4,6,6,7,4,4,5,5,5,4,5,5,5,6,7,6,7,5,7,1,1,1,1,1,1,1,1,1,1,1,1,1,1,1,1,1,1,1,1,1,1,1,1,1,1,1,1,1,1,1,1,1,1,1,1,4,2,1,2,2,5,5,5,5,5,4,5,2,1,1,1,1,1,1,1,1,1,1,1,1,1,1,1,1,1,1,1,1,1,1,1,1,4,2,6,5,4,2,1,2,2,4,3,4,5,4,5,3,4,4,4,5,4,5,4,3,3,4,4,3,4,4,5,4,4,4,6,2,4,5,1,5,3,1,4,1
R_2B6ugfoQ4kbDOEx,4,6,1,4,7,3,2,4,1,2,2,3,4,6,4,4,6,7,4,4,4,4,4,4,4,4,4,4,4,2,4,4,4,4,4,4,6,5,5,4,6,2,5,5,5,6,5,2,6,5,6,6,5,6,3,3,2,3,3,2,2,2,3,2,3,2,3,3,3,2,2,2,4,4,4,4,4,4,4,4,4,4,4,4,4,4,4,4,4,4,3,3,4,4,3,6,3,3,3,7,3,7,5,3,3,6,3,5,2,4,3,3,6,6,3,3,3,1,2,1,2,2,2,3,4,6,5,3,6,4,6,4,5,6,5,4,3,7,5,5,5,2,4,3,3,3,4,5,5,5,3,3,4,4,3,6,3,3,3,3,3,4,4,3,3,7,5,6,7,7,4
R_8hptC44Se4LiIHn,4,4,4,4,3,4,3,2,3,4,4,3,5,5,5,4,5,6,5,5,5,5,4,5,6,6,5,6,5,6,5,5,5,5,5,5,4,4,3,5,3,4,5,4,4,5,4,3,4,5,4,5,4,5,4,4,4,4,4,4,4,4,4,4,4,4,4,4,4,4,4,4,6,7,4,6,6,5,7,7,7,7,4,3,2,4,3,3,3,3,4,5,4,5,5,6,6,6,6,6,4,4,3,2,3,4,2,4,3,4,3,4,3,4,2,3,3,2,4,4,3,3,3,2,3,4,4,5,4,4,2,4,3,2,3,4,4,4,4,4,4,5,4,5,4,4,4,4,4,4,3,4,4,4,4,4,5,4,4,4,4,4,3,3,4,5,4,4,4,4,4
R_8fvnUi66hV5vVVT,4,5,2,4,3,3,4,3,2,2,4,4,6,6,5,5,5,6,4,4,4,4,4,4,4,4,4,4,4,4,4,4,4,4,4,4,6,6,3,5,4,4,3,1,1,1,5,4,7,6,7,7,7,7,3,3,2,2,2,2,2,3,2,3,2,2,2,3,3,3,3,3,4,4,4,4,4,4,4,4,4,4,4,4,4,4,4,4,4,4,6,6,2,6,5,6,2,6,6,2,2,2,2,2,3,6,2,2,4,4,4,4,4,4,4,4,4,4,4,4,4,4,3,4,4,4,2,4,4,4,4,2,4,2,3,4,4,4,4,4,4,4,4,4,5,4,4,4,5,4,4,4,4,4,4,4,4,4,4,5,4,4,4,4,4,4,5,4,6,4,4
R_264n2Ebo9UsrYou,5,1,3,2,3,2,2,1,1,1,3,1,3,3,4,1,1,7,6,6,6,6,6,6,6,6,6,6,6,6,6,6,6,6,6,6,2,3,6,3,2,2,4,2,2,2,5,3,5,3,5,5,5,5,2,2,3,2,2,2,2,2,2,2,5,2,6,4,5,4,5,3,7,7,5,6,6,6,7,7,7,7,5,7,1,3,2,2,5,3,6,6,6,6,6,6,6,2,6,6,2,6,2,6,2,2,2,2,1,1,1,1,1,1,1,1,1,1,1,1,1,1,1,1,1,1,4,6,5,6,6,6,5,1,5,6,3,5,2,2,2,2,2,4,4,3,3,4,5,5,3,2,3,2,2,4,2,2,2,2,3,3,2,2,2,6,3,6,6,2,4
R_2a9wDusFWNrRHJN,6,7,1,5,7,5,7,3,1,1,3,1,7,6,7,7,7,7,7,7,7,7,7,7,4,7,5,4,7,4,7,7,7,7,7,7,4,1,3,1,1,1,1,1,1,1,7,1,6,3,5,3,7,2,1,1,1,2,2,1,1,1,1,1,1,1,2,1,1,3,1,1,3,3,3,1,3,1,1,3,1,1,3,1,3,1,3,3,3,1,7,7,7,7,7,7,4,7,7,7,5,7,6,7,5,7,7,7,3,3,3,3,3,3,2,2,3,2,3,4,2,2,2,2,2,5,5,5,5,5,4,5,2,6,5,3,2,6,2,1,2,2,2,5,3,3,3,3,3,3,3,3,3,3,3,3,3,3,3,3,3,3,2,3,2,7,5,7,7,7,6
R_8HhICoB3MjlhE42,5,6,3,6,7,3,3,3,4,2,5,2,4,7,4,5,6,7,6,7,7,7,6,7,7,7,7,7,6,6,5,5,5,5,6,6,5,4,3,3,4,3,6,5,2,2,5,5,6,6,7,6,5,7,2,2,2,1,2,1,3,2,1,2,3,2,3,3,3,3,4,2,6,2,5,3,3,6,5,5,6,7,4,7,1,1,1,1,5,1,4,5,4,2,6,7,3,7,6,6,7,5,2,2,2,2,5,3,2,1,1,1,5,1,1,2,2,1,2,1,5,5,5,5,3,5,3,5,3,5,4,2,2,3,2,1,4,4,6,6,6,6,5,6,3,3,5,7,7,3,2,3,2,2,3,7,5,6,6,5,3,1,7,4,6,2,5,3,5,6,3
R_21aSS0bBIOZSKH0,7,7,7,7,7,7,7,7,7,7,7,7,5,7,5,7,7,7,5,5,5,5,5,5,6,6,6,6,5,6,4,4,6,6,4,5,7,7,7,7,7,6,7,7,7,7,7,7,7,5,7,7,7,7,6,6,6,6,5,5,6,5,6,6,7,6,5,5,5,6,6,6,2,1,1,2,3,4,4,5,4,4,1,4,2,4,4,1,1,1,1,3,1,1,5,4,4,5,1,4,1,1,1,4,1,1,1,1,4,4,4,4,4,4,4,4,4,4,4,4,4,4,4,4,4,4,5,2,3,5,3,1,3,2,3,3,5,4,5,5,2,5,5,5,2,3,2,2,2,2,2,2,2,2,2,2,3,2,2,2,2,3,1,2,2,6,5,6,6,6,4
R_200trPyeJ3Yy9db,7,7,6,7,6,4,6,3,5,6,4,7,7,7,7,7,7,7,7,7,7,7,7,7,7,7,7,7,7,7,7,7,7,7,7,7,7,7,7,7,7,7,7,7,7,7,7,7,7,7,7,7,7,7,1,1,1,1,1,1,1,1,1,1,1,1,1,1,1,1,1,1,1,1,4,1,1,1,1,3,5,3,5,2,1,1,1,1,1,1,2,3,2,2,1,4,5,5,5,5,7,5,2,2,2,1,2,2,2,2,1,2,2,3,2,2,2,2,2,3,2,2,2,2,2,2,3,3,2,2,3,3,2,2,2,2,2,4,2,3,3,2,2,2,2,2,2,3,3,4,2,2,2,2,2,3,2,3,2,2,2,3,1,3,1,6,7,3,5,7,2
R_2CBLbPLXI1SMwTK,3,4,5,6,5,5,4,4,2,4,5,1,6,2,4,4,5,7,6,5,5,3,7,7,6,5,4,6,6,5,6,4,5,5,6,5,4,5,4,2,2,2,2,3,1,2,6,2,6,1,3,4,4,2,2,1,1,1,1,1,2,1,1,2,1,1,3,2,3,3,2,2,6,5,2,6,5,5,6,7,7,6,4,7,3,7,2,4,4,4,5,6,5,7,6,7,6,7,7,7,2,7,5,5,5,3,5,5,3,2,2,1,1,2,3,3,2,2,4,1,4,3,2,4,3,2,2,2,2,3,3,1,1,2,2,1,5,1,2,4,3,4,3,3,5,4,4,4,5,6,2,2,6,5,4,6,4,3,4,4,4,4,4,4,5,5,6,6,5,6,4
R_2KIr4ToSy6bExFG,6,5,3,3,5,2,2,3,2,2,5,3,4,6,3,3,5,7,5,5,5,7,4,6,7,7,7,6,5,7,6,5,7,5,5,7,6,7,6,5,7,3,3,2,3,3,7,7,6,7,7,7,5,7,4,2,2,5,4,2,1,2,2,2,4,1,6,4,3,5,6,4,7,3,4,2,4,6,6,6,6,6,5,5,1,1,2,2,1,2,2,3,6,5,2,6,6,7,6,6,1,6,2,2,1,1,1,1,2,1,2,4,3,1,1,2,1,1,1,1,6,6,6,6,6,6,1,1,1,6,1,3,1,5,3,3,1,4,1,1,1,1,1,1,4,1,1,3,3,1,1,1,1,1,4,1,4,2,3,3,4,3,7,7,7,3,4,6,5,5,5
R_2eWfPd5hUtmienn,3,5,4,4,5,6,5,4,7,6,4,4,4,4,4,3,2,4,3,5,5,5,2,4,4,5,6,3,3,3,5,6,5,4,4,3,3,3,5,3,5,4,4,3,5,4,3,5,6,2,4,4,5,5,5,3,2,6,4,5,4,4,5,5,3,5,5,4,5,3,4,4,3,3,5,6,4,5,4,5,4,3,3,5,3,4,5,5,4,6,3,4,3,2,3,5,5,5,7,4,2,3,2,6,4,4,5,5,5,4,5,5,2,4,2,4,4,6,5,2,3,4,5,5,5,2,4,2,5,5,4,3,5,5,4,5,5,3,5,7,3,6,5,3,4,2,3,1,5,2,4,7,3,5,4,6,5,5,4,1,2,7,4,4,2,4,2,3,6,4,6
R_2TBh27rZqK6eEWO,4,4,5,5,5,6,3,5,6,3,3,2,5,7,5,6,2,5,7,6,6,6,5,7,4,4,6,7,6,5,5,6,7,7,4,5,4,5,2,4,5,4,3,3,3,4,5,4,5,4,5,3,3,3,5,5,3,5,5,4,3,4,2,5,5,4,4,4,3,4,3,5,3,4,3,3,4,4,3,2,3,4,4,4,3,4,5,3,5,3,4,3,3,4,4,4,3,3,3,4,3,5,3,3,5,3,2,3,3,5,4,5,5,5,4,3,3,4,3,4,3,3,4,4,4,2,3,3,3,3,3,3,3,3,3,3,4,4,4,3,3,2,4,2,4,4,3,4,3,3,4,3,4,5,4,5,5,5,3,4,3,4,1,4,6,1,4,3,2,3,3
R_2DGpaGprPrJvrl6,1,1,1,1,1,1,1,1,1,1,1,1,1,1,1,1,1,1,1,4,4,4,2,5,5,5,4,4,6,5,4,3,4,4,4,2,4,4,4,3,5,4,4,3,4,5,5,3,4,3,4,4,5,4,2,3,1,1,1,3,2,3,2,2,4,2,2,3,2,4,2,1,4,6,6,6,7,4,4,4,4,4,4,7,6,7,7,4,6,7,7,7,1,7,7,7,7,7,7,7,1,7,7,1,7,1,1,7,7,7,7,7,7,7,4,4,4,4,7,7,4,4,7,7,7,4,1,7,7,7,4,1,4,4,4,1,7,1,1,7,7,7,7,1,3,3,4,2,6,3,3,3,3,3,2,4,4,3,5,2,2,5,4,4,4,4,4,4,4,4,1
R_28S8AaA7Id1tNqE,7,6,4,6,7,4,5,2,5,3,6,3,3,5,3,5,7,5,6,7,7,7,7,7,7,7,7,7,7,7,7,7,7,7,6,7,7,5,6,6,6,7,7,6,7,7,7,4,7,7,7,6,7,3,6,7,7,7,7,7,6,6,6,7,7,5,6,7,7,7,5,3,2,2,2,2,1,2,3,3,3,2,1,5,1,4,2,1,5,2,1,2,2,4,6,3,2,3,3,2,1,2,1,2,1,1,2,5,1,2,1,3,4,2,2,1,2,1,1,3,2,1,1,1,4,4,1,2,1,2,4,2,1,1,1,1,1,4,1,2,1,1,5,6,2,2,1,2,3,2,2,2,2,2,1,3,1,1,1,1,4,7,1,2,2,6,6,6,6,7,5
R_8TQQDtOSPk69YlQ,6,6,4,7,6,4,7,2,1,4,6,2,6,6,5,7,7,7,7,6,6,6,6,5,6,6,7,6,7,3,7,6,4,6,6,6,6,6,6,5,6,2,6,5,4,5,7,4,7,7,5,7,7,6,3,2,1,1,2,1,1,2,1,2,2,1,2,2,4,2,2,3,3,2,4,3,2,5,6,2,5,6,2,7,3,5,4,2,1,2,5,5,3,3,6,7,3,5,5,6,2,7,4,2,3,4,2,4,4,3,4,5,5,6,2,4,4,2,2,3,2,3,4,4,3,4,1,2,3,6,3,6,6,3,4,4,1,7,3,3,3,2,1,4,1,4,4,2,2,2,1,2,1,2,1,2,1,1,1,1,1,1,2,4,2,1,5,3,6,1,2
R_8KOrjXw82Z7kE13,3,7,2,5,7,5,3,2,2,2,6,1,7,3,6,6,7,7,7,7,7,7,7,7,7,7,7,7,7,7,7,7,7,7,7,7,5,7,3,7,7,3,3,3,3,3,6,3,7,7,6,7,7,7,1,2,2,2,3,1,1,1,1,1,2,1,3,2,2,2,2,3,7,7,7,7,2,7,7,5,7,6,4,7,2,2,2,4,2,1,3,7,7,7,2,7,7,7,7,7,2,7,2,2,3,2,3,1,1,1,1,1,4,1,1,1,1,1,1,1,1,1,1,1,1,4,2,1,1,1,4,1,1,1,1,1,4,1,4,4,4,4,4,4,4,4,4,4,4,4,4,4,4,4,4,4,4,4,4,4,4,4,4,4,4,1,7,3,3,4,1
R_8absVP2VFOuPTDp,6,5,6,6,5,7,7,7,5,4,6,7,4,5,6,4,6,6,4,3,6,3,4,3,5,4,3,7,4,5,3,5,6,4,5,5,3,4,5,4,4,4,5,7,5,4,6,6,4,5,3,5,5,2,6,5,5,3,6,1,1,4,5,5,4,4,4,3,4,4,6,5,3,3,6,3,5,4,3,4,4,5,4,3,4,6,2,4,4,4,3,3,6,4,4,5,4,3,3,4,4,2,4,4,5,5,4,5,5,4,4,4,3,5,5,3,2,3,5,6,4,3,2,5,2,6,3,4,4,6,4,4,4,5,5,3,5,5,5,5,4,5,6,3,2,4,4,4,3,3,6,5,3,5,4,4,4,5,4,4,5,5,4,4,3,4,3,4,4,6,5
R_8ZIiVHfUh01h7k0,2,4,7,6,6,6,2,2,2,2,5,2,6,7,5,7,7,7,4,5,3,4,3,3,5,5,5,5,6,4,5,4,5,6,6,4,3,2,2,2,3,3,3,3,3,3,6,4,6,4,4,6,5,4,1,1,1,1,1,2,2,2,2,2,3,1,3,2,2,2,1,2,7,7,5,5,5,5,6,6,6,6,5,7,5,5,5,5,5,4,2,1,3,2,2,3,4,4,5,4,2,5,3,2,3,2,1,2,6,6,4,5,5,4,3,4,3,3,3,2,2,4,3,3,5,6,2,2,1,2,2,2,2,1,1,1,2,2,1,2,1,2,1,2,3,3,2,3,3,4,3,2,3,3,3,3,3,4,4,2,3,4,1,2,3,6,5,6,6,6,5
R_8J8Wn3v9z94YKAL,7,7,7,7,6,4,7,7,7,7,4,3,7,7,7,7,7,7,7,7,7,7,7,7,7,7,7,7,7,7,7,7,7,7,7,6,7,6,7,7,7,7,7,7,7,7,7,7,7,7,7,7,7,7,7,7,7,7,7,7,7,7,7,7,7,7,7,7,6,7,7,7,7,7,7,7,7,7,7,7,7,7,7,7,7,7,7,7,7,7,7,7,7,7,7,7,7,6,7,7,7,7,6,7,7,6,7,7,3,1,2,1,1,1,3,1,4,1,1,1,2,1,1,1,2,2,2,2,2,2,2,2,2,2,2,2,2,2,2,2,2,2,2,2,3,3,2,3,2,3,3,2,2,3,2,3,3,3,2,2,3,2,1,4,4,5,6,6,5,6,3
R_845Eb8NuBRMPDJ7,5,6,2,5,7,6,2,2,5,5,7,2,6,3,6,6,6,6,3,4,5,6,5,5,5,5,5,5,5,4,3,3,5,4,5,5,4,3,3,6,6,6,3,2,3,3,6,3,6,5,5,5,7,7,2,2,2,2,2,1,2,1,2,1,2,1,2,3,2,2,2,3,5,3,6,2,1,5,5,6,6,5,5,7,5,4,2,2,3,2,5,4,6,6,3,7,5,6,6,5,3,7,3,3,3,3,3,2,2,6,1,5,6,5,1,2,2,1,1,2,6,5,6,5,5,5,3,4,2,6,6,3,2,2,2,2,5,5,6,3,5,5,5,5,4,5,4,6,5,3,4,4,4,5,4,7,3,2,4,3,3,5,6,5,7,6,2,6,4,4,3
R_22YkbXzTgnHFExC,7,7,3,7,7,5,3,1,4,1,4,1,4,3,3,5,7,7,7,7,7,7,7,7,7,7,7,7,7,7,7,7,7,7,3,7,2,3,3,2,3,1,3,1,2,2,7,5,7,7,7,7,7,7,1,1,1,1,1,1,1,1,1,2,1,1,1,1,1,1,1,1,7,7,7,7,7,7,7,7,7,7,7,7,1,7,1,1,1,1,7,7,4,7,7,7,7,7,7,7,5,4,1,1,1,1,1,1,7,7,4,7,7,7,7,7,7,7,1,7,7,1,4,1,7,7,1,4,4,7,4,1,7,1,1,7,4,4,4,6,7,6,7,7,4,2,2,3,2,3,5,4,4,4,3,3,4,3,4,1,3,3,1,4,4,3,7,7,7,7,1
R_8GNugD7NTQLUSo3,6,6,4,6,7,3,5,1,1,1,7,1,6,5,7,7,7,5,7,7,7,7,7,7,7,7,7,7,7,7,7,6,7,7,7,7,4,3,3,3,5,2,2,2,2,1,7,2,7,4,7,7,7,7,1,1,1,1,1,1,1,2,1,1,3,1,2,1,2,3,3,3,7,6,7,4,3,7,7,7,7,7,1,7,2,7,2,2,1,1,5,5,5,6,4,7,4,5,7,4,1,4,1,5,1,1,1,1,1,1,5,3,2,2,2,3,5,4,3,1,4,1,4,3,4,4,1,1,3,1,2,1,3,2,1,1,5,3,3,4,4,5,4,3,1,1,1,2,2,1,1,1,1,1,1,1,1,1,1,1,2,1,1,4,5,4,3,5,1,2,4
R_2tzHrY45i7heNFF,4,5,2,4,7,3,2,2,4,2,3,3,6,2,5,4,4,7,4,4,4,4,4,4,4,4,4,4,4,4,4,4,4,4,4,4,7,7,7,7,7,7,7,7,7,7,7,7,7,7,7,7,7,7,4,4,4,4,4,4,4,4,4,4,4,4,4,4,4,4,4,4,1,1,1,1,1,1,1,1,1,1,1,1,1,1,1,1,1,1,3,3,3,3,3,3,3,3,3,3,3,3,3,3,3,3,3,3,4,4,4,4,4,4,4,4,4,4,4,4,4,4,4,4,4,4,4,4,4,4,4,4,4,4,4,4,4,4,4,4,4,4,4,4,4,4,4,4,4,4,4,4,4,4,4,4,4,4,4,4,4,4,4,4,4,4,4,4,4,4,4
R_2FsStrmCHHuRVNw,3,2,1,1,1,1,1,1,1,1,2,1,3,4,2,3,3,4,4,4,4,5,3,4,3,5,2,4,6,4,5,3,4,5,5,4,3,3,1,1,2,4,1,3,1,4,3,1,5,3,3,4,4,5,1,1,1,1,1,1,1,1,1,1,1,1,1,1,1,1,1,1,5,7,7,7,7,7,7,7,7,7,7,7,3,3,5,4,3,4,5,7,6,5,7,7,7,6,7,7,3,7,3,2,4,3,3,3,4,4,4,5,4,4,4,5,4,5,4,5,5,5,5,4,4,4,2,2,3,2,2,2,2,2,2,2,5,2,4,4,5,4,4,4,4,4,5,4,4,4,4,4,4,4,4,4,4,4,4,4,4,4,2,3,3,3,3,5,4,3,2
R_8gc6DKIAwg5WXBL,7,7,5,7,7,2,5,4,4,5,7,6,7,7,7,7,7,7,7,7,7,7,7,7,7,7,7,7,7,7,7,7,7,7,7,7,6,5,5,7,7,2,6,7,5,7,7,6,7,7,7,7,7,7,1,1,1,1,1,1,1,1,1,1,1,1,1,1,1,1,1,1,7,2,2,1,4,6,7,7,7,7,3,7,1,1,1,1,1,1,1,7,4,1,1,7,2,4,5,2,2,4,1,1,1,1,2,1,1,1,1,1,1,1,1,1,1,1,1,1,1,1,1,1,1,1,1,1,1,1,1,1,1,1,1,1,1,1,1,1,1,1,1,1,2,2,2,2,2,2,2,2,2,2,2,2,2,2,2,2,2,2,1,7,1,5,2,1,1,1,3
R_2dX5wUPdjsVbcFW,1,1,1,2,3,1,2,2,1,2,1,1,2,1,1,2,2,2,6,6,5,5,5,5,5,5,5,6,5,6,5,5,5,5,6,5,3,3,3,3,3,3,3,3,3,3,3,3,3,3,3,3,3,3,2,2,2,2,2,2,2,2,2,2,2,2,2,2,2,2,2,2,4,4,4,4,4,4,4,4,4,4,4,4,4,4,4,4,5,4,4,4,4,4,4,4,4,4,4,4,4,4,4,4,4,4,4,4,4,4,4,4,4,4,4,4,4,4,4,4,4,4,4,4,4,4,4,4,4,3,3,4,3,3,3,3,4,4,3,4,3,4,4,3,4,4,4,4,4,4,4,3,3,3,3,3,3,4,4,3,3,4,4,4,4,4,4,4,4,4,4
R_2JgGsv9HiERxD9K,6,6,2,3,5,7,5,2,3,4,5,5,5,4,3,4,6,4,5,4,5,5,6,5,5,5,5,5,6,5,5,6,6,3,6,6,4,2,6,2,2,2,3,3,2,3,2,2,2,2,3,6,6,3,3,3,5,2,5,1,5,3,4,5,3,3,5,3,4,3,3,3,6,5,3,2,4,4,3,3,2,3,5,6,6,3,6,4,7,6,5,6,6,3,2,3,6,6,4,6,6,5,3,4,1,3,5,2,7,6,7,5,5,7,6,7,6,6,6,7,7,6,5,7,7,4,3,5,5,4,4,6,4,6,4,2,6,5,5,4,2,6,3,5,4,6,5,5,6,5,4,5,5,6,5,5,5,4,6,5,3,5,5,4,4,1,1,1,1,1,1
R_2hm3oHkbTlQ23dk,3,3,3,3,6,6,1,2,2,2,3,2,7,6,7,7,7,7,7,7,7,7,7,7,7,7,7,7,7,7,7,7,7,7,7,7,7,7,7,7,7,7,7,7,7,7,7,7,7,7,7,7,7,7,7,7,7,7,7,7,7,7,7,7,7,7,7,7,7,7,7,7,6,6,6,6,6,6,7,7,6,7,6,7,1,1,1,1,1,1,3,1,1,2,2,4,2,5,1,2,1,2,1,1,1,1,1,1,1,1,1,1,1,1,1,1,1,1,1,1,1,1,1,1,1,1,1,1,1,1,1,1,1,1,1,1,1,1,1,1,1,1,1,1,4,4,4,4,4,4,4,4,4,4,4,4,4,4,4,4,4,4,3,2,4,6,5,3,5,5,3
R_8JgXddCh3zOwAaq,7,7,4,7,7,6,5,3,3,5,7,1,7,6,7,7,7,7,4,4,5,5,5,4,3,6,3,3,4,2,4,4,4,4,4,4,7,7,7,7,7,7,7,7,7,7,7,7,7,7,7,7,7,7,3,3,3,3,3,3,3,3,3,3,3,3,3,3,3,3,3,3,2,2,2,2,2,2,2,2,2,2,2,2,2,2,2,2,2,2,1,2,5,1,1,7,1,4,6,2,1,7,1,1,1,1,1,1,1,1,1,1,1,1,1,1,1,1,1,1,1,1,1,1,1,1,1,1,1,1,1,1,1,1,1,1,1,1,1,1,1,1,1,1,2,2,2,2,2,2,2,2,2,2,2,2,2,2,2,2,2,2,1,2,2,2,2,2,1,2,2
R_2Ez5RPnyYdrykow,1,7,1,1,7,7,1,7,1,1,7,1,7,1,7,7,7,7,3,4,5,4,4,5,5,5,4,4,5,4,6,5,6,6,4,3,3,2,4,4,4,4,4,4,4,4,4,3,4,4,4,3,4,4,4,4,4,4,4,4,4,4,4,4,4,4,4,4,4,4,4,4,7,7,3,7,7,7,7,7,7,7,7,7,6,7,3,6,6,2,4,4,5,3,5,6,5,5,4,5,4,4,5,4,4,5,5,5,4,3,5,3,5,4,1,2,1,1,1,1,4,5,2,2,3,7,5,4,5,4,5,4,4,5,3,4,4,3,2,4,2,4,3,5,4,4,4,4,5,4,4,3,4,4,3,4,4,4,4,4,4,4,6,6,3,6,5,6,2,7,3
R_8XcmJupHoX89aNP,2,5,5,4,6,3,2,4,2,2,2,3,4,2,4,5,5,7,6,6,6,6,5,6,6,6,6,5,6,3,6,6,6,6,6,5,5,5,6,4,6,4,6,5,5,6,6,5,6,6,5,6,5,6,2,3,2,2,2,2,2,2,2,3,4,2,2,4,2,3,2,4,5,3,4,4,3,4,6,4,5,3,4,4,3,1,4,4,4,1,5,3,4,5,6,6,4,4,5,4,1,4,3,4,4,5,3,2,2,1,2,2,2,2,1,1,1,1,1,3,2,1,1,2,1,4,4,5,5,5,4,5,5,3,5,5,4,5,4,4,4,3,4,7,2,3,4,4,5,5,3,3,4,3,2,3,2,3,2,3,3,6,2,4,4,5,6,5,6,6,2
R_2sR9r3IfdmKPhOI,7,7,6,7,7,4,5,4,3,4,6,1,4,4,4,7,7,7,7,7,4,7,4,7,7,7,7,7,7,4,7,7,7,7,7,7,7,7,4,7,7,3,6,5,3,6,7,2,5,7,6,7,7,7,3,3,1,3,1,1,3,2,1,2,2,1,3,3,3,4,1,3,1,1,1,1,1,1,1,1,1,1,1,3,1,1,1,1,1,1,4,1,6,5,4,7,4,5,7,3,2,7,3,1,1,1,2,3,5,7,5,5,7,7,3,3,2,1,1,1,1,1,5,3,1,5,1,1,1,1,3,3,1,1,3,1,1,7,1,1,1,1,1,1,2,2,2,2,5,2,1,1,1,1,1,5,2,2,2,2,2,2,4,4,4,3,3,2,3,3,3
R_8JpZ0TUWO8nbycD,1,1,1,1,1,1,7,1,1,1,1,1,1,1,1,1,1,1,7,7,7,7,7,7,7,7,7,7,7,7,7,7,7,7,7,7,7,2,5,6,3,5,6,6,5,6,6,2,7,6,2,7,6,5,2,2,2,1,2,1,2,2,2,2,3,1,2,2,3,2,2,2,5,7,6,7,7,7,6,6,7,7,7,7,4,6,3,5,7,4,1,1,2,1,5,7,1,1,1,5,1,7,1,1,1,1,1,1,1,1,1,1,1,1,1,1,1,1,1,1,1,1,1,1,1,1,1,1,1,1,4,3,1,1,1,1,1,4,1,1,1,1,1,1,1,1,1,2,4,2,2,1,2,2,1,3,1,1,1,1,1,1,1,1,2,6,6,7,6,7,5
R_8UU4gkLobH679bX,1,4,1,4,6,4,1,1,1,1,4,1,6,1,4,4,7,7,6,6,6,6,3,5,6,6,6,6,6,5,6,6,6,6,6,5,3,4,2,6,4,2,2,3,2,2,6,2,6,6,7,7,6,7,1,1,1,1,1,1,1,1,1,1,1,1,1,1,1,1,1,1,5,5,6,5,3,6,6,5,5,6,3,6,1,2,2,2,6,1,5,3,3,3,6,6,5,5,5,3,3,7,5,5,4,3,5,7,2,5,3,2,7,7,3,4,3,4,4,4,6,6,7,6,6,7,6,6,6,6,6,7,4,4,6,5,4,7,4,2,4,4,5,7,5,5,5,5,7,6,5,5,4,5,5,7,4,5,5,5,5,7,4,4,4,6,6,6,6,6,3
R_2yrg4eYafV9F8TT,3,7,4,2,7,2,2,5,2,2,6,1,4,1,4,4,5,7,7,7,7,7,7,7,7,7,7,7,7,7,7,7,7,7,7,7,7,7,7,5,7,4,7,7,6,6,7,3,7,4,7,7,7,7,1,1,1,1,1,1,1,1,1,1,1,1,1,1,1,1,1,1,7,2,1,5,1,7,5,5,5,5,2,7,6,6,6,5,1,1,5,4,1,7,1,7,4,4,7,4,5,7,1,7,2,4,5,1,1,1,1,1,1,1,1,1,1,1,1,4,1,1,1,1,1,1,1,1,1,3,3,1,1,1,1,1,1,4,4,1,1,1,1,7,4,4,4,4,4,4,4,4,4,4,4,5,4,4,4,4,4,4,1,4,4,3,4,3,1,3,1
R_8ZR2mZtjYTKDr7H,2,5,1,5,7,4,1,1,4,1,4,2,7,3,6,7,7,7,7,7,7,4,6,7,7,7,7,3,7,7,7,7,5,7,7,4,3,5,7,7,6,3,3,3,5,5,7,2,7,7,7,7,7,7,1,1,2,1,1,1,1,1,1,1,1,1,2,2,2,1,2,1,6,7,3,6,7,7,7,2,7,6,2,4,5,6,1,3,4,3,7,5,3,7,7,7,6,5,7,7,1,7,5,1,1,4,2,4,1,1,1,1,1,1,1,1,1,1,1,1,3,1,1,1,1,5,1,2,4,2,1,2,1,1,1,1,1,1,1,3,3,1,2,4,1,2,4,1,1,1,1,1,1,1,1,3,4,4,4,5,4,4,4,5,7,1,3,3,4,3,2
R_85LxpISK0XdAKwS,6,6,4,5,6,5,3,2,5,3,6,6,4,4,4,5,7,6,4,4,4,4,4,4,4,4,4,4,4,4,4,4,4,4,4,4,3,6,6,2,4,4,3,4,4,2,7,2,6,4,5,7,7,6,1,1,1,1,1,1,2,1,1,1,1,1,1,1,3,1,1,1,7,7,7,7,3,7,7,7,7,7,7,3,7,7,7,7,7,7,3,2,4,5,4,4,3,5,4,4,3,6,3,2,3,6,2,3,4,4,4,4,7,4,4,4,4,4,4,6,4,4,4,4,4,4,1,1,1,1,1,4,1,1,1,1,1,5,1,1,1,1,1,1,3,3,3,3,5,3,3,3,3,3,3,5,3,3,3,3,3,3,6,3,3,5,6,4,6,3,3
R_8XieX6bnEUjHCpN,3,7,7,7,7,7,1,4,1,1,4,1,7,7,7,7,7,7,7,7,7,7,7,7,7,7,7,7,7,7,7,7,7,7,7,7,4,4,4,4,4,4,4,4,4,4,4,4,4,4,4,4,4,4,1,1,1,1,1,1,1,1,1,1,1,1,3,3,3,3,3,3,7,4,7,7,7,7,7,7,7,7,7,7,4,4,4,4,4,7,7,7,7,5,7,7,7,7,7,7,5,7,7,4,4,5,7,5,1,1,1,1,1,1,1,1,1,1,1,1,1,1,1,1,1,1,4,4,4,4,4,4,4,4,4,4,4,4,4,4,4,4,4,4,2,2,2,2,2,2,2,2,2,2,2,2,2,2,2,2,2,2,1,1,1,1,7,3,1,1,1
R_2hyj28PrzrQcijO,4,5,3,4,4,3,2,2,2,2,4,2,5,2,5,3,5,5,6,5,6,5,5,5,6,6,6,5,5,6,5,6,5,6,6,5,6,5,5,6,6,5,5,5,5,5,5,5,6,5,6,6,6,6,3,3,2,3,2,2,2,3,3,3,3,2,3,3,3,3,3,2,3,3,4,3,2,6,6,6,6,6,3,6,2,3,2,2,4,3,4,4,5,4,4,6,5,5,5,4,3,6,2,3,3,2,3,4,2,2,2,2,3,2,2,2,2,2,3,2,5,4,4,5,5,6,3,4,4,4,4,3,4,3,3,4,3,4,4,3,4,3,3,4,3,2,2,3,3,2,2,2,2,2,3,3,2,2,3,3,3,2,3,3,3,5,5,5,4,5,4
R_8PdaTRz2TadARAo,5,5,3,7,7,6,3,2,2,3,7,1,6,7,6,7,7,7,7,7,7,7,6,7,7,7,7,7,7,6,7,7,7,7,7,7,3,3,7,7,7,2,3,3,4,3,7,2,7,7,7,3,7,7,1,1,1,1,1,1,1,1,1,1,1,1,1,1,1,1,1,1,5,3,7,1,1,1,7,7,7,7,1,5,1,1,1,1,1,1,7,7,7,7,7,7,7,7,7,7,7,7,7,1,1,1,7,1,1,7,1,1,1,7,1,1,1,1,1,1,1,7,7,7,1,7,7,7,7,7,7,7,1,1,1,1,1,7,7,7,7,7,7,7,4,4,4,4,4,4,4,4,4,4,4,4,4,4,4,4,4,4,4,4,4,1,1,4,5,6,2
R_2Hx6UveHItBVn3j,4,1,2,4,7,4,2,1,2,1,4,1,4,1,2,4,4,7,7,7,7,7,7,7,7,7,7,7,7,7,7,7,6,7,7,7,4,3,4,7,7,2,7,4,5,4,7,4,7,7,7,7,7,5,1,1,1,1,1,1,1,1,1,1,1,1,1,1,1,1,1,1,1,1,4,1,1,7,7,6,7,7,1,7,1,7,1,5,1,1,3,4,3,3,3,7,4,3,4,4,1,7,3,4,4,4,2,3,1,1,1,1,1,1,1,1,1,1,1,1,1,1,1,1,1,1,1,1,1,1,1,1,1,1,1,1,1,1,1,1,1,1,1,1,3,3,3,4,3,3,1,1,3,2,2,4,2,2,3,2,3,3,1,4,3,4,5,5,4,4,4
R_8ksQxphGF3qNN5s,3,4,2,3,4,4,2,1,4,2,2,2,3,2,4,3,3,4,7,6,6,6,5,6,6,6,6,6,6,5,7,6,7,7,6,7,5,5,4,4,5,5,2,2,2,3,3,3,5,5,6,7,5,5,2,1,2,1,2,2,1,1,1,1,1,1,1,1,1,1,1,1,6,4,6,5,4,4,5,7,5,5,5,5,6,5,6,5,5,6,3,2,5,3,4,3,7,6,7,7,2,6,3,1,3,1,2,2,1,2,1,1,2,1,1,1,2,1,1,1,1,3,1,1,1,1,4,6,6,3,5,3,2,1,1,1,4,1,3,3,2,4,4,4,1,1,1,1,1,1,1,1,1,1,1,1,1,1,1,1,1,1,1,2,2,4,5,6,5,5,3
R_2qEduqB4SalsnVI,1,1,1,1,6,6,1,1,1,1,3,1,6,4,6,6,6,6,7,7,6,2,7,1,7,7,7,5,7,3,5,7,7,7,7,5,2,2,5,2,5,1,2,2,2,2,7,1,5,7,5,6,7,2,1,1,1,1,1,1,1,1,1,1,1,1,1,1,1,1,1,1,7,7,7,7,7,7,7,7,7,7,7,7,7,7,7,7,7,7,6,6,2,4,5,7,7,7,7,7,2,7,5,5,5,7,4,2,1,1,1,1,1,1,1,1,1,1,1,1,7,7,7,7,7,7,3,3,2,4,7,1,1,3,1,2,3,1,7,7,7,7,4,7,5,7,6,7,5,6,7,7,7,7,3,7,5,5,6,5,4,6,5,2,1,3,7,2,1,4,5
R_8lYLicJSntEVbUM,2,4,3,4,4,4,2,2,2,2,4,2,6,4,5,4,5,5,3,3,3,4,2,2,4,6,3,4,7,3,4,5,5,7,5,3,2,2,4,3,2,1,4,4,4,3,4,1,2,2,2,4,4,2,1,3,1,2,1,1,1,2,2,2,2,1,1,2,1,3,3,1,6,4,4,5,3,6,6,6,6,5,2,6,3,3,4,6,2,1,4,4,7,3,5,7,7,7,7,3,2,7,7,6,6,3,3,5,4,2,2,4,2,5,3,5,5,3,3,3,5,3,6,6,3,4,5,5,3,4,5,6,5,5,4,5,4,7,6,4,7,4,3,6,4,4,3,3,4,6,3,4,3,3,4,5,5,3,5,5,4,5,2,2,2,6,5,6,5,6,5
R_8fK1KQLHdPo3DOz,6,7,4,5,5,4,2,2,6,1,7,1,5,7,7,4,6,6,4,2,4,4,5,5,5,6,6,4,4,5,4,4,4,4,4,5,6,4,6,6,4,5,3,4,5,4,4,5,4,5,5,3,4,4,2,2,2,2,2,2,1,2,2,3,3,2,2,2,2,2,2,2,4,3,4,4,5,3,5,3,5,3,4,7,4,5,5,4,6,4,2,4,2,2,3,3,3,2,3,4,3,3,3,3,4,4,3,2,3,2,2,2,2,3,5,2,3,3,3,2,2,2,3,3,3,3,5,5,5,5,3,3,7,3,5,7,4,3,6,2,4,3,2,5,4,3,2,3,3,2,3,4,3,2,3,2,4,3,2,2,2,2,4,2,3,2,3,4,6,6,6
R_8OhKu0LWFfbyMs9,4,5,4,5,5,6,4,4,4,4,4,4,4,4,4,6,6,7,7,7,6,7,7,7,7,7,7,7,6,7,6,7,6,7,6,7,4,4,4,4,4,4,4,4,4,4,4,4,4,4,4,4,4,4,4,4,4,4,4,4,4,4,4,4,4,4,4,4,4,4,4,4,4,4,4,4,4,4,4,4,4,4,4,4,4,4,4,4,4,4,4,4,4,4,4,4,4,4,4,4,4,4,4,4,4,4,4,4,4,4,4,4,4,4,4,4,4,4,4,4,4,4,4,4,4,4,1,1,1,5,5,3,1,1,1,3,5,2,4,3,4,5,7,4,2,2,2,2,2,2,2,2,2,2,2,2,2,2,2,2,2,2,1,4,4,4,4,2,3,2,3
R_8tumKhD0HfUEg5C,3,6,7,5,7,4,3,3,4,4,6,1,7,5,7,7,6,7,3,5,7,3,7,4,5,6,5,3,6,4,4,5,5,5,5,5,3,6,7,5,7,4,5,4,3,3,6,3,7,4,6,7,4,7,4,4,4,4,3,3,2,2,2,2,4,2,2,3,2,4,2,3,6,4,6,4,3,6,5,6,6,6,4,6,2,5,3,2,3,1,5,5,4,3,4,7,5,6,6,3,6,7,4,4,4,2,6,3,3,2,1,3,2,2,3,2,2,3,3,3,2,1,3,2,2,2,4,3,4,5,3,3,3,4,5,5,3,5,2,4,3,3,2,2,3,2,2,3,2,3,2,2,3,2,2,3,2,2,2,2,3,2,2,5,3,5,5,3,2,5,2
R_8gRFWdqvxteB52F,3,3,5,5,5,5,4,1,4,2,4,3,4,2,4,6,5,7,7,7,7,7,7,7,7,7,7,7,7,7,7,7,7,7,7,7,6,6,5,6,6,4,5,5,5,5,6,6,6,5,6,7,6,6,2,3,2,3,2,2,3,2,3,3,3,2,2,3,3,2,3,3,6,5,5,4,3,6,6,3,6,6,5,5,3,5,3,4,4,2,5,6,5,4,4,6,4,5,6,5,4,6,4,3,4,3,5,5,5,4,7,6,7,6,1,2,2,2,2,3,6,3,5,5,6,7,5,6,5,5,7,6,2,2,2,1,2,4,4,2,3,4,5,6,4,5,6,4,4,5,2,3,2,1,3,3,5,2,2,4,3,5,3,3,4,3,5,5,5,4,3
R_2KBB3RkfCZw53oY,7,6,7,6,7,4,7,5,4,5,7,3,7,6,7,7,7,7,7,7,7,7,7,7,7,7,7,7,7,7,7,7,7,7,7,7,7,5,4,7,7,2,7,3,3,6,7,2,7,7,7,7,7,7,2,3,2,3,3,2,2,2,2,2,3,2,3,3,3,3,3,3,7,1,1,1,1,7,1,1,1,7,7,1,1,1,1,5,1,1,7,7,1,4,3,7,7,7,7,6,3,7,1,1,3,1,7,1,7,7,7,7,7,7,7,7,7,7,7,7,7,7,7,7,7,7,4,1,4,1,3,1,2,1,1,1,4,1,3,3,3,2,3,4,1,1,1,1,1,1,1,1,1,1,1,1,1,1,1,1,1,1,1,2,5,5,3,4,3,3,1
R_8jqu2lvK2yqniQv,6,6,5,5,5,5,7,7,6,6,6,6,6,7,6,6,7,6,4,3,4,3,3,4,4,3,4,4,5,4,3,3,3,4,3,3,4,5,4,5,5,3,5,4,6,4,6,5,5,5,5,6,5,4,2,2,2,2,2,2,2,2,2,2,2,2,2,2,2,2,2,2,3,2,3,3,3,4,3,3,2,3,2,3,2,2,2,2,2,1,5,5,5,6,4,6,4,4,4,4,3,5,4,4,5,3,3,5,2,2,2,2,2,2,2,3,2,2,2,2,2,2,2,2,3,2,4,5,4,4,5,5,3,3,3,4,2,3,2,2,5,3,4,3,5,5,5,5,5,5,5,5,5,5,5,5,5,5,5,5,5,5,1,2,4,4,5,3,5,5,3
R_8B8OQ7mYSDtYhe0,2,3,6,3,4,2,3,3,2,2,4,3,6,2,6,3,5,6,6,6,6,6,6,6,6,6,6,6,6,6,6,6,6,5,6,6,3,5,6,2,4,3,2,2,2,2,6,2,6,5,6,6,6,6,2,2,2,2,2,2,2,2,2,2,4,3,4,4,4,3,4,4,7,6,4,6,6,7,7,7,7,7,5,7,4,4,3,3,4,3,7,7,5,7,6,7,7,7,7,7,1,2,1,2,1,1,1,1,2,2,3,2,2,2,2,2,2,2,2,2,2,2,2,2,2,3,6,6,4,5,6,5,4,5,5,5,4,4,4,4,4,5,5,5,3,3,4,3,3,3,2,4,2,2,4,3,3,3,2,4,4,4,5,4,6,3,2,4,3,3,2
R_2cW1mhKnBypv4id,5,7,6,5,7,7,6,5,6,5,7,5,7,5,7,6,6,7,6,6,6,6,6,6,7,7,6,7,7,7,6,6,6,6,7,7,4,4,2,3,2,2,3,2,2,3,7,1,6,6,6,5,6,6,1,1,1,1,1,1,1,1,1,1,1,1,1,1,2,1,1,2,1,1,6,3,3,3,1,3,6,6,2,3,1,2,1,1,2,1,5,2,3,7,2,7,7,7,7,7,2,7,2,3,2,2,4,3,6,6,6,7,7,7,3,3,3,3,6,6,6,6,6,6,7,7,7,6,7,6,6,6,2,2,6,6,5,6,6,6,6,5,3,7,7,5,7,7,7,7,5,6,6,4,4,5,5,6,5,6,6,6,5,5,7,2,2,2,3,2,2
R_8hsDWMnp09zS5eG,4,4,4,5,6,6,3,4,3,3,3,3,5,3,7,4,4,5,4,6,4,5,5,5,5,5,6,5,6,3,6,7,7,6,5,6,6,7,6,6,6,6,5,5,5,5,7,6,6,6,7,7,6,7,2,2,2,1,1,1,1,1,1,3,2,2,2,2,2,2,2,2,3,3,2,2,2,3,2,2,2,3,2,2,3,2,2,2,3,3,5,5,4,5,6,6,4,5,4,4,2,4,4,3,3,1,3,4,6,6,5,2,6,5,4,4,4,3,3,3,5,3,3,5,2,5,6,6,4,5,6,7,5,4,4,4,3,3,4,3,3,3,3,4,5,6,3,5,6,5,3,4,3,2,4,3,5,3,5,4,4,5,3,3,1,6,4,6,3,6,5
R_2aFQWISMtTMDsKo,1,1,1,5,5,4,1,1,1,1,3,4,4,4,5,5,4,7,4,5,6,4,4,5,6,4,5,4,5,5,6,5,5,5,5,5,3,3,4,3,4,5,4,3,3,6,5,3,5,5,6,6,6,4,1,3,3,3,2,2,4,2,3,2,2,3,3,2,4,2,2,2,7,2,7,5,5,4,7,6,7,7,5,5,3,3,3,4,3,2,7,7,4,4,7,5,5,5,3,5,5,4,4,4,4,6,5,5,1,4,2,3,5,4,1,1,1,1,2,3,6,6,3,5,5,6,1,3,4,6,5,6,4,1,5,4,5,5,2,3,2,1,2,6,5,4,4,5,5,4,4,5,5,4,5,4,3,5,5,4,5,5,3,5,7,3,5,3,4,6,1
R_8KjsJTFMsljc4e7,2,3,2,3,2,2,3,4,4,2,3,3,6,2,3,2,4,4,3,2,2,3,4,2,4,2,2,2,2,2,2,3,4,4,3,3,2,2,2,3,4,2,3,3,2,2,2,4,3,2,1,4,2,2,3,3,2,2,2,2,4,2,4,2,2,4,4,2,2,2,2,2,5,5,4,4,6,5,5,5,5,6,4,5,5,5,4,3,4,5,2,4,5,4,3,3,4,4,3,3,4,3,4,4,5,3,4,3,3,2,2,2,3,3,2,3,4,3,3,3,4,4,2,5,4,3,2,2,2,2,3,2,2,4,3,3,3,3,2,2,2,3,3,2,5,3,5,3,2,4,5,3,5,4,5,5,4,3,4,4,5,5,2,2,1,3,2,1,2,2,3
R_8FKXgHhu3Iu1r8T,1,4,4,4,7,4,4,4,4,4,4,4,6,4,6,4,4,7,7,7,7,5,7,6,7,7,7,7,7,5,7,7,7,7,4,7,4,4,4,4,4,4,4,4,4,4,4,4,4,4,4,4,4,4,3,3,3,3,3,3,3,3,3,3,3,3,3,3,3,3,3,3,4,4,4,4,4,4,4,4,4,4,4,4,4,4,4,4,4,4,4,4,4,4,4,4,4,4,4,4,4,4,4,4,4,4,4,4,4,4,4,4,4,4,4,4,4,4,4,4,4,4,4,4,4,4,4,4,4,4,4,4,4,4,4,4,4,4,4,4,4,4,4,4,4,4,4,4,4,4,4,4,4,4,4,4,4,4,4,4,4,4,4,4,4,3,3,3,3,3,2
R_23agrm5IYutUoxT,5,5,4,4,5,3,3,1,2,3,5,1,5,1,5,4,5,6,5,5,4,4,5,3,4,5,4,3,5,2,5,5,5,4,4,5,4,5,4,3,5,3,4,3,3,3,4,2,6,5,5,5,5,4,2,1,2,1,2,2,1,1,1,1,2,1,1,1,1,2,1,1,2,2,5,4,5,7,6,7,4,7,3,7,1,7,1,3,2,3,5,5,4,5,5,7,5,6,6,6,6,7,3,7,3,3,6,3,4,3,2,2,5,4,2,2,1,1,3,1,3,3,3,4,2,5,3,4,4,5,5,5,4,4,4,4,3,5,3,4,3,4,5,3,4,5,4,5,4,5,5,6,4,5,4,6,4,5,4,4,4,5,4,5,5,2,1,1,2,2,1
R_2tzcUDrcmUIQGxj,1,3,3,1,1,1,1,1,1,1,1,1,7,3,7,7,7,7,6,6,6,5,6,6,7,7,7,7,6,7,6,6,6,7,6,6,6,6,5,3,3,3,4,6,5,5,6,6,5,5,4,5,4,5,5,5,4,5,3,3,5,5,4,5,4,3,4,5,5,3,5,4,4,4,4,4,5,4,4,4,4,4,4,4,4,4,4,4,4,4,4,4,4,4,4,4,4,4,4,4,4,4,4,4,4,4,4,4,1,1,1,1,1,1,1,1,1,1,1,1,1,1,1,1,1,1,3,3,3,3,3,3,3,3,3,3,3,3,3,3,3,3,3,3,3,3,3,3,3,3,3,3,3,3,3,3,3,3,3,3,3,3,4,4,4,5,6,4,4,5,4
R_8osYeJNWlxJDHoB,5,5,5,4,5,3,3,3,4,2,4,4,6,2,6,3,5,7,7,6,5,4,4,7,5,7,7,6,6,4,5,6,6,7,5,4,5,5,7,7,6,5,4,3,6,3,7,4,6,7,7,4,3,7,4,4,4,4,4,4,4,4,4,4,4,4,4,4,4,4,4,4,4,4,4,4,2,7,4,4,7,4,4,3,4,4,4,3,5,2,1,1,1,1,1,1,1,1,1,1,1,1,1,1,1,1,1,5,4,4,4,4,4,4,4,4,4,4,4,4,4,4,4,4,4,4,4,4,4,4,4,4,4,2,4,4,4,4,4,4,4,4,4,4,4,4,4,4,4,4,4,4,4,4,4,4,4,4,4,4,4,4,5,3,4,3,3,3,3,6,3
R_21zcLciQE5PDuOq,2,1,4,4,7,3,1,2,3,4,4,1,4,3,5,5,7,7,7,7,6,6,6,7,7,7,7,7,7,4,7,6,7,7,6,5,2,6,2,2,7,3,3,3,2,5,6,5,7,6,7,7,7,7,1,1,1,1,1,1,1,1,1,1,1,1,1,1,1,1,1,1,7,7,4,7,3,7,7,7,7,7,7,7,4,7,5,7,2,2,7,7,7,7,7,7,7,7,7,7,7,7,7,7,7,7,7,7,1,1,1,1,7,1,1,1,1,4,1,1,1,1,1,1,7,7,1,3,6,7,7,6,5,5,4,6,2,7,2,7,4,4,6,7,4,4,4,4,4,4,4,4,4,4,4,4,4,4,4,4,4,4,1,4,5,7,3,7,6,7,4
R_2VJALJCx9qGvPwN,3,3,3,3,3,3,3,3,3,3,3,3,3,3,3,3,3,3,2,3,3,3,4,3,4,3,3,3,3,4,4,3,3,3,3,4,4,4,3,4,4,5,4,5,3,4,4,3,3,3,4,2,4,3,4,4,1,3,4,3,4,4,3,4,3,4,2,4,4,3,3,4,4,5,4,3,4,4,4,3,3,4,3,3,4,4,4,3,3,4,3,2,5,4,4,4,3,4,3,4,1,4,4,3,4,3,4,4,4,2,4,4,3,2,3,4,4,4,4,3,4,4,5,2,3,3,3,4,3,3,2,3,4,4,4,4,3,4,4,4,4,4,4,4,4,4,5,6,3,2,3,4,4,4,6,2,3,3,4,3,5,3,3,3,3,4,3,4,3,3,3
R_8VfNNiEJjBPCRKY,1,1,6,2,3,3,1,1,1,1,3,5,3,5,3,4,2,7,7,6,1,6,7,6,6,6,7,5,7,4,6,6,4,7,7,5,4,5,1,4,1,1,1,1,1,1,3,3,3,6,3,3,7,3,3,1,1,2,1,1,1,1,2,2,7,3,5,5,5,3,3,5,6,6,7,7,3,7,7,7,7,7,4,5,4,6,4,4,1,2,4,2,5,2,2,7,7,4,7,3,1,7,5,3,6,2,7,2,4,3,7,7,6,1,5,1,5,2,1,6,2,1,3,4,4,7,1,1,1,1,1,1,1,1,1,1,1,1,1,1,1,1,1,1,3,1,6,2,4,2,3,3,2,3,3,5,3,6,3,6,3,6,2,4,3,7,6,5,5,7,4
R_8V3zeSkLHmfWCdP,3,4,4,3,4,4,5,3,4,4,3,5,3,4,5,4,6,3,6,6,6,5,5,5,7,6,6,7,7,5,5,5,5,7,6,7,2,2,4,2,4,2,3,3,3,3,6,3,4,4,4,4,4,4,2,2,2,2,2,2,2,2,2,2,2,2,2,2,3,2,2,2,6,5,6,4,2,7,6,7,6,6,6,6,6,4,6,4,4,4,6,6,6,6,4,6,4,5,6,6,4,6,4,5,4,4,5,5,3,3,3,2,4,2,3,2,3,3,4,2,4,3,4,4,4,4,4,6,6,6,5,6,5,5,5,6,3,6,4,6,6,4,5,4,2,3,3,2,2,2,2,2,2,2,1,3,2,2,3,2,2,2,3,5,6,5,5,6,5,6,5
R_87glkfI7PccyTGi,4,2,3,3,6,3,1,2,1,1,6,1,7,7,7,7,7,7,7,7,4,5,6,5,6,7,7,6,7,6,6,7,7,7,7,6,2,5,7,1,1,1,1,3,3,1,7,1,5,4,5,4,3,2,1,1,1,1,1,1,1,1,1,1,1,1,1,1,1,1,1,1,3,4,4,5,1,6,7,6,7,6,1,6,1,1,1,1,1,1,5,5,5,5,5,5,5,5,5,5,3,5,3,3,3,3,3,3,1,1,1,1,1,1,1,1,1,1,1,1,7,7,7,7,7,7,3,5,5,5,4,5,4,4,4,4,2,5,4,4,3,7,3,5,4,4,4,4,4,4,4,4,4,4,4,4,4,4,4,4,4,4,2,3,3,5,5,3,3,4,3
R_8YQi8Z2YXuJB5Y4,1,1,1,1,1,1,1,1,1,1,1,1,1,1,1,1,1,5,7,7,7,7,7,7,7,7,7,7,7,7,7,7,7,7,7,7,4,4,4,3,4,4,4,4,4,4,4,3,4,4,4,4,4,4,3,2,2,2,2,2,2,2,2,2,2,2,2,2,2,2,2,2,6,6,5,6,6,6,6,6,6,6,5,6,5,6,5,6,6,4,3,3,4,3,5,5,5,5,4,3,3,5,3,3,4,2,3,4,1,1,1,1,1,1,1,1,1,1,1,1,1,1,1,1,1,1,2,2,2,2,2,2,2,2,2,2,2,2,2,2,2,2,2,2,4,4,4,4,4,4,4,4,4,4,4,4,4,4,4,4,4,4,2,3,5,2,2,3,2,2,2
R_2pPEOG5ZBtsFvoy,6,6,6,6,6,6,5,5,5,5,6,6,6,6,6,6,6,6,3,3,3,3,3,3,3,3,3,3,3,3,3,3,3,3,3,3,6,6,4,5,5,4,4,4,4,4,6,6,6,6,6,6,6,6,2,2,2,2,2,2,2,2,2,2,2,2,2,2,2,2,2,2,2,2,3,4,4,4,4,4,4,4,2,3,2,2,2,2,2,2,6,6,6,6,6,6,6,6,6,6,6,6,6,6,6,6,6,6,4,4,4,4,4,4,4,4,4,4,4,4,4,4,4,4,4,4,5,5,5,5,5,5,5,5,5,5,5,5,5,5,5,5,5,5,3,3,3,3,3,3,3,3,3,3,3,3,3,3,3,3,3,3,4,5,4,4,5,4,5,4,3
R_8lYvhzYzD5OiDIL,4,5,6,5,7,1,1,1,1,1,6,1,4,2,4,7,4,7,6,7,7,4,6,7,6,5,6,7,7,4,6,7,5,7,5,5,6,5,7,4,6,4,7,6,6,4,6,4,7,7,7,7,6,7,4,4,4,4,4,4,4,4,4,4,4,4,4,4,4,4,4,4,4,6,3,4,3,7,6,6,6,7,5,7,1,1,1,4,1,1,6,6,1,7,2,7,4,5,6,7,2,7,1,1,1,1,6,1,4,4,4,4,4,4,4,4,4,4,4,4,4,4,4,4,4,4,1,1,1,1,1,1,1,1,1,1,1,1,1,1,1,1,1,1,1,1,1,1,2,4,1,1,1,2,1,4,1,1,1,1,1,1,1,1,1,2,6,4,2,1,4
R_2f1orrKGqvdmoed,4,5,5,5,4,6,2,2,2,3,4,2,4,2,4,4,6,5,6,6,5,4,4,5,6,6,6,5,6,3,6,5,5,7,6,5,2,1,2,5,4,3,2,2,3,4,4,1,5,6,5,6,3,3,1,1,1,1,1,2,1,1,1,1,2,1,2,5,5,1,3,4,7,6,7,7,4,5,5,7,4,7,4,7,5,7,2,5,4,1,4,6,6,4,6,4,7,7,6,7,4,7,3,6,3,3,4,6,4,6,4,4,4,3,4,4,3,3,4,4,3,6,4,3,5,7,5,6,4,4,5,5,3,4,4,4,4,7,3,5,3,3,3,7,3,5,5,5,4,4,3,4,3,4,3,7,3,5,3,3,3,6,4,4,5,1,4,2,4,3,2
R_8Fjuc34ZTJX3PmV,6,5,5,5,6,2,3,5,5,3,5,3,6,3,6,5,6,6,7,7,7,7,7,6,7,7,7,6,6,5,7,7,7,7,7,7,6,6,6,6,6,4,6,6,6,6,6,3,6,6,6,6,6,6,2,3,3,1,3,3,3,3,3,1,3,2,3,4,4,1,2,3,3,5,1,3,4,6,6,5,5,5,3,6,3,5,3,4,3,3,4,3,5,6,5,7,4,4,5,6,5,6,5,5,5,7,5,5,5,5,3,6,6,5,3,3,3,3,3,5,3,3,3,5,6,6,3,4,2,5,5,5,3,2,2,3,2,5,2,2,2,3,2,3,3,5,6,3,5,5,3,4,3,3,3,5,4,3,4,3,5,5,4,4,4,6,4,6,6,4,3
R_8gkxVPtvP0WG1Ws,4,6,2,4,6,5,2,2,2,2,3,4,5,6,6,4,5,6,6,5,5,6,5,5,5,6,5,6,6,5,6,6,5,5,6,5,4,4,4,4,4,4,4,4,4,4,4,4,4,4,4,4,4,4,2,2,2,2,2,2,2,2,2,2,2,2,2,2,2,2,2,2,4,4,4,4,4,4,4,4,4,4,4,4,4,4,4,4,4,4,6,2,2,2,2,2,4,2,6,6,2,5,3,5,6,6,2,4,5,5,5,5,5,5,5,5,5,5,5,5,5,5,5,5,5,5,2,2,2,2,2,2,2,2,2,2,2,2,2,2,2,2,2,2,3,3,3,3,3,3,3,3,3,3,3,3,3,3,3,3,3,3,4,4,4,4,4,4,4,4,4
R_8CophG04C3BmHtv,7,7,7,7,3,3,3,3,3,3,7,3,7,3,7,7,7,7,7,7,7,7,7,7,7,7,7,7,7,7,7,7,7,7,7,7,7,7,7,7,4,4,4,3,4,4,7,2,7,7,7,7,7,7,2,2,2,2,2,2,2,2,2,2,5,2,5,2,5,2,5,5,2,2,2,2,2,4,4,5,5,5,2,6,2,2,2,2,2,2,6,6,6,6,6,6,6,6,6,6,2,6,3,2,2,2,2,3,1,1,1,1,1,1,1,1,1,1,1,1,1,1,1,1,1,1,1,1,1,1,1,1,1,1,1,1,1,1,1,1,1,1,1,1,1,1,1,1,1,1,1,1,1,1,1,1,1,1,1,1,1,1,1,1,1,6,7,7,5,7,5
R_2TSPJJEXPBLoMY7,1,3,1,4,1,1,1,1,3,1,3,3,3,1,2,1,5,7,7,7,7,7,7,7,7,7,7,7,7,7,7,7,7,7,7,5,7,5,3,5,6,5,2,3,2,2,7,4,6,2,7,7,7,7,4,2,1,2,2,2,2,2,2,2,5,1,4,3,4,5,5,2,7,3,6,4,5,7,7,7,7,7,4,6,4,7,3,7,1,1,3,3,7,4,6,7,6,2,5,7,2,4,3,4,5,6,1,7,3,2,2,5,2,4,3,2,3,2,2,3,3,1,2,3,4,5,5,4,4,4,6,5,3,3,4,4,3,4,3,1,4,3,3,7,4,2,4,5,5,4,1,1,2,3,3,4,3,3,3,3,2,6,3,4,4,5,3,4,3,6,2
R_8PXhsaRDv8AE3yr,2,3,5,2,6,3,1,1,1,2,4,1,2,1,4,4,5,7,3,3,4,5,2,4,5,5,4,4,5,3,5,4,5,5,5,3,2,2,5,5,6,2,3,2,3,3,5,3,3,2,2,5,2,5,1,1,1,1,1,1,1,1,1,1,1,1,1,1,1,1,1,1,7,4,5,3,2,5,7,7,7,7,6,7,5,7,5,6,4,1,6,2,2,4,2,6,6,7,7,6,2,4,4,7,5,2,4,2,3,4,5,4,2,3,3,3,3,4,4,4,4,3,5,5,2,2,5,3,2,4,5,3,3,6,4,3,3,6,2,5,2,3,3,7,4,4,3,4,6,6,4,6,4,3,3,6,3,4,3,2,5,6,3,3,3,2,3,3,3,5,3
R_8M5TQgnNrCFaN4v,5,4,5,5,5,5,2,2,2,2,5,2,3,4,5,5,4,5,4,5,4,3,3,4,3,4,4,4,5,3,4,5,4,5,5,3,4,4,3,3,3,3,3,3,3,3,4,3,3,3,4,3,3,3,4,3,3,3,3,2,2,2,2,2,3,2,3,3,3,3,3,2,4,5,5,4,4,5,6,5,6,6,4,6,4,4,4,4,5,5,4,5,5,6,5,6,6,6,6,6,4,6,4,5,4,4,5,5,4,5,5,5,5,6,6,6,6,4,4,6,5,4,4,5,4,5,4,5,5,5,5,5,5,5,5,5,4,5,5,4,5,4,5,5,5,5,5,5,5,5,5,5,5,5,5,5,5,5,5,5,5,5,2,3,3,4,4,4,3,3,3
R_2nHKrKHBUPCUVjr,3,3,4,4,4,4,3,3,4,3,3,2,5,3,6,5,4,6,5,4,6,4,5,7,4,5,5,6,6,4,4,5,5,6,5,5,7,7,7,7,7,7,7,7,7,7,7,7,7,7,7,7,7,7,4,4,4,4,4,4,4,4,4,4,4,4,4,4,4,4,4,4,6,5,5,5,5,6,6,6,5,7,6,7,3,3,3,3,4,2,3,1,4,2,2,6,2,2,4,3,2,1,1,1,1,1,1,1,3,3,5,4,5,4,3,4,3,3,3,3,3,3,4,3,3,3,5,5,5,5,5,3,5,5,5,5,5,5,5,5,5,5,5,5,5,5,4,3,5,2,3,3,4,4,4,5,4,5,4,4,4,4,3,3,5,3,5,3,5,4,3
R_8g3IU6yX4lKsxd7,5,6,3,5,7,5,3,3,5,3,7,3,7,7,7,7,6,7,7,7,7,7,7,7,7,7,7,7,7,7,7,7,7,7,7,7,4,4,6,7,7,5,5,4,4,4,6,3,7,5,7,7,7,7,2,2,2,2,2,2,2,2,2,2,2,2,2,2,2,2,2,2,6,7,7,4,3,7,7,7,7,7,5,7,2,5,4,6,2,1,7,4,7,4,3,7,4,6,6,7,4,6,4,3,4,4,3,4,1,1,1,1,1,1,1,1,1,1,1,1,1,1,1,1,1,1,3,4,3,5,5,2,3,3,3,2,4,4,4,4,3,5,5,4,1,1,1,1,1,1,1,1,1,1,1,1,1,3,2,1,2,3,1,2,2,5,5,7,6,7,5
R_8IcwQqxuPzQ3CXw,6,3,5,6,7,4,5,3,3,3,3,3,7,7,7,7,7,7,6,6,6,4,5,6,6,6,6,6,5,6,5,6,5,4,4,5,7,7,7,7,5,6,7,7,6,6,6,6,7,7,7,7,7,7,1,1,1,1,1,1,1,1,1,1,1,1,1,1,1,1,1,1,5,4,4,3,3,3,5,4,3,4,4,4,3,4,4,4,4,3,2,3,4,2,4,4,4,4,4,2,2,2,2,2,2,2,2,2,5,6,6,6,6,6,5,5,6,5,5,6,6,6,6,6,6,6,7,7,7,7,7,7,7,7,7,7,7,7,7,7,7,7,7,7,7,7,7,7,7,7,7,7,7,7,7,7,7,7,7,7,7,7,2,2,4,6,6,4,5,1,2
R_8R7wGsgTi9Nhfja,4,7,1,4,6,1,1,1,1,1,4,1,7,7,7,7,7,7,7,7,7,7,7,7,7,7,7,7,7,7,7,7,7,7,7,7,4,4,4,4,4,4,4,4,4,4,4,4,4,4,4,4,4,4,4,4,4,4,4,4,4,4,4,4,4,4,4,4,4,4,4,4,4,4,4,4,4,4,4,4,4,4,4,4,4,4,4,4,4,4,7,7,7,7,4,7,7,7,7,7,7,7,4,4,4,7,4,4,4,4,4,4,4,4,4,4,4,4,4,4,4,4,4,4,4,4,4,4,4,4,4,4,4,4,4,4,4,4,4,4,4,4,4,4,4,4,4,4,4,4,4,4,4,4,4,4,4,4,4,4,4,4,4,4,4,4,4,4,4,4,4
R_2stqH1NNiV8xZmI,4,1,4,1,4,3,1,1,1,1,2,1,7,7,7,7,7,7,5,4,5,3,4,5,5,5,2,2,6,1,5,3,4,1,4,5,3,5,3,4,3,1,1,3,1,1,3,1,7,7,4,6,7,7,4,4,1,1,5,3,1,1,1,1,3,1,4,5,6,3,1,4,6,5,5,7,5,7,7,7,7,7,6,7,5,7,5,5,4,1,3,4,4,6,3,7,6,6,7,6,4,7,2,3,4,3,3,2,4,5,2,6,4,4,1,1,1,1,2,1,2,1,2,3,3,7,7,3,7,7,2,3,6,5,7,7,7,7,6,4,6,4,7,1,4,4,5,5,4,5,5,6,4,4,4,7,4,6,4,5,5,5,1,4,3,6,6,2,3,5,2
R_89tx92TVqu1gr3N,4,5,4,1,7,1,1,2,1,1,4,1,7,4,5,6,6,7,5,7,5,6,6,6,7,7,7,7,7,6,6,6,6,6,5,3,6,6,6,7,6,3,4,4,6,7,7,4,7,6,7,7,7,7,1,1,1,1,1,1,1,1,1,1,1,1,1,1,1,1,1,1,7,7,7,6,6,7,7,7,7,7,7,7,5,7,5,5,3,2,2,6,6,1,1,7,2,6,7,1,4,7,4,6,3,1,4,6,1,2,1,3,4,5,1,1,2,1,1,1,7,5,6,7,6,7,7,7,7,7,7,7,7,7,7,7,7,7,7,7,7,7,7,7,5,5,5,7,6,4,5,4,4,7,5,5,6,5,6,6,7,6,3,6,6,1,3,4,2,5,2
R_8Wnk6Gy0YymPGKZ,5,5,6,5,6,4,4,3,5,4,6,4,6,6,6,6,6,5,6,5,5,6,5,5,6,5,5,6,6,5,6,7,6,6,6,6,6,5,6,5,4,5,5,5,5,5,6,4,6,6,6,6,6,6,4,4,4,4,4,4,4,4,4,4,4,4,4,4,4,4,4,4,6,7,6,7,7,7,7,7,7,7,6,7,5,5,5,5,5,6,2,2,2,2,2,2,2,2,2,2,2,2,2,2,2,2,2,2,2,2,1,1,2,1,1,1,1,1,1,1,3,3,3,2,4,3,3,3,3,3,5,3,4,4,3,3,3,3,3,3,3,3,3,4,2,2,2,2,3,2,2,2,2,2,2,2,2,2,2,2,2,2,1,2,2,4,4,3,2,3,2
R_2gRoy6Dwg247Usx,1,1,4,5,5,6,2,4,1,1,3,4,4,4,5,6,3,4,4,4,4,4,5,3,4,4,4,4,5,4,4,3,3,4,4,5,4,4,4,2,2,5,2,6,4,1,4,3,4,4,3,5,4,5,3,5,3,4,5,5,5,4,4,4,3,4,4,4,4,2,2,2,3,4,5,5,2,4,4,4,3,3,4,3,4,1,4,3,5,3,5,3,4,2,2,2,2,2,4,1,5,3,2,2,2,4,5,2,4,3,3,5,2,5,4,3,4,4,3,4,4,6,4,2,4,5,4,3,2,3,5,5,3,5,2,4,4,3,4,4,5,2,2,2,3,4,2,3,3,4,3,3,4,4,3,2,4,4,4,3,4,5,4,3,6,3,4,3,4,3,3
R_2OtEMkIIsUXWTfP,3,2,2,2,2,2,2,2,2,2,2,2,6,6,5,4,6,6,6,5,5,5,4,5,4,5,4,5,5,3,6,6,5,5,6,5,5,5,5,5,6,5,5,5,5,5,6,5,5,4,5,6,6,5,2,2,2,2,2,2,2,2,2,2,2,2,2,2,2,2,2,2,6,6,6,6,6,6,6,6,6,6,6,6,6,6,6,6,6,6,2,2,2,2,3,2,2,2,2,3,3,2,2,3,3,3,3,2,3,3,3,3,3,3,3,3,3,3,3,3,3,3,3,3,3,3,4,5,4,4,5,5,6,4,6,6,3,6,4,4,4,4,4,4,4,3,3,3,4,4,3,4,4,4,3,4,4,3,4,4,4,4,5,5,6,5,6,6,4,6,2
R_8dGG8KCn2Psaijk,3,5,5,5,5,4,4,5,4,4,6,2,6,5,5,5,5,7,6,4,4,4,4,4,6,4,7,6,4,4,4,4,4,4,6,4,4,4,4,4,4,4,4,4,4,4,4,4,4,4,4,4,4,4,4,4,4,4,4,4,4,4,4,4,4,4,4,4,4,4,4,4,4,4,4,4,4,4,4,4,4,4,4,4,4,4,4,4,4,4,4,4,4,4,4,4,4,4,4,4,4,4,4,4,4,4,4,4,4,4,4,4,4,4,4,4,4,4,4,4,4,4,4,4,4,4,4,4,4,4,4,4,4,4,4,4,4,4,4,4,4,4,4,4,4,4,4,4,4,4,4,4,4,4,4,4,4,4,4,4,4,4,5,5,4,3,3,3,4,3,3
R_2nv2dKtGNrOQDUf,7,7,7,7,7,7,7,7,7,7,7,7,7,7,7,7,7,7,7,7,7,7,7,7,7,7,7,7,7,7,7,7,7,7,7,7,7,7,7,7,6,7,7,7,7,7,7,7,7,7,7,7,7,7,5,4,4,5,4,5,5,3,2,4,4,4,5,4,5,4,4,3,1,1,4,1,4,1,4,4,5,4,1,7,1,4,4,2,4,1,1,1,1,1,1,1,1,1,1,1,1,1,1,1,1,1,1,1,4,4,4,1,7,1,3,7,7,4,1,4,1,4,1,3,4,4,7,7,7,7,7,7,7,7,7,7,7,7,7,7,7,7,7,7,6,7,3,6,5,5,5,7,5,7,7,4,5,7,5,5,7,7,3,7,7,1,1,1,1,1,1
R_8IwAUVqt4nZfth7,1,1,1,2,1,4,1,1,1,1,4,1,5,4,5,4,2,7,7,7,7,6,7,7,7,7,7,7,7,4,7,6,4,4,5,3,4,2,4,2,3,1,2,2,2,2,5,1,4,5,4,4,4,6,1,1,1,1,1,1,1,1,1,1,1,1,1,1,1,1,1,1,7,7,2,7,3,7,7,7,7,7,4,7,3,2,2,4,1,1,7,6,4,7,5,7,7,7,7,7,5,7,2,4,3,2,2,1,1,4,1,4,1,1,1,1,1,1,1,1,1,1,1,1,1,1,1,1,1,4,4,2,1,1,1,1,1,6,4,4,4,4,4,4,1,1,1,1,1,1,1,1,1,1,1,4,1,1,1,1,1,1,2,3,4,1,7,2,1,1,1
R_8YP2trRQQYJJAFk,7,7,7,7,7,7,7,7,7,7,7,7,7,7,7,7,7,7,7,7,7,7,7,7,7,7,7,7,7,7,7,7,7,7,7,7,7,7,7,7,7,7,7,7,7,7,7,7,7,7,7,7,7,7,4,4,4,4,4,4,4,4,4,4,4,4,4,4,4,4,4,4,1,1,1,1,1,1,1,1,2,1,1,2,1,1,1,1,1,1,1,1,1,1,1,1,1,2,1,2,1,2,1,1,1,1,1,2,3,3,3,3,3,3,3,3,3,3,3,3,3,3,3,3,3,3,5,5,5,5,5,5,5,5,5,5,5,5,5,5,5,5,5,5,3,3,3,3,3,3,3,3,3,3,3,3,3,3,3,3,3,3,3,3,5,6,6,6,6,6,6
R_8isPc1aK5ntS6Gp,2,2,3,4,7,2,2,5,3,2,2,2,6,1,7,7,6,7,6,6,6,5,6,5,6,6,6,6,6,5,6,6,6,6,6,6,6,6,7,7,7,2,7,7,5,7,7,2,7,4,7,7,7,7,1,1,1,1,1,1,1,1,1,1,1,1,1,1,1,1,1,1,1,1,7,7,2,2,6,7,3,6,7,1,7,7,7,7,7,7,7,4,1,1,1,7,1,1,1,1,1,7,1,1,1,1,1,2,7,7,7,7,7,7,7,7,5,5,5,7,7,5,7,7,7,7,3,2,1,1,3,7,1,1,1,1,1,7,1,4,1,1,1,3,3,4,4,4,4,6,2,4,3,3,3,7,2,2,3,2,4,5,1,6,5,6,6,2,7,1,2
R_8rGXqxENK4CwVVW,7,7,7,7,1,3,7,7,7,7,7,3,3,7,1,4,7,4,6,6,6,6,6,6,6,6,6,6,6,6,6,6,6,6,6,6,5,6,4,6,5,2,3,4,3,3,7,2,7,7,7,7,7,7,2,2,2,2,2,2,2,3,2,2,3,2,2,3,2,2,2,2,3,1,1,1,4,3,4,4,4,4,1,5,1,1,1,1,1,1,4,4,4,4,4,4,4,4,4,4,4,4,4,4,4,4,4,4,1,1,1,1,1,1,1,1,1,1,1,1,1,1,1,1,1,1,4,4,4,4,4,4,4,4,4,4,4,4,4,4,4,4,4,4,4,4,4,4,4,4,4,4,4,4,4,4,4,4,4,4,4,4,3,6,7,7,5,7,7,7,5
R_8t5b3qEgJpxNkA3,5,3,2,6,6,1,2,1,1,1,2,1,2,1,1,3,3,7,4,3,5,2,2,3,5,4,5,5,5,2,4,5,3,4,4,2,4,6,6,2,1,1,1,2,1,1,6,4,2,5,2,6,6,1,1,1,1,1,1,1,1,1,1,1,1,1,1,1,1,1,1,1,5,2,2,4,1,5,6,6,6,6,3,1,5,6,6,3,1,1,1,6,3,6,7,6,6,7,6,6,1,3,3,3,3,2,3,6,6,6,6,7,7,6,6,3,3,5,5,6,5,4,5,4,6,7,7,7,6,7,7,7,6,6,7,6,5,7,6,6,6,6,7,7,7,6,6,7,7,6,6,5,6,6,5,6,5,6,4,5,6,7,2,4,6,1,7,2,1,1,1
R_8oqkdDNnRJvtd19,5,5,3,5,4,3,5,3,4,3,5,2,6,6,5,4,5,7,5,6,6,6,5,5,6,6,6,6,5,3,5,6,6,6,5,5,7,6,4,4,5,4,6,4,5,5,7,3,7,7,6,6,6,5,3,3,3,3,3,3,3,2,3,3,3,2,3,4,3,3,3,2,2,2,3,2,2,2,3,3,3,3,2,2,3,2,3,2,2,1,6,2,5,6,5,6,2,6,5,2,2,6,2,2,2,2,4,4,2,3,2,2,3,3,2,1,1,3,3,4,2,4,3,4,3,5,4,4,2,3,4,2,2,3,2,4,5,2,4,4,4,4,3,4,3,2,2,4,3,4,3,3,2,3,3,3,3,3,3,4,4,5,2,3,4,6,2,2,2,1,1
R_8BWa6fhVUrFJm9f,6,5,6,6,7,5,5,5,5,6,6,5,7,7,7,7,7,7,5,5,4,3,3,3,4,5,4,4,6,3,5,5,6,6,5,5,7,7,7,7,7,3,5,7,5,5,7,5,7,7,7,7,7,7,6,4,4,5,4,2,4,5,5,5,6,3,4,5,4,5,4,5,2,2,4,2,1,4,4,3,4,4,1,4,1,1,1,1,1,1,3,2,3,3,2,5,3,3,4,2,4,4,3,3,3,4,4,3,5,6,3,5,5,7,3,3,3,3,2,6,3,4,4,5,2,4,4,6,4,2,5,5,4,3,3,5,2,4,2,2,2,3,2,4,3,5,4,5,5,5,4,4,3,5,3,4,2,2,3,2,3,4,2,3,3,4,5,5,4,5,3
R_81tXqMfAh7RLW8v,5,7,7,7,7,3,5,6,5,4,7,1,7,6,7,7,7,7,6,6,6,5,5,5,5,6,6,6,6,3,6,6,6,6,5,4,3,3,5,5,7,1,3,4,3,3,7,1,7,4,7,6,5,7,3,2,3,2,4,1,3,2,2,2,3,1,5,4,4,5,2,3,4,4,2,3,1,7,6,4,6,6,4,7,1,5,1,1,2,2,4,5,5,3,1,7,4,2,7,5,3,7,1,3,1,1,5,2,3,3,3,3,2,2,3,3,2,1,3,1,4,2,3,3,3,4,4,3,4,3,3,3,3,3,3,4,3,4,4,4,4,5,4,4,3,4,3,3,4,5,4,4,4,4,4,7,3,4,3,4,4,3,2,5,5,5,5,6,4,6,3
R_2nVXvTt0NUSYG1d,6,5,6,3,2,2,3,4,4,5,6,5,2,6,6,7,1,6,6,6,5,4,4,6,5,6,7,6,6,5,5,5,6,6,6,5,6,6,6,6,5,3,6,6,4,4,6,5,6,6,6,6,6,5,3,2,2,2,2,2,2,2,2,2,2,1,2,2,2,2,2,2,2,2,4,5,6,7,6,6,6,5,4,7,3,2,2,2,2,3,3,2,2,5,2,7,4,4,6,5,3,6,2,2,4,2,3,5,2,1,3,1,3,4,1,2,3,2,2,3,2,3,2,1,2,2,2,2,3,5,3,6,3,2,3,3,2,6,2,2,3,2,2,4,2,2,3,4,4,6,3,6,2,2,3,5,3,2,4,2,2,3,4,3,4,3,6,5,6,6,5
R_2fj7xCynlvcvj2i,5,5,6,3,6,5,3,3,2,3,5,3,5,6,7,6,4,7,2,5,5,3,4,5,3,5,6,3,4,6,4,6,4,4,5,3,7,5,5,6,5,7,4,5,5,5,6,6,7,7,7,5,7,7,3,3,4,3,3,4,4,3,3,3,6,5,3,4,4,2,3,2,4,2,5,5,3,5,6,5,4,6,5,6,6,1,2,3,4,1,6,4,3,5,4,6,3,3,3,6,3,6,3,6,3,3,7,5,6,2,2,3,2,2,2,4,2,2,2,4,5,5,2,5,5,6,3,3,5,2,3,3,3,3,2,3,3,3,3,6,3,5,3,6,3,4,3,4,4,5,2,2,3,2,3,6,5,3,2,3,4,4,3,3,5,4,4,5,3,3,5
R_29oIc44pWTUWdTX,6,7,6,6,7,3,6,6,6,6,7,6,5,6,2,7,7,7,4,3,5,3,3,2,3,3,3,2,2,2,3,3,3,2,2,2,5,5,5,6,7,3,6,5,5,7,7,5,7,7,7,7,7,7,1,1,1,1,1,1,1,1,1,1,1,1,1,1,1,1,1,1,6,3,1,1,1,2,6,7,7,7,2,7,3,3,2,2,4,3,7,5,3,2,1,7,4,7,7,5,3,7,1,2,2,1,2,2,2,3,2,5,6,7,2,2,2,2,3,7,5,6,6,6,7,6,3,3,1,3,3,7,2,2,3,2,3,7,2,5,2,3,6,5,4,4,5,6,6,7,4,3,4,5,3,7,5,4,6,5,7,6,6,6,6,4,3,4,3,2,2
R_2FT1DBJ6SsIdMLn,4,5,7,6,7,5,3,2,5,3,5,3,7,4,7,6,6,7,6,6,6,6,6,7,6,6,6,6,6,6,6,6,6,6,6,6,5,5,6,3,6,5,4,2,4,5,5,2,7,5,6,6,4,7,1,1,2,1,2,1,1,1,1,1,2,1,3,2,3,2,2,3,4,5,3,5,1,5,7,7,6,7,4,7,2,6,2,4,3,1,5,5,5,5,4,7,6,5,6,5,5,7,5,5,4,5,6,2,1,1,1,1,1,1,1,1,1,1,1,1,1,1,1,1,1,1,2,3,2,3,1,3,2,2,3,2,2,2,2,3,2,2,1,1,3,4,4,3,4,4,4,3,4,4,3,4,3,4,4,4,4,4,3,4,5,5,5,3,4,1,1
R_8TRlyMsqJdzNNrK,3,2,4,3,4,4,2,2,3,1,3,2,4,1,4,3,4,5,5,5,3,4,5,5,5,5,5,5,5,4,5,5,5,5,5,5,5,5,5,5,5,5,5,5,5,5,5,5,5,5,5,6,5,5,2,2,2,2,2,2,2,2,2,2,2,2,2,2,2,2,2,2,5,4,5,5,5,5,4,6,4,4,4,5,4,4,4,4,4,4,4,5,4,4,4,4,6,6,5,6,2,6,2,2,2,2,2,2,4,4,4,4,4,4,4,4,4,4,5,4,4,4,4,4,4,4,4,4,4,4,4,4,4,4,4,4,4,4,4,4,4,4,4,4,5,5,5,5,5,3,3,3,4,3,4,6,5,5,5,5,3,5,4,4,5,2,2,2,2,3,2
R_23BtMeepCNAOcfL,7,7,7,7,7,4,5,7,7,7,5,4,7,6,7,7,7,7,7,7,7,7,7,7,7,7,7,7,7,7,7,7,7,7,7,7,7,7,7,7,7,7,7,6,6,7,7,6,7,7,7,7,7,7,3,3,3,3,3,3,3,3,3,3,3,3,3,3,3,3,3,3,4,3,4,4,4,4,4,4,4,4,4,4,4,4,4,4,4,4,4,4,4,4,4,4,4,4,4,4,4,4,4,4,4,4,4,4,4,4,4,4,4,4,4,4,4,4,4,4,4,4,4,4,4,4,5,6,6,5,6,6,5,5,6,5,5,5,5,5,5,5,5,6,2,3,3,3,2,3,3,3,3,3,2,2,3,2,2,3,3,2,5,4,4,4,4,4,4,4,4
R_8NxGH8MsqmfKYMt,3,6,6,7,7,4,6,7,5,7,7,2,7,7,7,7,7,7,6,4,5,4,4,4,7,7,7,6,7,2,6,6,4,4,5,4,4,5,4,4,5,2,6,6,4,4,7,3,7,6,7,7,6,4,2,4,4,2,3,1,4,5,4,4,6,4,4,4,3,4,5,4,6,4,4,3,4,6,4,4,4,4,4,4,2,1,4,4,2,2,6,4,4,4,6,7,4,3,5,4,2,7,3,2,2,3,2,2,1,2,1,2,1,2,4,4,1,1,7,2,7,7,7,7,7,7,2,3,3,5,4,1,4,3,4,6,6,3,6,7,6,6,6,6,4,4,4,4,4,4,4,4,4,4,4,5,4,4,4,4,4,4,6,4,4,5,4,6,4,4,5
R_8FX65bLU3uxjSLi,5,7,4,7,7,6,3,2,1,3,7,1,7,3,7,7,7,7,7,7,7,7,7,7,7,7,7,7,7,7,7,7,7,7,7,7,6,5,5,7,6,6,6,5,4,7,7,2,6,5,6,7,7,5,6,5,6,7,7,6,6,6,5,7,7,3,7,6,6,7,7,5,1,1,1,1,1,1,1,1,1,1,1,1,1,1,1,1,1,1,7,7,7,6,7,7,7,7,7,6,7,7,7,7,7,7,7,7,1,1,1,1,1,1,1,1,1,1,1,1,1,1,1,1,1,1,1,2,4,1,1,1,4,3,5,6,1,7,1,6,1,1,1,4,1,2,2,2,2,1,2,2,1,2,1,4,2,3,1,1,2,2,1,3,2,7,6,5,2,4,2
R_2qa2RXKaXk3vrXX,6,7,6,6,6,3,4,3,4,4,6,3,7,2,6,6,6,7,7,7,7,7,7,7,7,7,7,7,7,7,7,7,7,7,7,7,4,4,3,7,7,3,3,3,3,3,7,3,7,3,7,7,7,7,2,2,2,3,1,1,3,2,3,2,3,2,6,2,3,7,4,7,6,3,3,4,3,7,7,6,7,7,3,5,1,7,1,3,1,1,5,5,1,2,6,7,5,6,6,7,1,7,1,1,1,1,1,1,1,1,1,1,1,1,1,1,1,1,1,1,1,1,1,1,1,7,1,7,1,4,7,7,7,5,1,4,1,7,1,4,1,4,4,1,5,6,4,5,6,6,5,3,3,5,4,6,5,4,4,5,4,4,3,5,6,5,3,6,5,6,1
R_2QyLSBxZ1jByETW,5,7,6,6,6,6,5,5,6,6,6,4,7,7,7,6,7,6,7,7,7,7,7,7,7,7,7,7,7,7,7,7,7,7,7,7,4,6,4,5,7,5,4,4,4,5,7,4,7,7,7,7,7,7,2,3,2,4,4,2,3,2,2,3,3,2,4,4,4,4,4,4,7,6,6,4,6,5,6,7,6,5,3,7,3,4,3,4,3,3,6,4,6,4,4,6,5,6,5,5,3,5,3,2,3,2,3,2,1,1,1,1,1,1,1,1,1,1,1,1,1,1,2,1,1,2,2,2,4,4,2,2,3,2,3,3,3,2,3,3,3,3,4,4,2,2,2,2,2,2,2,2,2,2,2,2,2,2,2,2,2,2,1,2,2,5,4,5,5,5,4
R_8coQmAeDjbwzEtz,4,5,7,7,4,3,3,3,5,2,5,1,1,3,3,1,3,7,7,7,7,5,3,7,7,7,7,7,4,7,4,6,5,5,3,5,4,6,5,7,7,3,2,2,3,3,6,6,6,5,7,6,4,7,4,4,3,5,5,4,3,3,2,4,7,4,5,4,3,3,4,5,4,6,6,3,3,6,4,7,6,4,3,3,6,4,4,3,2,3,3,5,7,7,1,6,7,6,5,5,1,2,2,2,3,5,1,3,2,2,3,3,2,2,3,1,1,1,1,2,2,3,4,3,4,7,1,2,5,3,7,1,1,1,1,1,7,2,3,2,3,1,6,7,1,1,1,1,5,1,1,1,1,1,7,1,1,2,4,1,6,4,1,1,4,1,5,1,7,4,1
R_2jTVn8X5kE4M9Uq,4,6,3,6,6,3,2,1,1,2,6,1,7,1,6,6,6,7,6,6,6,6,6,6,6,7,6,7,7,3,6,5,7,6,6,6,6,6,6,5,6,3,3,3,4,5,7,2,6,5,7,5,6,6,2,2,2,2,2,1,3,2,2,2,5,1,2,3,3,3,2,3,5,2,6,2,2,5,5,6,3,6,2,7,2,6,2,2,2,1,5,6,6,2,5,7,5,6,5,4,5,7,5,6,6,2,6,1,1,1,1,1,1,3,1,1,1,1,1,1,1,1,1,1,1,3,2,2,1,5,1,3,2,2,2,2,2,2,2,2,3,1,1,1,5,5,5,5,4,5,3,5,5,6,3,6,4,5,5,5,5,6,1,5,3,3,2,2,2,2,3
R_82bc7qMQ2796R9t,7,7,6,6,7,6,5,3,3,5,4,2,6,5,6,5,7,7,5,5,6,4,6,5,7,6,6,6,6,3,5,5,5,5,5,6,6,5,5,6,7,5,5,4,5,6,6,4,6,5,6,6,6,7,2,4,2,3,4,2,2,2,2,2,2,2,4,2,3,3,2,3,2,2,3,2,3,4,4,5,5,4,3,5,3,4,2,3,2,2,3,4,5,3,2,6,5,5,4,4,3,6,2,5,2,3,2,3,5,3,4,4,5,4,5,2,2,2,2,1,3,3,5,3,3,2,5,3,3,6,6,4,4,2,2,3,6,5,4,4,5,5,5,6,5,4,4,5,5,6,4,3,3,4,4,6,6,5,5,5,6,5,3,6,6,6,5,3,4,2,2
R_2l3Ge7AOg1gYFMB,7,7,7,7,7,7,7,7,7,7,7,2,7,7,7,7,7,7,7,7,7,7,7,7,7,7,7,7,7,7,7,7,7,7,7,7,7,7,7,7,7,7,7,7,7,7,7,7,7,7,7,7,7,7,1,1,1,1,1,1,1,1,1,1,1,1,1,1,1,1,1,1,1,1,1,1,1,1,1,1,1,1,1,1,1,1,1,1,1,1,5,5,5,5,5,5,5,5,5,5,5,5,5,5,5,5,5,5,1,1,1,1,1,1,1,1,1,1,1,1,1,1,1,1,1,1,3,3,3,3,3,3,3,3,3,3,3,3,3,3,3,3,3,3,3,3,3,3,3,3,3,3,3,3,3,3,3,3,3,3,3,3,1,1,2,2,2,2,2,2,2
R_8PMJJRRxdqaczdV,6,6,7,6,7,6,5,5,5,5,6,4,6,4,6,6,6,7,6,7,5,6,6,6,6,7,6,7,6,4,6,5,5,5,5,5,6,6,7,6,6,3,6,6,5,6,6,4,7,5,7,7,7,6,2,2,2,2,1,1,1,1,2,3,2,1,2,3,2,2,2,2,6,5,2,5,2,7,7,7,7,7,5,7,2,6,2,4,2,2,4,3,2,3,5,7,6,6,6,5,6,7,3,2,3,2,4,3,2,5,5,5,5,5,2,3,2,2,2,2,5,3,5,3,5,6,4,6,6,5,5,3,3,5,3,4,4,3,5,4,5,5,5,6,5,5,5,5,3,3,3,4,2,4,4,5,4,5,5,6,5,6,2,4,5,5,3,5,5,3,2
R_8OQ6LglmIqfxp16,5,6,5,5,7,5,4,4,2,4,5,3,6,4,7,7,7,7,6,6,6,5,6,6,6,6,6,7,7,6,6,6,6,6,6,6,6,5,7,3,3,2,6,6,6,6,6,4,7,6,7,6,7,5,4,3,5,3,3,3,5,4,4,4,5,4,4,5,5,4,5,4,5,5,5,5,1,6,5,7,5,4,3,7,2,5,2,7,4,1,3,3,2,5,3,6,3,3,3,4,3,5,3,2,4,5,3,3,5,5,5,4,6,6,3,3,4,3,1,4,2,5,3,2,4,7,3,6,3,5,3,1,3,3,3,3,3,3,5,3,1,4,2,5,4,4,4,4,4,4,4,4,3,3,4,4,4,4,4,5,4,5,3,4,5,5,3,3,5,3,2
R_2xLdbg00Jjr6dWs,7,7,7,7,7,7,3,3,4,5,7,3,7,5,7,7,7,7,7,7,7,7,7,7,7,7,7,7,7,7,7,7,7,7,7,7,7,7,7,7,7,7,6,6,5,5,7,6,7,7,7,7,7,7,4,4,4,4,4,4,4,4,4,4,4,4,4,4,4,4,4,4,2,2,2,2,3,2,5,4,5,5,2,2,2,4,2,2,2,2,3,3,3,3,3,3,3,3,3,3,3,3,3,3,3,3,3,3,1,1,1,1,1,1,1,1,1,1,1,1,1,1,1,1,1,1,2,2,2,2,2,2,2,2,2,2,2,2,2,2,2,2,2,2,2,2,2,2,2,2,2,2,2,2,2,2,2,2,2,2,2,2,1,2,2,6,3,4,6,4,3
R_2D13ybuxUT0Vv5W,3,6,4,6,7,3,4,3,3,4,5,2,7,4,6,3,6,6,4,4,4,4,4,4,4,4,4,4,4,4,4,4,4,4,4,4,5,5,5,5,5,5,5,5,5,5,5,5,5,5,5,5,5,5,3,2,2,3,2,2,2,2,2,2,3,2,2,2,2,2,2,2,6,2,5,1,1,4,5,4,6,4,3,7,2,1,1,1,1,1,5,4,4,3,4,5,6,5,5,5,2,2,4,3,4,4,3,6,4,4,4,4,4,4,4,4,4,4,4,4,4,4,4,4,4,4,6,6,6,6,6,6,6,6,6,6,6,6,6,6,6,6,6,6,4,4,4,4,4,4,4,4,4,4,4,4,4,4,4,4,4,4,2,5,4,1,4,5,2,3,2
R_8WQ2i7FlsDnbNcJ,3,5,5,3,5,4,6,5,2,4,5,1,7,4,5,4,3,4,7,7,7,7,7,7,7,7,7,7,7,7,7,7,7,7,7,7,7,7,7,7,7,7,7,7,7,7,7,7,7,7,7,7,7,7,4,4,4,4,4,4,4,4,4,4,4,4,4,4,4,4,4,4,7,3,7,4,7,2,7,7,3,7,7,7,1,1,3,5,2,1,7,7,7,7,1,7,7,7,7,7,1,7,1,1,4,4,3,1,7,7,7,7,7,7,7,7,7,7,7,7,7,7,7,7,7,7,6,6,6,6,6,6,6,6,6,6,6,6,6,6,6,6,5,6,4,4,4,4,4,4,4,4,4,4,4,4,4,4,4,4,4,4,1,7,4,7,7,3,3,7,1
R_8eq2mF792Fhe4Hs,3,3,3,3,2,3,1,2,3,1,3,4,3,7,3,3,3,3,3,3,2,4,3,4,4,2,3,2,3,4,5,4,5,3,3,4,2,3,4,2,4,3,3,3,2,2,3,3,4,4,4,3,4,4,2,2,3,3,3,2,2,2,2,3,3,2,2,3,3,2,2,3,5,5,5,4,5,3,4,5,5,4,5,4,5,5,4,4,3,3,4,4,4,5,4,4,3,4,4,3,4,3,4,4,3,4,4,4,4,4,3,4,4,4,4,4,4,4,4,3,4,4,3,3,4,4,3,3,3,3,3,3,3,3,3,3,3,3,3,3,3,3,3,3,3,4,4,4,4,4,4,3,4,3,4,3,4,3,3,4,4,3,4,4,4,4,4,4,4,3,4
R_8g27XYkNnTQQ8Lf,1,1,3,1,1,2,1,1,1,1,3,1,3,1,2,2,7,7,4,4,4,4,6,3,4,4,3,4,4,3,4,4,4,4,4,4,6,6,7,6,5,6,6,6,6,6,7,5,7,6,7,7,5,7,1,1,1,1,1,1,1,1,1,1,1,1,1,1,1,1,1,1,7,7,7,7,7,7,7,7,7,7,4,7,4,7,4,4,2,1,3,3,3,3,2,3,3,3,2,3,3,2,3,3,3,3,3,3,1,1,1,1,4,1,1,1,1,1,1,1,1,1,1,1,1,1,3,3,3,3,4,3,3,3,3,3,3,4,3,3,3,3,3,3,4,4,4,4,5,4,4,4,4,4,4,5,4,4,4,4,4,4,2,4,5,5,5,2,2,2,2
R_8OokC28w1JCBvq3,5,4,4,5,5,5,1,1,2,1,7,2,7,4,7,7,7,7,7,7,6,5,4,7,5,7,7,7,7,5,6,5,5,6,5,5,4,3,6,3,1,3,3,3,5,4,5,2,4,4,4,5,6,3,3,6,5,5,2,3,3,2,5,5,7,5,6,5,4,5,5,3,5,6,5,4,4,5,5,6,6,7,6,6,3,7,5,4,5,2,7,6,4,6,6,5,5,5,7,4,6,3,5,6,7,5,5,6,5,4,4,5,5,5,5,2,6,3,4,4,3,2,4,5,4,5,3,6,5,4,6,5,6,4,4,4,4,5,4,5,6,2,5,4,3,5,4,3,6,3,3,5,6,3,5,6,4,5,5,4,3,4,5,4,5,6,6,6,5,5,6
R_2yg76A74qLyIcSE,7,7,7,6,7,3,7,1,7,7,4,7,1,7,7,3,7,7,7,7,7,7,7,7,7,7,7,7,7,7,7,7,7,7,7,7,4,4,4,4,4,3,4,4,4,4,4,4,4,4,4,4,4,4,3,3,3,3,3,3,3,3,3,3,3,3,3,3,3,3,3,3,1,1,4,1,5,5,3,2,5,5,1,7,1,4,1,1,1,1,1,1,1,7,1,1,1,1,1,1,1,7,1,1,1,1,1,1,1,1,1,1,1,1,1,1,1,1,1,1,1,1,1,1,1,1,4,4,4,4,4,4,4,4,4,4,4,4,4,4,4,4,4,4,4,4,4,4,4,4,4,4,4,4,4,4,4,4,4,4,4,4,1,1,6,6,1,4,7,6,1
R_8Ct2NYQTMFjDH6p,5,6,5,5,6,5,3,3,3,3,5,3,5,5,5,6,6,7,7,5,6,6,6,5,6,7,6,6,6,5,6,6,6,6,6,6,6,6,7,6,6,6,5,6,5,5,6,6,6,7,6,6,6,6,2,2,2,2,2,2,2,2,2,2,2,2,2,2,2,2,2,2,4,5,5,3,3,5,6,5,5,5,3,4,3,3,2,3,3,1,4,3,3,4,4,5,6,6,6,5,4,5,3,3,3,3,4,2,1,1,1,1,1,1,1,1,1,1,1,1,1,1,1,1,1,1,4,4,4,5,3,3,4,4,4,4,4,4,4,3,4,4,4,6,3,3,3,3,3,3,3,3,3,3,3,3,3,3,3,3,3,4,2,4,4,5,5,4,2,5,2
R_2wtdOPFu3rhHUwc,4,7,4,4,7,7,4,6,4,4,7,1,7,7,7,7,7,7,7,5,6,5,7,6,6,5,7,6,7,5,7,6,7,7,6,5,7,7,6,6,7,7,5,5,6,7,7,1,7,6,7,7,4,7,1,1,1,1,1,1,1,1,1,1,1,1,1,1,1,1,1,1,7,7,5,6,1,7,7,5,7,5,5,7,1,6,1,1,1,1,7,5,7,7,5,7,6,7,5,7,1,7,1,1,1,1,1,4,2,1,1,1,3,4,2,2,3,3,1,4,1,1,1,1,3,1,1,1,1,1,1,1,1,1,1,1,1,1,1,1,1,1,1,1,2,3,2,3,3,2,2,1,2,2,2,2,1,3,1,2,2,2,4,4,3,7,7,7,7,7,4
R_82nfLnfM0F7exGY,2,6,3,4,4,4,3,3,4,2,4,2,6,6,6,5,5,4,4,4,4,4,3,3,7,5,6,7,5,3,5,5,6,6,3,5,1,2,2,2,1,2,4,5,4,4,5,1,4,4,2,5,3,3,1,3,2,3,1,1,3,4,3,2,5,1,2,3,2,2,3,2,6,3,4,5,4,4,7,7,7,7,3,6,3,4,2,3,3,4,7,6,4,5,5,7,5,4,7,5,3,6,4,6,7,4,5,6,2,2,2,2,2,2,2,2,1,1,1,2,5,5,6,5,6,6,5,2,3,5,7,5,2,3,2,3,2,5,4,3,4,3,4,4,4,4,5,5,6,5,2,1,2,2,1,4,3,3,3,2,4,5,2,3,2,6,6,4,3,5,5
R_8QG7fzU1HGAPYje,7,6,4,7,4,4,4,1,4,1,5,1,7,7,7,7,7,7,7,7,7,7,7,7,7,7,7,7,7,7,4,7,7,7,7,7,7,7,7,7,7,7,7,7,7,7,7,7,7,7,7,7,7,7,3,3,3,3,3,2,3,3,3,3,3,3,3,3,3,4,3,2,1,1,1,1,1,1,1,1,1,1,1,1,1,1,1,1,1,1,3,4,4,4,2,4,2,3,3,3,4,3,3,4,3,2,3,2,2,2,2,2,2,2,3,2,2,2,2,2,2,2,2,2,3,2,3,5,4,6,4,2,2,4,4,4,2,5,4,3,4,1,3,4,4,4,4,4,4,4,4,4,4,4,4,4,4,4,4,4,4,3,4,4,4,6,5,5,3,4,2
R_22EumgLaEifOTc9,4,6,6,3,5,2,1,1,3,1,3,2,7,3,6,3,7,3,4,4,4,4,4,4,4,4,4,4,4,4,4,4,4,4,4,4,6,6,6,6,6,6,6,6,6,6,6,6,6,6,6,6,6,6,5,5,5,5,5,5,5,5,5,5,5,5,5,5,5,5,5,5,4,2,3,2,1,7,6,7,7,7,6,6,1,3,3,2,2,1,6,6,6,6,6,6,6,6,6,6,6,6,6,6,6,6,6,6,1,1,1,1,1,1,1,1,1,1,1,1,1,1,1,1,1,1,3,3,3,3,3,3,3,3,3,3,3,3,3,3,3,3,3,3,4,4,4,4,4,4,4,4,4,4,4,4,4,4,4,4,4,4,1,4,2,3,3,3,2,2,1
R_2szAqR4fqi64OBD,3,4,4,5,5,3,3,3,3,3,4,1,3,4,3,3,5,5,6,7,7,6,7,6,5,7,5,6,7,5,7,7,5,5,7,5,6,6,6,4,6,3,5,5,6,5,7,3,6,6,5,6,6,6,4,6,3,2,5,2,2,4,1,3,4,1,3,5,6,5,5,6,6,3,4,2,3,6,4,4,6,6,3,6,3,3,3,2,2,2,3,3,3,5,4,5,2,4,4,3,2,4,2,2,3,2,2,2,4,3,3,4,3,5,2,3,2,2,2,3,2,2,2,2,3,4,3,4,3,4,4,4,4,2,4,3,2,5,3,2,2,2,3,2,2,2,3,2,3,3,3,2,2,2,2,4,2,2,2,2,1,3,2,4,3,6,3,5,4,6,3
R_8Qt75JTsfFjddtG,1,5,5,7,5,3,1,1,1,1,1,1,5,1,5,5,5,7,6,5,6,4,5,6,5,6,5,5,6,4,5,5,6,5,7,5,4,4,6,4,4,4,4,4,4,4,5,4,4,4,6,6,4,6,1,1,1,1,1,1,1,1,1,1,1,1,1,1,1,1,1,1,7,7,7,4,4,5,7,7,7,7,7,7,6,7,4,6,6,4,6,6,4,6,7,7,7,7,6,5,6,7,6,6,6,6,5,7,1,1,1,1,1,1,1,1,1,1,1,4,1,1,1,2,1,1,1,2,1,4,2,4,2,1,1,2,2,6,1,1,1,2,2,1,2,2,2,2,2,2,2,2,2,2,2,2,2,2,2,2,2,2,6,4,4,1,2,4,4,2,4
R_84nOr45PFs18L8x,1,3,4,3,5,3,1,1,1,2,3,2,3,3,2,4,6,6,7,5,5,4,4,5,6,6,5,5,4,4,6,6,6,5,5,6,2,4,1,4,4,3,1,2,2,2,2,2,2,3,4,5,3,4,3,2,2,2,4,4,2,3,2,2,3,2,4,4,4,2,4,4,7,3,3,3,4,5,6,5,6,7,5,7,2,4,2,2,2,2,7,2,4,5,3,6,4,3,4,2,7,3,4,2,5,5,7,4,1,2,1,2,6,1,1,1,1,1,3,1,4,6,4,4,7,6,2,3,5,5,3,2,2,3,2,5,3,2,5,3,4,5,3,5,1,3,4,3,4,3,3,2,2,4,3,4,4,4,3,3,4,4,1,1,1,2,4,5,3,4,2
R_82M5vobG06WRGtE,3,6,5,5,6,3,1,2,1,1,4,2,3,2,3,6,6,6,7,6,5,6,7,3,7,6,7,7,6,6,5,6,5,7,5,7,6,5,4,5,6,4,2,6,3,2,7,4,7,6,6,7,5,3,2,2,2,2,2,1,2,2,1,2,2,2,2,2,2,2,2,4,4,4,3,5,4,4,7,6,7,6,3,7,4,7,4,2,2,2,3,4,5,3,2,5,3,6,5,4,2,5,2,2,2,2,2,2,2,1,1,1,4,2,1,1,1,1,2,3,1,2,1,1,1,3,4,5,2,5,6,5,2,4,2,2,5,4,3,5,4,3,3,5,4,4,3,5,3,5,3,3,4,4,4,4,3,3,4,3,4,4,1,2,4,5,3,6,5,3,4
R_2aeoIqrVIRHQUbn,6,5,5,5,6,4,2,2,2,2,4,1,6,4,6,5,3,7,3,5,6,5,7,7,7,5,4,3,4,4,6,6,6,4,5,4,6,6,5,7,5,5,6,6,6,7,5,5,5,6,5,6,5,7,2,2,5,2,3,2,3,2,2,3,2,2,3,3,2,3,3,2,4,6,3,2,3,4,3,3,3,2,3,3,4,3,4,3,3,4,5,5,5,4,4,5,4,4,6,4,5,5,5,5,3,3,6,5,5,5,6,5,6,5,4,6,6,5,6,5,5,6,4,6,5,6,4,4,4,4,4,3,4,4,4,4,4,4,5,4,4,4,4,4,5,3,4,4,4,3,3,5,3,6,4,4,5,3,3,5,5,5,5,4,6,5,6,5,4,5,4
R_8vDOJAi85EDgf8R,6,3,6,2,3,2,2,1,1,2,5,2,7,3,6,6,5,7,6,5,7,5,5,7,7,5,7,6,6,6,6,6,7,7,6,5,3,3,3,6,6,1,2,3,2,2,5,1,6,6,7,5,7,7,1,1,2,1,1,1,1,1,1,1,2,1,5,2,3,4,2,5,7,6,5,7,7,7,7,7,7,7,7,7,4,7,5,4,5,1,6,7,6,4,7,7,7,7,7,7,3,7,4,4,3,5,2,1,3,1,4,4,7,7,1,1,1,1,1,7,6,3,6,3,3,7,1,6,6,6,7,4,4,6,4,4,4,7,5,3,4,2,5,6,5,5,6,3,5,7,4,4,3,4,4,7,5,5,6,5,5,6,3,6,6,2,5,5,3,5,2
R_8L3ATClyxLsh2ZH,6,5,5,5,3,5,5,3,4,5,6,4,5,6,6,6,6,5,6,5,5,4,6,6,5,7,5,5,5,4,5,6,5,5,5,3,5,6,6,7,6,6,6,5,6,6,6,5,6,6,4,7,6,6,6,6,6,7,6,6,6,6,6,6,6,6,6,6,6,6,7,6,1,2,2,2,2,2,2,2,2,1,1,1,2,4,1,2,2,1,2,2,2,1,2,4,2,3,2,2,1,2,2,1,5,1,1,4,3,4,3,6,2,3,3,3,3,6,3,4,3,3,5,6,2,5,4,6,5,6,4,5,3,3,4,6,3,3,5,5,5,6,5,6,5,3,5,5,3,4,5,3,3,5,3,4,5,4,5,5,5,5,2,6,5,2,3,5,5,3,2
R_8rdeaIjJk7XWUlJ,6,6,7,6,6,5,5,4,5,5,6,4,5,5,6,6,6,5,7,7,6,6,6,7,6,7,7,7,7,5,6,7,7,7,6,6,6,6,7,7,4,4,6,4,5,4,7,4,7,7,7,7,7,6,2,2,1,2,1,2,1,1,1,1,2,1,2,2,2,2,2,2,3,4,1,4,2,4,4,4,4,4,1,3,1,4,1,1,2,2,3,4,3,2,4,5,3,4,4,3,3,5,1,3,1,1,4,3,6,5,4,6,5,6,4,6,3,4,4,3,6,4,5,5,6,6,4,3,2,3,4,5,5,3,6,3,1,4,1,2,1,1,2,2,5,4,4,4,4,4,4,4,4,4,4,5,5,4,4,5,4,4,3,4,6,1,1,1,1,2,1
R_8cClknpWgnzTkTD,5,7,1,7,7,7,1,1,1,1,3,2,7,7,7,7,7,7,7,7,7,5,7,7,7,7,7,7,7,4,7,7,7,7,7,7,7,7,4,7,7,7,4,4,4,7,7,3,7,7,7,7,7,7,1,1,1,1,1,1,1,1,1,1,1,1,1,1,1,1,1,1,7,4,7,3,1,4,7,7,7,7,1,7,1,1,1,1,1,1,2,1,7,1,1,3,7,7,7,7,1,7,1,1,1,1,1,5,1,1,1,1,1,1,1,1,1,1,1,1,1,1,1,1,1,1,3,4,3,3,6,7,7,7,7,7,3,7,2,7,7,2,3,7,1,2,2,3,3,3,4,3,4,4,2,7,1,2,2,2,2,4,4,4,7,2,1,2,2,6,6
R_8pWwHP2SGu98wQN,1,5,7,1,7,2,1,2,4,1,4,1,4,5,4,7,2,7,7,7,7,5,7,7,7,7,7,7,5,7,4,4,7,7,4,4,7,7,7,7,7,7,7,7,7,7,7,7,7,7,7,7,7,7,1,1,1,1,1,1,1,1,1,1,1,1,1,1,1,1,1,1,4,1,3,3,1,3,7,7,7,7,1,7,1,1,1,1,1,1,7,4,1,3,3,7,7,7,7,7,3,7,1,1,3,1,1,1,1,1,1,1,1,1,1,1,1,1,1,1,1,1,1,1,1,1,1,4,7,1,7,1,1,1,1,1,5,1,5,7,6,4,7,5,2,4,5,4,5,1,3,1,1,1,1,3,5,5,4,4,6,5,1,4,1,7,7,7,7,7,7
R_2otzdvwr0xsm8x3,7,6,5,7,6,5,5,3,6,3,5,3,4,3,4,4,5,6,7,6,5,7,7,7,7,6,7,7,7,6,7,5,7,7,7,6,7,7,7,7,7,7,7,7,7,7,7,7,7,7,7,7,7,7,4,4,4,4,4,4,3,4,3,4,4,4,4,4,4,4,4,4,4,3,3,4,4,4,3,4,4,3,4,4,4,4,4,4,4,4,7,6,6,6,5,5,6,6,5,6,5,6,6,6,5,7,7,5,4,4,2,2,1,2,2,3,4,1,2,3,2,1,3,1,1,3,3,2,1,3,1,2,3,5,2,3,3,3,3,2,1,2,2,2,2,3,2,3,3,1,3,3,1,3,3,2,3,2,2,3,2,3,1,1,1,1,3,2,2,3,1
R_8GeizSZyFDoNWOR,5,6,6,6,6,4,6,6,6,6,6,5,5,5,5,6,6,7,5,5,5,6,5,6,5,6,6,5,5,5,5,5,6,5,5,6,6,5,5,5,7,5,5,5,6,5,6,6,6,6,6,6,6,7,3,3,3,3,4,2,3,3,4,4,3,3,3,4,3,3,4,3,4,3,4,3,3,5,5,4,5,4,4,6,5,4,5,4,3,2,5,5,3,3,1,7,3,3,2,4,3,3,2,3,3,2,1,1,2,2,2,2,2,2,2,2,2,2,2,2,3,3,3,2,2,5,2,3,4,3,4,5,4,4,4,4,4,4,4,4,4,4,2,4,3,3,3,4,3,2,3,3,3,3,3,3,3,3,3,3,3,4,2,5,4,5,5,5,5,5,2
R_84NRVTGBgtqoBdx,6,7,4,6,7,4,3,2,2,2,5,2,6,2,5,7,7,7,4,7,6,6,4,6,6,5,5,5,7,6,6,7,7,6,7,7,6,6,6,7,6,4,6,5,6,5,7,5,7,6,7,7,7,7,3,3,2,2,3,3,1,2,1,2,4,2,4,3,4,4,3,5,2,4,6,4,4,4,5,6,5,6,1,4,1,5,1,2,2,1,1,3,1,1,3,5,1,5,5,1,1,5,1,1,1,1,1,1,2,3,1,3,3,3,1,1,1,1,1,5,3,1,2,3,1,4,3,1,1,6,1,6,6,6,5,6,3,6,1,1,1,1,1,1,1,1,2,2,2,2,2,2,2,4,2,4,1,2,2,1,1,2,1,2,2,6,6,5,6,7,3
R_2hrEbpMXqhLAbfj,5,5,6,4,6,5,3,2,4,2,5,1,5,2,6,5,6,6,7,7,7,7,7,7,7,7,7,7,7,4,7,7,7,7,7,7,6,5,3,3,3,2,3,2,4,3,6,2,7,2,4,6,5,4,2,2,2,2,2,2,2,2,2,2,2,2,2,2,2,2,2,2,4,3,4,5,3,5,7,2,6,7,3,7,3,7,5,6,5,6,4,1,5,5,7,7,7,7,6,5,1,7,1,7,5,1,4,5,1,1,1,1,1,1,1,1,1,1,1,1,1,1,1,1,1,1,1,4,4,3,6,5,3,2,6,3,1,7,4,7,4,4,1,7,2,2,4,2,2,2,2,2,2,2,2,2,2,2,2,2,2,5,3,4,5,1,3,5,6,5,2
R_8JlQVINr6qg8f3s,4,5,2,3,4,2,1,1,1,1,4,1,4,4,4,6,4,4,4,3,4,4,4,4,4,4,4,4,4,4,4,3,4,4,3,4,5,5,5,5,5,4,5,5,5,5,5,5,5,5,5,5,5,5,5,5,5,5,5,5,5,5,5,5,5,5,5,5,5,5,5,5,4,3,3,3,3,3,3,3,3,3,3,2,3,3,3,3,3,3,4,4,5,5,5,5,4,4,6,5,2,5,4,4,3,2,5,4,5,5,5,5,5,5,5,5,5,5,5,5,5,5,5,5,5,5,4,4,4,4,4,4,4,4,4,4,4,4,4,4,4,4,4,4,4,4,4,4,4,4,4,4,4,4,4,4,4,4,4,4,4,4,5,2,2,4,3,5,5,4,4
R_8m4RfsY9t9jge9L,5,4,4,5,4,2,3,5,3,4,5,4,3,4,5,3,4,4,4,4,2,3,6,4,7,5,4,2,7,4,3,7,3,6,1,4,4,6,4,4,3,5,5,3,4,6,1,3,6,7,4,7,2,4,4,3,4,4,1,3,4,7,6,5,3,2,4,2,2,1,2,3,3,6,2,5,2,2,3,5,1,5,6,1,4,2,3,4,1,3,4,1,5,4,2,7,4,6,7,3,7,3,2,2,3,5,6,2,2,5,4,5,7,2,2,2,3,3,7,5,7,4,7,4,1,3,5,7,7,7,1,4,2,5,2,2,3,3,5,7,5,4,5,4,2,7,1,2,2,4,4,4,5,2,5,6,4,2,2,3,5,3,1,7,4,1,4,4,4,4,1
R_2GBQniGDdf2rTYD,2,2,3,5,4,2,2,2,1,1,3,1,4,2,2,4,4,4,5,6,5,6,4,6,5,6,5,6,6,5,5,5,5,5,5,5,2,2,1,3,2,1,1,2,1,2,2,2,2,1,1,1,3,2,1,2,1,2,1,1,1,2,2,2,2,1,3,2,2,2,2,2,6,4,1,5,7,7,5,7,7,6,5,7,5,7,5,4,6,2,7,2,4,2,5,7,6,6,6,6,3,4,2,6,3,2,3,2,2,2,2,2,3,2,4,1,2,3,2,2,3,2,3,1,2,4,2,5,2,4,5,3,5,3,3,2,4,4,5,3,3,3,3,5,2,2,2,2,4,2,2,3,2,3,3,5,5,3,4,2,3,5,5,5,6,6,5,6,5,7,5
R_8fjxy5enAxV2LH0,7,7,5,7,7,7,2,2,3,2,4,1,5,7,4,4,5,7,3,5,6,6,5,6,4,7,5,3,7,5,6,6,5,6,3,5,6,6,6,6,6,6,6,6,6,6,6,6,6,6,6,6,6,6,6,6,6,6,6,6,6,6,6,6,6,6,6,6,6,6,6,6,4,4,4,4,4,4,4,4,4,4,4,4,4,4,4,4,4,4,7,7,7,7,7,7,7,7,7,7,7,7,7,7,7,7,7,7,1,1,1,1,1,1,1,1,1,1,1,1,1,1,1,1,1,1,3,3,3,3,3,3,3,3,3,3,4,3,3,3,3,4,3,3,5,4,4,5,4,4,5,5,5,5,5,5,4,5,5,5,5,4,5,6,6,7,6,7,6,6,6
R_8OoET1q55kRVrS0,4,4,5,4,6,3,3,3,2,2,5,2,6,4,6,6,4,7,6,5,5,5,5,6,5,6,6,6,7,6,5,6,6,7,6,4,6,7,7,4,6,3,6,4,5,4,7,3,7,6,6,7,4,7,1,2,1,2,2,1,1,2,2,1,2,1,2,2,1,2,2,1,7,5,5,5,3,6,7,7,7,6,4,6,3,4,4,4,4,2,6,6,6,7,3,7,7,7,7,6,2,7,2,4,5,4,5,5,5,6,4,5,3,6,2,2,2,1,4,4,4,2,4,3,6,4,4,3,3,4,2,5,2,2,3,2,3,4,3,2,2,2,3,3,3,4,2,4,3,4,5,2,3,3,2,5,4,2,3,2,4,5,4,4,5,1,2,6,4,2,2
R_2EZo1wKMPv8WBuq,5,4,6,4,4,5,3,3,3,2,3,6,7,6,6,4,3,7,6,6,5,4,5,6,6,6,5,5,6,5,4,5,5,5,6,5,5,4,5,4,5,5,5,4,5,4,4,4,5,5,4,4,4,4,2,1,3,2,1,2,1,1,1,2,2,1,1,2,1,2,2,3,5,7,7,7,7,7,7,7,7,7,6,7,4,2,3,4,5,4,5,5,6,6,6,5,5,5,5,6,5,6,5,6,6,6,5,5,3,3,2,3,3,3,3,3,3,3,3,3,4,4,4,4,3,3,4,3,2,3,3,3,3,2,3,3,4,4,3,4,3,3,4,4,4,3,4,3,3,3,3,4,4,3,4,4,4,3,4,2,3,2,3,4,1,5,7,3,6,3,7
R_2du3FRgHQZ2uf7x,2,5,4,2,3,4,2,2,2,2,5,2,5,2,5,6,6,7,5,6,4,7,3,4,5,5,5,5,4,5,4,6,5,5,4,3,2,5,5,3,3,3,3,3,3,4,5,3,6,5,6,6,6,7,2,2,2,2,2,2,2,2,2,2,2,2,2,2,2,2,2,2,7,7,7,6,7,7,7,7,7,7,4,7,3,7,4,4,4,1,5,5,5,4,7,7,6,5,5,4,5,6,3,4,3,3,6,5,1,1,1,1,1,1,1,1,1,1,1,1,1,1,1,1,1,1,3,3,3,5,6,6,2,3,2,2,3,3,5,3,5,3,3,6,4,4,4,5,6,5,3,3,3,4,4,3,5,4,4,4,3,5,3,5,3,4,4,4,4,5,2
R_2fiFBCjZqJv7wWw,7,7,7,7,7,7,5,5,5,5,7,3,7,7,7,7,7,7,6,6,7,6,5,6,7,7,7,7,6,6,7,6,7,6,5,5,7,7,7,7,7,7,7,6,7,7,7,7,7,6,7,7,7,7,4,5,4,5,5,3,3,3,3,3,6,3,5,6,4,6,6,4,4,3,4,2,2,4,6,6,6,6,3,4,2,4,4,3,3,3,4,3,6,4,2,7,4,5,7,4,3,4,5,3,5,4,2,5,3,2,3,3,3,3,3,3,3,3,3,4,5,5,4,5,4,5,3,2,3,3,4,3,2,2,2,2,4,5,3,3,3,4,3,3,3,2,2,3,4,3,2,2,2,2,4,4,3,4,3,4,4,4,5,3,3,5,5,3,4,4,5
R_2rIG2DXW2zM5nlE,5,7,4,4,7,3,3,3,3,4,7,4,7,5,6,7,7,7,7,7,6,7,7,7,7,7,7,7,7,7,7,7,7,7,7,7,7,7,4,5,7,5,6,6,5,6,7,5,7,7,7,7,7,5,4,2,2,2,2,1,3,3,2,2,2,1,3,3,2,3,3,3,5,5,7,6,4,6,7,7,6,7,7,6,2,1,2,1,3,2,1,2,1,3,3,2,3,6,4,4,1,6,1,1,1,1,1,1,7,7,1,7,7,7,1,1,1,1,7,1,5,7,7,6,7,6,2,5,6,4,6,5,4,5,4,1,1,6,1,2,1,1,2,3,1,2,5,3,4,1,3,1,2,1,3,1,4,2,4,2,2,4,2,4,5,4,2,2,1,6,1
R_84cKYkTp5s8KOqu,7,5,7,7,7,5,1,1,1,1,4,1,6,1,7,7,4,7,6,7,6,7,5,6,6,7,7,6,6,5,6,5,6,7,5,5,3,3,2,5,6,7,2,1,1,1,4,1,6,1,7,7,2,7,1,1,1,1,1,1,1,1,1,1,1,1,1,1,1,1,1,1,7,7,7,6,2,3,7,7,7,7,4,7,2,7,2,4,5,1,6,4,4,7,4,7,3,7,7,7,6,7,6,7,4,2,7,3,4,4,4,4,4,4,4,4,4,4,4,4,4,4,4,4,4,4,1,3,6,6,6,7,5,3,7,5,3,6,7,7,7,7,7,7,3,3,5,4,4,3,5,4,4,4,3,6,5,6,6,6,6,6,3,5,6,5,6,4,1,3,2
R_2mWu47t4XuQXT50,5,2,3,2,5,2,2,2,2,2,5,4,4,3,5,5,5,3,4,4,3,4,4,5,5,5,4,5,5,3,4,2,2,3,3,2,2,1,4,3,2,2,1,2,1,2,4,1,4,4,4,4,3,4,1,1,1,1,1,1,1,1,1,1,1,1,1,1,1,1,1,1,4,7,7,7,7,7,7,7,7,7,2,7,2,2,2,2,2,2,4,7,6,6,6,7,7,7,7,7,2,7,4,2,2,1,2,3,3,4,5,2,4,2,3,2,2,2,5,6,5,5,5,5,7,7,5,6,6,4,6,5,3,6,4,3,5,7,6,5,6,6,7,7,3,3,5,2,4,3,2,2,2,2,5,6,4,4,3,4,5,7,5,3,5,7,7,7,7,7,5
R_2LGlgYEwyXO0eBz,2,2,3,6,5,4,1,2,1,1,5,1,6,3,6,4,3,5,7,7,7,7,6,7,6,7,7,6,7,7,6,6,7,7,6,6,6,5,5,5,6,5,6,7,5,5,5,5,6,7,7,7,6,6,5,5,4,5,4,3,3,5,5,3,5,3,5,6,6,4,4,5,5,3,6,2,4,5,6,6,6,6,4,7,2,3,2,2,3,2,5,5,6,5,3,7,6,5,6,6,4,7,3,4,4,4,2,4,2,3,2,3,3,2,2,2,2,2,1,2,5,5,5,5,5,4,1,2,2,2,3,1,2,2,2,2,2,3,3,4,1,2,2,3,2,2,2,2,3,1,2,1,2,2,1,3,2,2,2,2,2,2,1,2,2,7,3,5,3,5,4
R_2UKuOjOaXMYr1AJ,3,5,7,2,6,2,2,3,2,2,6,1,7,1,5,7,5,7,6,5,6,4,5,4,5,5,7,5,6,6,5,4,5,5,6,5,2,4,6,2,2,1,2,2,2,2,7,1,6,2,6,6,6,3,1,1,1,1,1,1,1,1,1,1,1,1,1,1,1,1,1,1,6,6,5,6,4,7,7,7,7,7,6,7,2,6,2,2,2,2,7,5,3,7,4,7,7,7,7,7,2,7,4,5,2,3,3,4,4,4,4,4,4,4,4,4,4,4,3,4,2,4,4,4,3,4,3,3,2,5,5,5,3,5,3,3,2,5,2,5,2,1,2,2,4,3,5,5,6,6,3,4,3,4,3,5,3,4,3,3,3,3,2,5,5,6,7,7,7,7,7
R_2Q6BJ5Bjx0M2FvE,2,7,7,4,7,3,3,3,4,3,4,1,3,7,7,7,1,7,7,7,7,7,7,7,7,4,5,4,7,5,7,7,7,7,7,7,7,7,7,7,7,7,7,7,7,7,7,7,7,7,7,7,7,7,4,4,4,4,4,4,4,4,4,4,4,4,4,4,4,4,4,4,6,3,1,6,5,4,6,6,3,6,3,6,2,2,1,2,2,2,4,7,1,7,5,6,6,6,3,6,2,6,1,1,1,2,1,1,1,1,1,1,1,1,1,1,1,1,1,1,1,1,1,1,1,1,4,4,4,5,4,4,4,4,4,4,4,4,4,4,4,4,4,4,4,3,3,4,2,3,3,3,2,2,2,3,4,4,3,2,4,4,3,4,6,5,3,3,3,3,1
R_2iwXQAahYL6nDkx,5,5,1,7,7,7,4,3,3,5,6,3,6,5,5,3,7,7,4,3,3,6,2,2,4,5,6,6,5,2,4,3,6,5,6,4,4,3,5,3,2,2,4,5,3,6,6,3,5,5,6,3,5,3,3,2,3,2,2,1,3,4,6,6,5,2,4,5,2,4,4,2,2,3,6,4,3,2,6,1,2,5,3,4,3,6,5,4,4,2,7,2,5,4,6,5,6,1,3,2,4,3,2,6,4,1,4,3,5,5,4,4,4,6,7,5,6,1,1,2,6,2,3,3,2,3,7,4,5,4,2,2,6,1,3,2,3,3,5,5,6,1,6,4,7,2,6,5,3,6,1,4,3,3,2,5,4,1,4,6,2,5,4,4,2,3,7,2,1,6,4
R_8HIyOdJqEUbdEMH,7,7,7,7,7,7,7,7,7,7,7,7,7,7,7,7,7,7,5,5,5,5,5,5,5,5,5,5,5,5,5,5,5,5,5,5,5,5,5,5,5,5,5,5,5,5,5,5,5,5,5,5,5,5,3,3,3,3,3,3,3,3,3,3,3,3,3,3,3,3,3,3,3,3,3,3,3,3,3,3,3,3,3,3,3,3,3,3,3,3,5,5,5,5,5,5,5,5,5,5,5,5,5,5,5,5,5,5,4,4,4,4,4,4,4,4,4,4,4,4,4,4,4,4,4,4,4,4,4,4,4,4,4,4,4,4,4,4,4,4,4,4,4,4,5,5,5,5,5,5,5,5,5,5,5,5,5,5,5,5,5,5,4,4,4,2,2,2,2,2,2
R_8YaWqpNCGNI2SwA,5,6,3,4,7,4,2,3,3,2,7,2,7,7,7,7,7,7,7,7,7,6,7,7,7,7,7,7,7,7,6,7,6,7,6,6,6,6,6,6,6,6,6,6,6,6,7,6,6,7,6,6,7,6,3,3,3,3,3,3,3,3,3,3,4,3,3,3,3,3,3,3,6,6,6,6,6,6,6,6,6,6,6,6,6,6,6,6,6,6,3,4,4,4,4,3,4,4,4,4,1,4,2,2,2,1,1,3,1,1,1,1,1,1,1,1,1,1,6,1,3,4,5,6,5,6,3,2,3,2,2,2,2,2,2,5,4,3,3,4,4,4,4,5,1,2,2,2,2,2,1,1,1,1,1,1,1,2,2,2,2,2,2,3,2,4,4,5,4,5,4
R_2tbZIsBxXaC3dWY,3,2,3,3,3,3,2,3,2,2,3,2,6,3,4,4,7,7,6,6,6,6,5,5,5,6,6,6,6,5,5,6,5,6,7,5,7,7,7,5,3,5,6,5,4,6,7,4,6,7,7,7,6,6,1,2,2,1,1,1,2,2,2,2,3,2,2,2,2,3,3,2,5,6,5,5,4,7,7,7,7,7,5,7,1,7,3,4,1,1,5,2,1,4,4,7,4,6,7,6,4,7,3,4,3,2,4,6,3,3,3,5,4,5,3,3,4,4,3,5,4,3,3,3,2,3,4,4,4,4,4,4,4,4,4,4,4,4,4,4,4,4,4,4,4,3,3,4,4,4,4,3,3,3,2,3,3,4,3,4,3,3,2,4,3,7,7,6,5,7,5
R_2pR8iWo8uuOuCDR,6,3,7,6,7,6,4,2,5,5,6,4,5,2,5,4,4,7,3,5,3,5,4,5,5,4,4,4,5,5,4,6,5,5,4,4,1,3,2,5,1,2,3,3,4,3,3,1,5,4,1,3,6,3,5,2,4,3,4,4,2,2,4,5,3,5,5,3,4,4,2,5,5,5,2,2,4,2,4,5,5,4,2,1,4,3,4,3,3,3,1,2,2,5,1,5,2,2,3,5,5,5,6,2,1,4,2,6,2,5,3,4,5,3,6,6,6,3,3,1,3,3,3,2,3,3,1,1,1,1,1,1,1,1,1,1,1,1,1,1,1,1,1,1,2,3,4,4,4,5,1,5,2,3,6,5,5,2,5,2,4,2,2,7,1,4,6,2,3,3,2
R_8I497VnU0YUV3O9,5,4,3,5,6,5,2,2,3,2,4,2,6,2,6,5,5,6,4,4,5,3,4,3,5,5,5,5,5,4,4,5,4,4,5,3,4,5,2,4,5,4,2,2,2,3,4,2,6,5,6,5,4,5,2,2,2,3,4,3,2,2,2,2,2,2,3,3,4,2,2,3,4,4,5,4,5,3,6,2,5,6,6,6,2,2,2,2,4,2,5,3,4,3,4,5,5,6,5,3,3,4,5,2,2,2,3,2,6,5,5,5,6,5,2,2,4,3,2,3,6,5,6,5,4,6,2,3,4,4,3,3,2,2,2,2,5,3,5,4,5,4,5,5,4,4,4,4,3,4,3,3,3,4,4,4,3,4,2,4,3,4,3,4,5,5,5,3,3,5,2
R_20wQJMeP9EjwZDj,3,2,2,2,4,3,1,1,1,1,1,1,2,1,1,1,1,2,2,2,2,2,2,2,2,2,2,2,2,2,2,2,2,2,2,2,5,5,6,5,3,4,3,3,2,4,5,5,5,5,5,5,5,5,3,4,2,4,4,4,2,2,2,2,4,2,4,4,4,5,4,5,4,4,4,4,4,4,4,4,2,4,4,4,4,4,4,4,4,4,4,4,4,4,4,4,4,4,4,4,4,4,4,4,4,4,4,4,4,4,4,4,4,4,4,4,4,4,4,4,4,4,4,4,4,4,4,4,4,4,4,4,4,4,4,4,4,4,4,4,4,4,4,4,4,4,4,4,4,4,4,4,4,4,4,4,4,4,4,4,4,4,4,4,4,4,4,4,4,4,4
R_25LpWBMUNBkPspe,4,6,5,4,7,4,2,4,2,2,5,2,5,2,6,3,5,7,5,5,5,4,5,4,4,4,5,4,5,4,4,5,5,5,5,4,6,5,6,2,4,2,3,4,3,3,6,4,6,5,6,5,6,5,1,1,1,1,1,1,1,1,1,1,1,1,1,1,1,1,2,1,7,1,1,4,1,4,4,6,7,3,7,6,1,7,1,1,1,1,1,2,1,4,1,7,4,4,5,5,3,1,1,3,3,1,1,1,5,4,5,5,4,5,1,1,1,1,3,1,3,2,3,1,4,6,3,6,4,6,7,4,3,4,4,3,3,2,1,3,1,1,1,5,3,5,4,4,5,4,3,2,3,2,1,3,2,4,2,2,2,4,2,2,2,4,4,4,3,3,3
R_20MZF8zda0goi4z,2,3,4,4,4,2,2,1,3,3,2,4,4,4,4,1,4,4,6,6,6,6,6,5,5,6,5,6,6,6,4,6,6,6,5,6,5,6,6,6,6,6,6,5,6,6,6,6,6,6,5,5,6,5,4,5,4,4,4,4,4,4,3,4,4,4,2,4,4,4,4,4,5,4,2,3,3,5,6,6,6,6,5,6,1,2,1,1,1,1,2,3,2,4,1,4,4,6,5,5,2,2,1,1,1,3,1,1,4,3,2,4,4,2,2,2,2,2,4,4,5,5,6,6,7,7,5,4,4,3,4,4,3,5,4,3,4,4,7,7,7,7,7,6,4,3,4,3,5,3,3,3,3,3,3,4,6,5,4,6,5,6,3,4,2,5,4,3,2,2,2
R_2WuOozoBynjr8nC,7,7,6,7,7,7,4,5,4,4,6,6,7,4,7,7,7,7,6,7,6,7,6,7,7,7,7,7,6,7,7,7,6,7,6,7,7,7,7,7,7,4,6,5,5,5,7,7,7,6,7,7,7,7,2,4,6,4,5,3,2,3,2,2,5,2,3,3,4,5,5,4,3,2,4,3,1,6,6,6,7,7,3,3,2,7,1,1,1,1,3,3,6,3,1,6,4,7,6,4,1,3,1,3,4,2,2,5,1,3,4,6,1,1,4,5,6,4,3,4,2,2,3,1,4,2,4,5,6,7,4,4,4,3,3,5,3,4,3,4,4,4,3,4,4,3,5,5,3,2,3,4,4,4,4,4,4,3,3,5,3,5,2,4,5,5,5,6,5,5,5
R_8a9nhifMfOu8mJP,2,2,3,3,5,3,3,1,2,1,4,2,5,4,4,4,3,5,5,4,5,4,4,5,4,5,5,5,5,5,5,5,5,4,4,4,5,4,5,5,5,6,4,5,5,6,6,4,5,6,5,4,4,4,3,3,3,3,3,3,3,3,3,3,3,3,3,3,3,3,3,3,6,4,6,4,3,4,5,5,2,3,5,2,5,3,5,2,5,3,5,2,2,4,3,5,5,6,6,4,4,2,6,5,3,5,6,2,1,2,1,1,7,1,1,1,1,1,1,1,1,1,1,1,1,1,1,1,1,1,1,1,1,1,1,1,1,1,1,1,1,1,1,1,1,1,1,1,7,1,1,1,1,1,1,1,1,1,1,1,1,1,1,2,2,2,3,7,3,6,6
R_8OUO4We7So1BYlE,2,2,2,1,1,2,3,1,2,1,1,1,2,2,2,1,2,2,3,3,1,1,1,2,4,2,2,1,4,1,1,4,1,1,1,2,2,2,4,1,2,1,1,1,1,1,1,2,3,1,2,2,2,2,2,1,1,2,1,2,2,3,1,3,2,1,2,1,2,5,1,1,4,4,6,6,1,2,5,7,3,5,4,5,6,4,1,5,5,5,1,3,1,1,2,1,3,1,1,2,2,2,1,1,1,3,2,2,1,3,5,5,4,1,3,2,2,2,6,4,7,1,3,3,2,6,1,2,2,1,1,3,2,2,4,1,4,1,3,1,1,2,3,1,1,1,1,2,3,1,1,3,1,2,2,3,7,2,1,1,3,1,2,4,2,5,6,1,4,2,3
R_2MFkxvnkOlpv58L,2,6,7,7,7,3,2,4,3,1,6,1,6,2,6,6,6,7,7,7,7,7,7,7,7,7,7,7,7,7,7,7,7,7,7,7,4,4,4,4,4,4,4,4,4,4,4,4,4,4,4,4,4,4,4,4,4,4,4,4,4,4,4,4,4,4,4,4,4,4,4,4,5,3,1,2,4,5,3,4,3,2,2,7,1,6,1,4,1,1,7,7,7,7,7,7,7,7,7,7,7,7,7,7,7,7,7,7,1,1,1,1,1,1,1,1,1,1,1,1,1,1,1,1,1,1,1,1,1,1,1,1,1,1,1,1,1,1,1,1,1,1,1,1,1,1,1,1,1,1,1,1,1,1,1,1,1,1,1,1,1,1,2,3,3,1,1,3,1,3,4
R_8Gy3Z1toL0VvcH3,3,3,3,4,3,3,3,3,3,3,3,3,4,3,3,3,4,3,2,2,2,2,2,2,2,2,2,2,2,2,2,2,2,2,2,2,3,2,2,3,2,2,2,3,3,2,3,2,2,2,2,2,2,2,2,2,3,2,3,2,3,3,2,3,2,3,3,2,3,3,2,2,2,2,2,2,2,2,2,3,2,2,2,3,3,2,2,3,3,2,2,2,2,2,2,2,2,2,2,2,2,3,2,2,3,2,2,2,2,2,2,2,2,2,2,2,2,2,2,2,2,3,2,2,3,2,2,3,2,2,3,2,2,3,2,2,2,3,2,2,2,2,2,2,2,2,2,2,2,2,2,2,2,2,2,2,2,2,2,2,2,3,1,6,6,3,4,4,3,4,4
R_8hFtbmMU9FsORer,2,4,4,2,5,2,2,4,3,3,4,2,4,4,4,4,4,4,7,7,7,7,7,7,7,7,7,7,7,7,7,7,7,7,7,7,6,6,6,6,7,6,5,4,5,5,6,5,7,7,6,6,7,6,6,6,5,6,6,5,5,5,6,5,7,6,6,6,6,6,6,6,7,3,6,3,3,7,7,7,7,7,7,7,2,6,2,3,3,7,6,6,7,6,2,6,6,6,7,6,5,4,6,5,3,7,6,6,4,5,5,6,3,6,6,4,6,4,3,6,3,4,7,5,6,6,3,5,4,5,4,3,2,1,2,3,2,4,2,4,3,4,4,5,4,2,3,3,3,4,4,2,3,2,2,2,4,4,4,4,3,5,1,4,5,5,5,6,5,6,4
R_20362ZlTUVz0omt,7,7,5,7,7,5,6,4,4,6,7,6,7,7,7,7,7,7,7,6,6,7,7,6,7,7,7,7,7,7,7,7,7,7,7,6,6,6,5,5,5,5,5,5,5,5,7,7,7,6,7,7,7,7,1,1,1,1,1,1,1,2,1,1,3,2,2,2,3,3,2,2,4,4,5,6,5,4,4,4,4,4,4,5,3,5,2,4,4,2,6,5,4,5,5,5,5,6,6,5,1,4,2,1,1,1,3,1,1,1,1,1,1,1,1,1,1,1,1,1,1,1,1,1,1,1,4,3,3,3,3,4,3,4,4,4,4,3,4,4,3,4,4,3,3,3,3,3,4,3,3,3,3,3,2,3,2,4,4,4,3,4,1,2,3,7,6,6,6,6,5
R_2EmLBx4CbkBPA5D,2,2,6,5,2,3,6,6,2,6,2,4,4,2,3,3,3,2,7,6,5,5,6,7,5,4,7,5,7,5,5,6,6,5,5,4,5,3,3,4,5,4,3,3,5,3,4,3,4,5,3,5,3,6,4,4,3,5,3,5,3,4,2,6,3,5,3,4,3,3,3,3,4,3,3,5,5,3,4,4,6,5,3,5,3,3,3,4,4,4,4,5,4,5,5,4,5,3,3,3,3,5,4,3,4,5,2,5,2,1,2,2,2,1,2,1,2,2,2,3,2,2,1,3,2,1,2,2,2,2,2,2,2,2,2,2,2,2,2,2,2,2,2,2,3,2,5,3,3,4,3,4,4,4,2,4,3,4,1,3,1,3,3,2,3,3,4,5,4,5,5
R_86Flh7dJOHLmSk1,5,6,6,4,6,3,2,2,2,3,7,4,7,7,6,6,6,7,6,6,6,7,7,7,5,7,7,7,6,7,7,7,6,6,7,5,6,5,7,6,5,4,6,5,5,5,7,5,6,7,7,7,7,7,3,2,2,2,3,2,2,3,2,2,2,1,2,2,2,2,3,2,5,2,3,4,4,3,3,4,3,5,4,5,5,1,4,1,1,1,6,4,4,4,5,7,5,3,5,4,2,7,2,2,2,2,3,2,2,5,2,6,6,4,2,3,2,3,3,5,6,6,5,6,3,3,3,3,3,3,4,2,4,4,3,2,5,5,7,7,7,7,6,7,3,3,3,4,3,3,2,2,2,2,6,6,6,5,6,6,6,6,2,3,5,5,4,4,5,5,5
R_2kYaNYBHK9dx6x6,4,4,2,4,3,2,1,1,1,1,5,1,5,5,5,6,5,6,6,6,5,4,4,5,7,6,7,6,6,5,5,5,5,5,5,4,3,5,5,5,4,3,2,2,1,2,6,4,6,6,6,5,5,4,2,2,1,1,2,1,1,1,1,1,3,2,2,2,1,2,3,2,5,3,5,4,2,3,6,6,6,6,3,5,3,3,2,6,3,2,2,3,6,4,2,2,6,6,6,6,2,6,3,1,3,2,2,6,2,2,2,2,2,2,2,2,2,2,2,2,2,2,2,2,2,2,4,3,5,4,6,4,3,4,3,4,4,3,4,3,4,4,4,7,4,3,4,5,5,6,2,3,3,1,1,2,5,5,4,4,5,5,4,3,4,4,3,2,3,4,2
R_8KNRL5P1DUMtNHt,4,3,6,5,6,2,4,4,3,5,6,3,7,7,7,7,6,7,7,7,7,7,7,5,7,7,7,7,7,5,7,7,7,7,7,6,6,6,6,6,6,4,6,6,5,6,6,5,6,6,6,6,6,6,5,5,6,5,6,5,5,5,5,5,6,5,6,6,6,6,5,6,2,2,2,2,2,2,2,2,2,2,2,2,2,2,2,2,2,2,3,5,2,4,3,5,5,5,5,5,2,5,2,2,2,2,2,2,1,1,1,1,1,1,1,1,1,1,1,1,1,1,1,1,1,1,1,1,1,1,1,1,1,1,1,1,1,1,1,1,1,1,1,1,3,3,3,3,3,4,3,3,3,3,3,4,3,3,3,3,3,3,1,5,3,5,3,4,4,5,3
R_2f3IKawjjtOgDXX,6,7,4,6,5,5,2,3,2,4,7,2,7,7,7,7,6,7,4,3,5,3,2,6,4,4,6,3,2,1,4,4,5,5,5,5,7,6,3,6,5,6,5,4,3,4,5,3,5,6,5,5,6,7,3,3,3,2,4,1,2,3,3,2,4,1,4,2,2,3,3,2,3,3,5,4,3,4,5,5,5,5,3,5,2,2,4,3,2,3,3,3,5,4,6,6,3,4,5,3,2,6,3,3,3,3,3,2,1,1,1,1,1,1,1,1,1,1,2,1,3,2,3,1,1,3,3,3,2,3,3,2,2,2,3,3,5,2,3,2,3,3,3,4,2,3,2,3,3,3,2,3,3,3,4,4,4,4,3,3,3,5,7,4,4,7,7,6,6,5,4
R_24lEdnDGieSq6pr,7,6,7,4,6,3,2,2,1,4,6,2,7,2,5,5,5,7,4,5,4,4,4,6,7,7,7,6,4,5,4,5,6,5,4,4,6,6,7,7,7,3,2,2,2,2,7,3,7,7,7,7,7,7,7,6,7,7,7,3,2,2,2,2,7,7,7,7,7,7,7,7,1,3,2,4,1,4,5,5,6,7,2,6,2,3,2,2,2,1,2,1,1,5,1,6,6,3,5,6,2,5,2,2,2,1,1,2,4,5,2,4,4,4,2,2,2,1,2,2,6,4,2,4,4,7,5,5,5,6,6,5,4,2,3,2,4,3,4,4,4,4,4,4,4,5,5,5,4,5,4,2,3,2,4,5,5,3,6,4,5,5,3,4,6,5,6,4,4,6,4
R_88fI91LaSvBucGR,7,7,6,6,7,7,4,5,7,3,7,2,4,7,4,6,7,7,4,4,4,4,4,4,4,4,4,4,4,4,4,4,4,4,4,4,6,4,3,4,4,3,7,3,4,4,7,3,7,5,7,7,7,7,7,4,4,7,7,4,3,3,4,3,7,4,7,7,7,7,7,7,4,4,1,4,5,5,4,5,4,4,1,7,4,5,4,1,4,1,4,7,1,7,3,7,7,6,7,6,1,3,2,1,1,1,2,1,4,4,4,4,4,4,4,4,4,4,4,4,4,4,4,4,4,4,4,4,4,5,4,4,1,4,1,4,4,4,4,4,4,4,4,5,4,4,4,4,4,4,4,4,4,4,4,4,4,4,4,4,4,4,1,2,5,5,1,1,5,3,3
R_8lKtzK5VD1N5yDc,5,7,6,6,6,4,5,4,6,5,6,6,4,5,7,6,7,7,7,7,7,7,7,7,7,7,7,7,7,7,7,7,7,7,7,7,5,6,6,6,6,4,6,4,4,6,7,5,7,7,7,7,7,7,2,3,3,2,5,2,2,2,3,2,5,3,4,5,4,4,4,4,3,3,4,1,1,4,6,7,5,1,1,2,3,3,2,2,1,1,3,2,1,3,1,4,3,5,5,2,2,3,2,2,4,1,1,1,5,4,5,3,5,5,2,4,3,4,2,3,5,4,3,4,5,6,2,2,2,4,3,2,2,3,3,5,3,3,2,2,3,2,1,4,3,2,2,3,3,4,3,3,2,3,3,4,2,2,2,2,2,4,4,3,5,6,5,6,4,4,3
R_8DAMGOdiCxbcFE2,5,5,6,2,5,2,3,2,4,2,5,4,5,5,5,5,5,6,7,7,6,7,6,7,7,7,7,6,6,6,6,6,6,6,6,6,5,5,6,5,6,5,5,5,5,5,5,5,5,5,5,5,5,5,4,4,5,4,4,4,4,4,5,4,4,5,5,4,4,4,4,5,4,3,2,4,1,7,5,4,7,4,3,4,2,2,2,2,2,1,4,3,4,3,4,6,4,5,6,4,4,6,3,3,3,2,4,4,3,1,3,2,4,1,1,1,2,1,2,2,4,4,4,5,4,5,3,5,4,5,4,5,4,5,4,5,4,4,4,4,4,5,4,4,4,4,4,4,4,4,4,4,4,4,4,4,4,4,4,4,4,4,5,4,5,3,4,4,3,3,3
R_8lTeF0EZk9AX6b7,7,7,7,7,7,4,7,7,4,6,7,7,7,7,7,7,7,7,7,7,7,7,7,7,7,7,7,7,7,7,7,7,7,7,7,7,5,5,6,5,6,4,4,5,4,4,6,6,6,6,6,5,6,6,1,1,1,1,1,1,1,1,1,1,1,1,1,1,1,1,1,1,5,3,3,4,3,6,6,5,6,5,5,5,2,3,3,2,3,1,4,7,3,5,5,7,7,7,7,7,1,7,1,3,1,1,1,2,1,1,1,1,6,1,1,1,1,1,1,1,1,1,1,1,1,1,3,4,3,4,7,1,2,3,2,3,3,5,2,4,3,3,3,6,4,4,2,2,6,2,2,2,2,2,4,6,2,4,2,2,2,2,1,2,4,4,2,3,5,2,2
R_2qoNWSdSyqHJpzH,7,7,7,7,7,7,7,7,4,4,7,7,7,2,7,7,7,7,7,7,7,7,7,7,7,7,7,7,7,7,7,7,7,7,7,7,4,4,4,4,4,4,4,4,4,4,4,4,4,4,4,4,4,4,1,1,1,1,1,1,1,1,1,1,1,1,1,1,1,1,1,1,1,1,1,1,1,1,1,1,1,1,1,1,1,1,1,1,1,1,4,4,4,4,4,4,4,4,4,4,4,4,4,4,4,4,4,4,1,7,1,7,7,7,1,1,1,1,1,1,1,3,1,1,1,1,1,1,1,1,1,1,1,1,1,1,1,1,1,1,1,1,1,1,4,4,4,4,4,4,4,4,4,4,4,4,4,4,4,4,4,4,4,7,6,7,5,5,7,5,1
R_2j0Yj4TN2ci4DPZ,4,3,2,1,3,2,2,2,2,1,3,3,4,4,3,4,3,5,3,5,6,4,5,6,5,5,5,5,5,2,3,3,5,3,3,3,2,3,3,3,4,2,1,2,1,1,5,2,5,4,5,4,5,4,3,2,4,2,2,2,2,2,2,2,5,2,4,4,4,4,5,4,7,5,7,5,4,6,7,7,7,7,6,6,3,3,3,3,3,2,1,5,2,4,4,7,5,1,6,5,1,5,5,3,5,1,2,1,3,4,2,6,6,3,2,2,1,2,2,1,5,6,3,6,6,7,4,2,2,3,5,5,3,4,2,2,4,6,4,3,5,2,5,6,4,2,5,4,5,1,4,2,3,2,5,4,5,5,5,4,5,5,4,4,5,1,4,2,4,2,2
R_2WIogTup8iasW9W,7,7,7,7,7,5,7,7,7,7,7,5,7,7,7,7,7,7,6,6,3,5,4,7,6,7,6,5,7,3,5,7,7,6,5,5,7,7,6,6,2,2,5,4,6,6,6,2,6,7,4,5,4,3,6,4,5,3,4,4,5,4,6,5,3,4,3,5,6,6,5,2,4,4,4,3,3,4,5,3,4,5,3,3,3,3,2,5,4,5,1,3,3,4,3,5,5,4,2,3,3,4,2,4,3,2,3,3,3,1,4,2,2,2,2,2,2,1,1,3,2,1,3,2,3,4,2,2,2,3,3,3,2,3,4,3,4,2,3,4,3,1,2,2,5,5,3,4,4,5,4,5,5,4,4,5,5,3,4,4,5,4,3,3,2,5,3,4,4,4,5
R_84iv7QQ0h9FPBXN,7,6,5,7,6,7,4,5,3,6,6,3,6,5,7,6,6,5,6,6,6,6,7,7,3,3,3,3,6,4,7,6,7,7,4,7,6,6,3,7,7,6,3,3,3,3,6,3,6,6,7,6,6,7,1,1,2,1,2,1,1,1,1,1,1,1,2,2,2,1,1,3,6,2,3,2,3,2,6,7,7,1,6,6,2,6,1,2,3,1,7,6,3,7,7,7,7,7,7,7,5,7,5,5,1,3,7,6,6,5,2,3,7,2,5,1,5,2,3,5,5,5,6,3,5,6,1,3,4,1,2,2,1,4,1,2,3,2,1,2,1,5,1,1,1,1,1,1,4,3,6,1,1,1,2,4,5,1,5,2,2,5,3,5,5,2,5,5,5,5,2
R_2bIejIvS4bvaB8g,3,5,6,7,7,7,4,3,4,2,6,4,7,7,7,6,7,7,4,4,6,4,3,5,3,5,5,3,6,3,3,6,4,5,5,5,5,6,5,6,7,7,3,4,3,3,6,3,7,7,7,6,6,6,5,7,5,4,2,2,4,3,3,2,7,4,7,5,7,7,6,6,5,2,2,2,1,3,5,6,6,5,2,5,1,1,1,1,1,1,3,3,1,3,6,6,5,5,6,6,2,5,1,2,2,1,1,2,7,6,6,5,5,5,2,5,6,1,3,1,2,4,4,4,2,5,1,1,2,2,6,5,6,3,4,5,1,5,1,1,1,1,1,1,1,1,2,2,5,4,2,2,3,4,1,3,1,1,2,1,4,2,2,3,2,4,4,3,2,6,5
R_80YBot8Ggh7HFRv,4,1,1,1,3,1,1,1,1,1,7,1,7,7,7,7,4,7,6,6,6,6,6,6,6,6,6,6,6,6,6,6,6,6,6,6,6,1,1,4,5,1,1,1,1,4,7,1,4,1,7,4,7,4,1,1,1,1,1,1,1,1,1,1,1,1,1,1,1,1,1,1,4,2,7,1,7,7,7,7,7,7,3,7,1,7,1,1,1,1,3,4,7,1,2,7,1,7,7,7,1,7,1,1,1,1,1,1,7,7,7,7,7,7,6,6,7,7,4,7,7,7,7,6,7,7,5,5,5,5,5,5,5,5,5,5,5,5,5,5,5,5,5,5,4,4,4,4,4,4,4,4,4,4,4,4,4,4,4,4,4,4,1,4,7,7,7,7,7,7,1
R_2VQiwaVkBgEdVC1,5,6,4,3,2,2,3,2,3,1,6,2,4,1,4,3,6,5,2,2,3,5,4,5,4,3,5,3,2,4,5,5,5,4,2,2,2,3,2,3,4,3,3,5,5,5,2,3,4,4,5,5,2,4,2,5,2,2,6,3,5,4,3,5,4,4,4,3,5,6,3,2,4,2,5,4,3,2,3,6,3,4,6,5,6,5,2,6,5,4,3,5,3,3,5,4,3,2,5,5,6,1,4,2,4,1,4,6,5,2,6,3,4,6,4,3,3,6,6,4,2,5,2,5,5,4,3,3,4,5,4,5,6,6,6,5,2,4,6,2,3,5,2,4,3,3,2,6,4,5,4,2,5,4,6,2,3,4,2,4,3,3,2,3,3,2,4,5,4,3,2
R_2HKMs8z0c8cdBM5,5,4,6,4,6,4,3,2,3,3,5,2,4,4,2,6,5,5,5,6,5,4,5,4,5,6,4,4,6,6,5,6,5,5,6,6,4,6,4,3,5,5,5,3,5,3,6,4,6,6,6,3,5,5,3,3,2,2,2,2,3,2,2,2,2,2,3,3,3,2,4,3,3,3,3,3,2,4,4,5,4,4,3,3,2,3,3,2,4,2,2,2,3,4,4,7,2,6,5,5,3,7,3,4,5,3,4,4,4,5,5,3,5,3,4,4,4,5,3,3,3,4,5,3,4,5,3,3,5,4,6,3,2,3,5,4,4,2,4,5,5,5,4,5,3,5,4,3,4,4,3,5,4,4,4,4,3,5,3,3,4,4,2,4,3,4,5,2,4,2,3
R_22DdDnLljDdqZdn,7,5,2,7,5,6,5,1,2,1,7,2,5,3,6,7,4,7,5,7,7,7,7,7,6,7,7,5,6,6,4,6,7,5,6,4,7,4,5,3,3,3,4,3,4,6,7,5,7,6,4,6,7,3,2,2,4,1,1,1,5,2,2,2,5,4,4,3,2,3,3,2,6,6,7,1,1,6,6,6,5,5,3,6,2,6,3,4,2,1,5,1,6,3,5,7,3,5,7,3,1,6,2,6,1,2,2,5,2,4,4,4,4,7,2,2,2,2,6,3,6,6,3,3,6,6,7,7,1,7,7,6,3,4,4,5,7,7,6,7,6,7,6,7,5,6,3,4,3,3,3,2,2,2,6,6,5,5,6,5,4,4,1,3,4,3,5,1,1,1,1
R_2D5uFxo3X6PXlrL,3,7,4,5,5,6,1,2,2,2,6,1,7,4,6,5,6,7,5,3,4,3,3,3,4,5,5,4,5,2,5,4,4,6,5,5,7,7,6,7,5,1,3,3,5,5,7,2,7,7,7,7,7,4,5,5,2,2,5,1,3,1,2,1,6,1,5,6,7,6,6,5,5,2,5,4,4,6,6,7,6,7,1,7,2,3,2,1,2,3,3,3,3,5,6,7,7,7,7,7,1,7,2,1,3,2,3,4,1,1,2,1,1,1,1,1,1,1,1,1,7,6,7,6,7,7,1,2,2,5,4,4,3,5,6,5,4,6,1,1,1,1,1,2,1,1,1,1,1,1,1,1,1,1,1,1,1,1,1,1,1,1,1,2,5,3,4,6,2,5,1
R_8axZlhXIS4X4TTD,5,2,6,5,7,2,6,2,3,7,6,3,7,7,7,7,7,7,6,4,6,7,7,5,6,5,6,5,5,5,7,5,6,7,6,6,3,2,2,4,4,2,3,2,2,2,5,2,7,6,6,7,5,5,3,1,1,2,1,1,1,1,1,1,2,1,4,3,2,4,4,4,3,6,7,6,4,6,7,7,7,7,4,6,3,5,4,4,5,1,5,7,7,7,5,7,7,7,7,7,3,7,3,3,2,3,3,2,5,5,5,5,5,5,5,5,5,5,5,5,5,5,5,5,5,5,7,7,7,7,3,4,5,4,6,3,4,7,3,4,3,3,4,4,4,4,4,4,4,4,4,4,4,4,4,4,4,4,4,4,4,4,1,4,5,1,7,3,4,2,2
R_26TMxtNCkrs1W9z,5,6,2,2,6,2,1,1,1,2,4,2,3,3,3,4,4,7,4,4,4,4,4,4,4,5,4,3,4,4,4,4,4,4,4,4,5,4,4,4,3,3,3,4,3,5,4,4,4,4,5,5,5,6,3,3,1,3,2,2,2,2,1,2,2,3,1,4,3,3,1,2,4,4,7,4,3,7,7,7,7,5,6,4,3,5,2,4,4,2,5,5,5,5,4,7,5,5,6,5,4,5,6,5,4,4,4,5,3,3,3,3,4,2,2,2,3,3,2,2,4,4,2,5,2,2,3,4,6,4,4,4,5,5,5,5,5,5,5,5,4,4,5,1,3,1,1,1,1,1,1,1,1,1,1,1,1,1,3,1,1,1,3,4,4,4,4,4,5,6,3
R_8G85tjxrDv7Tm8N,6,7,5,6,7,3,5,5,5,5,7,5,6,6,7,7,7,7,7,7,7,7,7,7,7,7,7,7,7,7,7,7,7,7,7,7,6,7,7,7,7,3,7,7,7,7,7,7,7,7,7,7,7,7,2,2,2,2,2,1,2,2,2,2,2,1,2,2,2,2,2,2,7,1,5,5,1,5,7,7,7,7,5,7,1,6,1,4,1,1,6,6,6,4,4,6,5,4,5,6,4,6,3,4,1,3,2,1,1,1,1,1,1,1,1,1,1,1,1,3,1,1,1,1,1,1,4,4,4,4,4,4,4,4,4,4,4,4,4,4,4,4,4,4,4,4,4,4,4,4,4,4,4,4,4,4,4,4,4,4,4,4,1,4,6,7,2,2,5,4,1
R_8a7MxM75mp6bv8Z,3,5,5,3,7,2,4,2,5,2,6,1,6,2,6,6,5,7,7,6,7,7,6,7,7,7,7,6,7,7,7,7,7,6,6,7,5,6,5,2,6,3,3,3,4,4,6,1,7,3,5,6,6,6,2,2,3,1,2,2,1,2,1,1,2,2,2,2,3,2,2,3,5,2,4,1,1,6,6,6,4,6,3,7,2,6,2,2,2,1,4,5,2,3,2,7,5,4,6,5,2,6,2,4,4,5,5,4,2,2,3,2,2,2,2,2,2,2,2,1,2,1,2,2,2,3,5,6,3,6,3,3,3,2,6,3,4,3,4,4,3,3,3,6,4,3,3,6,5,2,3,4,3,5,5,4,3,4,4,5,5,3,3,3,4,4,5,2,1,5,1
R_8E6jANYOof8oai5,6,2,5,4,3,5,5,3,3,2,3,3,3,2,2,2,2,4,4,4,4,4,4,4,4,4,4,4,4,4,4,4,4,4,4,4,2,3,6,4,5,2,6,4,6,6,4,4,6,5,4,6,4,6,2,1,2,4,5,3,2,4,3,6,4,3,6,2,3,3,3,1,2,3,5,1,4,5,3,4,6,3,4,7,5,5,4,2,4,4,1,1,6,4,4,1,2,7,2,6,2,5,2,1,3,4,4,1,6,2,4,4,2,1,1,2,4,2,4,3,4,2,4,4,3,5,3,4,6,5,1,2,3,1,2,4,1,4,2,4,2,4,2,4,3,7,7,5,4,6,5,7,4,2,6,4,5,6,1,4,2,3,3,4,2,3,3,5,6,3,3
R_8CML9df8kMJrndn,3,5,6,6,7,3,3,3,2,5,6,1,6,1,6,5,6,7,7,7,7,7,7,7,7,7,7,7,7,7,6,6,6,6,6,6,4,6,5,7,7,2,4,4,2,4,6,2,7,5,7,6,6,7,2,3,1,2,4,2,2,2,1,2,3,1,3,1,2,2,2,3,5,5,1,3,2,6,6,6,7,7,4,7,2,6,3,4,2,1,6,4,7,2,6,7,6,7,3,4,5,7,4,7,5,2,6,6,1,1,4,1,1,1,1,1,1,1,1,1,3,2,3,3,3,7,5,1,4,6,4,1,1,3,5,6,2,1,2,1,3,5,1,5,3,2,1,5,3,2,2,2,2,4,2,3,3,4,3,5,4,6,1,2,3,3,3,5,3,5,3
R_82TluQxe1XwlWmt,4,5,5,4,6,5,3,4,4,4,4,5,3,3,5,6,4,3,6,5,6,6,5,6,4,5,7,5,5,6,5,5,6,6,6,7,5,5,5,4,3,3,4,5,4,3,4,5,5,3,6,3,4,5,4,3,3,4,4,3,3,4,4,2,4,4,4,5,3,3,3,4,3,2,2,3,3,2,4,3,5,4,3,4,2,3,1,3,3,4,4,4,3,3,4,4,4,3,3,3,4,4,3,4,2,2,3,3,3,3,4,3,4,5,4,4,4,3,4,3,3,4,4,2,4,3,2,3,2,3,1,3,3,4,1,3,1,3,3,3,3,2,3,2,3,3,3,3,3,3,3,2,4,2,3,3,3,2,3,3,2,3,2,3,2,4,5,3,2,2,3
R_2mltfrYanyzdSCZ,6,6,1,4,5,4,1,1,2,2,6,1,6,4,4,5,4,7,7,5,5,5,7,4,5,6,7,5,5,3,3,4,3,7,5,3,7,6,1,4,6,5,3,2,3,3,5,1,5,4,6,6,4,6,1,1,1,1,1,1,1,1,1,1,2,1,2,1,1,2,2,2,3,3,7,5,3,5,7,6,6,6,5,7,5,3,5,5,5,4,5,4,5,6,5,7,5,5,7,5,6,3,5,3,3,5,5,5,1,1,1,1,1,1,1,1,1,1,1,1,1,1,1,1,1,1,1,1,1,1,1,1,1,1,1,1,1,1,1,1,1,1,1,1,2,3,3,2,2,2,2,2,2,2,3,6,2,3,2,2,2,2,4,5,5,4,2,6,3,4,4
R_7TWP41UppONbaZX,5,4,4,4,5,4,3,4,3,4,5,4,7,7,5,7,7,5,4,2,5,6,3,3,3,3,5,4,3,4,4,5,4,6,3,4,3,6,3,4,5,4,5,3,5,3,6,3,5,3,5,4,4,4,5,4,4,3,5,5,5,4,5,5,4,4,5,5,4,3,5,4,5,4,4,3,5,6,4,4,4,3,5,5,6,5,3,5,4,4,4,4,3,4,4,5,4,4,3,4,5,4,4,3,4,4,4,2,4,3,4,3,5,4,4,4,4,4,4,4,3,4,3,4,4,3,5,3,2,5,5,2,4,5,5,5,4,6,5,4,5,3,3,4,4,5,5,5,2,4,6,4,4,5,3,6,5,5,5,5,3,4,1,5,5,6,6,6,6,2,4
R_2TbYUJMbKVKTBAZ,7,7,7,6,7,2,4,1,2,1,4,1,7,7,7,7,7,7,7,7,7,7,7,7,7,7,7,7,7,7,7,7,7,7,7,7,7,7,6,6,7,2,6,4,5,6,7,4,7,5,7,7,7,7,2,1,1,1,1,1,1,1,1,1,1,1,1,1,1,1,1,1,1,1,1,1,1,1,1,1,1,1,1,1,1,1,1,1,1,1,7,7,7,7,7,7,7,7,7,7,7,7,7,7,7,7,7,7,3,1,1,3,2,2,1,2,3,1,1,3,1,2,2,1,2,4,1,3,1,3,4,3,2,1,1,1,5,5,5,3,6,5,7,7,2,3,1,2,2,1,1,2,1,2,4,1,4,3,4,2,4,4,1,5,4,1,7,2,2,5,1
R_8w7ak6Ruy5pJkPa,4,5,5,7,7,1,5,2,2,4,7,4,7,1,3,7,7,7,5,7,6,4,7,6,5,6,4,4,7,4,6,6,6,6,4,5,6,5,6,5,7,3,4,3,4,4,7,2,7,5,7,6,7,6,4,3,1,1,3,1,3,1,1,1,3,1,1,1,1,1,3,1,7,2,3,5,1,5,7,7,1,7,1,5,1,3,1,1,1,1,1,4,1,1,6,7,4,6,4,4,1,7,1,2,1,1,2,6,1,1,1,3,1,3,1,1,1,1,1,7,1,1,1,1,1,6,1,3,1,5,1,3,1,2,1,1,1,7,1,1,1,1,1,4,2,6,2,5,4,3,2,3,3,3,1,6,2,4,2,2,2,4,1,3,6,1,4,4,2,1,3
R_8drVAiItmhP4qbk,4,5,7,7,7,2,1,1,2,2,5,2,6,5,6,7,4,7,7,7,5,7,6,7,7,7,7,7,7,5,7,7,7,7,7,7,7,7,7,7,7,7,5,5,5,5,7,5,7,7,7,7,7,7,2,2,2,2,2,2,2,2,2,2,2,2,2,2,2,2,2,2,3,1,3,1,2,4,7,7,7,7,1,7,1,1,1,3,1,1,7,4,2,1,2,7,7,5,7,6,3,7,2,2,1,1,5,1,1,1,1,1,1,1,1,1,1,1,1,1,1,1,1,1,1,1,2,2,5,4,3,2,3,2,6,3,1,6,5,2,2,3,2,1,1,1,1,1,1,1,1,1,1,1,1,1,1,1,1,1,1,1,1,4,4,4,3,5,2,5,4
R_8k08xZQEWUmvgMt,3,6,4,5,6,6,6,5,5,5,5,2,6,3,5,7,5,6,6,6,6,5,6,6,7,6,7,6,7,7,7,6,6,7,6,6,4,5,5,4,5,4,5,5,4,4,5,3,4,4,4,5,4,4,3,3,2,2,3,3,2,1,1,2,3,2,3,3,3,3,2,3,6,6,6,6,6,6,7,6,6,6,7,7,2,2,4,2,2,2,3,4,5,3,4,6,4,5,6,4,3,5,3,3,3,4,3,4,4,3,3,3,3,3,1,1,1,1,3,3,1,1,4,1,1,4,1,1,2,2,3,1,1,1,1,1,3,3,4,4,2,4,3,4,1,1,1,1,1,1,1,1,1,1,1,1,1,1,1,1,1,1,2,2,3,3,5,4,3,5,4
R_2P6wCKwHK8tjHl4,3,2,2,2,7,6,2,2,2,1,3,1,7,6,7,7,7,7,5,5,5,4,5,5,6,6,5,6,5,6,5,5,7,6,6,6,1,1,1,1,1,1,1,1,1,1,2,1,1,1,1,1,1,1,1,1,1,1,1,1,1,1,1,1,1,1,1,1,1,1,1,1,1,1,1,1,1,1,1,1,1,1,1,2,1,1,1,1,1,1,7,7,7,6,7,7,6,7,7,6,7,7,7,7,7,7,7,7,1,1,1,1,1,1,1,1,1,1,1,1,1,1,1,1,1,1,7,7,7,7,7,7,7,7,7,7,7,7,7,7,7,7,7,7,5,5,6,5,4,5,4,5,5,4,5,4,5,5,4,4,4,5,2,5,6,7,7,6,7,7,5
R_211NTfSyUiMX3Qn,4,3,7,3,7,3,1,1,7,4,1,1,7,4,5,3,7,7,7,7,7,7,7,7,7,7,7,7,7,4,7,7,7,7,4,4,3,3,1,4,3,2,3,1,3,3,1,4,5,5,4,6,1,2,1,1,1,1,1,1,1,1,1,1,1,1,1,1,1,1,1,1,6,5,5,4,4,5,5,6,5,5,5,5,5,5,4,6,3,6,2,1,3,1,1,1,2,2,1,2,3,2,1,1,1,2,2,1,7,4,7,1,4,5,5,5,5,3,5,7,3,7,3,3,7,7,7,4,4,6,7,7,1,2,4,5,4,2,5,4,4,3,7,7,4,5,3,4,3,4,5,4,4,2,4,5,5,4,4,5,4,3,4,5,7,5,6,6,5,6,6
R_2vHk1c9upzHvwyZ,5,7,3,7,7,7,2,2,3,2,7,1,3,2,3,7,6,7,6,6,5,6,3,4,5,6,7,7,6,5,6,6,6,6,7,7,4,5,6,7,5,3,5,6,4,4,5,2,6,7,7,7,6,6,3,3,2,1,1,1,3,1,1,2,2,1,1,2,3,3,2,3,7,3,6,1,1,2,5,6,7,5,5,7,4,5,5,5,2,1,5,7,7,7,7,7,7,5,7,7,5,7,7,6,7,6,7,6,5,4,1,4,6,3,3,2,3,4,3,4,4,3,5,5,5,7,3,3,5,6,7,4,2,2,4,2,3,5,3,2,3,3,3,6,1,3,2,3,6,3,2,3,3,2,4,3,3,2,3,3,4,4,5,2,4,3,3,3,1,4,1
R_8EzNMGzj5FjBNN6,7,7,7,6,7,3,2,2,2,3,3,2,6,2,6,7,7,7,7,7,7,7,7,7,7,7,7,7,7,7,7,7,7,7,7,7,7,4,7,4,4,2,3,4,4,4,7,2,7,7,7,7,7,7,1,1,1,1,1,1,1,1,1,1,1,1,1,1,1,1,1,1,1,7,1,5,3,7,7,7,7,7,4,7,1,1,1,1,1,7,1,5,1,4,6,7,4,4,4,4,1,7,1,1,3,1,1,1,2,5,5,1,1,5,1,1,1,1,1,1,5,3,5,1,3,7,1,7,5,7,5,2,1,1,1,1,2,2,5,2,5,2,4,7,4,4,4,5,3,4,2,1,3,1,2,3,5,4,4,3,4,5,2,3,3,6,4,3,4,3,2
R_8COn1NVgzRpaqP5,2,5,6,3,5,4,2,2,2,2,3,2,6,6,6,6,6,6,5,5,5,5,5,5,5,5,5,5,5,4,5,5,5,5,5,5,5,6,5,6,6,5,6,5,3,3,7,1,7,6,7,7,7,7,2,2,1,2,2,2,1,1,1,1,2,1,2,2,2,2,2,2,3,3,2,2,2,3,3,6,6,4,2,7,2,2,1,2,2,1,5,4,6,2,5,6,6,6,6,5,2,7,2,3,2,2,3,2,2,2,2,2,2,2,2,2,2,2,2,2,2,2,2,2,2,2,3,2,2,4,4,3,3,3,3,3,2,6,3,4,4,4,3,3,3,4,3,5,3,4,3,3,3,3,4,4,4,3,3,4,4,3,3,2,4,6,6,5,5,6,3
R_80r5DJYoxMfcs48,2,7,7,7,7,1,5,7,3,7,6,6,6,7,7,7,6,7,7,7,7,7,7,7,7,7,7,7,7,7,7,7,7,7,6,4,5,6,6,5,4,6,7,5,6,5,4,7,4,6,7,6,5,5,5,5,1,5,4,5,3,1,1,1,5,3,3,1,4,1,3,3,4,4,5,3,3,7,7,6,6,6,2,7,2,6,2,4,2,1,7,7,7,3,3,7,7,7,7,7,7,5,3,1,4,3,4,7,1,2,1,3,1,1,2,5,1,1,1,5,2,4,4,1,2,7,4,3,4,6,5,5,6,6,6,5,5,6,3,6,3,3,6,7,5,3,6,3,3,5,5,2,3,3,2,6,3,5,3,2,5,5,3,4,5,5,5,7,5,6,2
R_89n2Gbj2FFH6pZ2,1,4,1,2,4,2,1,1,1,1,5,1,6,5,6,7,5,7,6,6,6,5,5,7,5,7,6,7,7,7,3,7,3,7,4,4,2,2,1,6,6,1,2,1,1,2,7,3,6,6,6,5,7,7,1,2,1,2,1,1,1,1,1,1,1,1,2,1,1,1,1,1,6,4,7,4,3,7,7,6,7,7,4,4,3,5,2,2,2,1,6,6,6,2,2,7,7,7,7,5,3,7,5,5,6,4,5,5,6,6,1,5,6,6,2,2,1,1,5,2,1,6,1,6,6,6,2,3,1,6,7,1,1,2,1,1,6,1,5,6,6,5,5,5,5,4,5,7,5,3,5,6,5,4,2,6,7,6,6,3,6,5,2,2,4,5,7,3,2,2,1
R_87Dz4QSqJ5oCFEB,4,4,7,6,3,6,3,3,5,3,3,1,2,1,6,5,1,5,6,6,7,7,5,1,5,6,2,4,2,5,3,4,7,4,4,2,4,2,6,3,6,1,5,7,5,3,4,4,6,6,3,2,7,4,3,4,6,5,6,6,7,1,4,2,6,7,5,5,1,3,7,3,7,2,6,7,1,2,3,5,6,4,7,3,5,5,5,6,5,7,5,3,6,1,5,7,1,3,2,4,4,7,2,6,2,3,7,5,5,1,3,6,2,2,4,6,5,6,2,7,4,7,1,4,3,6,7,6,4,7,3,5,6,5,1,7,3,3,5,6,4,4,6,1,1,5,3,3,3,6,2,7,4,5,7,5,6,1,6,5,7,4,4,6,2,1,6,3,1,7,5
R_2eF34yHt7ELkuR7,3,3,1,3,2,2,1,1,1,1,2,1,3,2,3,2,4,5,6,6,5,5,7,6,7,7,7,7,6,7,5,5,7,5,5,5,3,6,4,5,6,5,6,3,4,3,5,4,4,5,6,5,5,5,2,3,3,3,3,3,2,2,1,2,2,2,3,3,2,4,2,4,4,2,6,3,6,6,6,6,6,6,3,6,5,6,2,3,2,2,4,2,3,4,2,4,4,5,5,5,2,4,2,1,1,3,2,1,4,4,2,2,6,4,1,2,2,1,1,1,2,3,1,2,2,3,1,1,1,1,1,1,1,1,1,1,1,1,1,1,1,1,1,1,4,3,3,3,4,1,1,2,1,1,1,2,1,3,3,1,1,2,1,4,2,7,6,6,6,6,5
R_8VJuRJ1ljA3203O,6,6,6,7,7,2,2,4,3,3,6,3,7,7,6,5,7,7,7,6,6,6,6,6,6,6,6,6,6,6,6,6,6,6,6,6,6,6,5,7,4,3,6,7,5,6,7,4,7,7,7,7,7,7,4,4,4,4,4,3,4,4,4,4,4,3,4,4,4,4,4,3,7,5,4,4,4,7,7,7,4,7,7,7,1,1,1,1,1,1,5,4,5,3,3,7,4,5,5,4,3,7,1,1,2,1,1,5,1,7,1,7,7,7,1,1,1,1,1,1,1,2,3,1,3,7,3,3,4,7,5,5,4,4,1,5,3,5,4,4,3,6,5,3,3,4,3,4,3,5,2,3,3,6,3,4,4,4,4,4,3,3,1,3,4,6,2,6,4,7,1
R_2kNwyvrBvG7Uor9,5,7,7,7,7,6,5,5,6,7,5,1,7,7,7,7,7,7,7,7,7,7,7,7,7,7,7,7,7,6,7,7,7,7,7,7,4,6,5,7,4,3,6,5,5,7,5,1,6,6,7,4,7,7,1,2,5,3,4,2,3,2,4,3,3,1,4,3,3,4,4,5,6,5,2,6,5,6,6,6,6,6,6,4,5,5,2,6,2,1,7,5,5,4,5,6,4,4,5,4,7,7,3,1,5,1,3,3,4,6,6,2,6,4,3,3,3,1,1,5,6,3,5,3,6,7,5,4,4,4,5,2,4,4,2,4,5,6,5,5,4,5,4,6,4,4,3,4,5,4,4,1,4,4,4,6,5,4,5,4,5,5,5,5,7,3,6,5,5,5,3
R_8dHApMsoSiz9KgB,7,7,7,6,7,1,3,3,3,3,7,1,7,2,6,7,7,7,6,7,6,5,5,7,7,7,7,7,7,6,7,7,7,7,6,7,7,7,7,5,6,1,3,1,3,3,6,2,7,2,7,7,7,7,3,3,4,3,6,1,1,1,4,1,5,1,5,1,5,4,3,6,2,2,2,5,2,7,5,7,6,7,4,7,2,7,2,2,2,1,2,2,1,4,4,7,7,7,4,7,4,1,3,7,3,3,5,1,5,7,5,5,5,2,1,2,1,1,3,1,7,3,7,5,7,6,7,5,6,3,5,1,2,2,3,1,4,2,7,1,7,5,7,7,4,4,4,4,4,4,3,3,3,3,4,4,4,3,4,4,4,4,2,5,6,6,6,2,1,4,3
R_80A7LyvekFmtZYG,3,2,4,2,2,2,2,1,2,1,4,2,2,2,3,3,2,2,7,7,7,7,7,7,7,7,7,7,7,7,7,7,7,7,7,7,4,4,4,4,4,4,4,4,4,4,4,4,4,4,4,4,4,4,1,1,1,1,1,1,1,1,1,1,1,1,1,1,1,1,1,1,5,5,5,5,5,5,5,5,5,5,5,5,5,5,5,5,5,5,4,4,4,4,4,4,3,2,4,4,4,6,1,4,4,4,2,2,1,1,1,1,1,1,1,1,1,1,1,1,1,1,1,1,1,1,5,5,5,5,5,5,5,5,5,5,5,5,5,5,5,5,5,5,3,3,3,3,3,3,3,3,3,3,3,3,3,3,3,3,3,3,2,2,1,6,5,6,6,6,3
R_8fIJlz7K3Zxcxdn,6,5,7,6,7,2,6,6,3,3,7,6,7,4,7,7,7,7,7,7,4,7,4,7,7,7,7,7,4,7,4,7,7,7,4,7,7,7,7,7,7,7,7,7,7,6,7,5,7,7,7,7,7,7,4,4,4,4,4,4,4,4,4,4,4,4,4,4,4,4,4,4,4,4,4,4,4,4,4,4,4,4,4,4,4,4,4,4,4,4,5,5,2,5,2,6,2,2,2,2,2,2,2,2,2,2,2,2,1,3,1,1,2,1,1,1,1,1,1,5,5,5,1,5,6,7,5,5,4,5,4,7,4,6,4,5,4,6,4,4,4,4,4,6,4,4,4,3,3,5,4,3,5,3,3,3,3,5,4,4,4,3,4,4,4,6,3,5,5,3,1
R_8bSqlE5FngCXjPz,4,7,5,7,7,5,4,4,4,4,5,3,7,7,7,7,7,7,7,7,7,7,7,7,7,7,7,7,7,7,7,7,7,7,7,7,7,7,7,7,7,7,7,7,7,7,7,7,7,7,7,7,7,7,7,7,1,7,7,7,7,7,1,7,7,7,7,7,7,7,7,7,6,1,6,1,1,5,4,6,6,1,5,6,1,5,3,2,1,1,7,1,1,1,1,7,1,7,7,1,1,7,1,2,1,1,1,1,2,4,2,5,6,4,3,2,2,2,5,4,3,3,4,7,6,6,7,7,1,7,7,7,7,5,2,7,7,7,7,7,7,7,7,7,3,6,1,5,5,4,5,4,1,5,5,4,5,4,3,6,5,6,1,4,5,1,4,4,2,1,1
R_2h3xWqlQ2q98Tys,1,7,6,1,1,1,1,1,1,1,6,1,4,2,3,5,6,7,3,4,4,5,6,7,6,6,6,5,4,5,3,6,5,4,2,6,5,4,5,4,6,4,3,4,6,4,5,5,3,3,3,3,5,4,1,4,2,3,2,3,2,2,3,3,3,2,3,2,2,2,3,4,6,2,2,5,5,2,2,3,3,5,6,5,3,4,3,2,3,2,3,3,3,5,3,5,3,4,3,4,3,4,3,5,4,4,4,4,2,4,6,6,4,4,2,2,2,2,2,2,4,4,2,2,4,6,4,5,4,5,3,5,4,4,3,5,4,4,5,3,4,4,3,4,6,5,5,3,4,5,4,4,5,4,4,5,5,6,5,5,4,4,5,4,4,7,7,6,5,6,4
R_8Kdu12Nrkx8s6Gc,4,7,7,7,7,4,7,4,7,4,7,4,7,7,7,7,7,7,7,7,7,7,7,7,7,7,7,7,7,7,7,7,7,7,7,7,5,6,7,6,6,3,6,4,6,5,7,4,7,5,7,5,7,6,3,2,2,2,2,1,2,2,2,2,2,2,2,2,2,2,3,3,6,1,5,5,4,7,4,6,4,6,4,5,1,6,1,1,1,1,3,3,5,6,4,7,3,6,4,5,1,6,3,5,3,3,1,6,3,3,3,3,2,3,2,2,3,3,5,3,6,7,7,6,6,6,1,1,1,3,5,7,3,3,3,3,4,3,1,3,1,1,1,1,1,1,1,1,1,1,1,1,1,1,1,1,1,1,1,1,1,1,1,1,2,2,1,4,2,3,1
R_84LhwX1ngBIDpIt,6,6,7,6,7,7,4,6,7,4,7,4,6,2,7,7,5,6,6,5,7,1,2,2,4,7,7,2,5,3,7,3,7,7,5,4,2,2,1,3,4,2,1,2,1,1,2,1,6,7,6,6,3,7,1,2,1,1,2,2,1,1,2,2,1,1,6,2,6,5,1,4,3,2,1,1,1,2,3,3,1,5,3,7,1,5,1,1,5,2,2,2,1,1,1,7,3,2,3,1,3,5,1,3,1,1,5,1,7,5,7,7,7,6,6,4,7,7,3,3,1,3,1,1,1,6,2,2,2,3,2,3,2,1,3,2,2,2,2,2,1,1,2,2,3,2,1,5,3,7,4,2,1,6,1,5,5,3,3,6,3,5,7,7,7,2,5,4,3,3,2
R_2CJUBnUXQLKtBmY,7,7,6,5,7,1,4,6,3,5,3,1,3,3,3,4,6,7,5,3,2,4,4,7,7,3,5,7,5,6,7,4,6,5,2,2,7,7,7,7,7,4,5,4,3,5,5,4,7,3,4,4,5,6,2,6,6,2,3,3,6,4,2,4,3,3,2,5,4,4,5,4,1,1,3,3,7,6,4,5,7,4,6,7,4,7,7,5,3,4,1,1,1,1,1,3,1,1,1,4,1,1,1,1,1,1,5,1,2,3,1,1,3,1,1,1,1,1,1,1,4,4,3,4,4,2,6,7,4,3,6,4,3,6,2,2,4,2,4,2,4,2,3,5,6,5,7,5,4,5,2,4,4,4,3,3,2,3,5,5,6,4,3,3,2,7,4,6,5,5,6
R_2LR1VWdumnUW4db,6,4,2,4,6,3,4,3,5,3,6,5,6,4,5,5,5,5,6,5,4,5,6,6,4,5,4,5,4,5,5,5,5,5,5,4,4,4,4,4,6,4,3,5,4,4,5,4,5,5,5,5,5,5,4,4,3,4,4,4,3,3,3,3,3,3,5,3,4,3,4,3,5,4,6,5,4,5,6,6,6,6,3,6,3,5,3,4,4,3,5,4,4,4,5,5,4,6,5,6,5,5,4,4,4,5,3,4,4,4,4,4,4,4,4,4,4,4,4,3,4,4,4,4,4,4,4,4,5,4,4,5,5,5,5,5,4,5,4,4,4,5,4,5,4,4,4,4,4,4,4,4,4,4,4,4,4,4,4,4,4,4,4,4,5,3,3,4,3,4,3
R_82lzF9VYNSgFXYN,4,7,7,7,7,3,7,4,3,7,7,3,5,7,5,7,7,7,7,7,7,7,7,7,7,7,7,7,7,7,7,7,7,7,7,7,2,7,5,7,7,2,3,1,2,7,7,1,6,7,7,7,6,7,3,1,1,3,5,2,4,1,1,3,3,1,3,4,1,3,3,2,6,2,1,1,1,6,7,7,7,7,5,7,5,7,5,3,3,1,7,2,1,1,1,7,1,7,7,1,1,7,3,1,3,1,2,1,1,1,1,1,1,1,1,1,1,1,1,1,1,1,1,1,1,1,2,2,3,7,7,6,4,1,3,7,6,2,4,3,4,7,6,7,1,1,1,5,4,5,1,1,1,5,4,5,1,1,1,5,4,5,1,4,4,7,5,3,1,1,1
R_2EL2B0oxtVMxLSF,7,7,5,7,6,5,4,6,6,4,6,6,7,7,7,7,7,7,7,7,7,7,7,7,7,7,7,7,7,7,7,7,6,7,7,7,5,7,5,6,6,4,6,3,4,4,5,5,6,6,6,7,6,6,4,4,4,4,4,4,4,4,4,4,4,4,4,4,4,4,4,4,2,2,3,1,2,6,5,4,5,5,1,3,1,1,1,1,1,1,3,2,3,2,2,7,5,6,6,5,2,2,1,2,2,1,1,3,2,5,2,5,2,2,2,4,2,3,2,2,5,5,6,5,5,4,2,5,2,5,2,2,2,2,2,3,1,2,6,5,5,1,2,3,2,2,2,2,2,2,2,2,2,2,2,2,2,2,2,2,2,2,2,5,2,3,2,3,2,4,5
R_2Ofzhry7DUBTUpD,3,5,2,7,7,7,2,4,4,5,6,4,5,7,5,5,7,7,7,4,5,7,6,7,7,7,6,7,6,5,5,7,7,5,7,7,3,5,3,7,5,4,3,3,3,4,7,6,7,5,7,7,7,7,1,3,2,3,3,1,2,3,3,3,5,4,3,4,3,4,4,4,7,4,4,1,2,5,3,4,4,3,1,4,4,1,3,1,1,1,3,3,4,4,4,6,2,3,4,4,1,3,5,4,5,2,3,3,4,4,4,4,4,4,4,4,4,4,4,4,4,4,4,4,4,4,1,5,3,5,5,1,2,1,2,1,5,4,3,3,4,3,4,4,4,4,1,5,6,3,1,2,3,2,5,3,4,3,3,4,4,4,1,5,5,6,5,6,3,4,3
R_2DWSjHzJiFbpWg1,5,7,6,6,7,2,4,4,2,4,5,3,6,6,7,7,7,7,7,7,7,7,4,7,7,7,7,7,7,7,7,7,7,7,7,7,5,7,6,7,7,3,7,5,4,6,7,6,7,6,7,7,7,7,2,4,3,4,2,3,4,3,3,1,5,2,5,3,5,6,5,5,6,2,2,2,1,7,7,5,6,6,3,4,1,6,1,1,1,1,6,5,4,6,1,7,4,4,7,2,1,6,2,3,1,1,1,1,1,1,1,1,7,1,1,1,1,1,1,1,1,1,1,1,1,1,4,3,3,3,7,3,3,3,3,3,3,5,3,3,3,3,3,3,4,4,4,4,7,4,4,4,4,4,4,5,4,4,4,4,4,4,4,5,7,7,3,3,2,1,2
R_2V8e7H84vjnKwal,4,4,3,4,4,4,2,6,4,4,4,4,4,4,4,5,5,4,5,7,4,4,4,4,5,4,4,4,5,4,5,5,4,5,5,5,3,5,5,4,6,5,4,5,4,6,6,6,5,5,4,3,5,6,4,6,4,5,4,4,5,4,4,3,4,4,3,5,5,4,4,4,5,5,5,5,5,6,6,5,6,4,5,5,6,3,6,6,4,5,6,5,5,6,6,6,4,5,5,6,6,5,6,5,5,6,4,4,3,5,4,7,4,4,5,6,3,5,4,5,4,4,1,6,5,4,4,3,4,3,4,4,4,4,4,4,3,2,3,3,4,5,3,3,5,6,5,4,5,5,5,3,4,4,4,5,5,4,4,4,5,5,3,5,4,5,5,6,5,7,6
R_2eUW4nLykfmBhJg,7,7,5,7,7,5,6,5,6,5,7,3,7,6,6,7,7,7,7,7,7,7,7,5,7,7,7,7,7,6,7,7,7,7,7,7,7,7,7,7,7,7,4,7,6,5,7,4,7,7,7,7,7,7,3,3,3,3,3,3,3,3,3,3,3,3,3,3,3,3,3,3,6,3,3,1,6,4,6,5,5,6,1,6,1,1,1,1,2,1,4,3,4,3,4,4,4,4,4,4,2,4,4,3,3,3,4,3,1,1,1,1,1,4,1,1,1,1,1,1,1,1,1,1,1,1,4,5,4,5,5,4,4,4,3,4,5,4,4,5,4,4,4,5,4,4,4,4,4,4,4,4,4,4,4,4,4,4,4,4,4,4,7,4,6,3,4,5,4,4,3
R_2OOUA7GECKstYmy,7,7,3,7,7,3,3,5,3,3,3,2,7,3,7,3,5,7,7,7,7,7,7,7,7,7,7,7,7,7,7,7,7,7,7,7,7,7,7,7,7,7,7,7,7,7,7,7,7,7,7,7,7,7,1,1,1,1,1,1,1,1,1,1,1,1,1,1,1,1,1,1,1,1,1,1,1,1,1,1,1,1,1,1,1,1,1,1,1,1,7,7,7,7,7,7,7,7,7,7,7,7,7,7,7,7,7,7,1,1,1,1,1,1,1,1,1,1,1,1,1,1,1,1,1,1,1,1,1,1,1,1,1,1,1,1,1,1,1,1,1,1,1,1,5,5,5,5,5,5,5,5,5,5,5,5,5,5,5,5,5,5,1,1,1,7,7,6,6,3,1
