ResponseId,Q3_1Vl_1,Q3_1Vl_2,Q3_1Vl_3,Q3_1Vl_4,Q3_1Vl_5,Q3_1Vl_6,Q3_1Vl_7,Q3_1Vl_8,Q3_1Vl_9,Q3_1Vl_10,Q3_1Vl_11,Q3_1Vl_12,Q3_1Vl_13,Q3_1Vl_14,Q3_1Vl_15,Q3_1Vl_16,Q3_1Vl_17,Q3_1Vl_18,Q3_2Im_1,Q3_2Im_2,Q3_2Im_3,Q3_2Im_4,Q3_2Im_5,Q3_2Im_6,Q3_2Im_7,Q3_2Im_8,Q3_2Im_9,Q3_2Im_10,Q3_2Im_11,Q3_2Im_12,Q3_2Im_13,Q3_2Im_14,Q3_2Im_15,Q3_2Im_16,Q3_2Im_17,Q3_2Im_18,Q3_3KP_1,Q3_3KP_2,Q3_3KP_3,Q3_3KP_4,Q3_3KP_5,Q3_3KP_6,Q3_3KP_7,Q3_3KP_8,Q3_3KP_9,Q3_3KP_10,Q3_3KP_11,Q3_3KP_12,Q3_3KP_13,Q3_3KP_14,Q3_3KP_15,Q3_3KP_16,Q3_3KP_17,Q3_3KP_18,Q3_4KS_1,Q3_4KS_2,Q3_4KS_3,Q3_4KS_4,Q3_4KS_5,Q3_4KS_6,Q3_4KS_7,Q3_4KS_8,Q3_4KS_9,Q3_4KS_10,Q3_4KS_11,Q3_4KS_12,Q3_4KS_13,Q3_4KS_14,Q3_4KS_15,Q3_4KS_16,Q3_4KS_17,Q3_4KS_18,Q3_5Av_1,Q3_5Av_2,Q3_5Av_3,Q3_5Av_4,Q3_5Av_5,Q3_5Av_6,Q3_5Av_7,Q3_5Av_8,Q3_5Av_9,Q3_5Av_10,Q3_5Av_11,Q3_5Av_12,Q3_5Av_13,Q3_5Av_14,Q3_5Av_15,Q3_5Av_16,Q3_5Av_17,Q3_5Av_18,Q3_6Fa_1,Q3_6Fa_2,Q3_6Fa_3,Q3_6Fa_4,Q3_6Fa_5,Q3_6Fa_6,Q3_6Fa_7,Q3_6Fa_8,Q3_6Fa_9,Q3_6Fa_10,Q3_6Fa_11,Q3_6Fa_12,Q3_6Fa_13,Q3_6Fa_14,Q3_6Fa_15,Q3_6Fa_16,Q3_6Fa_17,Q3_6Fa_18,Q3_7Ch_1,Q3_7Ch_2,Q3_7Ch_3,Q3_7Ch_4,Q3_7Ch_5,Q3_7Ch_6,Q3_7Ch_7,Q3_7Ch_8,Q3_7Ch_9,Q3_7Ch_10,Q3_7Ch_11,Q3_7Ch_12,Q3_7Ch_13,Q3_7Ch_14,Q3_7Ch_15,Q3_7Ch_16,Q3_7Ch_17,Q3_7Ch_18,Q3_8Dr_1,Q3_8Dr_2,Q3_8Dr_3,Q3_8Dr_4,Q3_8Dr_5,Q3_8Dr_6,Q3_8Dr_7,Q3_8Dr_8,Q3_8Dr_9,Q3_8Dr_10,Q3_8Dr_11,Q3_8Dr_12,Q3_8Dr_13,Q3_8Dr_14,Q3_8Dr_15,Q3_8Dr_16,Q3_8Dr_17,Q3_8Dr_18,Q3_9Fa_1,Q3_9Fa_2,Q3_9Fa_3,Q3_9Fa_4,Q3_9Fa_5,Q3_9Fa_6,Q3_9Fa_7,Q3_9Fa_8,Q3_9Fa_9,Q3_9Fa_10,Q3_9Fa_11,Q3_9Fa_12,Q3_9Fa_13,Q3_9Fa_14,Q3_9Fa_15,Q3_9Fa_16,Q3_9Fa_17,Q3_9Fa_18,Q6_1ED_1,Q6_1ED_2,Q6_1ED_3,Q7_1TR_1,Q7_1TR_2,Q7_1TR_3,Q7_1TR_4,Q7_1TR_5,Q7_1TR_6
R_8FKJm458JboHe5r,7,7,7,7,7,7,7,7,7,7,7,7,7,7,7,7,7,7,7,7,7,7,7,7,7,7,7,7,7,7,7,7,7,7,7,7,7,7,7,7,7,7,7,7,7,7,7,7,7,7,7,7,7,7,3,1,4,3,2,2,4,3,3,4,4,4,3,3,3,4,4,3,7,3,3,4,3,4,4,4,6,7,4,7,3,7,3,2,3,2,6,6,5,4,6,6,6,6,2,5,1,2,1,6,6,1,1,2,1,1,1,1,1,1,1,1,1,1,1,1,1,1,1,1,1,1,1,1,1,1,1,1,1,1,1,1,1,1,1,1,1,1,1,1,3,3,3,3,3,3,3,3,2,3,2,2,2,3,2,3,2,2,1,3,3,4,4,4,5,3,2
R_2QeAOuK8feCcVnr,6,6,5,4,3,6,4,4,6,4,6,4,7,7,7,7,6,7,6,6,6,6,6,6,6,6,6,6,6,6,6,6,6,6,6,6,4,6,6,6,6,4,5,5,6,5,5,5,6,6,7,6,6,6,2,2,2,2,2,2,2,2,2,2,2,2,2,2,2,2,2,2,4,4,4,4,4,4,4,4,4,4,4,4,4,4,4,4,4,4,6,6,3,4,4,7,4,6,3,4,6,5,3,3,3,3,3,4,3,3,3,3,3,3,3,3,3,3,3,3,3,3,3,3,3,3,1,1,1,1,1,1,1,1,1,1,1,1,1,1,1,1,1,1,1,1,1,1,1,1,1,1,1,1,1,1,1,1,1,1,1,1,4,4,4,3,2,1,1,1,1
R_2LYZ6krTvxi7lcB,2,3,3,3,4,2,2,2,5,3,5,7,7,7,7,7,3,7,4,6,6,6,5,5,5,7,6,5,4,5,6,5,3,4,3,3,7,7,6,7,7,7,7,6,6,6,7,6,7,7,6,6,5,5,3,4,2,3,4,3,2,3,2,3,3,3,3,1,3,4,2,2,3,2,3,2,3,2,3,3,3,2,3,3,3,4,4,2,2,3,6,4,7,5,5,6,4,5,5,6,4,5,6,5,6,6,4,5,3,3,2,3,2,2,1,2,2,1,2,2,2,3,3,3,1,3,3,3,2,3,2,2,2,3,2,3,3,2,3,3,3,2,3,1,3,2,4,2,4,3,2,2,2,2,2,1,2,2,2,2,2,3,2,4,3,4,5,5,5,5,5
R_8Oi8KGuivvcnyJQ,6,6,6,6,6,6,6,6,6,6,6,6,6,6,6,6,6,6,7,7,7,7,7,7,7,7,7,7,7,7,7,7,7,7,7,7,4,4,7,6,7,3,7,7,7,7,7,7,7,7,7,7,7,7,4,4,4,4,4,3,4,4,4,4,4,4,4,4,4,4,4,4,3,1,1,1,4,1,4,4,4,4,1,4,1,2,1,1,1,1,3,3,3,3,3,6,3,3,3,3,3,3,3,3,3,3,3,3,1,1,1,1,1,1,1,1,1,1,1,1,1,1,1,1,1,1,4,4,4,4,4,4,4,4,4,4,4,4,4,4,4,4,4,4,2,2,2,2,2,2,2,2,2,2,2,2,2,2,2,2,2,2,4,4,4,6,3,6,6,6,1
R_8N8t1Jojupe7nPP,2,1,1,5,6,6,3,2,4,4,6,4,6,6,5,5,6,6,4,5,5,5,5,4,5,5,2,4,4,5,4,4,5,5,5,6,5,5,4,5,5,4,3,5,5,5,3,4,5,4,5,5,4,4,5,5,5,4,4,5,4,3,6,5,5,5,5,4,5,3,4,4,4,4,5,4,6,5,4,5,5,6,4,5,5,4,4,5,4,5,4,5,6,5,3,5,5,4,4,5,3,5,4,4,5,5,4,5,3,4,6,4,4,4,4,5,5,4,4,4,6,5,5,4,3,4,3,5,4,4,3,5,5,4,5,5,4,4,4,5,3,5,4,4,3,3,4,2,5,5,4,5,5,5,5,3,4,6,4,4,6,4,5,3,5,3,4,4,4,3,2
R_8jPK3ofIVEgOLd0,7,7,7,7,7,7,7,7,7,7,7,7,7,7,7,7,7,7,7,7,4,7,7,7,7,7,4,7,7,4,7,7,7,7,7,4,4,7,4,7,7,4,4,4,4,4,7,7,7,4,7,7,7,7,1,1,1,1,1,1,1,1,1,1,1,1,1,1,1,1,1,1,7,7,7,1,7,7,7,7,7,7,1,7,1,7,1,1,1,1,1,1,7,7,7,7,1,7,7,7,1,7,1,1,1,1,1,1,7,7,7,7,4,7,1,7,7,1,1,7,7,7,7,7,7,7,7,7,7,7,7,7,1,4,7,1,7,7,1,7,7,1,7,7,4,4,7,4,7,4,7,7,7,4,4,7,4,4,4,4,4,7,4,7,7,1,7,1,1,1,1
R_8UWvX0GJmjullLK,1,5,3,3,7,3,3,2,2,2,2,2,7,3,6,5,7,7,7,7,7,7,7,7,7,7,7,7,7,7,7,7,7,7,7,7,3,4,2,3,3,3,4,3,3,2,4,3,6,4,6,6,7,7,4,4,4,4,4,4,4,4,4,4,4,4,4,4,4,4,4,4,1,1,1,1,1,1,1,1,1,1,1,1,1,1,1,1,1,1,2,2,3,1,2,2,2,2,2,2,2,2,1,2,2,2,2,3,4,3,3,1,1,1,1,1,1,1,1,2,3,4,2,4,2,5,1,1,1,1,2,1,1,1,1,1,1,1,1,1,1,3,2,4,4,4,4,4,4,4,4,4,4,4,4,4,4,4,4,4,4,4,1,1,1,1,1,1,1,2,2
R_8tXxnuh6zajmYYp,7,7,5,7,7,7,7,7,7,7,7,5,7,7,7,7,7,5,7,7,5,7,7,7,7,7,7,7,7,7,7,7,7,7,7,7,5,5,4,6,5,5,6,5,5,7,7,5,5,5,5,7,6,5,4,4,4,4,4,4,4,4,4,4,4,4,4,4,4,4,4,4,6,5,4,5,3,5,6,3,5,5,3,5,4,7,2,3,3,2,4,4,4,4,2,4,4,4,4,2,1,2,4,1,7,4,1,4,4,4,4,4,4,4,4,4,4,4,4,4,4,4,4,4,4,4,1,1,1,1,1,1,1,1,1,1,1,1,1,1,1,1,1,1,4,4,4,4,4,4,4,4,4,4,4,4,4,4,4,4,4,4,4,4,4,3,4,1,1,1,1
R_8nGckix2TOlwBhf,3,2,4,5,6,6,4,5,4,3,4,4,5,3,3,6,5,5,3,2,2,3,3,2,3,2,4,4,2,3,2,2,3,3,3,3,4,3,3,4,3,3,3,2,3,3,3,4,4,4,3,3,3,4,4,3,4,3,2,3,3,3,3,3,4,4,3,2,3,3,3,3,6,6,3,5,5,6,5,6,5,5,6,6,6,5,6,5,6,6,3,4,3,4,3,3,3,3,3,3,2,6,2,6,3,3,4,1,2,3,2,4,4,3,4,4,3,3,3,3,3,4,4,3,3,3,4,5,7,6,6,5,4,5,5,5,6,6,6,5,6,6,5,6,4,7,4,5,6,7,5,5,4,6,7,5,6,6,7,7,6,6,3,4,3,4,4,4,4,5,3
R_24FPPx0L2QSijAZ,4,5,3,5,4,6,3,4,3,3,3,3,6,3,6,4,3,6,6,4,5,5,4,5,5,7,5,5,5,7,5,5,4,5,4,4,5,5,6,6,6,4,5,6,4,5,6,5,6,5,6,7,6,5,3,2,3,1,2,1,1,1,2,2,2,2,3,2,2,3,1,3,2,3,3,3,1,4,1,3,2,3,1,2,1,2,2,1,1,2,3,2,3,4,4,3,3,2,3,4,3,4,4,2,3,3,3,4,5,4,3,3,3,3,3,4,5,3,3,3,4,2,4,4,4,3,3,3,3,2,3,2,2,2,2,3,2,3,2,4,2,2,3,3,1,1,2,2,1,1,2,2,2,1,1,1,2,1,1,2,2,2,3,2,2,5,5,4,4,5,5
R_8wzDu1vp3fDKIKc,1,1,2,1,1,1,2,1,2,1,1,3,4,7,4,5,4,6,3,3,3,2,2,7,4,6,7,4,5,5,3,6,4,7,7,3,3,2,2,2,2,5,3,2,3,4,4,4,4,3,3,4,4,5,4,5,2,3,4,3,4,5,5,5,4,5,3,4,3,4,3,4,6,5,3,3,1,4,3,4,4,3,3,4,3,5,5,5,4,5,3,4,4,3,4,5,3,3,2,4,3,1,3,3,3,3,4,5,3,4,3,5,4,4,4,3,3,3,4,3,3,2,3,4,3,4,4,2,3,5,3,3,4,3,3,4,3,4,4,3,3,2,3,4,4,3,4,3,4,4,4,3,3,3,3,3,3,3,4,3,3,4,4,4,5,4,5,2,5,3,2
R_82FGZ87YzixxYLQ,2,6,4,4,2,4,4,2,5,2,4,2,6,7,6,6,6,6,7,6,2,6,6,7,5,5,6,7,7,7,6,7,6,6,6,7,7,7,7,7,7,7,7,7,7,7,7,7,7,7,7,7,7,7,4,5,1,1,2,1,4,2,4,4,3,3,4,4,2,3,5,2,1,1,1,1,1,1,1,2,1,1,1,2,1,2,2,2,2,2,1,2,4,3,2,7,1,2,5,2,7,2,3,2,2,5,2,5,1,1,1,4,3,4,1,1,1,1,1,1,1,1,1,1,1,4,5,4,5,2,6,6,1,4,2,3,2,5,4,4,4,5,2,6,4,4,4,4,4,4,4,4,2,4,4,2,4,4,4,3,4,4,2,2,2,4,4,4,4,4,4
R_2o3vt590RD4ccO5,5,6,6,4,6,5,5,6,5,5,5,5,3,6,3,5,5,6,3,2,2,3,2,2,3,2,3,2,3,3,3,2,4,2,3,3,3,2,2,2,3,2,2,3,2,3,2,4,3,4,3,3,3,3,3,3,3,3,2,3,3,3,3,2,3,2,3,3,3,3,3,3,3,3,2,2,3,3,3,3,2,2,3,3,3,2,3,3,3,2,3,3,3,2,3,3,2,2,3,2,2,3,3,3,2,2,3,3,3,2,2,3,3,3,2,3,2,2,2,3,3,3,3,2,2,2,2,2,3,3,2,3,2,2,2,3,2,3,2,3,3,2,2,2,2,3,2,2,2,3,2,2,2,2,2,2,2,2,2,2,2,2,3,3,3,5,5,3,5,5,3
R_2Yuzg3HyC89HSNz,6,7,5,2,7,2,1,1,1,1,2,1,7,7,7,6,6,7,7,7,7,7,7,7,7,7,7,7,7,7,7,7,7,7,7,7,7,7,7,7,7,6,6,7,7,7,7,7,7,7,7,7,7,7,1,1,1,1,1,1,1,1,1,1,1,1,1,1,1,1,1,1,1,2,6,2,1,2,6,2,6,6,6,6,1,1,1,1,1,1,7,7,7,7,7,7,7,7,7,7,7,7,7,7,7,7,7,7,7,7,7,7,7,7,7,7,6,7,7,7,7,7,7,7,7,7,5,5,5,5,5,5,5,5,5,5,5,5,5,5,5,5,5,5,5,5,5,4,5,5,5,4,4,5,4,4,6,6,6,6,6,5,4,5,5,2,5,3,3,2,1
R_8y1n1MCXaLpaTEy,7,7,7,7,7,7,7,7,7,7,7,7,7,7,7,7,7,7,7,7,7,7,7,7,7,7,7,7,7,7,7,7,7,7,7,7,7,7,7,7,7,6,7,7,7,7,7,7,7,7,7,7,7,7,2,2,2,2,2,2,2,2,2,2,2,2,2,2,2,2,2,2,4,4,4,4,4,4,4,4,4,4,4,4,4,4,4,4,4,4,2,2,2,2,2,2,2,2,2,2,2,2,2,2,2,2,2,2,2,2,2,2,2,2,2,2,2,2,2,2,2,2,2,2,2,2,1,2,2,1,2,1,1,1,1,1,1,2,1,1,1,1,1,2,4,4,4,4,4,4,4,4,4,4,4,4,4,4,4,4,4,4,7,6,6,5,6,5,4,3,2
R_8HYpNjus1YbLs2G,5,3,6,6,6,5,5,3,3,4,7,4,7,6,7,7,7,7,3,3,5,3,3,6,5,6,6,5,7,7,7,7,7,7,7,7,4,4,5,5,5,4,4,7,6,6,7,5,7,6,7,7,7,7,2,1,2,1,1,1,4,1,1,3,2,2,2,3,3,3,2,3,7,7,7,6,5,5,7,6,6,7,4,7,1,1,1,2,1,1,2,2,2,2,2,3,3,2,2,1,4,3,7,4,7,7,1,6,3,5,4,3,5,7,1,2,1,1,1,1,5,3,7,7,7,7,4,3,4,3,5,2,3,3,2,3,7,4,1,4,1,5,5,1,2,4,3,1,5,2,1,2,2,1,1,3,3,2,1,3,2,3,1,2,2,6,6,5,6,5,7
R_8YGr0hbQTjzs8sb,1,2,2,3,6,4,3,3,2,3,3,3,6,3,5,4,3,6,6,6,6,6,6,6,6,6,6,6,6,7,6,6,6,6,6,6,4,4,6,6,3,5,4,4,4,4,7,5,7,5,6,7,6,5,1,1,1,1,1,1,1,1,1,1,1,1,1,1,1,1,1,1,6,6,6,6,2,6,6,6,6,6,1,7,1,4,1,1,2,1,6,6,6,3,3,7,3,5,4,4,3,4,4,5,4,3,4,3,4,1,1,1,1,1,1,1,1,1,1,1,4,5,6,6,6,6,1,1,1,1,3,1,1,2,1,1,1,1,4,4,1,4,4,3,1,1,1,1,1,1,1,1,1,1,1,1,1,1,1,1,1,1,1,2,3,3,4,2,5,4,2
R_2vhRRikRcP8qtgA,1,4,1,1,4,4,1,1,1,1,1,1,6,7,5,6,4,4,7,7,7,7,7,7,7,7,7,7,7,7,7,7,7,7,7,7,2,4,4,1,7,7,2,1,4,2,4,2,7,4,7,7,4,7,4,4,4,4,4,4,4,4,4,4,4,4,4,4,4,4,4,4,7,7,4,7,2,7,7,7,7,7,7,7,1,4,4,1,4,1,6,5,7,4,1,7,7,5,5,4,4,5,2,4,7,2,1,2,4,4,4,4,4,4,4,4,4,4,4,4,4,4,4,4,4,4,4,4,4,4,4,4,4,4,4,4,4,4,4,4,4,4,4,4,4,4,4,4,4,4,4,4,4,4,4,4,4,4,4,4,4,4,4,4,5,4,2,1,1,1,1
R_2DcqgeZ5aPBPA2m,1,5,5,5,6,6,1,1,1,1,3,1,5,5,5,7,6,7,7,7,7,7,7,7,7,7,7,7,7,7,7,7,7,7,7,7,6,6,7,6,7,4,6,6,5,6,7,5,7,6,7,7,7,7,2,2,2,2,2,2,2,2,2,2,2,2,2,2,2,2,2,2,7,4,5,4,4,5,7,7,7,7,7,7,2,2,2,3,2,7,4,4,2,5,2,6,3,3,4,2,2,6,3,4,2,2,2,5,1,1,1,1,1,1,1,1,1,1,1,1,1,1,1,1,1,1,3,3,2,3,3,3,2,3,3,2,2,3,2,2,2,2,2,2,4,4,4,4,4,4,4,4,4,4,4,4,4,4,4,4,4,4,2,4,3,4,6,4,4,5,3
R_8jSAB5mV3H22LhY,2,3,2,2,5,2,1,1,1,1,1,1,4,1,3,1,2,7,6,6,7,3,3,3,7,7,2,7,7,7,6,7,6,6,6,5,2,7,2,7,4,1,2,4,4,2,3,2,5,2,3,6,3,7,1,1,1,1,1,1,1,1,1,1,1,1,1,1,1,1,1,1,4,6,5,6,4,6,5,7,7,5,7,7,5,7,6,6,6,3,2,2,1,2,1,3,2,1,1,2,5,2,6,1,7,5,5,2,1,1,1,7,7,1,1,1,1,1,1,1,1,1,1,1,1,7,3,3,4,2,4,5,2,4,2,4,1,5,2,2,1,1,1,6,4,4,5,5,5,4,5,5,5,5,5,4,4,5,5,5,5,5,1,3,3,5,5,4,1,3,3
R_2vTFjFUY9KBlahz,7,7,3,2,7,7,1,3,3,7,3,1,7,3,7,7,7,7,7,7,7,7,7,7,7,7,7,7,7,7,7,7,7,7,7,7,7,7,7,7,7,7,7,7,7,7,7,7,7,7,7,7,7,7,1,1,1,1,1,1,1,1,1,1,1,1,1,1,1,1,1,1,7,3,3,7,2,7,7,7,7,7,7,7,2,7,3,2,3,1,7,7,7,7,7,7,7,7,7,7,7,7,7,7,7,7,7,7,1,7,7,7,7,7,1,1,1,1,1,1,7,1,2,3,1,7,1,1,1,1,4,1,1,1,1,1,1,1,1,1,1,1,1,4,1,1,1,1,4,1,1,1,1,1,1,1,1,1,1,1,1,4,1,1,1,6,7,7,7,6,7
R_81TebtCbNjhg1eV,4,4,4,7,7,4,4,4,2,2,7,1,7,6,7,7,7,7,7,7,7,7,7,7,7,7,7,7,7,7,7,7,7,7,7,7,7,7,7,7,7,4,7,7,7,7,7,7,7,7,7,7,7,7,2,3,2,2,2,2,4,2,2,4,4,3,5,3,4,4,4,5,7,4,4,1,1,4,4,4,6,6,1,4,1,4,1,1,1,1,4,4,7,7,7,7,7,7,7,7,7,7,7,7,7,7,2,7,1,1,1,1,1,1,1,1,1,1,1,1,1,1,1,1,1,1,4,4,1,1,1,4,1,1,4,4,1,1,1,1,1,1,1,1,1,1,1,4,4,4,1,4,1,1,1,4,1,1,1,1,1,1,1,6,4,2,6,2,2,2,4
R_2PATbaKL4uQg4XY,5,6,6,6,6,6,3,3,2,5,6,2,6,1,7,6,6,6,6,6,6,6,6,6,6,6,6,6,6,6,6,6,6,6,6,6,4,6,5,6,6,5,4,3,2,4,6,4,6,2,6,6,6,6,5,5,5,5,5,5,5,5,5,5,5,5,5,5,5,5,5,5,1,1,1,1,1,1,1,1,1,1,1,1,1,1,1,1,1,1,5,3,2,2,2,4,4,2,3,3,4,4,2,2,2,2,2,3,3,5,5,5,3,3,2,4,4,2,4,2,3,2,2,2,5,5,2,2,2,2,2,2,2,2,2,2,2,2,2,2,2,2,2,2,2,2,2,2,2,2,2,2,2,2,2,2,2,2,2,2,2,2,2,3,5,3,2,1,1,1,1
R_2R2m7x58ZyOwfh0,2,7,2,2,4,3,2,3,3,3,5,1,7,7,7,3,5,7,5,5,4,5,6,6,6,7,6,5,5,7,5,6,5,5,4,5,7,6,6,6,7,4,6,3,6,3,7,3,7,5,5,7,7,7,1,1,1,1,2,1,1,1,1,1,2,1,1,1,1,1,1,3,7,3,4,7,6,3,5,5,3,6,2,7,3,1,4,3,2,1,1,4,5,4,5,6,2,1,1,2,1,5,4,3,5,3,3,6,2,5,1,5,5,6,1,5,3,3,2,4,4,6,6,5,4,6,5,5,5,6,4,6,3,2,2,2,2,3,6,4,6,5,6,6,3,3,5,5,5,5,3,2,3,2,3,5,5,3,4,6,5,5,4,5,5,2,6,1,6,6,2
R_2SiyylbS2KpiOHA,6,3,3,2,5,6,4,7,7,6,6,5,7,3,7,6,5,7,6,5,6,4,4,6,6,5,6,5,6,5,6,6,5,6,6,5,5,5,4,5,5,5,5,3,7,4,7,7,4,5,7,5,5,5,4,4,3,4,3,3,3,4,4,3,3,3,3,4,4,4,4,3,7,4,7,6,7,3,7,7,7,7,5,6,1,4,2,3,3,1,2,3,3,2,1,5,3,3,3,3,3,3,2,2,3,6,2,3,2,2,2,2,2,2,2,2,3,2,2,2,5,5,5,6,2,6,3,3,4,1,7,3,2,2,2,2,1,2,2,1,1,1,1,1,4,4,4,4,5,4,4,4,4,4,4,4,4,4,4,4,4,5,4,4,4,2,5,1,3,3,1
R_2RqGoF1F5vICht2,2,4,4,5,6,5,2,2,4,2,6,3,5,3,5,6,6,6,7,7,7,7,7,7,7,6,7,7,7,7,7,7,7,7,7,7,6,6,6,6,6,5,6,5,5,6,6,6,6,6,6,6,6,7,2,2,2,2,2,2,2,2,2,2,3,2,2,2,2,2,3,2,7,5,5,3,4,5,6,6,5,6,4,6,5,6,5,4,4,4,4,4,4,4,4,4,4,4,4,4,4,4,4,4,5,4,3,4,1,1,1,1,1,1,1,1,1,1,1,1,1,1,1,1,1,1,1,1,1,1,1,1,1,1,1,1,1,1,1,1,1,1,1,1,2,2,2,2,2,2,2,2,2,1,2,2,2,2,2,2,2,3,2,2,2,5,5,4,3,5,4
R_8NhrDF62Yn1jdCL,3,4,3,3,5,5,2,3,2,2,3,1,5,5,6,3,6,7,6,6,6,6,6,6,6,6,6,6,6,4,6,6,6,6,6,5,6,6,6,6,6,6,6,6,6,6,6,6,6,6,6,6,6,6,2,3,3,2,3,2,3,3,3,3,3,3,3,3,3,3,3,2,6,2,5,6,2,6,7,6,7,7,5,7,2,3,2,3,3,1,6,5,1,3,5,7,5,5,1,1,1,7,1,3,1,1,1,7,1,1,1,1,1,2,1,1,1,1,1,2,1,1,1,1,1,2,1,5,4,5,3,6,4,4,4,4,4,5,4,5,4,4,4,5,2,2,2,2,2,2,2,2,2,2,2,2,2,2,2,2,2,2,1,1,1,5,6,3,6,4,5
R_8qlVOpj5Ls3t6Lx,1,7,6,7,7,7,6,4,4,5,5,3,7,4,7,6,4,7,7,7,5,7,7,7,7,7,7,7,7,6,7,7,6,7,7,7,6,7,7,6,6,7,6,6,6,7,5,5,7,7,7,6,6,7,2,2,3,2,3,1,2,2,2,2,2,1,2,3,1,2,1,2,5,7,7,6,4,2,6,7,4,7,3,7,1,4,1,5,6,1,3,2,6,2,4,7,4,4,6,2,5,5,7,4,7,4,1,7,1,1,4,1,2,3,1,1,4,1,1,3,3,2,3,1,2,6,1,1,1,2,2,2,1,2,1,1,1,3,2,2,3,1,4,5,2,2,4,2,1,3,1,1,2,3,3,4,2,3,3,2,2,5,2,3,3,5,6,3,6,6,3
R_2qz0gUaIjZKzq9k,2,2,3,5,3,2,2,2,2,2,2,2,6,2,4,4,4,6,5,5,5,5,5,5,5,5,5,5,5,5,5,5,5,5,5,4,2,4,6,5,5,3,4,4,4,5,7,4,6,4,6,6,7,6,2,2,2,2,2,2,2,2,2,2,2,2,2,2,2,2,2,2,7,6,5,5,6,6,6,7,7,7,6,7,4,6,4,4,6,3,3,5,3,3,4,6,3,5,4,4,4,5,3,2,3,3,2,3,2,2,2,2,3,2,2,4,2,2,1,2,3,2,2,2,3,6,1,1,2,2,3,2,2,1,2,2,3,2,1,2,1,2,3,4,4,4,4,4,4,4,4,4,4,4,4,4,4,4,4,4,4,4,4,5,6,6,6,4,4,3,4
R_21pFcy9bf6GZMjW,6,5,5,7,5,3,5,6,5,5,7,5,4,4,7,7,7,7,6,5,4,5,6,6,6,6,6,4,7,6,7,4,7,6,4,4,3,5,4,6,6,2,5,6,6,5,7,1,7,5,7,7,6,4,3,3,2,2,3,1,3,2,2,2,2,2,4,2,5,5,4,4,4,5,4,5,2,6,5,4,6,5,3,7,2,6,2,1,4,3,3,5,3,3,3,6,4,4,3,3,6,7,2,5,5,5,5,6,7,4,1,3,6,6,1,4,1,1,2,1,5,5,4,7,5,7,5,5,3,5,6,1,3,5,2,3,3,3,6,4,5,7,6,5,4,3,5,5,4,2,6,5,5,5,3,6,4,6,3,3,5,4,4,6,6,3,5,2,4,1,3
R_8VvwDVSCMNZf5Ch,5,7,5,5,7,3,3,3,3,4,5,7,7,3,7,7,7,7,7,7,7,7,7,7,7,7,7,7,7,7,7,7,7,7,7,7,4,5,6,4,7,5,4,4,4,6,4,6,7,4,7,7,7,7,1,1,1,1,1,1,1,1,1,1,1,1,1,1,1,1,1,1,7,6,6,7,5,7,6,7,7,7,7,7,5,6,5,5,3,1,7,7,3,4,1,6,7,3,5,3,2,4,4,2,4,4,1,4,6,6,2,2,6,1,2,2,2,2,3,2,5,3,2,2,4,6,7,6,6,5,6,6,3,4,4,4,5,4,4,3,3,6,6,6,5,5,3,5,5,2,3,3,3,3,3,2,4,3,3,3,5,3,3,7,7,3,7,1,2,1,1
R_2JoFqjrSbuL8WB3,2,4,4,4,4,2,2,2,3,2,4,3,5,2,5,5,5,5,7,7,7,7,7,7,7,7,7,7,7,7,6,6,6,6,6,6,4,4,6,5,6,3,6,4,5,5,6,5,6,6,6,7,6,6,2,2,2,2,2,2,2,2,2,2,2,2,2,2,2,2,2,2,5,6,4,4,5,5,5,5,5,4,4,5,2,3,2,2,4,2,7,7,5,6,5,7,5,5,6,5,5,5,5,5,5,5,5,5,3,3,2,3,4,3,3,3,3,3,3,3,5,3,5,5,4,7,5,5,3,2,3,5,4,3,5,3,1,3,2,3,3,3,2,5,3,3,3,3,3,3,3,3,3,3,3,3,3,3,3,3,3,3,2,4,5,6,4,1,5,1,2
R_276KNP4yHD0TdG9,4,5,7,4,4,3,5,7,7,6,4,2,5,2,7,6,4,7,5,6,7,4,5,5,7,6,7,5,7,5,7,7,7,6,7,7,2,7,4,7,2,5,4,6,6,4,7,1,4,6,6,7,7,7,1,1,1,1,1,1,1,1,1,1,1,1,1,1,1,1,1,1,7,7,5,1,5,4,6,5,6,6,4,7,6,7,5,5,5,2,1,1,1,1,7,1,4,7,4,3,7,1,7,2,7,1,1,4,6,6,5,6,7,7,2,5,5,3,6,7,2,3,3,6,5,7,2,1,1,1,7,1,1,1,1,1,3,3,1,4,1,1,2,7,3,3,1,5,7,4,4,4,5,3,7,6,2,3,1,4,4,1,1,5,4,7,7,3,7,7,4
R_2uxqf33zZD1thy9,7,7,7,7,7,7,7,7,7,7,7,7,7,7,7,7,7,7,7,6,7,7,7,6,7,7,7,7,6,6,6,6,6,6,5,6,5,6,7,6,7,6,7,7,7,7,7,6,7,7,7,6,7,7,1,1,1,1,1,1,1,1,1,1,1,1,1,1,1,1,1,1,6,6,5,6,6,6,7,6,6,6,5,7,5,7,4,2,5,2,6,5,3,2,2,7,2,2,3,3,2,6,2,3,2,1,2,5,4,4,4,3,3,4,3,5,4,4,5,3,4,4,5,5,4,3,1,1,2,1,1,1,1,2,1,2,1,1,2,2,2,2,2,3,1,1,1,1,1,1,1,1,1,1,1,1,1,1,1,1,1,1,2,2,4,1,1,1,1,1,1
R_2assfly2FiOEAso,5,6,6,6,7,6,5,6,6,5,6,6,7,6,6,6,7,7,7,6,7,6,6,7,6,6,6,6,6,6,6,6,7,6,6,6,6,6,6,6,7,5,6,7,7,6,7,6,7,7,7,7,7,7,3,2,2,2,2,2,2,3,2,3,2,2,2,3,3,2,3,3,4,2,3,3,2,2,4,3,5,5,4,4,3,2,1,1,2,1,3,2,2,3,3,2,4,4,3,2,2,2,2,3,3,2,3,2,4,4,3,2,5,3,2,3,3,2,2,3,2,2,3,2,2,4,2,3,3,4,5,1,3,3,3,2,4,3,3,2,3,2,4,5,4,5,3,4,6,4,2,3,4,2,4,3,5,5,5,5,3,5,1,4,3,4,4,3,3,3,1
R_87xSd1mVB76sklL,6,3,2,6,4,2,6,2,2,2,6,1,5,2,6,6,6,6,5,4,6,4,2,5,5,5,5,5,6,7,6,5,6,7,7,4,7,4,1,7,7,2,3,2,4,1,6,1,6,3,7,6,7,6,1,1,1,1,1,1,1,1,1,1,4,1,1,1,1,5,1,1,5,3,7,2,2,2,7,7,7,7,2,7,1,7,1,1,1,3,6,4,7,6,6,7,6,7,7,6,1,6,1,4,1,1,1,3,5,1,1,2,7,5,1,1,1,2,1,5,1,4,1,1,1,5,5,4,1,5,7,5,3,3,1,2,1,7,2,3,2,1,2,7,3,5,2,5,6,5,5,5,2,5,3,7,2,5,2,2,2,6,5,7,6,5,7,4,6,3,5
R_2HI5T7Osg3rONNL,3,7,5,5,6,5,6,6,6,5,5,2,6,5,7,6,6,7,6,5,6,6,6,6,6,6,6,5,6,5,6,4,5,6,6,5,7,7,7,7,7,7,7,7,7,7,7,7,7,7,7,7,7,7,2,2,2,2,1,2,2,2,2,2,2,2,2,2,2,2,3,2,7,6,5,6,7,7,5,7,7,7,6,7,5,6,5,5,1,1,2,5,5,2,2,7,6,2,3,2,3,7,2,3,5,5,1,5,2,2,2,5,2,5,5,2,5,2,2,2,2,2,2,5,2,2,2,2,2,2,2,2,2,2,2,2,2,2,2,2,1,2,2,2,2,2,3,2,4,3,2,2,2,2,2,2,2,2,2,2,2,2,5,6,6,3,6,2,4,2,2
R_2q7tEqZjw2UFKc7,3,7,4,7,7,7,5,3,6,5,7,3,4,3,4,6,5,6,6,6,4,6,5,5,7,7,6,6,6,7,5,6,7,6,5,6,3,5,4,6,7,4,7,3,3,7,7,4,5,5,4,6,7,3,5,4,3,6,5,3,4,3,3,4,4,3,4,3,3,6,6,4,5,3,2,2,1,1,6,6,7,5,1,7,4,6,6,3,4,2,6,3,3,2,1,5,3,6,7,3,1,4,5,7,5,2,3,4,5,6,6,6,7,7,1,2,1,1,3,1,2,1,3,3,3,7,2,1,7,5,7,6,1,2,3,2,5,2,2,1,2,4,4,7,5,5,5,5,6,5,2,4,2,4,6,2,4,2,2,3,5,4,3,5,6,6,6,1,3,1,1
R_83tYLIhtnWNho2J,6,6,4,4,7,6,2,2,5,4,6,5,7,6,6,7,7,7,7,6,2,4,6,3,5,4,5,4,5,6,6,6,6,7,6,7,7,7,5,6,7,7,6,6,5,6,7,6,7,6,7,7,7,7,2,4,3,3,4,2,3,4,4,3,5,4,4,5,5,5,5,3,2,2,2,2,4,1,3,2,4,3,2,3,1,1,1,1,1,1,6,3,5,5,5,3,4,5,4,4,5,5,7,2,7,7,2,7,5,4,2,5,5,5,3,4,2,1,2,1,3,2,2,2,3,4,4,5,2,4,3,5,3,2,2,4,3,2,4,4,5,4,5,5,2,3,4,3,2,3,2,1,2,2,3,2,3,2,2,3,3,3,3,2,3,2,5,4,6,6,5
R_81otbVSJiadyBKx,6,6,5,3,7,7,3,5,6,3,6,2,6,2,6,6,6,7,7,6,6,4,4,6,5,7,5,6,4,4,5,6,6,3,6,5,6,2,3,2,6,2,3,2,2,4,3,2,5,5,5,5,4,5,6,6,2,2,6,2,3,2,5,3,3,2,5,5,5,4,5,3,4,4,4,4,4,4,4,4,4,4,4,4,4,4,4,4,4,4,2,5,3,4,3,2,3,3,3,3,2,4,4,6,2,4,3,4,2,6,6,1,6,5,5,2,6,5,3,5,2,2,2,2,2,5,1,2,2,2,2,5,1,3,2,3,3,2,2,2,6,2,3,6,7,7,1,1,1,7,5,2,3,5,5,4,4,2,4,2,4,4,2,2,3,6,6,4,4,6,2
R_2j9eoqfURxzJ68u,3,4,4,3,5,4,3,3,2,2,4,2,7,6,7,7,6,7,6,6,5,6,6,6,7,6,6,6,7,7,6,7,7,7,6,6,5,6,6,5,5,5,6,6,6,6,6,6,7,6,6,6,7,6,3,3,2,3,3,2,3,3,2,3,3,3,4,4,4,3,4,4,7,6,4,6,7,6,7,7,7,7,3,7,4,6,5,5,4,3,6,5,5,5,4,6,5,5,6,5,3,5,4,5,4,4,3,5,3,4,5,5,3,3,3,3,3,2,3,3,4,4,4,4,4,6,5,3,2,4,4,2,4,3,4,3,4,4,2,4,2,2,4,3,2,3,3,3,3,3,2,2,2,2,3,4,4,3,3,2,4,3,4,4,5,3,5,2,3,2,4
R_2kU55gELDokQ9TX,4,4,4,7,4,2,4,4,2,4,7,4,7,7,7,7,7,7,7,7,7,7,7,7,7,7,7,7,7,7,6,6,6,6,6,5,6,6,6,7,6,3,5,6,6,6,7,5,6,4,6,6,7,5,3,3,1,3,3,2,3,3,2,2,3,2,2,3,3,3,3,2,7,4,2,5,7,7,7,7,7,7,4,7,1,7,1,2,1,1,5,6,7,4,2,7,3,5,7,4,2,7,4,6,6,2,1,6,7,5,5,6,5,7,3,3,3,3,3,7,6,3,7,5,7,7,4,4,1,1,2,6,2,2,5,2,2,5,1,3,3,1,2,7,6,5,7,4,5,5,5,5,5,4,6,5,7,7,7,7,7,7,3,5,5,5,7,4,4,4,2
R_877k1ztBKpbJF5J,1,7,1,7,7,7,1,1,1,1,7,7,7,7,7,7,7,7,7,7,4,7,7,7,7,7,7,7,7,7,7,7,7,7,7,7,3,3,5,4,5,2,5,4,5,4,4,3,6,3,5,3,3,2,2,4,1,1,1,1,1,1,1,1,3,1,3,1,4,3,1,4,7,7,7,1,1,7,7,7,7,5,7,7,1,1,1,1,1,1,7,1,7,7,7,7,7,1,7,1,7,7,1,1,1,1,1,7,1,1,7,1,7,1,7,7,7,7,1,7,1,1,1,1,1,7,1,6,3,7,7,7,1,3,2,5,1,5,1,1,1,2,1,6,3,7,5,7,5,5,4,4,4,4,4,5,4,5,4,4,4,4,7,7,7,4,6,4,4,7,2
R_8EmU9f39iVom03N,3,4,6,2,3,5,3,5,4,4,5,3,5,4,4,4,3,2,3,3,4,6,4,3,5,5,3,4,4,5,5,3,4,5,4,3,4,5,4,5,3,4,6,3,4,5,5,6,5,3,5,4,5,5,6,3,3,4,3,4,5,5,3,2,3,5,4,4,4,4,5,5,4,4,4,5,4,5,4,5,3,6,3,5,5,3,4,5,5,3,4,5,5,3,5,5,4,4,3,3,2,5,5,4,6,4,4,6,5,6,5,6,5,4,6,4,5,6,5,4,6,6,6,4,4,5,4,2,4,5,3,4,5,5,5,3,5,5,5,4,6,5,3,3,4,3,6,5,5,5,5,5,6,4,5,6,4,4,5,3,5,3,5,4,3,5,5,3,3,4,4
R_2EtmWedvfNXZiZw,3,3,4,5,1,4,1,1,3,1,3,1,7,2,6,5,5,7,6,7,5,7,2,7,3,7,7,5,6,5,7,7,7,6,7,6,6,6,6,6,6,6,6,6,6,6,6,6,6,6,6,6,6,6,3,3,3,2,2,2,2,2,3,3,5,2,3,3,4,3,3,3,6,3,6,4,7,4,7,6,6,6,7,6,2,2,2,3,2,1,2,4,5,3,3,2,5,5,3,4,5,4,5,2,6,5,1,6,4,4,6,4,4,4,1,1,1,2,1,2,2,2,2,2,2,4,4,5,4,5,3,2,4,2,3,3,2,3,3,2,2,4,2,3,4,3,4,3,4,2,4,3,2,4,2,4,3,2,3,3,4,3,3,5,4,3,5,2,3,2,3
R_2uOkwMg6LAhODQq,4,3,1,3,6,4,2,2,2,2,3,3,7,7,6,5,5,7,7,4,6,3,4,2,4,3,4,4,4,4,6,7,5,6,5,5,5,6,6,4,5,7,5,4,4,4,5,2,7,7,7,6,5,7,2,1,2,3,2,1,2,3,1,2,3,1,3,3,2,4,3,3,6,3,3,4,4,3,5,5,5,4,2,2,2,2,2,2,5,1,4,5,5,2,5,3,2,2,2,1,3,1,5,1,5,4,1,3,1,1,1,1,6,1,1,3,1,1,2,1,3,1,5,3,3,7,3,2,3,1,5,5,3,2,2,2,3,7,2,3,2,2,2,4,2,3,3,3,4,4,2,3,3,3,2,5,2,2,2,2,4,3,4,3,4,6,5,5,4,3,5
R_2qDAgM9uy1L2jvx,6,7,7,6,7,6,5,6,7,4,7,3,7,5,7,7,7,7,3,6,3,6,3,4,4,4,4,5,6,6,5,6,6,6,6,4,3,3,2,4,5,5,3,3,3,4,5,3,7,3,6,5,6,7,1,3,2,3,2,2,3,3,2,3,3,3,4,3,3,3,3,3,5,2,2,2,3,2,7,5,3,5,3,5,1,2,1,2,1,1,5,2,2,3,3,7,3,2,3,5,3,5,4,6,2,3,3,5,5,4,4,6,5,5,2,6,3,2,3,5,2,3,3,2,5,6,6,5,6,5,5,5,5,5,4,4,4,4,5,5,5,4,5,5,4,4,4,4,5,3,4,3,2,2,4,5,5,4,4,3,4,5,2,4,4,6,3,5,3,5,3
R_8pQaqRCGZBJ8juR,5,7,1,7,7,2,5,6,2,3,3,2,7,5,6,7,7,7,5,6,5,6,6,7,5,7,7,7,7,7,6,6,6,7,6,4,5,6,6,7,7,2,5,5,7,7,7,2,7,7,7,7,7,5,1,2,2,3,2,2,2,3,3,2,3,2,4,3,4,4,3,1,5,1,1,1,1,3,3,7,7,7,3,7,1,3,1,1,1,1,5,1,6,1,1,7,2,5,1,1,1,7,1,5,5,1,1,7,3,2,6,2,6,6,1,1,2,2,2,6,1,1,1,1,2,7,5,2,2,3,5,4,4,2,3,2,2,1,2,2,1,2,1,5,5,4,5,3,7,5,5,2,5,3,3,5,2,2,3,2,4,7,1,6,6,1,7,1,5,1,1
R_8dowGP0wCxttG6J,2,5,3,5,5,4,3,2,4,3,3,5,5,3,7,7,7,7,3,3,5,2,3,5,4,5,5,5,5,5,2,3,4,3,3,3,3,4,5,3,3,4,4,5,5,4,5,4,4,3,3,4,3,3,3,3,2,4,5,3,5,3,1,2,4,4,4,3,4,4,1,4,4,4,3,4,1,2,6,5,7,6,4,4,1,5,1,2,4,3,7,5,6,5,7,7,6,2,6,1,7,6,3,6,1,3,2,1,2,2,2,2,2,1,2,1,2,1,2,1,6,4,6,5,5,7,2,4,2,3,5,1,3,4,3,2,2,1,3,6,7,6,6,6,4,4,2,5,6,3,5,4,2,4,4,4,5,4,5,6,5,6,7,7,7,4,4,3,6,7,4
R_29fVLEDCQ39W48N,6,3,6,6,6,6,6,4,4,6,6,4,6,6,5,4,4,7,4,4,4,4,4,4,4,4,4,4,4,4,4,4,4,4,4,4,4,4,4,4,4,4,4,4,4,4,4,4,4,4,4,4,4,4,4,4,4,4,4,4,4,4,4,4,4,4,4,4,4,4,4,4,6,6,6,6,6,6,6,6,6,6,6,6,6,6,6,6,6,6,5,5,5,5,5,5,5,5,5,5,5,5,5,5,5,5,5,5,6,6,6,6,2,6,2,2,6,6,6,6,6,6,6,6,6,6,3,3,3,3,3,3,2,3,2,3,3,3,3,3,3,3,3,3,4,6,4,4,4,5,4,4,4,4,4,4,4,4,4,4,4,4,6,6,7,6,6,6,6,6,6
R_2hQoN1o7RasnUJz,6,6,4,6,5,6,5,6,5,5,4,6,5,5,5,5,5,4,5,4,5,5,4,5,5,5,4,5,4,4,5,5,4,4,4,4,4,4,5,5,3,3,5,5,4,4,4,5,6,4,5,5,3,3,5,5,5,3,4,4,5,5,5,6,5,4,5,4,5,4,4,7,5,5,4,4,5,5,4,5,3,5,4,4,2,7,7,2,4,5,4,4,4,5,4,4,4,4,5,5,4,4,4,5,5,5,5,5,4,6,4,3,4,5,3,5,6,7,6,5,4,6,6,3,5,3,3,5,3,3,3,4,2,3,4,4,3,5,4,3,3,4,4,4,3,3,4,1,3,2,3,2,5,4,3,4,4,3,3,2,3,4,4,4,5,3,4,4,5,4,4
R_8vl86bWS3YMGelr,4,4,3,5,2,2,3,3,3,4,4,2,6,5,6,5,6,6,6,5,6,6,5,7,6,6,6,7,6,6,5,5,6,5,4,7,2,4,6,3,7,2,5,3,3,4,4,2,6,3,6,5,7,6,3,3,4,5,6,2,3,3,5,3,3,2,5,5,4,7,6,6,4,4,2,6,5,3,5,4,4,3,2,3,2,6,3,3,2,1,4,3,3,5,4,2,3,5,5,7,6,3,4,4,7,5,2,3,1,2,2,2,2,3,1,1,1,1,2,1,2,3,2,2,2,2,4,5,4,4,5,4,3,3,4,4,3,5,3,5,3,3,3,3,2,2,3,2,2,3,2,2,2,2,2,2,2,2,3,3,2,3,4,5,2,5,6,4,5,4,3
R_82Jg0JO857wOFFM,1,1,4,6,7,3,4,6,4,3,6,6,7,4,5,3,5,6,6,6,6,6,5,5,7,6,6,6,6,6,6,6,7,6,6,7,7,7,7,6,7,4,6,7,7,7,7,7,7,7,7,7,7,7,3,2,3,3,3,1,3,3,3,3,3,3,3,3,3,3,3,3,7,6,7,5,7,4,7,7,7,7,7,7,7,6,7,6,6,1,4,4,4,5,4,4,5,4,5,4,4,5,4,4,4,4,4,4,1,1,1,1,1,1,1,1,1,1,1,1,1,1,1,1,1,1,2,2,2,2,2,2,2,2,2,2,2,2,2,2,2,2,2,2,2,2,2,2,2,2,2,2,2,2,1,2,2,2,2,2,2,2,1,4,4,1,4,1,4,4,4
R_8EH1dyrOZoMWaaY,3,5,5,2,3,3,4,2,4,5,6,2,6,4,7,6,7,7,4,3,4,4,5,5,5,4,5,6,4,7,3,5,5,7,3,6,2,3,5,4,4,2,5,3,1,3,3,3,6,5,3,3,5,3,2,2,5,5,2,2,6,3,2,3,5,5,3,2,4,2,3,3,5,4,5,5,4,5,5,5,5,5,4,5,3,3,4,5,5,3,6,4,3,4,2,4,5,6,5,5,5,5,6,6,5,5,4,4,5,6,5,5,7,6,2,5,3,2,3,3,5,6,4,5,4,6,6,5,4,5,5,6,3,5,5,5,2,3,2,5,3,3,3,6,3,6,3,5,5,5,4,4,4,3,2,5,3,3,4,3,3,5,2,4,3,5,6,4,4,4,4
R_8ePdH5nqiGiTvDd,6,4,2,5,7,5,1,1,1,3,6,3,7,4,7,5,6,7,7,7,7,7,5,5,7,7,7,7,7,7,7,7,7,7,7,7,7,7,7,7,7,5,7,7,7,7,5,7,7,7,7,7,7,7,3,3,2,3,5,1,5,5,1,3,3,5,5,5,5,5,5,5,5,3,5,2,1,3,5,5,6,5,7,5,1,4,1,4,2,1,7,7,7,7,7,7,7,7,7,7,7,7,7,7,7,7,7,7,1,1,1,1,1,1,1,1,1,1,1,1,3,1,1,1,1,5,1,1,1,1,1,1,1,1,1,1,1,1,1,1,1,1,1,1,3,3,3,3,3,3,3,3,2,3,3,3,3,3,3,4,3,3,3,4,4,1,3,1,1,1,1
R_8E007HUrAdTGcKZ,4,3,4,4,2,3,3,5,3,3,4,5,5,5,6,5,3,6,6,5,5,5,5,5,6,5,6,6,6,5,6,5,6,5,5,5,4,5,5,6,6,5,6,5,6,6,6,6,6,5,6,6,6,5,6,5,6,5,5,6,5,6,5,5,5,6,5,5,5,6,6,5,3,3,3,3,3,3,3,3,3,3,3,3,3,3,3,3,2,3,4,3,4,3,4,3,3,3,3,3,3,4,3,3,3,3,3,3,3,3,2,3,3,3,3,3,3,3,4,3,5,5,5,5,2,5,3,3,4,4,3,4,3,4,3,4,4,4,3,4,3,4,5,3,3,3,3,3,3,4,3,3,3,3,3,3,4,6,5,3,5,5,2,2,3,5,6,4,5,3,3
R_89dp0h8gQngt7X5,1,2,1,2,2,2,1,2,2,1,3,1,4,2,4,5,6,7,7,7,7,7,7,7,7,7,7,7,7,7,7,7,7,7,7,7,3,4,4,4,3,3,4,5,5,5,6,3,5,4,4,6,5,4,1,1,1,1,1,1,2,2,2,2,2,1,2,2,2,3,2,1,5,5,4,4,5,5,5,4,5,5,3,5,4,5,4,4,3,1,4,3,5,3,2,5,3,3,3,3,3,3,5,3,4,3,2,4,2,3,4,4,4,4,2,2,2,2,2,3,2,2,2,2,3,5,4,4,4,3,4,4,2,2,2,2,3,3,3,2,2,2,4,5,2,3,3,3,4,3,2,2,2,2,2,2,2,2,2,2,3,4,3,5,4,5,6,3,4,3,3
R_2sokUGx2gWxR79v,6,6,5,5,1,5,2,2,2,1,6,1,7,1,7,6,6,7,7,7,7,7,7,7,7,7,7,7,7,7,7,7,7,7,7,7,2,6,5,3,2,2,3,2,2,2,6,2,5,2,3,6,6,6,1,4,3,3,1,2,2,4,3,2,4,2,2,2,2,2,5,5,7,6,6,5,7,5,7,5,7,7,2,7,1,6,1,5,1,1,1,1,3,2,5,3,2,1,2,2,2,3,6,2,7,3,1,5,3,5,4,6,6,6,2,1,2,2,1,1,4,1,6,2,7,7,2,7,5,6,2,5,4,1,4,5,1,2,6,2,6,3,7,7,2,3,4,3,5,2,2,2,1,2,1,2,3,2,2,1,4,4,1,2,2,7,7,4,2,2,2
R_22Y1WljAL2WnCB8,1,7,6,3,3,4,2,2,2,3,4,4,4,7,7,3,7,7,7,7,7,7,7,7,7,7,7,7,7,7,7,6,7,6,5,7,5,7,5,3,4,4,2,4,3,5,5,4,7,2,6,6,7,6,4,4,1,1,4,1,1,1,1,2,3,1,1,1,1,2,4,2,7,4,7,4,2,3,7,7,7,7,7,7,7,7,5,7,1,1,7,3,4,3,7,7,7,7,5,7,1,7,7,4,4,1,1,5,1,1,1,1,1,1,1,1,1,1,1,1,4,7,7,7,4,7,1,5,2,5,7,4,4,1,4,2,4,1,7,1,4,6,5,7,1,1,4,4,4,1,2,1,1,1,1,1,2,2,2,2,3,4,2,1,3,2,5,1,4,5,1
R_8QSsXGJWXZuMdkv,2,6,6,3,2,4,3,2,3,3,4,3,2,3,3,6,5,6,5,3,4,6,4,4,6,5,6,4,6,6,4,4,6,6,5,3,2,5,3,5,5,4,4,3,2,4,4,3,3,4,5,5,4,5,1,2,2,1,1,1,1,2,1,1,1,2,2,1,1,1,2,1,4,3,4,3,3,4,3,3,3,5,3,4,2,4,3,4,5,5,5,4,5,2,3,4,3,6,4,4,2,6,4,3,4,2,2,4,2,3,2,1,4,3,3,3,3,2,4,3,1,2,2,2,3,3,2,4,4,2,4,2,3,2,2,2,2,4,2,6,5,3,6,4,2,2,2,3,3,4,3,2,3,2,4,2,2,2,2,2,3,3,3,6,4,2,6,4,2,2,3
R_89v85JtXmCxyhcB,5,5,2,6,6,4,1,3,2,1,2,2,1,1,3,2,3,4,5,7,6,5,5,5,6,6,6,5,7,7,7,6,7,6,6,7,6,5,7,6,7,5,6,7,7,6,7,7,7,7,6,7,7,6,2,2,2,2,2,2,2,2,2,2,2,2,2,2,2,2,2,2,7,6,5,6,6,6,6,7,5,7,6,7,5,5,6,5,5,5,7,4,4,4,1,6,4,4,4,4,4,4,4,4,4,4,4,4,4,2,3,3,2,2,3,3,3,2,3,1,2,3,2,3,3,3,1,3,6,6,6,1,2,6,3,6,3,3,3,6,3,2,6,3,2,3,3,3,3,3,3,2,2,2,3,3,3,3,2,3,2,3,1,3,3,5,4,4,1,7,4
R_8KcHCiQtavu1aPn,2,3,4,2,2,2,2,1,2,1,6,2,7,7,7,7,2,7,7,7,7,7,7,7,7,6,7,6,7,5,5,7,7,7,6,6,3,6,4,4,6,4,3,3,2,2,5,2,6,4,6,6,5,7,3,2,2,2,1,1,1,1,2,1,2,2,1,3,1,1,3,2,6,7,5,7,7,6,7,7,6,7,5,7,1,1,1,1,1,1,1,1,6,5,3,7,3,1,5,4,7,7,7,1,6,1,4,7,1,2,2,2,3,1,2,1,2,1,3,2,2,2,2,1,1,2,7,7,7,7,2,2,4,3,7,3,3,7,7,2,7,7,7,7,4,4,4,4,5,3,2,2,3,3,5,3,3,4,5,4,2,2,5,4,5,1,4,1,2,3,2
R_2rkSpIHMniM4QHW,5,6,6,6,6,5,6,3,4,6,6,3,6,6,6,7,6,6,6,6,6,6,6,6,6,6,7,6,6,6,6,5,6,6,6,6,5,5,5,5,5,5,5,6,5,5,6,6,5,5,6,5,4,6,6,5,6,5,6,5,5,5,5,6,6,5,6,5,5,5,6,6,6,6,6,6,5,5,6,6,6,6,6,5,6,6,5,5,5,5,1,2,2,1,1,1,3,2,3,3,2,2,2,2,2,2,2,2,1,1,1,1,1,1,1,1,1,1,1,1,1,1,1,1,1,1,5,5,6,6,5,5,5,4,3,5,4,5,5,5,5,5,4,5,4,4,5,4,3,4,4,4,4,4,4,4,4,4,4,3,4,5,3,4,7,3,6,1,1,1,1
R_2jB8Dut3s1ErjU9,4,5,5,5,4,1,3,3,3,1,3,2,2,2,1,3,2,3,3,4,5,4,3,5,3,5,5,3,4,3,3,3,4,5,2,5,5,4,2,5,5,3,5,3,5,3,5,5,4,3,4,3,3,3,4,3,3,3,2,3,3,3,4,3,4,3,4,3,4,4,4,4,4,3,3,4,3,2,3,2,4,3,3,4,2,3,4,3,4,3,4,3,5,4,3,4,4,3,3,4,5,3,3,4,3,3,3,3,2,4,4,4,4,4,5,3,3,3,3,4,3,3,3,3,4,4,3,3,4,4,3,4,4,4,4,4,3,4,4,4,4,3,4,3,4,3,4,3,4,4,5,3,3,4,4,4,4,5,4,3,4,3,2,5,3,2,3,3,4,4,5
R_29x0rDYQICmJJHX,4,6,4,5,5,3,4,5,4,6,4,4,4,3,4,7,7,7,7,7,5,5,6,5,7,6,6,7,6,6,5,5,6,6,6,4,3,3,3,6,3,3,4,4,5,5,6,4,4,6,5,5,7,5,1,1,1,1,1,1,1,1,1,1,1,1,1,1,1,1,1,1,6,5,4,5,4,6,4,6,4,4,4,4,4,4,4,4,4,4,7,7,7,7,5,7,7,7,7,5,6,7,7,7,7,7,7,7,2,2,2,2,2,2,2,2,2,2,2,2,2,2,2,2,2,2,2,4,5,4,4,5,5,4,3,4,4,3,4,4,5,4,5,5,4,4,4,4,4,4,4,4,4,4,4,4,4,4,4,4,4,4,4,5,5,3,5,2,4,2,3
R_8AyIAOH6aOTcjZL,3,4,3,5,6,4,3,3,3,3,5,2,6,5,5,4,3,5,5,5,5,6,6,6,6,5,6,5,6,6,5,5,5,6,6,5,3,3,4,4,5,3,4,4,4,3,3,3,5,3,4,4,3,5,3,3,3,3,3,3,3,3,3,2,3,3,3,3,3,3,3,3,4,3,5,3,3,5,4,3,3,3,4,3,3,2,5,3,3,2,4,3,5,4,3,3,5,3,3,3,4,3,3,3,3,3,3,3,2,2,2,3,4,2,1,2,2,2,1,5,1,2,2,4,2,2,2,3,4,3,5,2,3,2,2,3,4,3,3,3,5,3,3,2,5,4,5,4,5,4,4,4,4,4,5,4,5,4,5,4,5,5,4,4,5,3,4,2,3,2,3
R_8EQoYDAFefrcr73,3,3,2,2,7,4,4,1,1,2,4,1,7,2,7,7,7,7,6,6,6,6,6,6,6,6,6,6,6,6,6,6,6,6,6,6,6,6,4,7,4,4,2,3,3,2,7,6,4,7,7,7,7,7,3,3,3,3,3,3,3,3,3,3,3,3,3,3,3,3,3,3,4,6,6,4,4,6,6,6,6,6,1,6,1,1,1,5,1,1,6,6,6,6,6,6,6,6,6,6,6,6,6,4,6,6,6,6,4,4,4,4,4,4,4,4,4,4,4,4,4,4,4,4,4,4,3,2,2,2,3,2,2,2,2,4,4,2,4,2,3,4,4,4,2,2,2,2,2,2,2,2,2,2,2,2,2,2,2,2,2,2,4,4,4,5,5,5,5,5,5
R_22zPTXtctMU9Mkf,7,7,7,7,7,7,5,5,5,5,7,5,7,5,7,7,7,7,7,7,7,7,7,7,7,7,7,7,7,7,7,7,7,7,7,7,7,7,7,7,7,7,7,6,6,7,7,6,7,6,7,7,7,7,3,3,3,3,3,3,3,3,3,3,3,3,3,3,3,3,3,3,1,1,1,1,1,1,1,1,1,1,1,1,1,1,1,1,1,1,2,3,5,3,2,5,2,2,2,2,2,5,2,2,2,2,1,3,2,2,2,2,2,2,2,2,2,2,2,2,2,2,2,2,2,2,2,2,3,2,2,2,2,2,2,2,2,2,2,2,2,2,2,2,4,4,4,4,4,4,3,4,4,3,4,4,4,4,4,4,4,4,2,5,6,3,5,1,1,1,1
R_2YxemGlpZXJSPGp,4,5,7,4,7,5,6,5,6,5,5,6,5,5,4,6,5,7,6,6,5,4,5,6,6,2,5,5,6,5,5,3,6,5,5,5,4,6,4,4,7,5,4,3,4,5,6,3,5,3,5,5,4,5,2,2,2,4,3,4,2,2,3,3,3,3,4,2,3,3,3,3,6,6,4,5,4,5,4,7,5,5,4,6,2,3,4,3,3,3,2,3,3,2,1,2,4,3,3,3,3,5,5,3,4,4,5,4,2,5,2,2,5,6,3,3,3,2,3,4,3,2,3,3,2,5,2,5,3,3,6,4,4,6,2,4,3,3,5,3,6,4,4,4,5,4,4,3,6,3,5,6,5,4,5,4,4,4,5,3,4,5,2,3,4,4,5,6,4,3,4
R_86xHyhowZBgjmKd,6,2,2,6,2,2,6,5,7,6,6,6,2,2,2,2,2,1,5,5,5,5,5,5,5,6,5,6,4,6,5,5,5,6,6,4,2,3,3,3,4,3,3,3,2,3,3,2,3,2,2,2,3,3,3,4,3,2,4,2,3,2,2,3,3,3,3,3,6,3,3,3,6,6,3,5,6,6,5,6,7,7,7,5,6,1,2,5,2,2,2,3,6,3,3,2,2,7,6,3,3,3,2,6,7,5,2,7,2,2,2,3,2,2,2,3,3,1,2,2,2,2,2,1,3,3,4,3,3,2,3,3,3,3,4,3,3,4,3,2,3,4,2,2,2,1,2,2,2,3,2,2,2,2,1,2,2,3,2,2,2,1,3,2,2,5,6,5,5,5,4
R_2ITeYNNTmFmqtuN,4,4,4,4,4,4,4,4,4,4,4,4,4,7,7,7,7,7,7,7,7,7,7,7,7,7,7,7,7,7,7,7,7,7,7,7,7,7,7,7,7,7,7,7,7,7,7,7,7,7,7,7,7,7,4,4,4,4,4,4,4,4,4,4,4,4,4,4,4,4,4,4,7,7,7,7,7,7,7,7,7,7,7,7,1,7,1,1,1,1,1,1,1,1,1,7,1,2,1,1,1,4,6,1,4,1,1,1,1,1,1,1,1,1,1,1,1,1,1,1,1,1,1,1,1,1,1,1,1,1,1,4,1,1,1,1,1,2,1,2,4,1,1,1,4,4,4,4,4,4,4,4,4,4,4,4,4,4,4,4,4,4,4,4,4,1,5,1,1,1,1
R_8eEIGRRs0PrHxrp,3,3,5,6,7,5,3,4,3,7,6,7,6,5,5,6,7,7,5,6,6,6,6,5,5,5,5,5,5,6,5,5,5,6,5,5,5,4,6,5,6,5,5,6,6,5,6,6,6,5,5,5,7,6,6,6,4,5,5,4,4,3,5,6,5,7,4,5,3,6,4,4,5,4,7,4,4,3,4,3,4,6,5,4,5,5,5,6,4,5,6,5,5,5,6,4,5,6,3,4,4,4,5,6,6,5,5,5,5,5,5,5,5,5,7,6,5,6,5,5,6,5,5,5,5,6,4,5,3,4,4,5,5,5,5,5,6,5,4,3,6,5,5,4,4,4,6,4,5,5,7,4,4,6,5,5,5,6,5,5,6,4,2,2,2,1,2,4,3,6,2
R_24BJpX21yRCVAVX,4,7,7,7,6,5,7,5,7,7,7,4,7,7,7,7,7,7,6,6,6,6,6,6,6,6,6,6,6,6,6,6,6,6,6,6,7,7,7,7,7,7,7,7,7,7,7,7,7,7,7,7,7,7,7,7,7,7,7,7,7,7,7,7,7,7,7,7,7,7,7,7,2,2,2,4,2,2,2,2,2,2,2,5,2,2,2,2,2,2,5,3,4,3,3,6,3,4,3,3,4,5,3,5,4,4,3,3,3,2,2,2,3,3,2,2,2,2,2,2,2,2,2,2,2,2,3,3,2,2,3,5,2,3,2,2,2,4,2,3,2,2,2,3,4,4,4,4,4,4,4,4,4,4,4,4,4,4,4,4,4,4,3,5,5,2,2,2,2,2,2
R_8cbaXqmVFPRNCI1,2,2,1,5,7,3,3,1,1,2,3,2,6,5,6,3,7,5,5,5,3,3,4,6,2,5,3,3,7,7,5,6,6,4,5,3,2,2,1,3,5,4,2,4,2,2,5,3,6,6,5,6,6,5,1,2,1,4,4,1,1,1,1,1,3,5,3,5,3,5,3,4,7,6,7,7,5,6,7,7,7,7,7,7,7,5,4,3,5,6,2,3,3,2,5,5,3,3,3,2,2,5,3,4,5,5,5,4,5,5,3,5,6,5,4,2,4,3,5,3,3,3,2,5,4,3,5,2,5,2,1,2,5,6,3,6,2,6,5,3,4,4,5,6,3,3,5,4,4,4,4,3,3,6,5,4,6,5,5,5,5,3,3,6,5,3,3,1,2,3,2
R_8e0CpNSPTPnsLe1,4,6,5,4,5,4,3,3,4,3,4,3,6,3,5,5,5,6,5,5,5,5,5,5,5,5,5,5,5,5,5,5,5,5,5,5,2,4,4,4,4,3,4,4,5,4,6,3,6,4,6,5,6,6,1,2,2,2,2,1,2,2,2,2,2,1,2,1,2,2,2,1,4,3,4,4,4,3,4,4,4,3,4,4,4,4,2,4,4,2,7,4,5,4,3,6,5,4,5,3,3,6,4,5,3,4,3,6,1,1,1,1,3,3,1,1,1,1,1,1,1,1,1,1,1,3,5,5,4,4,4,5,3,5,4,4,4,3,3,5,3,3,3,5,2,3,2,3,3,2,3,3,3,3,2,3,3,3,3,3,2,3,2,3,4,3,4,2,4,2,2
R_2qg62iAiqVipwPh,4,1,1,4,3,2,1,1,1,1,7,1,4,1,4,2,4,7,7,7,5,6,5,7,4,5,7,7,6,4,6,6,6,5,4,6,5,2,5,7,2,1,3,4,5,7,4,2,5,5,7,5,7,7,7,7,7,7,3,1,7,7,3,7,7,7,7,7,7,7,7,7,7,6,7,5,4,4,7,7,7,7,7,7,4,7,4,3,5,4,4,3,7,2,6,6,7,7,6,7,4,3,1,1,1,1,1,1,4,1,1,3,4,1,1,3,4,5,4,6,3,3,1,1,3,4,5,5,6,6,6,5,5,7,4,5,6,7,5,7,6,7,7,4,5,5,5,6,6,3,5,5,4,6,4,6,6,5,6,5,6,6,1,3,4,1,2,3,3,4,1
R_81F9xH5alvntdp5,5,5,6,3,6,6,3,2,3,3,5,4,7,5,5,6,5,6,6,6,6,4,5,6,6,5,4,5,5,5,6,5,6,5,5,6,6,5,5,4,7,6,3,4,3,2,4,2,6,6,6,7,6,6,4,5,5,3,5,5,2,5,4,2,4,4,3,5,5,5,5,3,3,5,5,6,1,3,7,6,7,7,4,6,2,2,1,2,3,3,3,5,3,3,3,7,4,4,4,3,4,6,3,5,4,4,3,7,4,6,5,2,5,6,6,5,3,4,2,6,4,3,5,4,4,3,2,2,4,4,5,1,4,4,4,3,5,3,6,5,5,5,5,6,3,2,3,4,5,3,4,4,3,4,5,4,6,1,5,4,6,6,2,3,2,5,5,2,4,4,2
R_2fCXwZzWgKU5tex,6,7,7,6,2,4,6,4,6,6,7,5,7,7,7,7,7,7,7,7,7,7,7,7,7,7,7,7,7,7,7,7,7,7,7,7,6,7,5,7,6,3,6,6,6,6,7,6,7,7,7,7,7,7,1,1,1,1,1,1,1,1,1,1,1,1,1,1,1,1,2,1,7,4,7,1,7,2,7,7,7,7,2,7,1,7,2,1,1,1,4,3,5,3,3,3,4,3,3,4,4,6,5,3,3,3,3,3,4,4,3,4,3,3,4,3,4,3,4,3,4,3,3,3,3,4,2,2,2,2,2,2,2,2,2,2,2,2,2,2,2,2,2,2,1,1,1,1,1,1,1,1,1,1,1,1,1,1,1,1,1,1,2,4,6,2,6,2,6,2,2
R_2Mhe0PGwAPWWO93,3,3,3,4,6,5,5,4,2,5,3,3,5,2,5,5,3,6,3,3,3,3,3,3,5,5,4,6,5,5,4,4,5,4,4,4,3,4,5,6,6,3,5,4,4,5,5,4,6,4,6,6,5,7,2,2,1,2,4,1,3,2,2,3,3,2,4,3,4,4,3,4,6,6,5,4,4,5,5,5,6,5,4,5,3,5,3,3,4,2,6,6,6,3,4,7,5,6,6,5,5,6,3,4,4,3,5,6,6,6,6,6,4,6,4,6,6,5,2,4,1,2,2,4,5,6,6,5,5,5,2,6,4,4,5,4,2,5,2,3,2,2,3,2,4,4,4,5,2,5,2,4,3,2,3,4,2,3,3,2,4,4,3,5,5,4,5,3,3,4,2
R_2TC5BmR1Ng3EPWj,2,4,2,4,2,4,2,2,2,4,4,2,6,2,2,2,4,4,7,7,7,7,7,7,7,7,7,7,7,7,7,7,7,7,7,7,4,5,4,6,4,4,4,4,5,6,5,4,5,3,5,4,5,6,2,3,4,3,4,3,3,3,3,4,3,3,4,4,4,4,3,3,6,4,4,3,2,6,2,5,4,4,2,4,2,6,2,4,4,1,6,2,1,2,3,6,1,1,2,2,1,3,1,2,1,1,1,1,4,4,4,4,4,4,4,4,4,4,4,4,4,4,4,4,4,4,4,4,4,4,4,4,4,4,4,4,4,4,4,4,4,4,4,4,4,4,4,4,4,4,4,4,4,4,4,4,4,4,4,4,4,4,4,4,5,3,5,2,4,7,2
R_804N9QVv7wFt4LT,5,3,3,5,3,5,4,4,3,2,6,5,5,5,6,5,6,6,3,4,6,4,5,4,4,4,5,4,6,6,6,5,6,5,5,6,4,5,7,5,6,4,5,6,3,3,7,5,7,7,6,7,5,5,2,2,2,3,2,1,2,3,3,2,5,3,3,2,4,3,5,5,5,2,5,2,5,6,7,7,6,7,4,6,5,7,3,4,3,2,3,3,5,2,2,7,5,6,5,4,1,5,3,2,3,1,1,1,6,4,5,5,6,6,1,4,5,4,2,2,5,2,4,5,2,3,2,1,6,2,2,2,1,1,5,2,3,6,5,3,3,3,5,4,3,4,2,2,5,5,3,2,5,3,2,2,2,2,2,2,1,2,2,5,3,4,5,6,6,6,3
R_88V9KGiijBwC3HH,2,7,5,6,6,3,2,2,3,3,4,3,4,6,4,6,5,6,7,7,7,7,7,7,7,7,7,7,7,7,7,7,7,7,7,7,5,7,4,6,7,6,7,3,5,3,7,6,7,7,7,7,7,7,1,1,1,1,1,1,1,1,1,1,1,1,1,1,1,1,1,1,7,3,7,2,1,5,7,7,7,7,4,7,2,4,3,1,1,1,5,3,3,2,4,7,2,4,4,2,6,4,3,2,4,1,1,6,3,2,6,5,5,4,2,3,2,2,5,2,2,3,2,2,2,5,5,1,3,1,6,2,2,1,1,2,4,3,2,3,2,4,6,6,4,3,4,4,4,4,1,3,1,1,3,3,5,4,4,4,5,5,3,6,6,4,6,3,5,4,5
R_2qmW6ZSpvTmxgJ7,7,7,7,7,7,7,7,7,7,7,7,7,7,7,7,7,7,7,5,5,5,5,5,5,5,5,5,5,5,5,5,5,5,5,5,5,6,6,6,6,7,5,6,6,6,6,6,5,6,6,6,6,6,7,2,2,2,2,2,2,2,2,2,2,2,2,2,2,2,2,2,2,1,1,1,1,1,1,1,1,1,1,1,1,1,1,1,1,1,1,2,3,3,3,3,5,2,2,2,3,2,4,3,2,3,3,2,3,1,1,1,1,1,1,1,1,1,1,1,1,1,1,1,1,1,1,1,1,1,1,1,1,1,1,1,1,2,1,1,1,1,1,1,1,4,4,4,4,4,4,4,4,4,4,4,4,4,4,4,4,4,4,2,4,4,4,5,3,3,3,2
R_8Wy6j8awj8LJ2Kt,5,5,6,4,6,7,3,2,3,4,6,2,5,3,7,7,7,7,7,5,6,5,6,6,7,7,7,7,6,6,6,6,6,6,6,6,7,7,7,7,5,5,6,5,5,6,7,5,7,6,7,7,7,7,3,3,4,3,3,3,4,3,4,4,4,4,3,3,3,3,3,4,3,3,3,3,3,3,3,4,3,3,3,3,4,4,4,3,3,2,2,2,3,2,2,3,3,4,3,3,2,3,3,3,2,3,1,3,1,1,2,2,2,2,1,1,1,1,1,1,1,1,1,1,1,2,3,3,3,3,2,2,2,2,2,2,3,2,2,1,2,3,3,3,3,3,2,3,3,3,2,3,2,2,3,2,3,2,3,3,3,3,1,5,5,3,4,1,1,1,1
R_80NhnK3cGExJuTJ,6,7,7,6,7,4,7,7,7,7,7,2,7,7,7,7,7,7,7,7,7,7,6,7,7,7,7,7,5,5,7,7,7,7,7,7,6,7,7,6,7,3,7,7,7,7,7,2,7,7,7,7,7,7,2,3,3,3,3,3,3,3,3,3,3,2,3,3,4,3,3,3,4,4,4,5,4,5,5,5,5,5,4,5,4,5,4,4,4,4,5,4,4,4,4,6,4,4,5,4,5,6,4,4,4,4,3,4,3,4,3,4,4,4,3,3,3,3,3,3,5,5,5,5,4,5,3,2,2,3,3,1,2,2,2,3,3,2,3,3,3,3,3,2,4,4,4,4,4,4,4,4,4,4,4,4,4,4,4,4,4,4,2,5,5,4,4,2,2,4,2
R_2xSNZvRT3cZUIp3,3,4,2,6,7,6,2,3,4,2,2,2,7,3,6,5,6,7,6,6,6,6,6,6,6,6,7,7,7,7,7,7,7,7,7,6,4,6,6,5,5,5,6,7,6,6,7,6,6,6,7,7,7,6,2,5,3,2,4,3,4,4,3,4,5,3,4,5,4,4,5,5,7,5,4,6,3,5,6,4,6,7,6,6,2,7,1,3,3,1,5,3,4,3,3,7,4,6,3,4,4,7,4,5,1,1,2,5,1,1,1,1,1,1,1,1,1,1,1,1,1,1,1,1,1,1,5,5,2,5,5,5,4,4,3,4,2,4,3,2,4,4,3,4,4,4,4,4,4,4,4,4,4,4,4,4,4,4,4,4,4,4,2,5,5,5,4,3,1,5,2
R_2PhkkBLwuL2nxRL,1,2,2,3,6,2,1,2,1,1,2,1,7,7,7,7,7,7,7,6,7,6,7,4,5,7,7,5,7,7,5,7,4,4,7,7,1,1,5,1,7,1,1,6,7,2,6,1,1,1,1,1,6,2,2,1,1,1,2,1,3,4,1,1,3,1,1,1,2,1,2,1,7,7,7,5,6,7,7,7,7,7,6,7,2,7,1,2,2,1,1,1,2,2,4,4,1,1,1,1,2,2,1,1,7,2,1,5,1,6,6,7,7,7,1,1,1,1,1,1,2,1,2,1,7,7,3,7,1,7,7,7,3,1,2,2,1,7,5,7,2,5,1,6,6,7,2,7,7,7,5,2,6,7,1,7,6,6,6,2,7,2,1,3,2,7,6,7,6,5,7
R_8dzgWR71QPRLo74,4,3,4,4,7,6,1,1,4,1,5,2,6,1,6,1,4,7,7,7,4,7,7,7,7,7,7,7,7,7,7,7,7,7,7,4,3,4,6,4,7,6,3,2,2,3,4,5,4,4,5,4,4,6,4,4,4,4,4,4,4,4,4,4,4,4,4,4,4,4,4,4,4,4,1,4,4,4,4,6,4,4,4,4,4,4,3,4,4,1,7,4,4,4,3,5,4,3,3,4,3,3,5,3,3,1,1,3,1,1,1,1,1,1,1,1,1,1,1,1,1,1,1,1,1,4,4,4,4,4,4,4,4,4,4,4,4,4,4,4,4,4,4,4,2,2,4,2,2,2,2,2,2,2,2,2,2,2,2,2,2,2,2,3,2,4,4,2,4,2,2
R_8pR2s4IqM6UeHmh,2,5,5,7,7,1,2,2,2,2,2,2,7,5,7,7,7,7,7,7,7,7,7,7,7,7,7,7,7,7,7,7,7,7,7,7,4,7,7,7,7,6,7,7,7,7,7,7,7,7,7,7,7,7,1,2,2,2,2,1,2,2,2,2,2,2,2,2,2,2,2,2,1,1,1,1,1,1,1,1,1,1,1,1,1,1,1,1,1,1,7,3,3,3,3,7,3,3,3,3,3,3,3,3,3,3,1,3,4,4,4,4,4,4,4,4,4,4,4,4,4,4,4,4,4,4,1,1,1,1,1,1,1,1,1,1,1,1,1,1,1,1,1,1,4,4,4,4,4,4,4,4,4,4,4,4,4,4,4,4,4,4,1,6,3,2,6,2,2,4,2
R_8zijTqLFDIMSUk4,3,3,7,3,7,6,4,5,4,3,4,5,2,3,4,4,7,7,4,3,7,5,3,3,5,7,5,7,4,5,5,5,7,3,7,3,4,4,4,4,5,4,5,5,5,5,5,4,6,4,7,7,6,4,2,3,3,3,4,1,3,2,3,3,2,1,2,3,3,3,2,3,6,7,6,6,6,6,6,6,6,6,6,7,1,3,2,2,1,1,6,2,6,6,1,7,4,5,4,2,7,6,1,1,1,5,4,2,2,1,1,1,1,1,1,2,1,1,1,3,3,3,3,4,3,3,7,7,5,7,7,7,4,1,5,4,7,7,3,7,2,4,4,4,1,4,2,5,4,6,1,5,3,3,4,6,2,4,3,2,4,5,4,6,6,4,4,3,3,4,4
R_2awS0bEySCk9l2j,7,7,7,7,7,6,7,7,7,7,7,1,7,7,7,7,7,7,7,7,7,7,7,7,7,7,7,7,7,7,7,7,7,7,7,7,7,5,4,6,6,4,6,6,6,6,7,1,7,7,7,7,7,7,2,2,2,2,2,2,2,2,2,2,2,1,2,2,2,2,2,2,4,5,4,4,4,4,4,4,3,5,2,7,1,1,1,2,1,2,2,2,2,2,2,5,3,2,3,2,2,4,2,2,2,2,2,4,1,1,1,1,1,1,1,1,1,1,1,1,1,1,1,1,1,1,2,2,2,2,2,4,2,2,2,2,2,2,2,2,2,2,2,2,1,2,2,2,2,2,2,2,2,1,2,2,2,1,2,1,2,2,2,2,2,4,5,4,3,2,2
R_25ewJF6JoMM8tfX,5,5,3,5,4,4,3,3,3,3,4,2,5,4,4,4,4,6,5,6,6,4,5,5,5,4,6,4,5,5,6,6,6,5,6,4,5,5,4,6,5,5,4,4,4,4,5,4,5,5,6,6,6,6,2,2,2,2,2,2,2,2,2,2,2,2,2,2,2,2,2,2,6,5,6,6,4,5,6,6,6,6,5,6,2,5,2,4,2,3,1,1,1,2,1,1,1,1,1,1,1,1,2,1,2,2,1,1,2,2,2,2,2,2,2,2,2,2,2,2,2,2,2,2,2,2,2,2,2,2,2,2,2,2,2,2,3,2,2,2,2,2,2,4,3,3,3,3,4,3,3,3,3,4,4,4,3,3,3,3,2,4,2,2,2,5,6,2,3,3,4
R_2aJOxmG6Fob1ozz,1,1,2,2,2,1,1,1,1,1,1,4,2,1,1,1,1,3,6,7,6,7,6,7,7,7,7,7,7,7,7,7,7,7,7,5,7,7,5,7,5,7,7,7,7,7,7,4,7,7,7,7,6,4,5,4,4,4,3,5,5,5,5,4,4,4,5,5,4,5,4,6,1,2,3,2,3,2,3,1,2,2,2,2,1,1,2,1,2,1,6,5,5,6,5,5,4,5,4,5,3,6,4,3,5,5,4,5,2,2,1,1,1,3,2,2,1,1,2,3,1,2,2,1,3,5,1,2,2,1,2,1,2,1,2,2,2,2,1,2,1,1,3,1,1,1,1,1,1,1,1,1,1,1,1,2,1,1,1,1,1,1,1,3,2,5,6,3,2,5,2
R_8PXO7d2r0CTc6Er,3,5,2,3,5,4,2,3,2,3,5,4,7,4,7,7,6,7,7,6,5,6,7,7,6,7,7,6,7,7,7,7,7,5,7,6,4,6,4,5,7,3,5,4,5,4,7,3,7,5,7,7,6,7,3,4,2,2,2,3,2,3,2,2,5,2,3,5,5,5,4,5,6,4,7,7,7,7,7,7,7,7,6,7,2,4,2,1,3,2,2,1,2,3,5,6,4,4,5,5,3,3,7,2,6,7,1,7,2,2,3,3,3,6,1,4,5,1,4,5,5,1,4,2,4,5,3,4,4,4,3,2,2,4,1,2,4,3,5,3,4,5,3,3,2,2,3,2,2,2,2,2,2,2,2,2,2,3,4,3,2,2,1,2,2,5,5,4,5,6,4
R_82LYAxmaoeVpPpj,2,2,4,1,3,2,1,3,1,1,1,2,2,3,2,3,2,3,7,7,7,7,7,7,7,7,7,7,7,7,7,7,7,7,7,7,6,4,5,3,7,4,5,5,6,5,5,7,6,6,7,6,7,7,1,1,1,1,1,1,1,1,1,1,1,1,1,1,1,1,1,1,5,6,4,6,5,6,6,4,6,6,7,5,3,2,5,2,4,2,2,3,2,3,3,2,5,7,2,4,1,5,6,3,7,7,5,5,3,5,2,3,4,2,2,3,2,2,2,4,3,4,4,2,4,4,2,3,1,3,1,4,1,2,2,2,2,2,1,2,3,1,1,3,1,3,2,1,1,2,2,1,2,1,2,2,2,1,2,2,1,2,2,2,3,5,5,4,2,3,3
R_8soVeXLSzNpmJ1v,7,7,3,1,1,1,1,1,1,1,7,1,5,1,7,4,6,7,7,7,4,7,7,7,7,7,7,7,4,7,7,7,7,7,7,7,3,3,3,3,3,3,3,3,3,3,3,3,3,3,3,3,3,3,7,7,7,7,7,7,7,7,7,7,7,7,7,7,7,7,7,7,7,1,4,4,1,4,7,7,7,7,1,7,1,7,1,7,1,3,7,7,7,7,7,7,7,7,7,7,7,4,7,7,7,7,7,7,1,1,1,1,1,1,1,1,1,1,1,1,1,1,1,1,1,1,1,1,1,1,1,1,1,1,1,1,1,1,4,1,1,1,1,1,4,4,4,4,4,4,4,4,4,4,4,4,4,4,4,4,4,4,2,5,5,1,2,1,1,2,1
R_2PH7mLm3sxWGg7G,1,3,5,6,1,4,1,4,1,1,7,1,6,5,4,7,7,7,7,7,7,7,7,7,7,7,7,7,7,7,7,7,7,7,7,7,7,7,7,7,7,7,7,7,7,7,7,7,7,7,7,7,7,7,4,4,4,4,4,4,4,4,4,4,4,4,4,4,4,4,4,4,7,7,5,4,7,4,7,7,7,7,1,7,1,5,1,1,5,1,7,7,7,7,7,7,7,7,7,7,7,7,7,7,7,7,7,7,1,1,1,1,1,1,1,1,1,1,1,1,1,1,1,1,1,1,1,1,1,1,1,1,1,1,1,1,1,1,1,1,1,1,1,1,4,4,4,4,4,4,4,4,4,4,4,4,4,4,4,4,4,4,1,3,4,1,5,1,5,1,1
R_2wz4BzLnX8p30U0,5,5,4,5,7,5,5,4,5,4,6,5,7,7,7,7,7,7,7,6,7,6,6,7,7,7,7,7,4,4,7,7,7,7,7,7,5,5,5,7,7,5,5,5,5,6,6,6,7,7,7,7,7,7,4,4,4,4,4,4,4,3,4,4,4,4,4,4,4,4,4,4,5,5,6,6,4,5,5,5,6,5,6,5,1,6,1,1,1,1,3,3,5,3,5,5,2,2,3,2,3,4,6,4,6,6,1,5,3,4,3,4,4,3,3,2,3,2,3,2,6,6,5,5,6,7,4,3,1,3,3,1,3,4,3,3,1,3,4,5,3,6,5,6,4,4,4,4,4,4,4,4,4,4,6,4,5,6,5,5,5,5,2,6,5,3,6,3,4,2,2
R_2HnWjT0V8UumQm9,5,5,4,4,7,5,3,5,4,5,7,4,7,5,7,7,7,7,7,7,5,7,7,7,7,7,7,7,7,6,7,7,5,7,7,7,4,3,4,7,6,4,5,4,5,4,6,4,7,7,7,7,7,7,1,1,1,1,1,1,1,1,1,1,3,1,4,5,7,4,4,6,7,7,7,7,7,7,7,7,7,7,7,7,1,4,1,1,3,1,7,5,3,4,4,7,5,6,5,5,5,1,1,1,1,1,1,1,1,1,1,1,1,1,1,1,1,1,1,1,1,1,1,1,1,1,2,1,1,1,4,1,1,1,2,1,4,1,1,1,1,1,1,1,1,2,1,3,3,1,3,1,1,1,2,1,3,1,1,3,1,1,1,1,1,3,6,5,1,5,4
R_8afR9LQvH1jJTDP,4,6,3,6,6,3,2,6,2,1,6,2,6,6,6,6,6,6,6,6,6,6,6,6,6,6,6,6,6,6,6,6,6,7,6,6,5,3,6,6,6,6,6,6,6,6,7,4,7,6,6,6,6,7,2,3,3,3,3,2,3,3,3,3,3,2,3,3,2,3,3,3,3,3,6,6,5,6,6,6,6,6,6,6,6,6,6,3,6,6,4,6,6,3,3,6,3,6,3,3,2,6,3,3,3,3,3,3,2,3,2,2,3,3,3,2,2,2,2,3,2,2,2,2,3,2,2,2,3,2,3,2,2,5,2,2,4,2,3,3,3,2,2,2,3,3,3,3,3,4,4,4,4,3,4,3,4,3,3,3,3,4,4,5,5,5,6,2,3,5,2
R_8fVSIAK4lzu7QnR,5,7,6,6,7,2,4,5,6,6,5,2,6,6,5,5,3,7,7,7,7,7,7,6,7,7,7,7,7,7,7,7,7,7,7,7,5,6,5,6,7,5,5,6,7,7,7,5,7,6,7,7,7,7,2,2,2,2,2,2,2,2,2,2,3,2,2,2,2,2,2,2,7,7,7,6,2,7,6,6,6,7,7,6,3,2,3,2,5,3,6,5,2,3,3,6,6,6,5,6,4,6,2,6,2,2,2,2,5,5,6,5,6,5,6,2,6,6,3,6,2,2,2,3,2,3,2,2,5,3,2,2,5,3,5,2,5,5,3,4,5,2,5,2,2,4,4,2,3,4,3,3,3,4,3,4,2,2,2,3,3,2,4,5,5,3,5,4,4,4,3
R_2MPt1RAGlbP7kwd,3,5,6,2,1,5,3,2,2,2,5,2,4,2,5,3,5,5,6,4,4,6,5,7,6,4,4,7,4,4,5,5,5,6,4,4,3,6,5,6,4,4,3,3,5,2,3,5,5,4,6,5,6,5,2,2,3,3,1,2,2,2,2,2,2,3,3,4,2,3,3,2,7,4,5,4,7,4,6,6,7,6,4,5,5,6,4,3,4,2,4,3,2,3,4,7,5,3,6,4,5,3,4,2,4,5,5,4,6,4,3,4,4,3,3,3,2,3,5,2,3,3,5,3,5,7,3,4,3,4,6,1,2,3,3,4,6,3,4,4,2,5,5,7,5,4,5,3,5,4,4,3,4,4,5,5,3,3,3,3,6,3,3,4,5,5,5,1,2,4,2
R_8PIfVQxl1FA99Cm,3,1,1,4,1,1,1,1,1,1,2,5,7,1,7,5,6,7,7,5,5,6,6,6,6,5,5,7,6,7,7,7,7,5,3,5,3,4,3,3,4,4,3,4,3,3,4,5,5,4,5,3,5,2,4,2,5,3,3,2,5,6,6,5,5,3,4,4,3,4,3,3,7,7,7,4,7,5,7,7,7,7,7,7,1,1,1,1,3,3,4,1,1,1,1,7,1,1,1,1,4,6,1,1,1,4,1,1,2,2,4,2,2,2,2,2,3,2,4,2,4,4,3,3,4,4,1,1,1,1,1,1,1,1,1,1,1,1,1,1,1,1,1,1,2,3,3,3,3,2,3,3,4,3,2,2,4,3,4,3,3,3,1,5,5,3,6,3,4,5,3
R_29jkMP9AHmC1GhX,1,4,2,4,4,3,5,3,2,3,4,2,4,3,4,4,5,5,7,7,7,7,7,7,7,7,7,7,7,7,7,7,7,7,7,7,7,7,7,7,7,5,7,5,6,7,7,5,7,7,7,7,7,7,3,3,3,4,3,3,4,3,4,4,4,3,4,4,4,3,4,3,7,7,7,7,7,7,7,7,7,7,7,7,7,7,7,7,7,7,7,4,7,7,3,7,4,7,7,4,7,7,4,4,7,4,4,3,1,1,1,1,1,1,1,1,1,1,1,1,1,1,1,1,1,1,1,1,1,1,1,1,1,1,1,1,1,1,1,1,1,1,1,1,1,1,1,3,1,1,1,1,1,1,1,2,2,1,1,2,3,3,1,2,1,1,7,2,2,2,4
R_8NknKGejq9J5xKg,6,7,6,6,7,6,6,6,5,5,6,5,7,7,7,7,7,7,6,6,5,6,6,6,6,6,6,6,6,6,6,6,6,6,6,7,3,4,7,5,3,3,4,4,7,3,5,4,6,6,7,6,7,4,2,4,3,3,2,2,4,2,4,3,3,3,4,4,4,3,5,1,6,3,6,5,7,5,7,7,7,7,7,7,2,7,3,2,3,2,4,4,5,4,4,5,4,4,5,4,4,4,2,3,3,4,1,4,4,4,4,4,4,4,4,4,4,4,4,4,4,4,4,4,4,4,4,5,3,6,5,6,4,4,4,4,4,4,4,4,4,4,5,6,4,4,5,5,6,5,5,4,4,5,4,5,4,4,4,4,5,5,4,5,6,4,4,2,1,2,2
R_8COxfBMzkkrK1Zt,6,6,6,7,7,6,3,5,3,4,6,2,7,3,7,7,7,7,7,7,7,7,7,7,7,7,7,7,7,7,7,7,7,7,7,7,5,7,7,7,7,3,7,7,7,7,7,7,7,3,7,7,7,7,1,3,3,2,2,2,3,4,3,4,2,2,3,2,3,4,3,3,6,4,1,7,5,6,2,5,1,3,1,2,1,6,1,4,1,1,5,3,2,2,2,7,1,1,4,1,5,2,2,6,1,2,1,1,5,4,6,3,5,5,3,3,3,3,6,2,3,5,5,3,6,6,4,5,1,6,3,2,6,4,3,5,1,3,1,6,1,3,1,7,1,2,1,1,3,1,1,2,1,2,2,2,1,2,1,1,1,3,1,3,5,1,5,1,3,1,1
R_2g8ffn0l9v9ZPTu,2,3,2,4,4,2,2,2,2,2,4,1,6,3,6,4,6,6,6,6,6,6,6,6,6,5,6,6,6,6,6,6,6,6,7,6,5,5,6,5,5,4,4,4,3,4,6,2,4,6,4,5,6,6,4,4,5,4,5,4,5,3,5,6,6,3,3,5,3,4,6,3,5,5,5,5,4,5,6,6,6,5,5,5,3,3,3,4,4,4,6,5,3,4,3,6,2,4,3,4,2,6,6,3,5,4,2,5,2,2,2,2,2,2,2,2,2,2,2,2,2,2,2,2,2,2,4,3,4,4,4,5,4,4,4,4,5,4,4,4,3,4,4,4,1,1,1,1,1,1,1,1,1,1,1,1,1,1,1,1,1,1,2,3,2,5,5,2,2,2,3
R_8ooY1QgEVGHiahH,2,3,3,5,5,2,4,4,5,5,3,4,6,2,6,6,4,6,6,6,4,6,6,6,6,6,6,6,5,6,6,5,6,6,5,6,3,5,6,5,5,5,4,4,4,4,5,5,6,6,6,6,6,6,2,2,2,2,2,2,2,2,2,2,2,2,2,2,2,2,2,2,6,6,5,6,6,6,6,6,6,6,6,6,3,5,2,3,4,2,3,5,3,4,5,5,3,4,3,3,4,3,3,3,3,5,5,3,5,2,4,5,4,4,3,3,4,2,3,3,3,3,3,3,3,5,3,4,5,4,3,4,4,4,4,4,3,4,3,3,3,4,5,3,5,5,4,4,4,3,4,3,4,3,4,3,3,4,4,3,4,3,3,4,5,3,5,4,4,2,5
R_8n9J2fAnlkc1oHH,6,6,5,5,6,5,5,6,5,6,6,5,5,6,4,5,5,7,6,5,6,4,4,5,5,5,5,5,6,6,5,5,5,5,4,5,6,7,7,6,6,5,7,7,7,7,7,6,6,7,6,7,6,7,1,1,2,1,2,1,2,2,2,3,2,1,2,1,2,4,1,1,2,2,5,5,3,6,6,6,6,6,6,6,6,6,5,4,4,1,3,1,1,1,5,7,2,2,2,2,4,5,2,3,1,2,5,1,2,6,3,6,6,6,6,6,6,3,6,5,3,6,3,4,6,2,6,5,6,6,3,1,2,2,3,2,4,2,2,4,2,4,5,6,3,2,4,3,3,2,2,4,3,4,4,2,3,3,2,3,5,5,4,5,5,3,1,2,4,3,1
R_8jVPaqWzbTjiBRD,2,6,6,6,6,4,2,2,2,2,6,2,6,2,6,7,7,7,7,7,7,7,7,7,7,7,7,7,7,7,7,7,6,7,7,6,6,5,6,7,7,5,6,7,6,5,6,3,7,7,6,7,7,7,1,2,1,2,3,2,1,3,2,1,3,1,2,1,3,3,2,3,7,7,2,6,3,5,7,7,6,7,6,7,2,7,5,6,2,3,3,3,6,2,2,4,2,6,6,4,6,5,2,6,3,2,1,2,2,2,2,2,2,2,2,2,2,1,2,2,2,2,2,2,2,2,1,1,2,2,2,2,2,2,2,2,6,2,6,2,5,5,4,5,1,1,1,1,6,1,1,1,1,1,1,1,4,1,4,4,2,1,1,3,2,2,5,2,3,2,2
R_20k0Eu7QeiV4bQt,6,4,6,6,5,3,2,3,3,2,5,3,6,5,6,6,6,6,6,7,7,7,7,5,7,6,6,5,7,7,6,6,7,7,7,6,6,6,7,6,6,5,6,6,6,5,6,6,7,6,6,7,7,6,2,2,1,2,2,2,2,2,1,3,3,2,2,2,2,2,2,3,3,5,4,4,6,6,5,6,5,6,6,6,2,2,2,2,2,1,6,5,6,7,6,6,6,5,6,6,3,6,5,6,4,5,6,6,5,3,2,2,5,5,2,4,2,2,2,2,5,2,5,2,4,3,6,4,5,3,4,2,2,2,3,2,2,4,6,5,5,5,5,6,4,4,4,4,4,4,4,4,4,4,4,4,4,4,4,4,5,4,3,6,5,4,6,4,5,5,4
R_8NKgEiICxpbkVGN,7,6,7,6,7,6,7,7,5,5,7,6,7,6,7,6,7,7,5,6,6,5,5,5,5,5,5,7,5,6,6,6,6,6,5,6,2,1,6,4,3,1,6,6,5,5,6,7,7,6,6,6,6,6,1,1,3,1,1,1,2,2,2,2,3,2,3,2,3,2,3,2,7,7,4,7,6,7,7,6,7,7,3,7,4,6,3,5,4,2,7,7,7,7,3,7,4,3,5,6,1,3,3,4,1,3,3,1,5,2,2,3,6,5,3,3,2,5,3,6,5,5,5,6,4,5,1,1,5,2,5,1,3,4,1,3,5,5,6,5,5,6,6,6,5,6,5,6,5,6,5,4,4,4,5,5,4,4,5,5,5,5,3,4,4,4,5,2,5,4,2
R_2qR7pSwE0nwHUg9,1,1,1,1,1,1,1,1,1,1,1,1,7,7,7,1,1,7,4,4,4,7,4,7,4,4,4,4,4,7,4,4,7,7,4,4,4,4,4,4,4,4,4,4,4,4,4,4,4,4,4,4,4,4,1,1,1,1,1,1,1,1,1,1,1,1,1,1,1,1,1,1,7,7,7,7,7,7,7,7,7,7,7,7,4,1,1,7,4,4,4,5,4,4,7,7,1,5,4,4,3,7,3,1,3,4,3,7,1,1,1,1,1,1,1,1,1,1,1,1,1,1,1,1,1,1,7,4,4,7,7,7,4,4,5,1,4,1,1,1,4,4,1,4,7,7,7,7,7,7,4,5,5,4,4,7,4,6,4,5,4,6,7,7,7,7,7,7,7,7,7
R_8upQF526Ldg2zRw,3,5,2,3,2,5,1,5,1,1,2,1,6,5,6,6,6,7,6,6,3,6,5,7,6,5,6,6,6,7,4,5,5,4,2,3,5,5,4,5,4,5,3,2,3,2,4,2,7,5,7,7,6,7,1,1,1,1,3,1,2,2,2,2,1,2,2,2,3,3,3,2,7,7,6,6,6,7,7,7,7,7,7,7,1,5,1,1,3,1,7,7,6,7,7,7,5,4,5,5,6,5,7,3,7,7,4,5,4,5,2,5,4,4,1,1,1,1,2,1,7,3,5,6,3,6,3,4,6,5,4,4,1,2,2,1,3,2,3,3,6,5,5,6,2,3,3,3,4,3,2,2,2,2,2,2,4,3,5,3,5,5,4,5,5,4,6,1,2,3,2
R_22LJydpGJG26ARj,5,6,6,6,7,5,5,6,6,5,5,6,6,5,6,7,6,7,7,7,7,7,7,7,7,7,7,7,7,7,7,7,7,7,7,7,6,7,7,7,7,6,6,7,7,7,7,7,7,7,7,7,7,7,5,5,5,5,5,5,5,5,5,5,5,5,5,5,5,5,5,5,5,3,2,3,3,5,3,3,3,3,3,3,3,4,3,3,3,3,3,2,2,2,2,5,2,2,2,2,2,3,3,2,2,2,2,2,1,1,1,1,1,1,1,1,1,1,1,1,1,1,1,1,1,1,4,4,4,4,4,2,4,4,4,4,4,4,4,4,4,4,4,4,4,4,3,3,4,3,3,3,3,3,3,3,3,3,4,4,4,4,2,4,2,3,5,4,5,5,3
R_2hxPGWdZ7xReNbz,1,1,1,1,1,1,1,1,1,1,1,1,1,1,1,1,1,1,7,7,7,7,7,7,7,7,7,7,7,7,7,7,7,7,7,7,6,5,7,4,4,5,5,7,7,7,7,6,7,7,7,7,7,6,6,7,7,4,7,4,7,7,7,7,7,6,7,7,7,7,7,7,7,7,6,7,7,7,7,7,5,5,4,7,6,6,7,6,1,1,3,6,2,7,7,3,7,6,3,7,6,2,7,5,7,7,2,7,1,1,1,1,1,1,1,1,1,1,1,1,4,4,4,6,1,3,1,2,4,1,1,2,1,1,1,1,1,1,2,2,2,2,1,3,4,5,5,5,4,4,2,3,3,2,3,3,4,4,3,3,2,5,5,5,6,2,2,1,1,2,1
R_2E5raealKlYgKhJ,3,7,5,6,5,6,3,4,2,1,6,4,6,5,5,5,5,6,7,7,7,7,7,7,7,7,7,7,7,7,7,7,7,7,7,7,5,7,5,7,7,7,5,5,5,5,7,5,7,7,7,7,7,7,2,2,2,2,2,2,3,3,3,3,2,2,3,2,2,3,3,3,3,1,6,3,1,2,5,5,5,5,4,6,1,1,1,1,1,1,6,2,4,3,7,7,4,2,2,3,7,5,6,7,6,7,6,7,3,3,6,3,3,7,3,3,3,3,4,3,7,7,7,7,7,7,5,4,2,4,2,5,4,3,3,3,4,3,6,6,6,5,6,6,4,4,4,4,4,4,4,4,4,4,4,4,4,4,4,4,4,4,5,6,6,1,3,1,1,1,1
R_2w0fKbLfbBKTHgZ,7,6,6,6,7,7,5,5,6,6,7,6,7,6,6,7,7,7,7,7,7,7,7,7,7,7,7,7,7,7,7,7,7,7,6,7,6,6,5,5,5,4,5,5,5,5,6,5,5,6,5,5,5,5,3,4,4,3,3,3,3,2,4,4,3,4,3,3,4,3,3,2,7,5,7,3,6,6,7,7,7,7,5,7,1,7,4,2,5,1,4,7,4,5,4,6,5,7,5,7,4,7,7,5,7,6,5,5,3,4,5,5,7,5,2,3,4,3,2,3,2,4,3,4,4,6,4,6,4,6,6,7,4,5,5,4,3,3,3,4,3,5,6,7,3,5,3,2,5,2,3,2,2,2,3,3,3,2,2,4,4,5,2,5,6,2,5,4,3,3,3
R_8DU9fDE4z0tgkkg,1,2,4,3,1,1,2,2,3,2,3,3,7,2,4,7,7,7,7,7,7,2,7,1,7,7,7,7,7,7,7,7,6,7,7,7,4,4,4,4,4,4,3,4,4,4,4,4,4,4,4,4,4,4,3,3,1,2,3,4,2,1,1,1,3,1,4,2,3,4,3,2,7,7,7,5,7,7,7,6,7,7,5,7,7,6,7,7,2,2,2,7,7,1,1,2,1,1,1,7,1,1,6,1,7,1,1,2,1,1,1,1,1,1,1,1,1,1,1,1,1,1,1,1,1,1,5,3,4,5,4,5,4,3,5,3,2,5,4,3,4,2,3,3,5,5,4,5,4,6,5,5,4,5,1,5,3,2,1,4,3,4,1,5,3,2,7,1,2,2,1
R_2MbcLr6pubRunn7,1,1,2,1,1,5,1,1,2,1,5,2,5,1,5,2,3,2,7,7,7,7,7,7,7,7,7,7,7,7,7,7,7,7,7,7,7,7,7,7,7,7,7,7,7,7,7,7,7,7,7,7,7,7,2,2,2,2,2,2,2,2,2,2,2,2,2,2,2,2,2,2,6,7,5,7,7,7,7,7,6,7,7,7,7,7,7,6,7,7,2,3,5,2,3,3,2,3,4,2,3,3,3,1,5,5,3,5,3,3,5,3,3,3,3,3,3,3,3,3,3,3,3,3,3,3,2,3,6,2,5,6,2,2,2,5,2,5,2,2,2,2,2,2,3,3,4,5,3,3,3,5,3,3,4,4,4,4,3,5,3,4,6,4,5,5,5,3,2,5,5
R_8xmiGamWP1X5PUd,3,5,5,2,6,6,6,6,6,5,5,1,7,5,7,6,7,7,7,7,7,7,7,7,7,7,7,7,7,7,7,7,7,7,7,7,3,3,7,3,7,3,7,5,6,5,7,1,7,5,7,6,7,7,1,1,1,1,1,1,1,1,1,1,1,1,1,1,1,1,1,1,7,7,7,6,4,7,7,7,6,7,6,7,5,7,5,7,6,4,7,7,1,6,1,7,7,6,7,1,1,1,1,1,1,1,1,7,6,6,5,5,5,6,6,6,6,5,6,6,6,5,6,6,6,6,3,7,7,3,7,7,3,7,2,4,7,4,7,7,7,7,7,4,4,4,4,4,4,4,4,4,4,4,4,4,4,4,4,4,4,4,1,5,5,4,7,1,2,1,1
R_2qxzfBCAr3QvdXP,6,5,4,6,7,6,4,6,3,4,7,1,7,5,6,7,5,7,7,7,7,7,7,7,7,7,7,7,7,7,7,7,7,7,7,7,7,7,5,7,7,6,7,7,7,7,7,6,7,7,7,7,6,7,6,6,5,6,6,6,6,6,5,5,6,4,6,6,6,6,6,7,1,1,1,1,1,1,1,1,1,1,1,1,1,1,1,1,1,1,6,6,2,1,1,7,1,1,1,2,1,3,2,1,1,1,1,1,1,1,1,1,1,1,1,1,1,1,1,1,1,1,1,1,1,1,1,1,1,1,1,1,1,1,1,1,1,1,1,1,1,1,1,1,2,2,4,5,5,5,3,2,3,3,3,4,2,3,3,2,3,2,1,5,2,2,2,4,1,6,2
R_8ER6n091ltJOv7B,6,5,7,5,5,7,2,3,3,2,4,6,7,2,7,7,7,7,5,4,3,5,6,6,7,4,7,6,6,7,7,6,7,7,7,6,3,6,7,5,7,7,3,3,3,3,2,2,7,3,7,7,6,7,1,1,1,1,1,1,1,1,1,1,2,1,1,1,2,1,1,2,6,4,3,6,3,3,7,7,7,7,6,7,1,1,1,1,4,1,7,6,1,2,7,7,3,3,4,5,2,3,2,3,1,1,2,1,1,1,1,1,2,5,1,1,1,1,2,4,2,5,2,2,2,4,1,2,1,6,7,7,2,2,4,1,5,3,1,1,1,1,1,1,5,4,5,7,7,7,6,6,7,5,5,6,5,6,4,3,5,6,7,7,7,3,6,2,5,3,1
R_2sB6idlLnauX0CB,3,5,2,5,7,5,2,3,2,2,5,2,7,5,7,7,6,7,7,5,5,5,5,6,7,6,6,7,6,6,4,7,5,6,6,5,5,4,5,6,4,2,2,2,3,3,3,3,7,6,7,7,7,6,5,5,4,5,5,3,4,3,3,3,4,2,7,6,7,7,7,7,6,6,5,6,6,3,7,5,6,6,4,7,1,4,1,2,2,5,6,5,5,4,3,7,6,6,5,7,5,7,1,2,1,1,1,5,6,5,4,6,3,7,4,6,6,4,5,6,6,5,6,5,6,5,3,5,4,3,2,6,5,5,5,3,2,4,1,2,1,1,1,4,2,2,2,2,2,3,3,3,3,2,2,3,1,2,1,1,1,1,2,3,3,5,5,3,2,4,2
R_26kTS4D8NEUbxwg,7,7,1,6,7,1,1,1,1,1,1,1,7,4,7,7,7,7,7,6,7,7,7,7,7,7,7,6,7,7,7,7,7,7,7,6,6,6,7,7,7,5,5,7,6,7,7,6,7,6,6,7,7,7,1,2,1,1,2,2,1,1,2,2,1,2,2,1,2,2,2,1,7,7,7,6,6,6,7,7,6,6,7,6,7,6,6,6,6,6,6,7,7,7,6,7,6,6,7,7,7,6,7,6,6,6,6,7,1,1,1,1,1,1,1,1,1,1,1,1,7,7,7,7,7,7,1,1,1,2,1,3,1,1,1,1,1,2,2,1,1,1,1,1,1,1,2,1,2,1,1,1,1,1,1,1,1,2,1,1,1,1,1,4,2,2,7,2,2,2,4
R_2Leo0buV9HmhJvz,7,7,7,7,7,7,7,7,7,7,7,7,7,7,7,7,7,7,7,7,7,7,7,7,7,7,7,7,7,7,7,7,7,7,7,7,7,7,7,7,7,7,7,7,7,7,7,7,7,7,7,7,7,7,4,4,4,4,4,4,4,4,4,4,4,4,4,4,4,4,4,4,4,4,4,4,4,4,4,4,4,4,4,4,4,4,4,4,4,4,4,4,4,4,4,4,4,4,4,4,4,4,4,4,4,4,4,4,1,1,1,1,1,1,1,1,1,1,1,1,1,1,1,1,1,1,1,1,1,1,1,1,1,1,1,1,1,1,1,1,1,1,1,1,1,1,1,1,1,1,1,1,1,1,1,1,1,1,1,1,1,1,1,1,1,3,5,1,1,4,4
R_8BMFor1RnMaEJ0Z,2,6,5,6,6,6,3,5,3,6,5,6,6,6,7,7,4,4,6,6,6,6,6,7,4,7,5,5,7,6,6,7,7,6,6,6,6,7,6,6,6,6,7,6,6,6,7,7,6,6,6,6,7,7,3,3,3,3,3,3,3,4,3,4,5,2,4,4,5,4,4,4,2,2,3,3,2,2,2,2,3,3,2,3,3,1,2,3,3,1,5,5,4,3,4,4,3,4,3,4,3,3,1,4,3,3,3,3,3,3,3,3,5,4,3,3,4,3,2,3,4,3,3,4,3,2,3,2,3,2,2,3,3,3,1,2,3,3,3,2,2,2,3,2,3,2,2,3,2,3,2,2,2,2,3,2,2,2,3,2,2,2,1,3,2,5,4,3,4,5,4
R_8115HwH8nM3n8hr,4,7,4,6,7,2,2,1,2,1,6,1,7,2,6,6,5,7,7,7,7,7,7,7,7,7,7,7,7,7,7,7,7,7,7,7,4,6,2,4,7,4,4,4,2,2,3,2,7,5,7,6,7,7,4,4,4,4,4,4,3,3,3,3,5,3,3,4,5,3,4,4,3,2,4,1,2,4,7,6,6,7,1,7,1,4,1,2,1,1,4,4,4,1,3,6,3,4,4,3,3,7,3,1,6,2,3,6,1,1,1,1,1,1,1,1,1,1,1,1,1,1,1,1,1,5,3,3,3,5,4,2,4,3,3,5,4,2,4,3,4,4,4,6,4,4,4,4,4,4,4,4,4,4,4,4,4,4,4,4,4,4,4,5,5,3,3,2,1,3,2
R_8aVSgpQOwFKNcso,7,7,5,3,6,7,4,4,5,3,7,5,7,6,7,7,7,7,7,7,7,7,7,7,7,7,7,7,7,7,6,5,5,7,7,7,7,7,7,7,7,7,7,7,7,7,7,7,7,7,7,7,7,7,2,2,2,2,2,2,2,2,2,2,2,2,2,2,2,2,2,2,3,3,4,3,2,3,6,5,5,6,2,6,1,2,1,1,2,1,3,4,4,5,7,4,5,3,2,5,4,3,6,6,6,5,3,6,5,5,4,5,6,5,4,4,5,4,3,6,5,4,4,3,3,7,1,1,2,3,4,1,1,2,1,1,1,4,4,2,6,1,4,7,2,2,4,3,4,3,5,5,3,2,2,4,6,6,6,5,4,5,1,2,3,5,6,6,7,6,5
R_8hEJrhgWsJgfoRq,4,6,4,6,6,5,6,6,4,6,7,3,7,3,6,5,7,7,6,6,6,6,6,7,6,4,4,4,6,6,6,6,4,6,6,4,4,4,4,6,4,3,4,4,4,4,4,4,4,4,4,4,4,4,4,4,3,3,2,2,4,2,3,3,4,2,4,4,3,3,3,2,4,4,4,5,4,4,4,5,4,4,5,5,4,3,4,4,5,5,4,5,4,4,3,4,4,4,4,5,5,5,5,4,5,5,5,4,3,4,4,4,3,4,4,3,4,3,3,2,3,4,4,3,3,4,3,3,3,4,3,3,4,3,3,4,4,3,4,4,4,3,5,3,4,4,4,5,4,4,4,3,3,4,4,4,4,4,4,4,4,4,4,4,5,4,5,5,5,5,6
R_28Col5W0D9ROpHP,3,5,5,4,5,3,4,3,5,5,6,2,6,5,6,6,5,7,5,4,4,4,6,5,5,5,5,5,5,4,6,5,6,6,6,6,4,6,6,6,5,5,6,6,6,6,6,3,6,6,6,6,6,5,2,2,2,2,2,2,2,2,2,2,2,2,2,2,2,2,2,2,7,4,7,7,7,5,7,7,7,7,7,7,4,6,3,3,4,2,3,2,4,5,2,6,4,5,4,4,2,6,3,4,2,3,3,5,4,4,4,4,4,4,4,4,4,4,4,4,4,4,4,4,4,4,5,4,4,4,3,5,4,5,4,4,4,6,4,5,4,4,4,5,4,4,4,4,4,4,4,4,4,4,4,4,4,4,4,4,4,4,2,4,4,6,6,4,5,6,4
R_8EfETIW68hDpEf2,6,7,7,6,7,6,5,6,6,6,7,6,7,5,7,7,7,7,6,6,5,5,6,6,6,6,5,6,6,6,6,6,6,6,5,5,7,5,4,7,6,5,6,5,5,6,6,4,7,5,7,7,6,7,3,3,3,3,2,2,2,2,3,3,3,2,3,3,2,2,2,2,5,5,3,4,3,4,5,5,5,5,3,6,1,5,1,1,1,1,2,2,4,2,2,4,2,2,2,2,2,2,3,3,2,2,2,2,1,1,1,1,2,1,1,1,1,1,1,1,1,1,1,1,1,2,2,3,3,3,3,4,2,3,2,2,2,3,3,2,2,3,2,2,4,5,4,3,4,4,3,4,4,4,5,5,5,5,4,4,5,5,2,5,4,3,4,3,2,3,1
R_2Xce9LZPwzt19RZ,5,6,5,6,6,5,2,2,5,2,6,3,6,6,6,6,6,7,7,7,7,7,7,7,7,7,7,7,7,7,7,7,7,7,7,7,7,7,7,7,7,7,7,7,7,7,7,7,7,7,7,7,7,7,3,3,3,3,3,3,3,3,3,3,3,3,3,3,3,3,3,3,4,6,4,2,6,5,7,7,4,7,3,7,1,7,1,2,2,1,2,1,2,2,2,3,1,1,1,1,1,2,1,1,1,1,1,2,1,1,1,1,1,1,1,1,1,1,1,1,1,1,1,1,1,1,1,1,1,1,1,1,1,1,1,1,1,1,1,1,1,1,1,1,4,4,4,4,4,4,4,4,4,4,4,4,4,4,4,4,4,4,1,4,3,1,2,1,2,1,1
R_29lVyl5x63TUPKx,5,7,1,7,7,7,2,3,1,2,7,1,7,7,7,7,7,7,6,6,6,7,7,6,7,7,7,7,6,7,7,7,7,7,7,7,3,7,3,6,7,2,6,6,3,2,7,2,7,7,7,7,7,7,1,1,1,2,3,1,2,4,1,2,3,3,2,3,3,5,3,3,7,5,7,2,6,2,6,6,7,7,3,7,2,3,2,1,2,1,1,3,6,2,5,6,7,3,5,5,2,7,2,1,2,2,2,5,2,1,2,1,6,1,6,1,2,1,1,2,2,2,2,1,1,6,6,2,2,5,6,5,2,2,2,1,2,2,5,2,2,2,3,7,4,2,3,4,5,5,3,3,3,4,5,3,2,5,2,3,4,6,2,6,5,3,7,2,1,3,2
R_26TjaKW8nj0V8Ax,1,7,7,7,1,3,1,1,3,1,7,3,7,7,7,7,7,7,5,6,5,5,4,4,6,6,6,5,5,5,6,4,4,4,4,4,7,7,7,7,7,7,7,7,7,7,7,7,7,7,7,7,7,7,1,1,1,1,1,1,1,1,1,1,1,1,1,1,1,1,1,1,7,4,6,4,7,4,7,7,7,7,7,7,1,1,1,1,1,1,3,3,3,3,3,3,3,3,3,3,3,3,3,3,3,3,3,3,5,5,5,5,5,5,5,5,5,5,5,5,5,5,5,5,5,5,4,4,4,4,4,4,4,4,4,4,4,4,4,4,4,4,4,4,6,5,6,6,5,6,5,5,5,6,5,7,6,5,6,6,6,6,1,1,1,1,6,1,1,1,1
R_8OOaNgfuvZq8DXR,7,7,7,7,7,7,7,7,7,7,7,7,7,7,7,7,7,7,7,7,7,7,7,7,7,7,7,7,7,7,7,7,7,7,7,7,7,7,7,7,7,7,7,7,7,7,7,7,7,7,7,7,7,7,1,1,1,1,1,1,1,1,1,1,1,1,1,1,1,1,1,1,1,1,1,1,1,1,1,1,1,1,1,1,1,1,1,1,1,1,1,1,1,1,1,1,1,1,1,1,1,1,1,1,1,1,1,1,1,1,1,1,1,1,1,1,1,1,1,1,1,1,1,1,1,1,4,4,4,4,4,4,4,4,4,4,4,4,4,4,4,4,4,4,4,4,4,4,4,4,4,4,4,4,4,4,4,4,4,4,4,4,1,1,1,3,7,3,3,5,3
R_8FVhhmsrZCZBmIA,3,6,5,4,6,5,1,2,5,1,6,3,6,1,7,6,7,7,7,7,7,7,7,7,7,7,7,7,7,7,7,7,7,7,7,7,3,6,7,6,7,2,5,5,5,5,7,3,7,2,7,7,7,7,2,3,3,3,7,2,3,5,3,5,6,2,7,2,6,7,7,6,7,6,1,4,7,7,7,7,7,7,5,7,1,7,1,1,1,3,6,5,2,3,5,7,3,3,3,3,1,7,3,7,3,1,1,1,1,1,1,1,1,3,1,1,1,1,1,2,1,2,1,1,1,2,3,1,1,1,1,3,1,1,1,1,1,2,1,1,1,1,1,1,2,1,1,1,1,1,1,1,1,1,1,1,1,2,1,1,1,1,1,3,2,2,6,5,6,3,3
R_2G9r2ogw5FqShPe,4,7,7,7,7,7,4,5,5,3,6,5,7,5,7,7,7,7,7,7,7,7,7,7,7,7,7,7,7,7,7,7,7,7,7,7,5,7,5,7,7,7,5,5,5,5,5,4,7,6,7,7,7,7,4,4,4,4,4,4,4,4,4,4,4,4,4,5,3,4,4,4,5,1,2,1,1,2,3,4,4,4,5,3,1,5,2,2,1,1,1,1,1,1,1,3,1,1,1,1,1,2,1,1,1,1,1,1,2,2,4,2,4,4,2,2,2,3,2,2,3,2,4,4,3,2,2,2,4,5,5,4,2,2,2,2,2,3,4,4,5,5,5,5,1,2,2,3,4,2,2,2,1,2,2,2,4,2,4,4,3,4,2,4,4,2,3,2,2,4,4
R_2ktBDPJ9TRwtDwj,3,3,1,3,3,3,1,1,1,1,7,1,7,7,7,7,7,7,5,6,6,6,5,7,5,5,5,5,5,6,3,3,3,4,3,3,5,5,4,5,5,5,5,6,6,6,6,5,5,7,7,3,3,3,6,5,5,6,5,6,5,6,5,5,6,5,3,3,3,3,3,3,6,6,6,6,6,6,6,5,6,6,2,6,3,3,3,3,3,3,2,4,4,2,3,4,5,2,5,2,3,2,6,6,6,6,6,6,2,2,2,2,4,2,2,4,2,2,1,1,5,5,6,6,6,6,3,2,7,4,3,3,2,3,3,3,4,5,5,6,6,5,6,6,4,4,5,4,3,3,4,4,4,4,4,4,6,6,6,6,6,6,3,5,4,6,6,4,4,5,5
R_2TNttE4MY4qbFad,5,7,7,6,7,4,5,7,6,6,7,7,7,5,7,7,7,7,7,7,7,7,7,7,7,7,7,7,7,7,7,7,7,7,7,7,4,7,7,7,7,2,6,7,7,6,7,2,7,7,7,7,7,7,3,4,3,3,3,3,3,3,3,3,3,3,3,3,3,3,3,3,7,2,3,3,6,6,7,5,7,7,7,7,2,6,2,2,2,1,4,1,2,2,4,7,2,3,5,4,2,7,1,2,2,2,1,2,1,1,1,1,1,1,1,1,1,1,1,1,5,2,5,1,1,7,2,2,2,2,2,2,2,2,2,2,2,2,2,2,2,2,2,2,2,2,2,1,2,2,2,2,2,2,2,2,2,2,2,2,2,2,1,1,1,3,2,2,1,2,2
R_8Xna2CpB6K6Klwt,2,4,3,6,6,2,2,3,2,6,5,6,7,5,6,6,6,6,6,6,6,6,6,6,7,5,5,6,6,6,6,7,6,5,7,5,6,6,6,5,6,7,5,5,7,6,6,5,7,6,7,6,7,7,3,2,3,3,3,3,3,2,4,3,4,3,3,2,3,3,3,2,5,4,4,4,5,5,4,4,5,4,3,4,5,6,4,5,4,4,3,4,4,3,3,3,3,2,3,3,3,4,2,2,3,3,3,3,2,4,3,4,3,3,4,5,3,4,4,3,5,3,4,3,3,3,3,4,4,3,3,4,3,4,2,3,4,4,3,3,4,3,3,4,4,2,2,2,3,3,2,3,3,3,3,2,2,3,4,3,4,3,3,5,5,6,6,6,3,6,3
R_8dj4EOdrhcj9PUU,6,4,2,2,2,6,3,3,3,5,4,4,4,3,5,3,4,7,3,3,5,6,3,4,6,4,5,5,6,5,5,5,4,4,3,3,4,5,5,6,6,5,5,5,6,5,6,5,6,6,5,6,5,6,5,6,6,6,5,5,6,6,5,5,6,5,6,5,6,5,5,5,6,5,4,5,4,5,4,4,4,5,5,4,5,4,4,5,3,5,4,3,2,2,3,7,3,2,2,2,2,6,2,3,3,3,1,3,6,5,2,5,3,4,4,4,2,5,5,5,3,6,6,3,2,3,2,5,3,4,3,4,2,3,2,3,4,2,2,3,2,2,4,2,2,2,2,1,1,2,1,2,2,2,1,3,1,2,3,2,2,2,3,2,3,2,2,3,5,5,3
R_8fiViUbFAREfYtM,1,2,2,5,6,6,1,1,1,1,6,1,6,6,7,6,6,6,7,6,5,6,6,6,7,6,6,6,7,7,6,6,7,7,7,6,2,5,2,3,2,2,3,5,5,5,4,2,5,2,3,3,3,3,2,3,2,2,2,2,2,2,2,2,2,2,3,2,3,3,3,3,7,2,2,4,4,5,6,6,6,3,4,6,2,5,2,2,2,1,5,3,3,5,6,7,5,6,5,5,5,6,6,6,5,2,2,5,5,7,6,6,5,7,5,6,5,6,6,3,7,2,7,7,7,4,2,2,1,2,4,2,3,2,2,3,2,5,1,4,2,1,1,5,1,1,1,1,2,1,2,2,2,2,1,2,1,2,1,2,2,4,6,4,5,6,6,4,2,5,2
R_8wylb3W9xl3RO61,3,6,6,5,5,4,3,5,5,3,6,3,7,4,7,6,6,7,6,6,6,5,6,5,6,6,6,5,6,6,5,5,5,5,6,5,5,5,5,5,5,4,4,6,4,5,5,5,4,4,4,5,6,4,5,5,5,5,5,5,5,5,5,5,5,4,5,4,4,4,6,4,3,3,2,2,2,3,3,3,2,2,5,3,4,5,4,4,4,5,4,4,2,3,4,4,2,3,3,3,4,4,5,3,4,4,3,3,3,4,5,4,4,4,3,4,5,3,4,4,4,3,4,4,5,4,4,3,5,3,4,5,4,3,5,3,3,3,4,4,4,4,4,4,3,3,2,4,3,3,4,3,3,4,2,4,3,4,3,4,3,3,4,5,5,4,4,3,4,3,3
R_8DART0MWLAxYiIN,6,5,5,4,4,5,5,5,5,5,5,5,4,5,4,5,5,4,4,4,4,4,4,4,4,4,4,4,4,4,4,4,4,4,4,4,4,3,3,3,3,4,2,3,3,3,3,4,2,3,3,3,3,3,4,4,4,4,4,5,4,4,4,4,5,4,4,4,4,4,4,4,5,5,5,4,5,4,5,5,4,4,4,5,4,5,4,4,4,4,5,5,4,4,5,5,4,5,5,4,4,5,4,5,4,4,5,4,3,3,3,3,3,5,3,3,3,3,3,4,3,4,3,3,3,4,3,3,3,3,3,2,3,3,3,3,3,3,4,3,3,3,3,3,4,4,4,4,4,4,4,4,4,4,4,4,4,4,4,4,4,4,4,5,4,3,3,3,3,4,3
R_2ekN3JEbVmIXPnQ,5,6,4,7,7,6,6,6,3,4,4,4,6,4,6,6,6,7,7,7,7,7,7,7,7,7,7,7,7,7,7,7,7,7,7,7,7,7,7,7,7,6,7,7,7,7,7,6,7,7,7,7,7,7,2,3,2,1,2,2,1,1,2,2,2,1,3,3,3,3,3,3,1,1,1,1,1,1,1,1,1,1,1,1,1,1,1,1,1,1,5,5,3,5,2,2,4,5,4,4,5,3,5,3,5,4,2,2,1,4,1,4,4,4,1,1,4,1,4,4,4,4,1,4,4,4,1,1,2,2,1,2,1,1,1,1,1,1,2,1,2,1,2,3,1,1,1,1,2,2,1,1,1,2,1,2,1,1,1,1,1,2,1,1,1,1,7,1,1,1,1
R_8R8JwEz5Ehqe8oY,2,4,5,5,5,4,2,1,1,1,2,1,6,4,6,5,5,7,6,4,3,3,2,6,5,6,6,3,7,7,5,4,5,5,3,4,3,3,5,5,5,4,5,2,3,3,6,3,5,3,6,6,5,5,5,5,4,5,5,5,4,5,4,4,4,6,5,4,6,6,6,5,6,5,6,6,7,6,7,7,7,7,7,7,5,5,5,5,5,5,3,7,4,3,6,3,4,3,4,4,5,3,7,4,7,5,3,6,1,1,2,1,1,1,1,1,1,1,1,1,7,7,7,7,7,7,1,1,1,1,2,1,1,1,1,1,1,2,1,1,1,1,1,2,2,2,6,2,5,2,2,2,2,2,2,2,6,6,6,6,2,6,3,2,2,2,2,2,3,1,2
R_8B8pbmJw7SJyagl,5,5,3,6,6,6,4,2,5,3,5,2,7,6,7,7,7,7,7,6,5,5,5,7,5,7,7,6,6,5,5,7,6,6,6,6,6,6,4,7,4,6,3,3,3,4,5,2,7,7,7,7,7,7,4,3,4,5,1,2,2,4,3,2,4,2,3,5,5,6,5,3,5,6,6,3,3,7,6,6,6,6,4,7,2,5,4,6,6,1,2,1,2,4,3,3,6,2,5,2,6,4,3,3,3,3,3,3,2,3,3,5,6,4,3,2,1,2,3,2,3,4,5,5,5,5,1,2,2,5,6,3,3,2,2,3,5,2,6,5,3,4,5,5,2,2,1,4,4,1,3,2,1,3,2,2,2,2,2,4,3,3,5,3,3,4,6,4,2,3,3
R_2rTETEIc0QXz3w9,4,4,1,4,7,4,6,2,2,1,1,3,7,4,7,7,7,7,7,6,3,7,7,7,7,7,7,7,7,7,7,7,7,7,7,7,4,5,1,4,7,3,3,7,5,3,3,3,7,7,7,7,7,7,4,4,6,5,4,4,3,5,4,3,6,4,5,7,5,7,7,6,7,4,7,7,3,5,7,5,3,7,7,7,1,3,2,1,5,1,3,3,2,7,7,7,1,2,7,1,2,2,1,2,2,3,1,1,1,1,1,1,5,4,1,1,1,1,1,1,1,5,6,7,6,7,1,1,1,1,6,1,2,1,1,1,1,1,6,5,6,4,6,5,1,1,1,1,4,1,1,1,1,1,1,1,5,4,5,6,5,5,3,3,3,4,4,3,4,6,4
R_8e8unFhiIEKo5nv,6,6,3,6,6,6,2,6,2,4,6,2,6,6,6,6,6,6,7,7,7,7,7,7,7,7,7,7,7,7,7,7,7,7,7,7,6,6,7,7,7,6,6,7,6,5,7,5,7,7,7,7,7,7,2,3,2,2,3,2,2,3,2,2,4,2,4,3,4,4,2,3,6,1,5,1,1,1,5,5,5,6,1,6,1,1,1,1,1,1,3,2,1,1,1,2,2,2,2,1,2,2,1,1,1,1,1,2,1,1,1,1,1,1,1,1,1,1,1,1,1,1,1,1,1,1,2,1,1,2,2,3,2,2,2,2,3,2,2,2,2,1,2,2,2,3,3,3,4,3,2,3,2,2,2,3,4,3,3,4,2,2,1,3,2,4,4,5,5,5,5
R_8s4LXdL22K9egb2,7,7,7,7,7,7,7,7,7,7,7,7,7,7,7,7,7,7,7,7,7,7,7,7,7,7,7,7,7,7,7,7,7,7,7,7,7,7,6,7,7,7,7,6,6,7,7,5,7,7,7,7,6,7,4,4,4,4,4,4,4,4,4,4,4,4,4,4,4,4,4,4,7,6,7,7,7,7,7,7,6,7,6,7,5,5,4,5,5,3,5,7,7,7,7,7,7,7,7,7,7,7,7,7,7,7,7,7,1,1,1,1,1,1,1,1,1,1,1,1,1,1,1,1,1,1,1,1,1,1,1,1,1,1,1,1,1,1,1,1,1,1,1,1,2,2,2,2,2,2,2,2,2,2,2,2,2,2,2,1,2,2,1,1,1,4,5,4,4,3,4
R_8qWIozstkYEHzmn,3,5,5,5,7,5,2,5,2,1,5,5,7,3,7,5,7,7,7,7,7,7,7,7,7,7,7,7,7,7,7,7,7,7,7,7,4,7,7,7,7,4,7,7,7,7,7,4,7,7,7,7,7,7,4,7,7,7,7,4,7,7,7,7,7,4,7,7,7,7,7,7,7,3,3,3,3,3,6,6,6,6,5,6,2,6,3,2,2,2,7,2,2,2,2,7,2,2,3,2,2,5,1,2,2,1,1,1,1,1,1,1,1,1,1,1,1,1,1,1,1,1,1,1,1,1,1,6,5,7,7,1,6,6,6,5,6,2,6,5,5,5,5,7,4,4,4,4,4,4,4,4,4,4,4,4,4,4,4,4,4,4,1,2,2,4,5,3,2,3,5
R_2uWL5dvbdKpXLk4,6,6,7,6,7,6,6,6,6,6,7,3,7,5,7,7,7,7,7,7,7,7,7,7,7,7,7,7,7,7,7,7,7,7,7,7,6,6,6,6,7,5,6,6,6,6,6,3,7,4,7,7,7,7,3,3,2,2,4,2,3,2,2,2,2,3,3,2,3,3,3,4,6,6,6,6,5,6,6,6,6,6,6,6,6,6,6,6,6,5,5,4,5,4,3,6,4,5,5,4,5,6,4,4,4,4,2,3,2,2,2,2,2,2,2,2,2,2,2,2,2,2,2,2,2,3,3,3,3,3,5,2,3,3,2,3,3,3,3,3,3,3,3,5,1,1,1,1,3,1,2,3,1,1,1,2,2,2,2,1,1,2,1,5,3,5,6,1,2,4,1
R_8HkxjVauq7vyve1,1,2,2,1,2,1,2,1,1,1,1,1,3,1,3,2,2,3,7,6,6,6,3,4,6,7,6,7,7,7,4,7,4,6,4,4,4,5,5,6,4,3,6,6,5,6,1,5,4,4,5,5,2,5,1,1,1,1,1,1,1,1,1,1,1,1,1,1,1,1,1,1,4,6,5,5,2,5,3,5,4,6,5,5,5,4,4,4,3,4,4,2,2,2,2,6,5,5,4,2,2,5,5,4,2,2,2,3,1,1,1,1,1,1,1,1,1,1,1,1,1,1,1,1,1,1,3,3,3,3,6,3,3,3,3,3,3,6,3,3,3,2,3,3,3,3,3,3,5,5,4,3,3,3,1,6,6,3,4,6,6,6,1,3,3,3,2,2,1,2,1
R_8P8d9Do8GAhxpBL,3,3,3,2,3,3,3,3,3,3,2,3,2,1,2,2,4,3,7,6,5,5,7,5,7,4,6,6,5,6,6,5,6,6,6,5,6,6,7,6,6,7,5,7,6,6,6,6,6,5,6,6,4,6,3,4,6,3,1,2,6,2,4,2,3,2,7,3,3,3,3,3,6,5,2,4,6,6,6,7,6,6,6,6,2,6,2,2,2,2,6,5,6,6,5,7,5,6,6,6,6,6,6,6,5,4,3,6,1,2,2,3,1,2,2,2,2,2,2,3,2,2,1,6,1,2,2,3,7,7,4,3,3,2,4,1,6,3,6,2,2,7,6,7,3,6,3,3,3,3,4,3,2,5,1,3,7,4,5,5,3,4,5,5,5,3,5,6,2,6,3
R_8c6Zo5nlkeewTUI,6,6,6,6,6,3,6,6,6,6,6,6,6,6,6,6,6,6,7,7,7,7,7,7,7,7,7,7,7,7,7,7,7,7,7,7,5,6,7,7,7,3,7,7,7,7,7,5,7,6,7,7,7,7,1,1,1,1,1,1,1,1,1,1,1,1,1,1,1,1,1,1,6,3,3,3,5,7,3,3,3,3,3,5,3,5,3,3,3,3,4,4,4,4,4,4,4,4,4,4,4,4,4,4,4,4,4,4,3,3,3,3,3,3,3,3,3,3,3,3,3,3,3,3,3,3,2,2,2,2,2,2,2,2,2,2,2,2,2,2,2,2,2,2,2,2,2,2,2,2,2,2,2,2,2,2,2,2,2,2,2,2,2,5,4,3,7,2,4,3,1
R_25uN0mmbA6WLOne,1,2,4,3,7,1,2,2,2,2,4,1,4,1,2,7,7,7,7,7,7,7,7,6,7,6,7,7,7,6,6,6,7,6,7,6,4,4,7,5,7,3,7,6,6,6,7,1,7,7,7,7,7,6,2,3,4,5,7,2,4,4,4,4,5,2,6,5,5,6,7,5,1,1,1,1,1,1,1,1,1,1,1,1,1,1,1,1,1,1,7,7,2,2,1,7,1,4,4,4,2,7,1,3,2,1,1,4,1,1,1,1,1,1,1,1,1,1,1,1,1,1,1,1,1,1,5,5,2,4,1,7,2,3,2,2,1,7,1,3,1,1,1,5,2,2,2,2,2,2,2,2,2,2,2,2,2,2,2,2,2,2,2,4,2,5,4,3,3,3,3
R_8cw4vaGtMkDAWen,6,6,5,4,4,4,2,4,5,4,5,4,6,2,6,6,6,7,7,7,7,7,7,7,7,7,7,7,7,7,7,7,7,7,7,7,6,6,7,6,6,5,6,5,5,5,5,5,7,5,7,6,7,7,4,5,4,4,3,2,3,4,4,5,4,5,6,3,3,5,5,4,6,4,6,5,6,6,5,6,6,6,3,6,2,7,3,3,2,2,2,1,2,2,6,7,4,5,2,2,2,5,5,6,4,2,2,5,2,1,2,2,4,4,1,2,1,2,1,2,2,2,2,2,2,4,2,3,2,3,3,3,2,2,2,2,2,3,2,3,2,2,2,6,2,3,4,3,4,4,4,5,5,4,2,3,5,5,4,2,4,2,1,5,3,6,5,4,4,5,2
R_800NfutS3HRih1X,5,7,5,4,6,7,2,2,7,2,7,5,7,6,5,7,7,7,7,7,7,7,7,7,7,7,7,7,7,7,7,7,7,7,7,7,6,6,7,7,6,7,7,7,6,7,7,7,7,7,7,7,7,7,4,4,4,4,4,3,3,3,4,4,4,4,3,5,3,3,4,5,7,4,7,2,4,6,7,7,7,7,4,7,1,4,1,2,3,1,2,2,2,3,3,5,3,3,1,3,1,2,3,3,3,1,1,1,3,4,3,4,4,4,4,4,4,4,4,3,4,4,4,4,4,4,2,3,3,3,3,3,2,2,2,1,1,2,1,1,1,1,1,1,2,2,2,2,2,2,2,1,1,1,2,1,3,3,3,3,3,2,1,2,2,4,3,2,3,5,2
R_8LCCrvv8pIqu59H,7,7,7,7,7,7,7,7,7,7,7,7,7,7,7,7,7,7,7,7,7,7,7,7,7,7,7,7,7,7,7,7,7,7,7,7,7,7,7,7,7,7,7,7,7,7,7,7,7,7,7,7,7,7,1,1,1,1,1,1,1,1,1,1,1,1,1,1,1,1,1,1,1,1,1,1,1,1,1,1,1,1,1,1,1,1,1,1,1,1,4,4,4,4,4,4,4,4,4,4,4,4,4,4,4,4,4,4,7,7,7,7,7,7,7,7,7,7,7,7,7,7,7,7,7,7,7,7,7,7,7,7,7,7,7,7,7,7,7,7,7,7,7,7,6,6,6,6,6,6,6,6,6,6,6,6,6,6,6,6,6,6,6,6,7,1,7,1,1,1,1
R_20ZdvLjOdGU5bLM,6,7,6,7,7,7,6,6,6,6,6,6,7,7,7,7,7,7,7,7,7,7,7,7,7,7,7,7,7,7,7,7,7,7,7,7,7,7,7,7,7,7,7,7,7,7,7,7,7,7,7,7,7,7,5,5,5,5,5,5,5,5,5,5,5,5,5,5,5,5,5,5,5,2,2,1,1,2,5,5,5,5,2,5,1,5,2,1,1,1,1,1,1,1,1,1,1,1,1,1,1,1,1,1,1,1,1,1,1,1,1,1,1,1,1,1,1,1,1,1,1,1,1,1,1,1,2,2,2,2,2,2,2,2,2,2,2,2,2,2,2,2,2,2,4,4,4,4,4,4,4,4,4,4,4,4,4,4,4,4,4,4,3,6,5,1,5,2,2,2,1
R_2Iguxbx9rt3lgWe,1,7,3,5,6,3,3,5,4,1,4,2,7,1,7,4,6,6,7,7,7,7,7,5,7,7,7,7,7,7,7,7,7,7,7,5,4,6,5,5,4,3,5,4,3,6,6,5,7,5,7,6,5,7,3,4,6,6,5,5,5,5,6,5,6,3,4,6,5,6,5,6,5,5,6,6,6,7,6,7,6,6,5,6,6,6,7,6,7,6,4,5,4,4,5,6,5,4,4,4,5,5,4,5,5,5,4,6,5,5,4,4,4,6,3,2,3,5,4,5,3,4,3,4,4,5,5,3,4,3,3,2,2,3,3,4,3,3,4,4,2,4,4,4,3,5,5,4,4,3,4,4,4,4,4,4,5,5,4,5,5,4,2,4,4,3,5,2,1,2,2
R_88BWj0RYnX2gYC3,2,6,7,2,2,7,3,7,5,4,7,7,7,4,4,2,2,5,4,6,5,5,1,4,3,6,5,5,3,7,6,3,5,3,2,4,5,3,7,5,4,3,7,5,2,7,7,3,7,7,7,7,5,5,5,3,3,3,5,5,4,5,3,5,4,3,5,3,4,3,2,4,2,2,2,4,2,4,2,3,4,2,5,5,3,3,4,2,5,3,5,7,4,3,7,7,1,7,4,4,5,5,5,5,4,1,7,7,5,5,3,7,2,4,4,6,1,5,7,2,3,2,4,3,7,7,3,2,5,1,6,1,4,1,2,4,2,5,4,3,5,4,6,4,6,4,2,2,5,4,2,1,4,4,2,1,3,2,2,3,3,2,1,5,4,5,3,5,6,7,5
R_2NUiosnellpQqTU,1,4,4,3,4,3,1,1,1,1,6,1,7,5,7,7,7,7,7,7,3,4,4,7,7,7,7,7,7,7,7,7,7,7,7,7,4,7,4,7,7,4,4,4,3,4,7,4,7,7,7,7,7,7,1,1,1,1,1,1,1,1,1,1,1,1,2,1,2,1,1,1,7,5,6,6,5,7,7,7,7,7,5,7,2,7,1,1,1,1,4,5,4,4,6,6,4,4,4,4,3,4,5,4,6,4,3,3,4,4,4,4,4,4,4,4,4,4,4,4,4,4,5,4,4,5,1,1,1,1,1,1,1,1,1,1,3,1,1,1,1,1,2,5,1,1,1,1,4,1,1,1,2,1,4,1,1,1,1,1,1,3,4,3,3,2,5,4,1,3,4
R_2ekoNzM5eN44zXv,6,6,6,6,5,4,6,6,6,6,6,6,6,6,6,6,6,6,7,7,7,7,7,7,7,7,7,7,7,7,7,7,7,7,7,7,7,7,7,7,7,7,7,7,7,7,7,7,7,7,7,7,7,7,1,1,1,1,1,1,1,1,1,1,1,1,1,1,1,1,1,1,5,2,2,2,2,5,2,2,5,2,2,2,2,4,2,2,2,2,3,3,3,3,2,3,3,3,3,3,3,3,3,3,3,3,3,3,3,3,3,3,3,3,3,3,3,3,3,3,3,3,3,3,3,3,4,4,4,4,4,4,4,4,4,4,4,4,4,4,4,4,4,4,3,3,3,3,4,4,3,3,3,3,3,3,4,4,4,4,4,4,3,4,4,2,2,2,2,2,2
R_2m7YPLSHB2cuwEh,3,5,3,3,5,5,2,2,2,3,6,2,3,2,2,5,6,6,5,5,5,5,5,5,5,5,5,5,5,5,5,5,5,5,5,5,5,6,5,6,6,6,6,6,6,6,7,6,6,6,6,7,6,7,2,3,2,3,2,2,3,3,3,3,3,2,3,3,3,3,3,2,5,4,4,4,3,4,5,5,5,5,3,5,4,5,4,4,4,3,5,4,4,3,3,5,4,4,5,5,3,4,4,4,4,4,4,4,2,2,2,2,2,2,2,2,2,2,2,2,2,2,2,2,2,2,4,4,4,4,3,4,3,3,4,3,3,3,4,4,3,4,4,4,3,3,3,3,3,3,3,3,3,3,3,3,3,3,3,3,3,3,4,4,4,3,4,3,3,2,2
R_2R360flkXw3fIwK,7,7,6,7,7,7,5,7,5,5,4,2,5,6,5,5,4,7,4,5,6,6,6,6,6,6,6,5,5,6,5,5,6,5,5,5,5,5,7,7,7,6,7,7,6,7,7,4,7,7,7,7,7,7,1,1,2,1,1,1,1,1,2,2,1,1,1,1,2,2,2,1,2,2,1,2,3,7,2,2,2,2,6,2,5,5,7,5,6,5,2,6,4,2,7,7,4,3,3,3,4,7,6,4,3,3,2,3,2,7,1,1,5,7,3,5,2,2,1,6,5,6,5,6,1,6,3,5,3,5,3,5,2,2,5,2,1,2,2,4,3,3,2,5,5,3,3,3,4,5,2,2,4,2,5,3,3,4,5,5,3,5,4,5,5,4,6,3,3,4,2
R_24OxJK5FzGRG6PN,6,6,6,6,5,5,6,6,6,5,6,5,6,4,6,6,6,7,6,6,6,6,6,6,6,6,6,6,6,6,6,6,6,6,6,6,6,6,6,6,7,6,6,6,6,6,6,6,6,6,6,6,6,7,3,3,3,3,3,3,4,4,4,4,4,4,4,4,4,4,4,4,4,4,3,4,4,4,4,4,4,4,4,4,4,4,4,4,4,3,3,3,3,4,3,5,4,4,3,3,3,3,4,3,4,4,3,5,3,3,3,3,3,3,3,3,3,3,3,3,3,3,3,3,4,3,3,3,2,3,3,3,3,2,2,2,2,2,2,3,2,2,2,2,5,5,5,5,5,5,5,5,5,5,5,5,5,5,5,5,5,5,5,5,5,2,5,3,2,4,2
R_8WfrZHnQ6Wk0Eil,3,3,3,6,6,4,3,3,3,3,3,3,6,6,6,5,5,6,7,7,5,6,7,7,4,7,7,7,3,3,5,7,6,5,4,5,2,4,4,4,7,4,3,3,3,3,3,3,6,6,6,6,7,7,1,2,2,2,2,2,2,2,2,2,3,2,2,2,3,2,2,3,4,2,6,3,3,2,6,5,3,4,3,5,5,4,5,3,5,4,4,4,4,5,5,3,3,4,4,3,5,5,5,5,6,5,5,5,1,2,1,3,4,3,1,1,1,1,1,1,4,3,4,2,3,3,4,4,3,3,5,3,3,3,3,3,3,3,5,3,5,3,5,5,3,3,4,3,5,3,3,5,3,3,4,5,5,5,4,3,5,4,3,4,3,5,5,4,5,5,5
R_22S9z4SWMAZpd14,3,6,5,4,4,5,1,3,1,3,1,1,6,3,7,7,6,7,5,5,5,5,5,6,6,6,6,7,6,7,7,7,7,7,7,5,6,6,6,7,7,4,5,7,7,5,7,4,7,7,7,7,7,4,1,1,1,1,1,1,2,4,2,3,2,1,3,2,2,3,3,4,1,5,2,6,2,6,5,3,5,4,3,4,3,3,4,3,3,2,2,3,5,3,3,7,3,3,4,5,6,7,5,3,2,2,5,7,4,3,4,3,5,6,2,2,3,2,3,3,7,3,4,5,3,6,3,4,6,4,5,7,3,3,3,4,4,5,4,5,3,4,3,7,5,4,3,5,5,6,3,3,2,2,3,3,3,4,4,4,3,5,2,3,2,5,5,4,3,6,2
R_2Rke8ggc4JK3nYI,4,7,7,7,7,7,1,7,4,2,7,4,7,7,7,7,7,7,5,5,5,5,5,5,5,5,5,5,5,5,5,5,5,5,5,5,1,5,4,7,6,4,5,4,6,7,7,5,6,4,7,7,7,7,1,1,1,1,1,1,1,1,1,1,1,1,1,1,1,1,1,1,6,4,4,4,4,4,4,6,6,6,2,6,3,3,3,3,3,3,6,2,7,2,2,7,2,3,2,2,2,2,2,4,2,3,1,4,1,1,1,1,1,1,1,1,1,1,1,1,7,7,7,7,7,7,7,7,7,7,7,7,7,7,7,7,7,7,7,7,7,7,7,7,4,4,4,4,4,4,4,4,4,4,4,4,4,4,4,4,4,4,4,4,4,1,7,1,1,1,1
R_2XgnH9DzCnbT8ye,2,3,3,2,3,3,2,2,2,2,2,3,7,7,7,7,7,7,5,6,5,5,6,5,6,6,6,6,6,6,6,6,6,6,6,6,6,5,6,5,5,5,4,5,6,5,5,4,7,7,7,7,7,7,2,3,1,2,2,2,3,1,2,1,3,2,3,3,3,2,3,2,6,4,6,5,5,5,7,4,7,7,4,7,2,2,2,2,5,2,3,2,4,3,4,6,4,2,3,6,4,6,3,2,4,3,2,3,1,1,1,1,1,1,1,1,1,1,1,1,1,1,1,1,1,1,2,1,2,3,1,1,2,2,1,1,3,1,2,2,2,2,2,3,3,4,2,2,3,4,4,3,5,2,3,2,5,2,4,5,4,3,4,4,4,5,6,2,3,3,3
R_8s0ljqsQqzJMsvo,4,7,7,6,6,4,2,3,2,2,7,4,6,3,6,7,7,7,5,5,4,6,5,4,6,6,7,7,6,5,4,6,4,4,7,3,6,5,5,6,5,3,6,7,7,5,6,6,5,6,5,6,6,2,3,2,2,2,1,1,3,3,3,3,3,3,2,2,2,2,3,1,5,3,3,2,6,3,5,6,6,5,4,5,3,7,4,1,2,4,2,2,4,2,2,7,2,1,3,3,2,6,3,2,4,3,1,7,2,2,3,5,5,2,4,4,3,3,3,3,4,3,4,3,2,6,1,4,2,3,4,5,3,2,4,2,3,4,2,3,3,3,3,7,4,2,3,5,5,4,2,2,3,3,3,3,2,2,3,2,4,6,3,5,6,4,6,1,3,2,1
R_8X4Z9BMn9nB0B7B,7,7,1,3,7,3,4,3,3,1,3,4,7,4,7,7,7,7,7,7,7,7,7,7,7,7,7,7,7,7,7,7,7,7,7,7,7,7,2,6,7,1,6,6,6,6,6,7,7,6,7,7,7,7,1,1,1,1,1,1,1,1,1,1,1,1,1,1,1,1,1,1,5,1,1,2,1,7,7,5,4,7,5,7,2,6,1,2,1,1,5,4,5,3,1,7,5,1,7,3,3,3,3,3,3,1,1,3,1,1,1,1,1,1,1,1,1,1,1,1,1,1,1,1,4,4,1,1,1,1,1,1,1,1,1,1,1,1,1,1,1,1,1,7,2,2,1,2,2,7,2,1,1,1,2,2,2,2,2,1,2,2,2,2,3,4,6,5,5,7,3
R_2fCZTywlP5MpWX4,5,6,5,5,6,7,7,6,5,7,6,6,7,6,7,7,6,7,7,6,6,6,5,6,6,5,6,6,6,6,6,6,6,5,6,5,5,4,5,6,4,4,6,5,5,5,5,6,6,7,7,6,5,7,3,3,3,1,2,1,2,5,3,3,3,1,1,2,2,3,3,3,4,1,2,2,4,1,4,3,3,4,2,4,1,1,1,1,1,1,2,3,4,4,5,7,4,4,5,4,3,2,5,4,2,4,3,2,3,4,2,2,5,2,3,2,2,1,1,3,2,3,2,4,3,3,2,1,2,2,3,1,2,2,5,2,3,5,2,2,1,2,5,2,2,4,3,3,4,5,3,1,2,2,5,6,4,6,5,4,5,5,3,5,5,7,5,6,6,6,5
R_2cct9A1nCH7zZDI,1,7,6,7,7,6,1,1,1,1,5,1,7,3,7,7,7,7,7,7,7,7,7,7,7,7,7,7,7,7,7,7,7,7,7,7,4,5,6,4,7,4,4,3,3,2,7,3,7,6,7,7,7,7,2,3,2,1,2,1,1,2,2,2,3,1,4,3,4,4,4,5,7,4,1,4,2,2,7,7,7,7,7,7,1,1,1,1,1,1,4,5,5,6,6,7,5,6,6,5,1,7,1,3,1,1,1,1,2,4,4,3,4,1,2,4,3,1,2,4,6,3,5,5,2,6,2,2,4,3,4,6,2,2,2,2,2,5,3,4,4,4,2,4,2,3,5,3,3,4,4,2,3,3,3,5,3,2,4,4,4,4,2,3,3,2,7,1,2,2,3
R_2g7SpT4dvfETG2l,5,6,5,5,7,6,2,4,2,3,4,3,6,4,6,5,6,6,7,7,7,7,7,7,7,7,7,7,7,7,7,7,7,7,7,7,6,6,6,6,6,5,5,6,6,5,6,6,7,6,6,6,7,7,3,2,2,3,2,2,2,2,2,2,2,2,2,2,2,2,2,2,5,5,4,4,3,5,6,5,4,6,5,5,2,5,2,2,6,1,2,3,3,2,2,3,4,2,4,6,2,2,3,2,3,2,3,2,4,5,2,4,2,5,2,2,2,2,4,5,4,4,5,4,4,7,3,3,2,3,3,3,3,3,3,2,3,4,3,3,3,4,4,6,2,2,2,2,3,3,3,3,3,3,3,3,3,3,3,3,3,5,1,3,3,1,5,4,2,3,2
R_8ZKsObhIntHh1hD,6,7,6,6,7,6,5,4,3,6,5,3,7,3,7,7,7,7,7,7,7,7,3,7,7,7,7,7,7,7,7,7,7,7,7,7,7,7,7,7,7,6,7,6,7,7,7,5,7,7,7,7,7,7,4,4,4,4,3,4,4,4,4,4,4,4,4,4,4,4,4,3,3,1,4,4,1,7,7,7,7,6,5,6,1,5,1,1,1,1,1,1,1,1,1,4,1,3,4,1,1,3,1,1,1,1,1,1,1,1,1,2,1,1,1,1,1,1,1,1,1,1,1,1,2,2,2,4,5,4,4,6,4,3,4,4,4,5,5,1,4,3,4,4,3,3,3,3,3,3,3,3,3,3,3,3,3,3,3,3,3,3,1,3,2,4,7,3,3,6,1
R_868RZIsgAATVrRD,4,4,4,5,5,5,4,4,4,4,5,4,5,4,5,4,4,5,4,4,5,4,4,5,4,4,5,4,4,4,5,4,4,4,4,4,5,5,5,5,5,5,5,5,5,4,5,4,5,5,5,5,5,5,4,5,5,4,5,5,5,4,5,5,5,4,4,4,5,5,5,5,4,5,5,4,5,5,4,5,4,5,4,5,4,5,4,5,5,5,4,4,4,5,4,5,4,4,3,5,5,4,5,6,5,4,4,4,5,5,5,4,5,4,5,5,4,5,4,4,5,4,5,5,5,5,5,5,5,5,4,5,4,5,4,6,5,5,5,5,5,5,5,5,5,5,5,5,5,5,4,5,5,5,5,5,4,5,5,5,5,4,5,4,5,4,4,5,5,5,5
R_2O61W0cI7rLkUUo,5,5,6,3,3,6,2,3,1,2,5,2,4,2,5,5,3,7,7,5,4,3,3,5,5,3,4,5,7,6,3,3,4,4,6,3,2,5,5,3,4,3,3,3,3,6,7,4,5,5,6,5,7,6,1,1,1,2,1,1,2,2,2,2,3,2,1,2,1,1,3,4,1,5,4,2,6,1,7,7,6,7,1,5,2,6,3,2,3,2,4,1,5,3,4,6,2,2,1,3,2,3,5,2,4,4,1,1,6,6,3,6,2,7,1,2,4,2,4,1,5,1,7,5,7,3,1,6,1,5,6,5,1,1,1,1,1,2,1,1,1,1,2,5,2,2,2,2,5,2,2,3,1,2,2,1,3,3,2,2,3,6,4,5,5,3,6,6,7,3,5
R_8NbtblcAcTivV2R,4,4,3,5,5,6,3,3,3,3,4,5,4,1,3,4,5,7,6,5,5,5,5,5,5,4,5,5,4,4,6,5,6,6,4,7,3,3,5,6,6,3,6,5,5,4,7,4,6,5,6,6,7,5,2,4,3,4,3,2,2,3,3,2,5,2,4,3,3,4,4,3,6,4,4,5,4,2,6,6,6,6,5,6,2,6,3,3,3,1,5,4,4,4,3,7,6,5,5,5,1,5,4,5,3,3,3,5,4,4,5,4,2,5,3,4,3,3,1,5,1,2,3,2,4,4,2,5,4,4,5,5,3,4,4,4,2,5,4,5,4,4,2,6,4,5,4,4,4,5,3,2,4,5,3,3,4,5,3,2,2,3,2,6,5,4,5,3,4,3,2
R_8QxsgE00VePsAzQ,2,6,1,2,2,1,1,2,1,2,3,3,6,2,6,7,7,6,6,5,1,1,2,2,5,2,6,6,6,3,2,3,5,6,2,3,5,3,3,3,2,2,2,2,3,5,6,4,5,5,6,6,2,2,2,2,3,1,2,2,2,1,3,1,4,2,2,2,2,3,2,2,5,4,6,5,6,6,6,6,6,5,6,3,1,5,1,5,1,2,6,6,6,4,6,6,7,6,5,6,6,6,6,5,7,4,2,1,2,5,5,2,5,2,2,3,2,2,2,2,3,2,2,3,5,6,3,5,5,5,6,5,2,2,2,2,2,3,5,2,3,2,5,6,2,5,5,5,6,5,4,2,4,4,2,5,2,4,3,3,6,6,5,6,6,5,6,4,5,6,4
R_8QybWHQsA9HIJOm,6,6,6,6,6,4,6,6,6,6,6,6,6,7,6,6,6,6,6,6,6,6,6,6,4,5,6,6,6,6,4,5,6,4,6,6,5,6,6,6,7,6,6,7,6,7,5,7,6,7,6,7,6,6,2,2,3,3,2,2,2,2,2,2,2,2,2,3,2,2,2,3,6,7,5,6,5,6,5,6,7,7,7,6,5,5,6,5,6,6,4,5,5,3,4,6,5,2,6,3,5,5,5,5,5,4,5,3,2,2,2,3,2,2,3,2,2,3,2,2,3,3,3,2,3,3,2,4,3,3,1,4,3,2,2,3,3,3,3,3,2,3,2,3,4,3,4,3,4,4,3,5,4,4,3,3,4,4,4,3,3,2,5,5,4,6,4,5,5,4,4
R_820aDqqbqU760Bi,3,4,1,5,3,4,3,1,3,3,2,1,4,6,1,4,2,6,7,6,6,6,6,5,6,7,7,5,6,7,6,6,6,6,5,4,3,2,4,2,2,2,4,3,3,2,2,3,3,3,2,4,5,3,3,3,5,4,4,4,4,4,3,3,4,3,3,4,4,4,4,3,6,6,6,6,7,6,7,4,6,7,6,6,2,2,2,2,4,2,4,6,4,4,3,3,4,4,5,4,2,3,4,5,2,5,4,5,2,4,4,2,3,3,4,2,4,3,2,3,4,3,3,3,4,3,4,3,3,3,2,1,3,3,4,2,2,3,4,3,4,3,3,3,1,2,2,2,2,1,2,1,2,1,1,2,2,2,3,2,3,2,5,5,5,5,7,4,4,4,5
R_2Y9T6B8RH6omgKV,3,6,6,6,5,6,2,7,4,5,7,6,7,1,7,7,5,7,5,6,5,6,5,5,6,6,5,6,7,6,7,5,5,7,6,7,6,6,5,6,6,5,6,5,5,6,6,6,7,6,5,6,6,7,2,3,3,3,3,4,2,3,3,3,4,3,5,2,4,4,3,6,7,7,4,6,7,6,3,7,3,2,1,4,1,2,7,3,2,1,7,4,3,5,2,6,5,6,6,4,5,6,1,3,1,3,2,1,1,4,4,3,2,1,2,2,5,4,2,4,4,4,5,5,4,3,3,2,3,2,3,3,3,3,3,2,2,2,2,3,2,2,2,2,3,3,3,2,3,2,3,3,2,3,1,3,3,3,3,2,3,3,3,3,5,2,4,3,2,5,3
R_8P4cWXMqV2qvAXf,3,4,3,4,6,5,2,2,3,2,5,2,5,3,7,5,5,7,4,3,4,4,3,5,3,4,5,3,5,6,4,5,3,4,5,5,2,3,7,4,5,3,3,2,3,4,5,2,6,5,7,7,6,6,2,2,3,3,4,3,3,1,3,3,3,1,5,4,4,4,4,3,3,3,3,4,2,4,6,5,6,5,3,6,4,5,3,4,3,2,3,5,5,3,2,3,3,3,3,3,4,4,4,4,4,5,3,3,4,4,5,4,6,5,3,3,3,3,3,4,3,4,4,4,3,6,6,5,3,3,5,6,5,4,4,4,2,5,2,4,3,2,3,4,5,5,2,3,5,4,3,2,3,4,4,5,4,5,3,3,3,6,2,5,5,3,5,2,1,2,2
R_2E4ByAUKegWk7HO,2,2,1,2,1,3,1,2,1,2,1,1,1,1,1,1,1,2,4,4,5,6,5,4,4,5,7,5,6,7,4,5,6,5,5,6,6,6,6,4,7,4,6,5,6,7,6,5,7,5,7,6,6,7,1,2,1,2,2,3,2,1,1,2,2,1,2,1,2,1,3,1,6,5,6,6,4,7,6,6,6,6,4,6,3,6,2,4,4,2,5,5,2,4,2,5,5,3,6,5,1,5,2,4,2,2,1,2,5,5,4,5,6,4,5,6,5,2,2,3,2,2,3,3,5,5,5,3,5,2,5,4,3,3,3,2,5,3,3,4,5,4,5,3,4,3,5,5,6,3,4,3,4,4,4,3,5,5,4,3,4,4,2,3,2,3,5,5,3,2,2
R_8LNe7n9Q5gs3GHk,2,4,2,4,7,5,2,2,1,2,6,2,7,3,7,7,7,7,4,4,4,4,5,4,4,4,5,4,5,5,5,5,5,5,5,5,7,7,7,7,7,7,7,7,7,7,7,7,7,7,7,7,7,7,2,2,2,2,2,2,2,2,2,2,2,2,2,2,2,2,2,2,7,7,7,7,6,7,7,7,7,7,7,7,3,7,2,3,4,1,4,4,4,2,2,4,3,3,4,5,4,3,3,2,2,3,2,6,2,2,2,2,2,2,1,1,2,2,1,2,3,1,2,2,3,4,1,2,1,1,1,2,1,1,1,1,1,1,1,1,1,2,1,5,1,1,2,1,2,2,2,2,2,1,2,2,2,2,2,1,2,4,1,2,2,1,5,1,1,2,3
R_8eQAGg9G36TWQCV,4,6,3,2,3,6,6,3,5,4,5,6,3,4,3,7,4,4,7,4,2,4,4,2,6,4,7,7,7,4,3,5,3,2,3,3,5,5,3,5,4,3,2,4,3,2,6,5,3,2,2,5,5,5,1,5,2,5,3,5,3,6,3,5,2,6,5,4,5,2,3,5,7,5,4,6,6,7,3,5,5,3,7,3,7,2,2,5,4,3,6,3,4,3,3,6,1,3,6,4,5,5,5,2,7,5,4,6,1,3,7,4,6,6,3,4,5,5,7,6,5,4,4,5,6,5,3,2,2,2,5,3,5,4,6,3,3,5,5,4,3,5,6,5,6,5,6,3,3,6,3,3,3,3,4,5,2,2,5,5,4,5,1,1,1,5,7,5,5,6,6
R_8t5yLR6EucY1Ulm,3,5,5,3,4,5,6,6,5,4,4,5,6,3,5,6,6,7,4,6,5,5,5,3,6,6,6,5,3,3,6,5,5,5,6,4,4,4,6,6,4,2,7,6,7,6,4,6,6,7,7,6,7,2,5,4,6,6,4,3,7,7,6,6,3,6,6,7,6,6,7,2,4,5,5,3,4,3,5,4,5,5,3,6,6,4,3,2,1,3,4,4,4,3,5,5,3,2,3,3,5,4,6,3,3,2,2,6,6,6,5,6,5,6,5,5,5,5,4,5,5,4,5,4,6,7,5,6,6,3,3,5,4,3,3,5,3,5,4,5,4,5,4,4,5,6,6,5,4,5,5,6,3,3,4,6,6,3,6,6,4,5,4,3,4,3,4,3,4,5,3
R_2Xd0url1yO0CDtL,1,3,6,2,3,2,1,1,1,1,3,1,6,1,5,5,5,6,4,4,6,4,3,3,2,3,5,2,4,5,6,6,5,6,4,6,3,4,4,5,3,2,2,3,3,2,5,2,5,5,4,6,6,5,2,1,3,2,2,1,1,2,2,1,3,2,4,2,4,4,4,3,6,5,4,5,4,7,7,7,7,7,3,7,2,5,2,2,2,1,6,5,4,5,5,7,6,5,5,6,4,5,3,4,2,2,1,3,3,4,2,5,4,7,1,2,2,1,4,1,4,3,4,5,4,5,4,4,4,4,4,7,5,5,5,5,4,5,2,5,2,4,2,3,4,2,4,3,3,6,5,3,5,4,3,4,2,4,2,2,3,2,2,4,3,4,6,4,2,5,3
R_8q3QC1Y4qmRW6gx,1,6,3,6,5,3,1,3,3,1,1,1,7,3,7,7,4,7,7,7,7,7,7,7,7,7,7,7,7,7,7,7,7,7,7,7,3,6,3,3,6,3,4,3,3,3,4,2,6,3,6,5,6,3,4,3,4,3,2,4,4,3,5,5,5,3,5,5,5,5,5,4,7,5,4,4,4,5,7,6,6,7,3,6,2,5,2,1,2,2,2,4,5,3,6,5,4,2,4,3,3,5,2,2,3,3,2,4,3,1,2,3,4,3,1,3,1,1,2,1,3,1,2,2,2,5,3,4,2,3,4,1,2,3,1,3,2,3,3,3,3,1,2,4,3,2,3,3,4,3,3,3,2,3,4,3,3,2,4,2,3,4,3,4,4,2,3,2,2,3,2
R_26TWvzaoTFK1iZb,7,7,7,7,7,7,7,7,7,7,7,6,7,7,7,7,7,7,7,7,7,7,6,6,7,5,7,7,7,7,7,7,7,7,7,7,7,7,7,7,7,7,7,7,7,7,7,6,7,7,7,7,7,7,2,2,2,2,2,2,2,2,2,2,2,1,2,2,2,2,2,2,1,1,1,1,1,1,1,2,1,1,1,2,1,1,1,1,1,1,3,3,3,3,3,4,3,3,3,3,3,3,3,3,3,3,3,3,6,5,5,4,6,6,4,3,3,3,3,4,2,5,4,3,2,6,6,6,6,6,6,6,6,6,6,6,6,6,6,6,6,6,6,6,4,4,4,4,4,4,4,4,4,4,4,4,4,4,4,4,4,4,4,6,7,1,3,1,2,2,1
R_8IEJIuaaSoAS8WR,2,6,4,6,7,6,3,2,2,3,5,2,6,3,7,6,6,7,5,4,5,4,3,6,6,7,6,5,6,7,5,6,6,5,5,4,2,3,3,3,2,1,3,2,2,3,3,3,2,3,2,4,4,2,1,2,2,2,3,1,1,3,2,2,3,2,1,2,2,3,3,2,7,4,3,3,3,3,6,7,6,6,5,7,2,6,2,2,6,1,6,3,4,6,5,6,3,7,2,2,5,5,6,4,2,2,2,7,3,4,5,6,5,5,4,3,2,2,1,5,6,5,4,5,3,6,2,2,3,6,6,4,4,2,1,3,3,1,3,2,2,3,4,2,3,4,5,5,5,4,3,2,2,4,4,2,3,2,4,3,4,5,6,7,7,7,7,3,4,5,2
R_2Qaos672eIDx70U,5,2,2,4,6,5,2,3,2,2,5,5,4,4,6,5,5,5,6,5,5,3,4,4,7,6,7,6,6,6,6,6,6,6,5,5,5,4,5,4,5,6,5,4,5,4,5,4,6,5,5,5,6,6,4,5,5,5,4,5,4,5,5,5,6,5,5,5,5,5,4,5,6,6,6,6,6,6,5,5,6,6,7,5,6,6,5,6,6,7,5,5,6,5,5,5,5,5,5,4,5,5,4,4,5,4,4,5,3,5,5,4,5,5,4,6,4,5,5,5,5,5,5,5,4,4,4,4,3,3,4,5,4,4,3,5,5,4,5,4,4,5,4,5,5,5,6,4,5,5,4,4,5,5,5,5,5,5,5,5,5,4,3,3,3,4,4,5,4,5,4
R_25FpR5j13jFwwHf,1,1,1,1,1,1,1,1,1,1,1,1,1,1,1,1,1,7,7,7,7,7,7,7,7,7,7,7,7,7,7,7,7,7,7,5,7,7,7,7,7,7,7,7,7,7,7,7,7,7,7,7,7,7,3,3,3,3,2,2,3,3,3,3,2,2,3,3,3,3,3,3,1,1,1,1,1,2,1,1,3,1,1,3,1,1,1,1,1,1,1,1,1,1,1,1,1,1,1,1,1,1,1,1,1,1,1,1,1,1,1,1,1,1,1,1,1,1,1,1,1,1,1,1,1,1,1,1,1,1,2,1,1,1,1,1,1,1,1,1,1,1,1,1,4,4,4,4,5,4,4,4,4,4,4,4,4,4,4,4,4,5,1,3,2,1,1,1,1,1,1
R_8RTTLbwOKQQDrCA,1,2,2,3,7,3,2,3,1,2,2,1,6,2,6,2,7,7,5,6,7,5,7,7,4,7,7,5,7,6,7,7,7,6,7,7,6,6,5,6,7,3,7,6,7,5,5,2,6,6,7,7,7,7,1,1,1,1,1,1,1,1,1,1,1,1,1,1,1,1,1,1,7,5,5,4,1,7,6,7,7,7,4,6,1,6,1,1,1,1,1,3,3,2,1,5,7,5,2,3,2,3,3,3,7,2,1,6,7,5,6,5,1,3,2,5,5,6,7,5,6,6,6,6,6,6,3,1,6,2,6,1,1,2,1,1,1,1,2,2,2,1,5,1,5,3,6,3,7,3,5,2,2,3,2,3,2,2,1,2,3,2,1,5,4,2,7,1,1,1,1
R_82Q21iQyBLK7Lvz,4,3,7,7,6,6,4,4,3,4,5,4,7,5,7,7,7,7,7,7,7,7,7,7,7,7,7,7,7,7,7,7,7,7,7,7,6,5,7,6,6,6,5,5,6,6,6,6,6,5,7,7,7,6,3,3,3,3,3,3,3,3,3,3,3,3,3,3,3,3,3,3,1,1,1,1,1,1,1,1,1,1,1,1,1,1,1,1,1,1,2,3,2,3,2,2,3,3,4,2,1,3,1,3,4,2,1,5,1,1,1,1,1,1,1,1,1,1,1,1,1,1,1,1,1,1,2,2,2,2,2,2,2,2,2,2,2,2,2,2,2,2,2,2,2,2,2,2,2,2,2,2,2,2,2,2,2,2,2,2,2,2,1,3,3,3,5,3,2,5,3
R_2u4pxhKNTw2sSOt,4,6,5,6,6,5,3,4,3,3,4,3,6,3,6,6,6,7,6,6,6,6,6,6,6,6,6,6,6,6,6,6,6,6,6,6,3,4,4,3,4,3,3,3,3,3,4,3,4,3,4,4,4,4,2,2,2,2,2,2,2,2,2,2,2,2,2,2,2,2,2,2,1,1,1,1,1,1,1,1,1,1,1,1,1,1,1,1,1,1,3,4,3,3,3,4,3,3,3,3,3,3,4,3,4,4,3,4,2,2,2,2,2,2,2,2,2,2,2,2,2,2,2,2,2,2,4,4,3,4,3,4,4,4,4,4,3,5,3,3,3,3,3,3,4,4,4,4,4,4,4,4,4,4,4,4,4,4,4,4,4,4,4,6,6,3,5,3,2,3,2
R_2Pk9ssloBJPo6d2,5,7,5,6,7,6,6,4,4,5,7,6,7,7,7,6,7,7,5,5,4,5,2,2,6,6,6,6,7,7,6,6,6,5,6,2,4,7,5,7,7,7,5,5,6,6,7,6,7,6,6,5,6,7,1,6,3,3,7,1,1,1,2,1,6,1,2,2,2,2,2,4,7,5,4,4,6,2,7,7,7,7,1,7,1,3,2,4,4,1,4,2,2,3,3,6,5,5,5,5,1,5,6,3,3,1,4,2,2,2,5,4,7,1,4,1,1,1,3,1,3,3,3,4,5,7,1,1,5,4,7,5,1,4,1,1,1,1,2,4,3,1,4,5,2,3,7,4,7,6,1,1,1,1,1,2,4,3,1,2,3,3,2,3,4,1,5,3,2,3,5
R_2BtcqsGWtfuUZNM,5,2,6,5,7,7,6,2,4,4,6,3,7,1,7,7,5,7,7,7,7,7,7,7,7,7,7,7,7,7,7,7,7,7,7,7,5,5,5,5,5,5,5,5,5,5,5,5,5,5,5,5,5,5,1,1,1,1,1,1,1,1,1,1,1,1,1,1,1,1,1,3,7,6,6,7,7,4,7,7,7,7,7,7,1,7,3,5,5,1,5,5,6,1,4,7,3,3,6,3,3,3,6,4,7,3,3,7,1,1,1,1,1,1,1,1,1,1,1,1,1,1,1,1,1,1,1,3,1,2,4,4,1,1,3,2,1,3,1,3,1,1,1,3,1,1,1,1,2,1,1,1,1,1,1,1,1,1,1,1,1,1,4,5,5,1,5,1,1,5,1
R_8BbRSOpWgJ9uH7P,2,3,2,4,5,3,2,3,2,2,4,2,5,3,5,5,5,7,6,7,7,7,7,6,7,7,6,6,6,6,7,7,7,7,7,7,5,6,5,6,7,4,5,5,5,5,7,5,7,7,7,6,7,7,4,6,4,4,5,4,4,5,4,5,6,4,5,6,6,5,5,6,7,6,7,4,6,5,7,5,7,7,3,7,2,5,1,3,3,1,6,7,6,6,4,6,6,5,5,1,4,7,6,6,6,6,4,6,1,1,2,1,3,3,2,2,2,2,2,2,2,2,1,2,2,4,1,3,1,3,5,3,1,2,1,1,5,1,6,2,6,6,6,7,2,2,2,2,2,2,2,2,2,2,3,2,2,2,2,2,2,3,2,5,3,2,6,5,2,6,3
R_8QKAwslL4UKVPmc,2,3,2,5,1,1,1,3,2,2,5,1,7,2,7,6,6,7,5,2,3,5,3,1,2,6,2,3,6,6,6,6,7,7,7,6,5,7,4,6,2,6,2,3,3,2,5,4,7,6,7,7,7,7,1,2,1,1,1,1,1,1,1,1,2,1,2,2,2,2,1,1,6,6,3,2,6,7,6,6,6,7,6,6,1,4,1,1,1,1,5,5,1,3,2,6,7,6,7,6,1,6,1,2,1,1,2,5,1,2,5,3,2,3,5,3,6,6,2,2,2,1,1,1,2,2,1,2,5,1,2,1,2,2,1,1,5,2,6,6,6,6,6,6,5,6,6,5,5,5,6,1,7,6,1,6,3,4,2,5,6,6,6,5,6,6,7,2,3,2,1
R_8CGccITDrF81gYN,4,5,2,4,5,4,3,2,2,2,4,2,7,6,7,7,7,7,6,6,6,6,6,7,7,7,7,6,7,7,6,7,6,7,6,6,7,6,7,5,6,4,4,5,5,4,7,5,7,6,7,7,7,7,2,2,2,2,2,2,2,3,2,2,3,2,3,3,2,3,2,3,5,4,6,4,5,6,6,6,6,6,5,6,1,4,3,2,3,2,3,2,2,3,4,5,4,4,4,4,3,5,2,4,3,3,2,2,2,3,2,3,2,2,2,2,2,2,2,2,5,5,3,5,5,5,3,3,3,5,5,5,5,5,5,5,4,5,3,4,3,3,5,5,3,2,3,3,3,1,2,3,2,3,2,3,2,3,2,2,3,3,2,5,4,6,6,4,5,4,4
R_21E7tsg6zRxGOsx,7,7,2,7,7,6,3,3,3,3,6,7,7,5,7,6,6,7,7,6,6,6,6,7,6,7,6,6,7,6,6,6,5,6,7,5,6,5,5,5,4,5,5,5,6,6,5,6,6,5,6,5,6,6,3,3,3,2,3,2,3,3,3,3,2,3,3,3,2,3,2,3,7,3,5,4,2,4,7,6,7,6,5,6,3,3,3,1,3,3,6,5,4,4,6,5,5,3,3,5,4,5,4,5,5,5,5,4,4,4,3,4,6,5,3,4,3,3,4,2,3,3,4,3,4,4,5,5,3,3,4,2,4,4,4,4,4,4,3,4,4,5,3,5,3,5,5,6,3,6,3,4,5,3,3,3,4,4,4,2,3,5,6,5,5,4,6,3,2,5,4
R_8905iNXhkD6l5Y1,3,6,5,4,5,4,1,2,3,1,2,2,6,3,6,5,6,6,6,6,6,6,5,6,6,6,6,6,6,6,6,6,6,6,6,4,4,5,5,4,4,3,5,4,6,5,6,4,6,5,6,6,6,6,3,3,5,3,3,2,4,4,5,4,5,2,5,5,5,5,3,3,5,3,3,3,6,6,5,5,3,5,6,5,2,2,2,2,2,2,3,2,3,3,6,6,5,3,5,5,1,5,1,1,1,1,1,1,2,3,3,2,5,5,2,4,2,5,2,4,2,2,3,2,2,4,4,4,2,3,5,4,2,3,3,3,2,4,2,2,2,2,3,2,3,2,3,2,3,3,2,2,2,2,1,3,2,2,2,2,2,3,3,3,3,2,2,1,1,3,2
R_2qH7DQlenAO4tod,2,5,4,3,5,4,2,3,4,3,4,4,7,4,7,6,5,7,6,5,5,5,5,6,5,6,5,5,6,6,6,6,6,6,6,5,3,5,5,6,6,4,3,4,4,4,6,4,7,6,7,7,6,7,2,2,2,2,2,2,2,2,2,2,2,2,2,2,2,2,2,2,6,4,5,4,4,6,7,7,5,7,4,7,3,5,3,2,3,2,4,5,5,4,3,4,5,4,5,5,4,5,4,3,4,4,4,5,3,2,3,3,3,4,3,3,3,3,3,3,4,3,4,4,3,4,3,3,3,3,5,3,3,2,3,3,3,3,2,2,2,3,1,3,3,3,3,3,5,3,3,3,3,3,3,3,3,3,3,3,3,3,3,4,5,3,5,3,2,1,2
R_8H17yvtTyKM63bv,7,7,1,7,7,7,1,1,1,1,4,1,7,2,7,7,7,6,7,7,4,7,5,6,4,4,4,5,7,7,6,5,6,7,7,3,7,5,6,5,5,5,6,7,4,6,6,4,5,5,6,5,7,3,3,4,3,3,4,3,3,5,4,3,3,3,5,3,5,5,4,2,3,5,3,7,6,6,4,5,4,4,5,6,3,4,4,4,4,6,7,7,6,3,3,7,4,6,6,4,5,3,3,5,5,4,2,4,4,4,7,5,4,7,5,3,3,2,5,5,4,4,4,6,4,7,1,1,1,1,4,2,1,1,2,2,1,2,3,3,2,1,3,7,1,1,1,1,1,1,1,1,1,1,1,1,1,1,1,1,1,5,4,4,4,5,6,4,3,5,4
R_8OP0Me9rbCE7S8b,4,7,1,7,7,1,1,7,1,7,7,7,7,7,7,1,1,7,7,7,7,7,7,7,7,7,7,7,7,7,7,7,7,7,5,7,7,5,5,7,7,4,7,7,7,4,7,4,7,4,7,7,4,7,1,1,1,1,1,1,1,1,1,1,1,1,1,1,1,1,1,1,7,1,4,4,1,7,7,7,7,7,7,7,1,7,1,1,7,1,7,1,4,1,1,7,1,7,7,7,1,7,4,1,1,1,1,3,7,4,6,4,2,2,5,4,6,6,1,4,6,7,4,5,1,4,4,4,4,4,4,4,4,4,4,4,4,4,4,4,4,4,4,4,2,2,2,2,2,2,2,2,2,2,2,2,2,2,2,2,2,2,1,4,4,7,7,1,2,7,4
R_2qgqvvRTrvdPrU7,2,7,7,4,7,5,2,2,2,2,6,2,7,5,7,7,7,7,7,7,7,5,5,7,7,7,7,7,7,7,5,7,7,7,7,7,6,7,7,7,7,5,7,6,6,5,7,7,7,7,7,7,7,7,1,2,1,1,2,1,1,1,1,1,1,1,1,2,2,2,3,3,7,5,3,7,6,6,7,7,7,7,7,7,4,7,4,4,2,3,4,6,5,5,3,7,4,6,5,3,5,6,3,4,4,6,2,3,1,1,1,1,1,1,1,1,1,1,1,1,1,1,1,1,1,1,3,4,2,4,3,4,3,3,3,3,4,4,5,4,5,4,5,7,4,3,4,4,3,4,2,3,3,2,3,4,3,3,5,3,2,5,4,6,6,4,7,2,2,4,2
R_8qkDifhSDuEZNek,3,2,7,3,3,4,2,3,1,1,6,2,7,3,7,7,7,7,7,7,7,7,7,6,7,7,7,7,7,7,7,7,7,7,7,7,6,6,6,7,6,5,6,5,6,6,7,3,7,4,7,7,7,6,2,2,2,2,2,2,2,2,2,2,2,2,2,2,2,2,2,2,6,5,2,3,3,2,5,5,2,5,6,7,1,6,1,2,2,2,6,1,1,1,6,7,1,2,2,1,2,4,1,5,1,1,1,5,1,1,1,1,1,1,1,1,1,1,1,1,1,1,1,1,1,1,5,5,4,6,5,6,4,4,4,4,4,5,4,4,4,5,5,4,5,4,5,5,5,5,3,4,3,4,5,4,3,4,4,3,3,4,5,5,5,4,5,4,3,4,4
R_8N8NP2stcfr4h3y,4,6,5,5,6,5,2,1,2,1,6,1,5,4,5,6,5,5,7,7,6,7,7,7,6,6,7,6,7,7,7,6,6,7,6,5,3,5,5,6,4,3,2,4,4,2,4,3,5,4,5,6,6,5,2,2,2,3,2,1,1,2,1,1,2,1,2,1,1,2,2,2,7,6,7,7,4,7,7,7,7,7,6,7,6,5,5,6,5,7,6,4,2,1,4,7,6,7,6,6,4,7,1,2,3,1,1,3,2,1,3,1,1,1,1,2,1,1,3,2,2,2,2,2,3,2,1,2,1,1,2,1,1,2,2,2,2,1,2,1,2,1,1,4,3,3,2,3,2,3,2,2,2,2,1,2,2,2,4,2,2,4,3,4,5,2,6,1,4,1,4
R_2AWgRQtWO2u9bX2,3,5,4,5,5,4,3,3,3,4,4,2,6,6,6,5,5,6,6,5,6,5,3,4,4,4,5,4,5,5,6,5,5,5,6,4,4,5,4,5,4,5,4,4,4,4,5,4,5,6,5,5,4,6,3,4,2,3,2,3,2,2,2,2,4,2,3,4,4,3,3,4,6,2,3,5,6,5,5,6,6,6,5,6,3,2,3,3,2,2,5,4,5,2,1,5,2,5,4,2,3,5,4,3,5,2,4,3,5,5,5,5,6,3,4,5,5,4,3,5,3,3,2,4,5,4,3,4,3,4,5,4,3,4,4,2,3,4,2,3,3,3,3,3,3,3,4,4,5,4,2,3,2,2,3,3,2,2,2,3,3,3,4,5,5,3,5,3,4,4,4
R_24wwstsIw9g1D4e,2,1,2,2,2,1,2,2,2,2,2,2,3,1,3,2,2,3,7,7,6,6,5,6,5,5,6,6,7,6,5,5,5,7,6,3,6,5,6,7,2,3,5,6,5,6,7,5,5,3,4,7,7,4,2,3,3,2,2,2,4,4,2,3,4,2,3,2,3,4,3,3,1,1,6,5,7,7,5,6,6,5,6,7,3,6,3,6,2,4,2,2,4,4,2,5,3,2,2,2,3,3,3,1,3,2,2,5,6,6,3,5,3,2,5,5,5,5,2,5,4,6,5,5,6,2,1,4,1,2,6,5,3,1,3,2,2,3,3,4,3,2,1,1,1,2,1,2,5,2,2,3,2,2,2,3,4,3,3,3,1,5,1,3,2,3,6,2,4,2,3
R_8k5FHUQA9aTIq0p,3,6,2,3,7,6,3,2,3,2,3,2,6,3,6,7,6,7,7,7,6,6,7,7,7,7,7,7,7,7,7,7,7,7,7,7,6,7,7,7,7,6,7,7,7,7,7,6,7,7,7,7,7,7,3,4,3,3,5,5,5,5,5,3,6,3,2,5,2,5,5,4,7,4,4,5,6,2,7,6,7,7,5,7,1,5,1,1,1,1,5,5,5,2,2,5,3,5,5,2,2,5,5,1,2,2,2,5,3,3,1,4,3,4,1,1,1,1,1,1,4,1,1,1,1,3,6,6,2,6,6,6,2,2,2,2,2,2,2,2,2,2,4,5,1,1,1,1,1,1,1,1,1,1,1,1,1,1,1,1,1,1,1,3,2,2,2,2,2,4,2
R_8N8pQoaVYj8gJXO,7,7,7,7,7,7,7,7,7,7,7,7,7,7,7,7,7,7,3,3,3,3,3,3,3,3,3,3,3,3,3,3,3,3,3,3,7,7,7,7,7,7,7,7,7,7,7,7,7,7,7,7,7,7,1,1,1,1,1,1,1,1,1,1,1,1,1,1,1,1,1,1,6,6,6,6,6,6,6,6,6,6,6,6,6,6,6,6,6,6,4,4,4,4,4,4,4,4,4,4,4,4,4,4,4,4,4,4,6,6,6,6,6,6,6,6,6,6,6,6,6,6,6,6,6,6,3,3,3,3,3,3,3,3,3,3,3,3,3,3,3,3,3,3,4,4,4,4,4,4,4,4,4,4,4,4,4,4,4,4,4,4,4,4,4,4,4,4,4,4,4
R_2FwRL6rOs2aKMWo,6,7,5,6,7,7,2,1,2,3,5,7,7,3,7,7,7,7,7,7,7,7,7,7,7,7,7,7,7,7,7,7,7,7,6,7,7,7,7,7,7,7,7,7,7,7,7,7,7,6,7,7,7,7,4,4,1,2,3,2,4,2,1,4,4,3,4,2,4,4,5,4,2,2,7,7,7,3,7,7,7,7,4,7,2,7,1,1,1,1,3,1,5,4,3,5,5,6,2,2,2,3,2,5,1,1,1,4,2,1,1,1,1,1,1,1,1,1,1,1,1,1,1,2,1,1,5,5,3,5,5,3,3,3,4,4,5,2,4,4,4,4,5,4,1,1,1,2,1,1,1,1,1,1,3,1,1,1,1,1,1,1,3,3,3,3,6,5,5,7,4
R_2thUaoCVnC2R3Zz,1,6,2,1,7,1,1,1,1,2,1,1,2,3,2,5,2,6,3,7,6,6,3,4,7,7,7,7,5,6,6,7,6,7,7,6,3,5,2,7,7,2,3,2,1,3,7,3,4,5,3,3,5,3,1,1,1,2,1,1,1,2,1,2,1,1,2,2,2,2,2,3,7,6,3,4,7,1,7,7,7,5,1,5,5,6,7,2,3,4,7,7,7,6,7,7,2,7,7,1,7,2,2,2,2,2,2,7,7,7,7,7,7,7,1,1,7,1,1,4,1,1,1,1,1,7,3,3,7,4,7,7,1,3,1,1,7,3,1,1,2,2,2,6,4,4,6,5,6,5,2,1,2,4,4,4,1,2,1,2,2,4,3,6,6,6,6,3,6,2,3
R_8Kr6rXW0rlX8qKs,4,4,6,6,4,4,3,3,5,3,7,6,7,4,7,7,7,7,7,7,7,7,7,7,7,7,7,7,7,7,7,7,7,7,7,7,6,6,6,5,6,6,6,7,7,7,7,6,7,6,6,7,6,7,3,2,2,2,3,2,4,3,3,4,2,3,3,3,3,2,2,2,6,3,1,4,3,3,4,5,4,4,2,4,2,7,2,2,3,2,7,7,4,6,6,7,2,4,5,4,2,3,4,5,5,2,4,5,2,1,1,1,1,2,1,2,1,1,2,1,2,2,2,1,2,4,2,2,3,2,2,2,1,1,1,1,1,1,2,2,2,2,1,2,2,2,2,1,2,2,1,2,2,1,2,2,2,2,2,2,2,3,2,4,3,6,6,4,4,3,2
R_80NKx684i27rJOZ,4,6,5,5,5,5,2,2,2,2,4,4,6,3,6,6,5,6,7,7,7,7,7,7,7,7,7,7,7,7,7,7,7,7,7,7,4,7,6,6,5,4,6,7,7,6,6,5,7,7,7,7,7,5,3,5,4,5,3,3,5,5,3,3,4,3,5,4,5,5,3,4,1,2,1,1,1,5,1,1,1,1,1,1,1,2,2,2,5,1,2,3,2,2,3,5,3,2,2,2,3,5,2,3,2,2,2,5,1,1,1,1,1,1,1,1,1,1,1,1,1,1,1,1,1,1,2,2,1,1,3,3,1,1,1,1,1,2,1,1,1,1,1,2,4,4,4,4,4,4,4,4,4,4,4,4,4,4,4,4,4,4,1,4,5,3,5,2,2,5,2
R_2SJCGV2rx2bADra,4,5,3,4,5,3,3,3,3,3,4,4,5,4,5,5,5,5,6,6,6,6,6,6,6,6,6,6,6,6,5,5,5,5,5,6,5,5,6,6,6,5,5,5,5,5,6,6,6,5,6,6,6,6,2,3,3,3,3,3,3,3,3,3,3,3,2,2,2,2,2,2,3,3,3,3,3,3,3,3,4,3,4,4,2,2,2,2,2,2,3,4,3,2,4,5,3,3,4,4,2,5,3,5,3,3,3,4,5,5,3,5,4,3,2,2,2,2,2,4,5,5,5,5,5,5,2,4,3,4,4,2,2,2,3,3,2,3,5,5,3,5,5,5,3,2,2,3,4,2,2,3,2,2,3,2,4,4,4,4,5,4,3,4,3,4,5,4,4,4,4
R_21zp64kKKraL49b,1,7,1,2,7,7,1,1,1,2,1,2,7,7,7,7,7,7,4,4,4,4,4,4,4,4,4,4,4,4,4,4,4,4,4,4,6,6,7,7,6,6,6,7,7,6,7,6,7,7,7,7,7,7,1,1,1,1,1,1,1,1,1,1,2,1,1,1,2,1,2,1,7,6,6,6,6,7,6,6,6,7,5,6,5,6,5,5,5,6,7,5,4,4,1,7,3,6,5,4,1,7,1,2,1,1,1,5,1,1,4,1,1,3,2,1,1,1,4,1,4,2,5,5,4,6,3,3,2,2,1,3,1,1,2,2,2,1,2,1,2,2,1,1,4,4,4,4,4,4,4,4,4,4,4,4,4,4,4,4,4,4,4,4,4,6,7,4,4,7,6
R_8O8J4IgJjKQwx6R,4,4,5,5,3,5,3,4,3,3,5,4,6,6,6,6,6,6,5,6,5,5,5,5,5,5,5,5,6,6,6,6,5,6,6,5,2,2,3,3,3,2,4,2,3,3,4,2,3,3,5,5,5,2,2,2,2,2,3,2,2,2,2,2,3,2,3,3,3,3,3,3,6,6,3,4,5,5,6,6,6,6,5,6,2,5,2,2,2,2,3,2,4,3,2,6,3,2,2,2,2,4,3,2,3,4,2,5,4,3,5,4,4,4,2,3,3,3,3,5,4,3,6,4,5,6,4,4,3,5,3,4,3,4,4,3,2,3,4,5,4,4,2,6,4,4,3,4,4,4,4,4,4,3,4,3,5,4,4,3,5,3,2,3,4,4,5,3,4,2,2
R_2q9ipKZpKrkSgBA,3,4,3,4,3,4,4,4,4,4,3,5,6,4,5,4,3,4,4,2,3,3,3,3,3,3,3,3,2,2,4,4,3,4,4,3,6,6,6,6,6,6,6,6,6,6,6,6,6,6,6,6,6,6,4,4,3,4,4,4,3,2,3,2,3,4,2,4,3,2,3,3,6,6,7,6,7,7,7,7,7,7,6,7,4,7,4,5,4,4,6,6,4,6,4,6,5,5,6,5,6,6,6,6,5,6,4,6,6,6,4,5,4,6,2,2,2,2,2,2,3,2,3,3,3,6,4,2,2,6,6,5,5,4,2,2,4,5,6,6,4,5,2,5,4,4,2,5,4,4,2,2,2,2,2,4,4,4,4,5,4,4,4,4,5,5,6,4,4,4,4
R_8jKzUfaFxcxmGKB,6,6,6,5,7,7,5,4,5,5,6,3,5,6,5,7,7,7,6,6,6,6,7,6,6,6,6,6,7,6,7,6,7,7,7,7,6,6,6,7,7,4,5,4,5,4,7,3,7,6,7,7,7,7,3,4,2,3,4,3,2,3,3,2,5,2,5,3,6,5,5,4,5,5,5,5,5,5,6,5,6,6,5,6,5,5,5,5,5,5,4,4,5,5,3,6,5,6,5,5,3,6,4,6,3,4,3,5,3,3,5,2,3,2,2,4,2,3,3,3,5,5,5,5,4,6,4,3,3,2,3,5,4,4,4,4,2,5,2,4,2,2,2,3,2,2,2,2,2,2,2,2,2,2,2,3,2,2,2,2,1,2,2,4,4,1,4,2,4,3,2
R_8c7sprTqoic9LaN,3,3,5,3,6,1,1,1,2,3,6,2,3,3,2,6,7,6,7,6,7,6,5,5,5,7,5,7,7,7,4,5,4,4,5,5,4,3,5,5,7,3,4,3,5,6,7,4,3,6,3,5,6,6,1,2,3,2,2,1,2,3,2,4,3,3,1,2,2,3,3,1,5,3,5,4,7,7,6,6,6,5,5,5,7,4,5,4,4,2,6,5,2,4,4,7,3,4,5,5,1,5,6,5,6,3,2,6,5,5,4,4,5,5,4,3,3,3,1,3,2,3,3,2,4,2,2,2,4,3,5,5,3,2,3,3,1,4,5,4,5,3,2,6,4,4,3,3,5,5,3,4,4,4,1,4,5,4,5,4,4,5,4,5,4,7,6,4,4,6,3
R_8Qnvwyet0Ttq4wx,5,6,5,5,3,3,4,4,4,5,7,4,7,7,7,7,7,7,1,2,3,1,3,1,5,5,3,6,4,5,4,5,4,3,4,7,7,7,7,3,3,3,7,7,7,7,4,4,7,7,7,7,7,7,1,1,1,1,1,4,1,1,1,1,3,1,1,1,1,1,1,1,1,1,5,1,7,5,6,5,4,5,7,5,1,1,1,1,1,1,7,4,1,2,7,7,1,2,4,1,1,5,4,5,6,1,1,5,7,5,1,7,5,7,1,1,1,1,1,1,5,4,1,5,1,7,1,1,4,1,1,1,1,1,1,1,1,1,4,1,1,5,3,4,5,4,6,5,6,6,6,3,5,6,3,5,4,4,3,4,5,4,4,3,3,3,7,4,7,5,3
R_86frj2XNVtuj5GI,4,5,3,3,7,3,1,2,1,1,2,1,5,4,6,6,6,6,5,6,6,5,5,5,5,6,6,5,6,6,6,6,6,7,6,6,5,6,6,5,5,5,6,6,5,5,6,5,6,6,6,6,6,6,2,2,2,2,2,2,2,2,2,2,3,2,3,3,3,3,3,3,5,6,5,5,5,6,6,5,6,6,6,6,3,4,3,3,3,2,3,6,2,6,5,6,5,5,3,3,3,6,5,4,5,3,3,3,3,5,2,5,6,6,2,2,2,2,3,2,5,5,5,5,5,6,2,3,3,2,2,2,3,3,2,3,3,2,3,2,2,2,3,3,5,5,3,5,5,5,3,3,5,3,4,4,4,4,5,3,4,5,3,5,5,5,6,5,4,5,5
R_8CxOYzCo0vuPBr4,3,3,3,3,4,4,4,3,2,4,2,4,1,2,1,1,1,4,4,4,6,5,5,4,4,6,7,5,5,5,7,4,6,6,4,6,6,7,5,5,4,5,6,7,7,6,7,7,7,5,7,7,7,5,4,4,4,5,2,1,4,4,3,3,6,1,5,5,4,4,4,4,6,3,3,5,2,4,5,5,2,3,1,5,3,2,2,2,4,1,3,2,4,6,5,4,4,4,4,5,2,7,6,4,1,4,1,7,4,3,1,2,2,4,1,1,3,1,3,1,5,4,3,3,4,6,3,4,2,3,3,1,3,5,3,5,6,1,5,5,4,4,7,3,5,3,4,4,6,5,3,3,3,3,1,6,3,4,4,4,2,6,2,5,4,5,7,5,3,3,4
R_8Xzw16iVrEZ0p4B,5,6,5,6,7,6,5,5,5,6,6,5,7,5,7,7,7,7,7,6,6,6,4,6,6,6,6,6,6,5,6,5,7,6,6,6,7,7,7,7,7,7,7,7,4,7,7,7,7,7,7,7,7,7,2,2,3,2,2,2,2,2,2,2,2,2,3,1,2,2,3,2,5,5,5,5,4,5,5,6,6,5,5,5,5,5,5,5,5,5,4,2,4,2,2,4,2,4,4,4,2,4,2,4,4,2,4,2,4,4,4,4,7,5,1,4,1,4,4,1,1,3,1,2,3,7,3,4,4,4,5,3,4,2,4,4,4,4,4,4,4,4,3,4,2,2,2,2,3,3,2,2,2,2,2,2,2,2,2,2,2,2,2,3,2,3,6,3,2,3,3
R_2egYosJCkt6Us41,6,5,6,6,6,6,6,6,6,6,6,5,6,6,6,6,6,6,6,6,6,6,6,6,6,6,6,6,6,6,6,6,6,6,6,6,5,4,6,5,6,5,5,5,5,6,5,4,6,6,6,6,6,6,3,3,3,4,5,3,3,3,5,4,4,3,4,4,4,3,4,4,4,4,2,3,3,4,4,4,4,4,2,4,2,3,2,3,2,2,2,3,2,2,2,4,2,2,2,2,2,4,2,2,2,2,2,2,1,1,1,1,1,1,1,1,1,1,1,1,1,1,1,1,1,1,5,4,5,5,5,4,5,5,5,5,5,4,5,5,5,5,5,5,4,4,4,5,4,5,4,4,4,4,4,5,4,4,4,4,4,5,4,5,4,3,4,3,4,4,3
R_2s0mjYuy1LMvoKP,5,1,4,2,1,6,2,4,5,3,6,3,6,1,6,7,5,7,7,6,6,7,6,6,6,6,7,7,7,7,7,6,7,7,7,7,5,6,5,2,6,5,4,3,3,4,6,4,7,3,7,6,7,7,1,2,2,2,2,2,2,1,2,2,3,2,3,2,3,4,3,3,5,4,5,5,4,6,6,6,7,6,3,5,3,7,3,2,3,2,6,5,3,4,5,6,6,6,6,6,4,5,3,5,3,2,3,4,1,1,2,2,2,2,2,2,2,2,1,2,3,2,2,1,1,2,4,5,5,4,3,3,3,3,2,5,4,3,6,3,6,5,3,6,4,3,4,3,3,5,3,5,3,3,4,4,4,4,3,4,3,3,4,4,5,4,4,1,1,1,2
R_824n505sCpUjBLi,4,5,5,6,5,2,3,5,3,2,5,4,6,3,1,7,6,7,6,7,7,7,7,7,7,7,7,7,7,7,7,7,7,7,7,7,6,7,7,7,7,6,7,7,7,7,7,6,7,7,7,7,7,7,1,2,3,2,1,1,2,1,2,3,4,2,2,3,5,3,5,4,5,2,3,1,4,6,7,7,6,7,6,5,3,7,4,1,2,1,3,1,3,2,5,5,2,3,3,3,2,4,4,1,4,3,1,5,6,1,3,5,2,4,2,6,6,1,2,3,5,1,5,4,3,2,7,2,1,5,5,4,4,2,3,2,5,4,2,3,2,5,4,5,3,2,1,3,3,3,4,4,4,2,1,3,2,3,2,1,1,1,1,3,4,4,7,5,3,6,4
R_2rCk7svngnbsUJX,5,5,6,6,5,5,4,3,4,5,4,5,4,2,6,5,4,6,7,6,6,6,6,5,6,6,7,6,5,5,5,5,5,7,5,5,2,3,6,4,2,3,4,4,3,5,4,4,4,2,4,5,5,2,1,1,1,1,1,1,1,1,1,1,1,1,1,1,1,1,1,1,6,6,1,3,2,5,6,5,5,5,4,6,4,7,4,4,3,2,7,6,1,2,4,7,6,6,5,6,4,4,2,7,2,2,2,6,1,7,7,4,4,7,1,1,1,1,5,1,5,1,1,1,3,6,2,3,7,5,4,6,1,4,5,3,6,2,2,1,3,5,4,7,3,3,4,4,3,4,3,3,2,3,4,3,3,4,3,3,4,6,2,5,7,1,7,2,1,1,2
R_2GCCnJFFElULhjL,7,7,7,7,7,7,7,7,7,7,7,7,7,5,7,7,7,7,7,6,7,6,7,7,7,7,7,7,4,4,6,6,7,7,6,7,7,7,7,7,7,3,7,7,7,7,7,6,7,5,7,7,7,7,1,1,1,1,1,1,1,1,1,1,1,1,1,1,1,1,1,1,1,1,1,1,1,6,2,1,1,1,1,2,1,4,1,5,2,1,7,3,7,4,4,7,1,5,6,2,6,7,2,6,7,7,1,5,1,1,4,1,1,4,1,1,1,1,1,1,1,1,1,2,1,7,3,3,1,1,3,1,1,1,1,1,5,1,1,1,1,4,2,6,1,1,1,1,1,1,1,1,1,1,3,1,1,2,1,3,1,1,2,3,3,3,6,4,4,6,4
R_8kcEHprxr9f86qk,7,7,7,6,6,7,6,7,6,2,1,7,7,7,7,6,7,6,5,6,6,6,5,5,6,6,6,6,6,6,6,6,6,6,6,6,3,3,6,4,5,3,6,6,6,4,6,5,4,4,3,5,4,6,3,5,5,5,5,5,4,6,5,6,5,2,4,7,5,6,5,5,5,5,3,5,5,5,4,6,4,5,5,4,4,5,6,5,4,4,3,2,5,2,3,6,6,2,2,2,3,6,2,2,3,4,3,3,4,3,5,5,2,4,4,3,4,3,4,2,3,2,3,3,5,4,3,3,4,5,4,5,4,3,5,4,4,3,2,5,6,6,4,3,4,4,4,3,4,4,3,3,3,3,4,3,4,5,3,4,5,4,4,6,5,3,5,4,4,5,4
R_28JCGD30iz9ZwOJ,1,3,2,2,7,5,1,2,1,1,6,2,6,2,6,7,7,7,4,5,3,3,5,6,3,5,3,3,6,5,6,3,6,6,6,6,3,7,3,7,7,5,2,5,5,6,7,2,5,1,5,7,7,6,2,3,1,2,2,1,1,1,1,1,6,1,1,1,2,5,4,1,7,2,7,3,3,7,7,6,7,7,3,7,5,7,5,1,1,1,5,1,6,2,1,5,5,6,7,7,1,7,7,7,7,1,1,1,1,1,5,1,1,3,4,1,6,6,1,1,1,5,1,5,1,4,3,3,2,5,3,5,1,5,2,2,1,6,5,6,5,3,4,3,3,4,5,5,3,5,5,5,5,5,3,5,6,5,6,4,3,3,1,5,5,1,7,2,6,4,5
R_8VOWJd78UiQ51Ev,4,3,3,3,4,4,1,5,4,2,6,5,4,4,6,1,4,5,4,3,6,5,3,4,3,5,4,3,3,3,4,3,4,4,4,4,3,4,3,2,3,4,4,3,4,4,3,4,3,4,3,3,3,2,3,2,3,4,2,3,3,3,3,3,3,3,3,4,3,3,3,3,3,3,3,5,4,3,4,4,3,3,3,3,3,4,2,4,3,4,3,3,4,3,4,4,4,3,3,4,3,3,3,4,4,3,3,3,4,3,3,4,4,4,4,3,4,3,4,3,3,3,3,4,3,3,2,3,3,3,2,2,2,3,3,3,2,2,2,3,2,3,2,2,1,1,1,1,1,2,3,2,1,1,1,1,2,2,1,1,1,1,1,1,1,2,2,2,2,3,3
R_8Ce9vN25wVJhoWb,1,4,1,1,7,1,1,3,1,1,3,1,7,1,2,3,1,7,7,4,5,3,3,3,5,3,4,4,3,7,6,4,5,5,3,5,5,5,7,7,3,1,5,7,7,7,7,4,7,7,7,7,6,7,5,5,4,6,6,6,6,4,6,4,5,5,5,4,5,5,4,7,3,4,5,4,4,5,4,7,5,2,6,6,5,1,3,5,4,1,3,4,4,4,6,7,4,4,5,4,3,7,5,4,4,3,2,4,1,1,3,4,5,2,1,2,3,3,1,4,4,5,3,4,5,5,3,4,4,4,3,1,4,4,3,2,4,5,4,2,4,4,6,4,2,4,4,4,4,4,3,2,3,4,3,5,4,3,4,4,4,4,2,5,3,2,4,3,2,4,2
R_2BhDzitS7YaBJOr,2,2,2,4,7,2,2,2,2,2,4,2,6,2,6,6,4,7,3,3,3,3,4,3,3,4,4,4,3,3,4,4,4,5,4,4,3,4,5,3,5,2,5,4,4,4,6,2,4,4,6,6,6,4,2,2,3,2,3,1,2,2,2,2,2,1,3,3,4,3,2,1,7,5,3,5,4,5,7,7,7,7,7,7,1,5,1,2,3,1,7,2,1,6,1,7,7,4,7,6,4,5,1,2,1,1,1,1,3,4,3,5,4,3,3,3,4,2,2,3,4,2,4,2,4,5,5,3,4,6,3,6,2,2,2,2,2,5,4,3,5,5,6,6,4,4,5,5,4,5,3,3,3,4,5,5,5,4,5,3,4,6,4,5,5,2,5,3,4,3,1
R_2dRxGd0L05pRru2,3,4,3,3,3,3,3,3,3,3,3,3,4,2,3,5,7,7,7,7,7,7,7,7,7,7,7,7,7,7,7,7,7,7,7,7,4,5,5,5,5,5,5,5,5,5,5,5,5,5,5,5,5,5,3,3,3,3,3,3,3,3,3,3,3,3,3,3,3,3,3,3,6,6,6,6,6,6,6,6,6,6,6,6,6,6,6,6,6,6,5,2,2,3,5,3,2,3,2,2,2,2,2,2,2,2,2,2,1,2,1,1,1,1,1,1,1,1,1,1,1,1,2,1,1,1,2,2,2,2,2,2,2,2,2,2,2,2,2,2,2,2,2,2,4,4,4,4,4,4,4,4,4,4,4,4,4,4,4,4,4,4,1,1,1,4,3,6,4,5,6
R_27kYn9rw2M1K1TZ,4,5,3,6,5,5,2,4,3,2,3,2,7,5,7,7,7,7,7,7,7,7,6,6,6,7,7,6,6,6,7,7,7,7,6,6,5,7,7,7,7,5,6,7,7,6,7,5,7,7,7,7,7,5,3,4,4,4,5,3,3,5,4,4,5,3,3,5,4,5,4,3,5,5,5,4,2,3,4,4,4,4,5,5,3,3,3,3,3,3,6,1,1,1,1,6,1,1,1,1,1,5,2,1,1,1,1,5,1,1,2,4,4,4,1,2,2,2,1,3,1,2,2,2,2,4,6,3,3,3,4,6,5,2,3,3,3,5,3,2,2,2,1,5,3,2,2,2,3,4,3,2,2,2,2,4,2,2,2,2,2,4,2,2,2,4,3,2,3,4,2
R_2rCvUY2MBMwxjkR,7,7,6,7,6,1,2,4,4,2,7,6,7,2,7,6,7,7,4,6,6,4,6,7,7,7,6,6,7,7,6,7,3,7,5,6,7,7,6,7,4,2,7,4,7,3,7,7,7,7,5,7,6,7,2,1,2,2,2,1,2,3,2,2,2,2,2,2,4,4,1,4,7,3,7,5,4,7,7,7,7,3,7,7,2,7,2,2,3,2,1,2,1,4,2,7,2,1,1,2,1,1,5,2,5,1,3,1,1,1,1,1,1,1,1,1,1,1,1,1,1,1,1,1,1,1,2,3,3,2,3,4,1,2,4,2,1,3,1,3,2,1,4,1,3,4,4,3,5,6,3,4,3,3,3,4,5,6,5,4,3,5,6,7,7,7,7,2,3,3,2
R_8frgw5TpdykWeti,7,7,7,6,7,4,6,7,6,6,7,7,7,6,7,7,7,7,7,7,5,3,7,5,6,7,6,4,5,5,7,7,7,5,6,5,7,7,7,7,7,2,5,7,7,7,7,5,7,7,7,7,7,7,1,1,1,1,1,1,1,1,1,1,1,1,1,1,1,1,1,1,7,6,7,7,7,7,7,7,7,7,7,7,7,7,6,6,6,6,6,1,3,2,5,7,2,1,7,1,1,6,1,1,1,1,1,1,7,3,1,7,7,7,1,1,7,1,1,2,7,1,1,1,7,7,7,1,2,7,7,1,1,1,1,2,7,2,7,7,7,7,7,7,2,1,1,3,5,2,6,1,6,2,6,2,2,1,2,3,5,5,5,6,7,7,7,4,3,3,4
R_8NzHK62yCuClsM9,2,3,7,2,2,2,1,2,3,1,2,2,7,1,7,5,6,7,7,7,7,7,7,7,7,7,7,7,7,7,7,7,7,7,7,7,5,5,4,5,6,4,2,2,2,2,6,2,7,2,7,6,5,7,4,3,3,3,3,3,3,3,3,3,4,3,3,3,4,4,3,5,7,6,4,6,7,6,7,7,7,7,4,7,2,7,2,2,2,1,3,3,4,2,2,6,5,6,5,5,3,7,1,2,3,1,1,4,1,1,1,1,1,1,1,1,1,1,1,1,1,1,1,1,1,1,4,2,4,6,5,6,1,1,1,2,1,1,1,1,1,1,4,1,1,1,1,1,1,1,1,1,1,1,1,1,1,1,1,1,1,1,1,5,7,1,4,1,2,4,2
R_2yrsGDkZ4g1kGVs,3,4,4,4,5,2,2,3,4,2,5,2,6,6,6,6,6,7,5,6,4,5,4,4,6,5,6,6,5,5,4,6,6,6,5,5,4,5,4,5,5,4,5,4,4,5,4,3,5,4,4,5,5,3,4,5,4,4,3,5,3,4,3,3,5,3,3,4,4,4,5,3,6,6,6,5,5,6,6,5,6,5,5,4,4,6,4,4,6,5,4,3,4,5,4,5,3,5,6,5,4,3,5,5,3,5,6,4,3,4,3,3,4,4,2,3,4,2,3,3,2,3,3,2,2,4,3,4,3,4,4,3,2,3,3,3,3,4,3,3,3,3,3,4,2,3,4,3,3,1,2,2,2,2,3,2,3,3,2,2,3,3,4,3,4,2,5,4,3,4,4
R_8CrWvlFFgfcdsn4,2,7,7,1,7,1,3,3,7,1,1,1,1,1,3,1,5,5,3,3,7,4,3,3,4,3,5,4,7,7,3,2,5,4,7,3,4,7,6,7,7,1,7,4,6,3,1,1,4,3,5,5,3,7,1,1,1,1,1,1,1,1,1,1,1,1,1,1,1,1,1,1,5,5,3,2,1,7,7,6,6,7,7,7,2,3,3,1,4,1,1,1,7,1,1,7,1,1,7,1,7,7,1,2,1,1,1,1,1,1,1,6,7,7,1,1,4,1,1,5,1,1,5,1,4,7,5,7,3,5,7,7,1,4,3,5,7,7,4,7,1,4,2,7,5,4,3,4,5,6,4,3,2,3,4,3,4,6,3,6,5,5,4,4,4,1,3,3,4,6,1
R_29goJlQzzZ3kTbD,3,6,4,4,3,1,3,5,2,3,4,5,7,4,7,6,5,7,6,5,6,6,6,5,7,7,7,6,7,7,3,7,7,5,7,5,6,6,6,6,4,2,6,5,6,5,7,5,7,6,7,7,6,7,1,1,1,1,1,1,1,1,1,1,1,1,4,2,4,4,2,6,7,4,7,7,7,7,7,7,7,7,4,7,4,7,1,2,2,1,7,1,5,3,3,7,5,3,6,6,5,3,2,5,2,2,1,1,6,6,6,6,7,7,1,1,1,1,1,1,7,6,7,1,7,6,1,1,2,2,2,1,2,1,1,2,2,1,3,2,2,2,1,5,4,4,2,4,5,3,2,2,3,2,3,4,5,2,5,2,2,5,6,4,4,5,5,4,6,5,4
R_89fMIXU2pakjMK5,5,7,6,4,6,4,4,4,5,4,6,4,7,5,7,6,7,7,7,7,5,6,7,7,6,6,7,6,7,7,6,6,6,6,6,7,7,7,5,7,7,4,7,7,6,7,7,4,7,7,7,7,7,7,3,4,2,3,5,4,3,3,3,3,3,2,5,4,5,4,4,4,6,3,6,5,4,6,6,6,6,6,6,6,1,5,2,1,1,1,4,3,5,4,2,6,3,4,4,3,3,3,6,4,7,6,4,7,1,2,4,2,2,2,2,4,2,2,2,3,5,2,4,3,2,2,1,3,4,3,2,2,3,2,2,2,1,3,2,3,4,4,3,2,1,2,4,2,4,2,2,2,2,2,4,3,4,2,4,4,4,2,2,6,4,3,6,4,4,5,4
R_8VfiiOehb1lStqh,2,5,6,4,3,4,1,1,2,2,3,1,6,4,5,5,6,7,4,6,5,3,4,3,5,6,6,6,6,6,3,6,4,4,6,3,7,6,3,5,6,4,4,4,4,4,5,2,7,5,6,7,6,6,4,5,3,4,5,3,4,3,5,4,5,2,3,4,3,4,5,3,2,5,3,3,3,3,4,2,3,3,6,2,1,1,1,1,2,1,7,7,7,7,7,7,7,7,7,7,7,7,7,7,6,7,7,7,6,3,3,3,4,3,1,1,1,1,2,1,7,6,7,6,7,6,3,2,5,2,4,3,4,3,4,5,3,5,2,3,3,3,2,3,5,4,5,5,6,4,5,6,6,4,5,6,6,5,6,4,2,3,2,3,3,5,4,4,3,6,4
R_8fPkWcbfQNwqOmN,3,5,4,2,1,1,1,2,1,2,3,1,6,1,5,6,5,7,5,4,4,3,3,3,4,4,3,4,5,5,5,3,4,6,5,5,5,7,5,4,3,4,3,6,5,4,7,3,7,7,7,7,7,6,2,3,1,1,1,1,2,3,2,3,4,1,4,2,3,5,3,4,6,6,6,7,7,7,6,6,5,6,3,5,3,4,4,3,4,1,5,3,3,6,7,7,5,3,6,4,3,6,5,5,4,1,2,4,6,4,5,6,6,4,6,5,6,6,5,6,2,4,3,1,4,4,1,2,4,1,5,1,1,1,2,1,3,4,2,2,1,2,4,2,4,3,5,4,4,4,4,4,4,3,3,3,3,4,3,2,3,4,4,5,4,1,6,2,2,2,2
R_2D2YmnU7RvYuTBf,7,7,6,7,7,7,6,6,7,4,7,6,7,7,7,7,7,7,7,7,7,7,6,7,7,7,7,7,7,7,7,7,7,7,7,7,7,7,7,7,7,7,7,7,7,7,7,6,7,7,7,7,7,7,2,2,2,2,2,2,2,2,2,2,2,2,2,2,2,2,2,2,4,4,4,4,4,4,4,4,4,4,4,4,4,4,4,4,4,4,4,3,4,4,7,5,4,4,4,4,4,4,4,4,4,4,4,4,5,5,4,4,6,4,4,3,4,2,3,3,3,3,3,3,3,4,5,4,4,4,7,4,4,4,4,4,4,4,4,4,4,4,4,5,1,1,1,1,1,1,1,1,1,1,1,1,1,1,1,1,1,1,1,1,2,4,5,6,3,4,2
R_8OVxI6C4Bbk1M10,4,4,1,4,4,3,4,4,1,1,1,1,3,1,3,4,1,4,6,6,6,6,1,6,7,6,6,6,4,4,4,6,6,4,5,4,2,7,5,7,4,1,7,3,3,7,7,2,7,7,7,7,7,7,1,1,1,1,1,1,1,1,1,1,1,1,1,1,1,1,1,1,7,5,7,4,4,7,7,7,7,7,4,7,5,7,5,4,4,2,7,7,7,1,1,7,4,7,7,7,4,7,4,7,2,1,4,1,7,7,5,6,7,1,4,1,1,4,7,5,7,1,6,7,7,7,1,2,1,2,2,1,1,1,1,2,2,2,2,2,2,2,2,2,4,4,4,4,6,5,5,4,4,4,4,4,4,4,4,4,4,5,4,6,7,5,6,4,4,3,4
R_8lJmql63MvTi6WE,2,6,3,5,6,3,5,3,2,1,4,3,6,2,7,6,6,6,5,7,5,5,5,5,7,7,5,6,6,6,7,6,5,5,6,6,7,7,7,7,7,3,6,6,6,7,7,7,6,6,7,7,7,6,2,2,1,1,1,1,2,1,2,1,1,1,2,2,2,2,2,2,6,4,1,7,2,6,5,7,4,4,2,6,3,7,5,4,1,4,2,4,3,3,3,4,2,3,3,3,4,4,4,3,5,3,3,3,3,3,2,2,2,3,3,2,2,2,3,2,3,2,2,2,1,1,2,1,1,1,2,2,2,1,1,1,1,2,1,1,1,1,1,1,2,1,1,2,2,2,2,1,2,1,1,1,1,1,2,1,1,3,1,3,2,3,7,4,3,6,4
R_8qgqgVEsw8HCKvX,7,7,7,7,7,7,7,7,7,7,7,7,7,7,7,7,7,7,4,4,4,4,4,4,4,4,4,4,5,5,5,5,5,5,5,5,7,7,7,7,7,7,7,7,7,7,7,7,7,7,7,7,7,7,2,2,3,3,3,3,3,3,3,3,3,3,3,3,3,3,3,3,6,6,3,6,2,5,4,4,2,6,2,4,6,6,3,1,6,3,4,4,3,4,4,4,4,4,4,4,4,4,3,4,4,4,1,4,6,5,5,6,5,6,6,6,6,6,6,5,5,5,5,6,5,6,5,4,5,5,5,5,4,5,5,4,5,5,5,5,5,4,4,5,6,6,6,6,6,6,5,4,5,4,6,6,6,6,6,6,6,6,4,6,7,3,4,3,1,4,1
R_2QKINdnpyDClW8c,1,7,7,7,7,7,1,4,6,7,6,5,7,1,7,7,7,7,6,6,6,6,6,6,6,6,6,6,6,6,6,6,6,6,6,6,4,4,4,4,4,4,4,4,4,4,4,4,4,4,4,4,4,4,1,1,1,1,1,1,1,1,1,1,1,1,1,1,1,1,1,1,7,7,7,7,7,7,7,7,7,7,7,7,7,7,7,7,7,7,5,6,6,6,6,6,6,6,6,6,6,6,6,6,6,6,4,6,4,4,4,4,4,4,4,4,4,4,4,4,4,4,4,4,4,4,2,2,2,2,2,2,2,2,2,2,2,2,2,2,2,2,2,2,3,3,5,3,3,3,2,3,5,2,3,5,3,5,3,3,5,5,6,5,4,1,7,1,1,1,1
R_86ElCiZJTqTwGTD,7,7,1,1,7,1,2,1,3,1,5,3,7,7,7,7,7,7,7,6,2,6,6,6,7,6,7,7,6,6,5,7,3,6,7,5,7,7,7,6,7,7,7,7,6,6,6,7,7,7,7,7,7,7,1,1,2,1,1,1,1,1,1,1,1,2,1,1,1,2,1,1,1,1,2,2,1,2,1,1,2,1,2,1,3,1,2,2,1,2,1,1,5,1,2,2,1,1,5,1,2,6,3,1,1,1,2,1,5,6,1,6,1,2,2,5,3,2,2,2,2,6,1,6,2,2,7,6,7,6,7,7,3,6,7,1,7,2,6,6,6,7,7,2,7,7,7,7,7,7,7,6,7,7,7,7,7,7,7,7,7,7,5,5,7,7,7,7,7,7,7
R_8WwZe0ddEkoyIP0,3,5,3,5,5,6,3,3,1,2,4,1,6,4,7,7,5,7,6,6,4,4,5,6,5,5,4,3,4,5,6,6,6,5,5,3,4,5,3,5,6,4,4,4,5,3,4,2,6,4,6,7,6,6,4,4,2,4,3,3,3,2,1,2,5,1,5,3,5,6,4,4,7,6,6,4,4,5,7,6,7,7,6,7,3,3,3,2,3,2,6,6,6,4,5,6,3,3,5,3,5,7,4,4,4,3,5,7,4,7,3,6,7,6,3,4,2,1,1,2,5,5,4,4,2,7,4,2,2,4,6,5,3,1,4,2,4,5,2,2,1,2,1,5,4,5,5,4,6,4,3,4,5,4,4,5,2,3,3,3,3,6,3,5,4,5,7,3,4,6,4
R_8A45bYuqJp9ZGpj,2,5,1,6,4,7,1,1,1,1,6,1,4,5,2,4,5,6,7,7,6,7,5,6,6,6,6,6,6,6,5,4,5,7,5,6,6,7,3,6,5,4,5,4,5,6,7,6,5,6,5,7,5,6,3,2,2,2,2,2,2,2,2,2,3,2,1,2,3,3,1,1,7,4,4,3,2,3,7,7,7,7,4,5,2,4,2,3,5,7,2,3,5,3,2,4,1,4,4,4,3,7,3,2,6,3,1,5,3,3,2,3,5,3,2,2,2,3,3,3,4,1,4,3,3,3,2,3,1,2,4,2,3,2,3,3,2,3,3,3,3,2,2,3,2,2,1,1,4,3,4,3,3,2,2,4,3,3,2,1,3,3,3,2,3,3,6,3,5,4,5
R_8Tn7Mu9McWuViy5,6,7,7,5,5,7,1,1,2,2,6,1,7,6,7,7,7,7,7,6,6,5,5,7,5,7,5,5,6,6,6,6,5,5,6,4,1,3,7,5,7,1,4,3,1,2,5,3,4,5,7,6,7,3,1,2,5,3,1,1,1,2,1,1,4,2,2,1,3,2,5,3,3,3,2,3,2,3,3,2,6,2,4,3,6,2,2,5,1,5,7,4,1,1,6,7,2,6,7,4,7,2,1,6,1,3,1,4,5,3,1,4,4,3,1,3,1,1,1,3,3,3,2,3,5,7,4,5,3,1,5,4,2,3,4,2,3,3,1,3,2,2,2,7,3,2,2,1,2,2,1,5,1,2,1,2,2,5,2,2,4,6,3,4,5,3,7,2,4,4,2
R_21gD7ftR4hTlbWO,2,6,2,5,6,6,2,2,3,3,6,2,6,2,6,6,6,5,7,4,6,3,3,3,5,4,5,3,5,6,3,2,5,6,3,2,4,6,3,5,4,6,6,3,2,2,4,2,6,2,5,6,6,6,2,3,1,2,3,2,2,2,3,2,2,2,3,2,2,2,5,5,6,2,6,6,3,4,6,6,5,6,6,6,2,7,2,2,2,2,3,2,5,4,6,6,4,6,6,6,5,6,2,6,5,3,2,2,1,2,4,4,5,3,1,4,2,2,2,2,2,2,2,2,2,5,5,6,5,5,5,2,4,2,4,2,3,4,2,6,3,3,4,6,2,2,2,5,4,5,3,4,4,2,2,4,2,5,3,2,2,5,4,5,5,3,5,3,3,6,2
R_2KxLoxAc9s5rFnA,1,5,1,1,5,4,1,1,1,1,2,2,3,1,3,2,7,7,4,4,4,4,6,6,6,4,6,4,6,4,4,4,4,4,6,4,5,5,3,5,5,5,4,4,5,5,7,5,5,5,5,7,5,7,1,1,1,1,1,1,1,1,1,1,1,1,1,1,1,1,1,1,7,4,7,7,5,7,7,7,7,7,7,7,3,7,7,6,1,1,7,7,7,5,5,7,7,7,7,7,4,4,4,7,7,4,2,2,1,1,1,1,1,1,1,1,1,1,1,1,1,1,1,1,1,1,7,7,7,7,7,7,7,7,7,7,7,7,7,7,7,7,7,7,3,3,2,3,3,2,3,3,3,2,3,2,3,3,3,3,3,3,3,5,5,1,7,1,7,1,1
R_2cYTvOt7828tgtX,7,7,7,4,1,1,1,1,1,1,7,1,7,7,7,7,7,7,7,7,7,7,7,7,7,7,7,7,7,7,7,7,7,7,7,7,6,3,7,7,7,7,7,7,7,6,6,1,7,7,7,7,7,7,2,1,1,3,1,2,1,1,1,2,1,1,1,2,1,1,2,1,6,4,6,1,7,1,7,7,7,7,1,7,2,1,1,1,1,1,7,7,6,7,7,5,7,6,7,7,7,7,7,7,7,6,6,7,4,5,4,3,5,4,4,3,5,4,4,4,4,4,5,4,4,4,7,1,1,2,3,4,1,7,1,1,1,3,2,1,2,1,2,1,3,2,1,5,6,1,3,3,2,4,4,2,5,2,5,3,3,1,4,6,5,5,6,5,4,5,6
R_802ndN1LwUtgGj4,4,3,2,2,3,3,3,3,3,3,2,2,5,1,7,6,7,7,5,5,7,6,4,7,5,6,5,5,7,6,5,4,4,7,7,3,3,5,4,3,4,1,1,3,1,3,5,2,3,6,5,6,6,3,5,4,2,2,1,1,4,2,1,1,1,1,3,2,3,4,2,3,6,5,4,4,7,6,7,7,7,7,5,5,2,6,2,1,3,4,4,3,4,3,5,5,5,7,6,5,7,7,4,3,4,5,1,4,1,4,3,3,7,1,2,2,3,1,1,1,1,2,3,2,3,6,2,3,4,4,7,3,2,2,3,2,1,3,2,3,3,2,3,6,1,4,5,1,6,2,3,1,2,2,2,3,3,2,3,2,3,7,3,4,4,2,7,4,5,3,6
R_2xVIqI5jlGd8KBe,5,7,7,4,7,3,2,3,7,2,7,2,7,1,7,7,7,7,7,7,7,7,7,6,7,7,7,7,7,7,7,7,7,7,7,7,2,5,7,4,7,2,5,2,4,3,7,2,7,2,7,7,7,7,1,1,1,1,1,1,1,1,1,1,1,1,1,1,1,1,1,1,6,6,1,1,4,6,6,6,4,6,2,6,1,7,1,1,2,1,6,6,6,3,2,7,5,6,6,2,1,6,1,6,1,1,1,1,1,1,1,1,1,1,1,1,1,1,1,1,1,1,1,1,1,1,5,3,1,2,1,4,3,5,5,3,1,5,1,5,1,1,2,1,2,2,1,3,3,2,2,2,2,2,3,4,1,3,1,2,1,3,2,4,5,1,5,2,1,2,1
R_8G0KzqBsIIIjZBx,4,7,6,6,5,3,2,3,2,5,4,2,6,3,7,7,6,7,7,7,7,7,7,7,7,7,5,5,7,7,7,7,7,7,7,7,3,5,5,5,5,3,3,4,4,3,5,3,7,4,7,7,7,7,1,3,3,2,2,2,2,3,2,2,3,2,2,3,3,3,5,4,3,4,3,3,2,4,4,4,3,3,2,4,3,2,3,2,2,2,6,4,3,5,4,5,4,5,5,4,7,6,6,6,4,5,3,3,2,2,3,4,2,2,2,2,1,2,1,1,4,3,4,4,2,6,1,2,3,4,3,2,2,3,2,3,2,2,2,2,3,4,2,5,4,5,3,3,3,4,4,5,4,6,3,6,6,4,5,6,3,5,2,5,4,1,5,1,2,1,1
R_2O1SQMBNIfCTH9C,2,2,2,2,5,2,2,2,2,2,2,2,4,2,4,5,2,5,7,7,7,7,7,7,7,7,7,7,7,7,7,7,7,7,7,6,5,4,5,5,5,4,5,5,5,5,5,3,5,5,5,5,5,5,3,3,3,3,3,3,3,3,3,4,3,3,3,3,3,4,3,3,6,6,6,6,6,6,6,6,6,6,6,6,6,6,4,6,6,6,4,2,2,2,3,3,2,3,3,2,2,3,6,2,2,2,2,2,1,1,1,1,1,1,1,1,1,1,1,1,1,1,1,1,1,1,1,1,1,1,1,1,1,1,1,1,1,1,1,1,1,1,1,1,2,2,2,2,3,2,3,2,2,2,2,2,2,2,2,2,2,2,4,3,3,6,6,5,4,6,6
R_23rMRdLMKqWXzg6,5,5,6,2,2,5,7,6,7,4,4,6,4,6,4,6,7,4,6,4,7,6,5,6,6,4,7,5,7,6,4,4,7,3,4,7,4,4,6,7,6,7,4,6,3,6,7,5,4,6,7,7,7,4,3,4,6,6,7,7,7,6,6,6,5,5,7,6,7,7,5,3,6,3,6,4,6,7,6,6,7,4,3,6,7,4,6,4,7,7,6,4,6,5,5,7,5,4,7,2,4,7,6,4,6,7,3,7,6,6,4,6,3,7,6,6,6,5,7,7,5,3,5,7,4,7,7,5,4,4,3,6,6,4,7,4,6,7,7,3,3,7,7,6,5,5,5,7,7,7,7,6,4,4,5,6,2,7,7,3,3,7,5,6,4,4,7,5,6,7,6
R_8SC98JNjbyvhRmb,7,7,4,5,7,4,7,4,3,3,4,5,7,7,6,6,7,7,3,3,4,5,4,3,2,3,2,5,3,3,5,5,5,5,6,5,5,2,2,3,3,6,2,3,3,3,5,6,5,5,6,5,6,6,4,5,3,5,5,4,5,4,3,4,3,4,5,5,3,7,3,6,4,2,3,4,4,4,4,2,4,5,4,4,6,5,2,4,4,5,5,3,3,5,6,4,4,3,6,5,4,3,6,4,6,4,5,7,3,5,2,4,4,3,4,4,4,4,3,4,5,5,4,4,4,5,3,5,3,4,5,1,5,3,4,4,3,3,4,6,5,6,4,5,1,1,1,1,1,1,1,1,1,1,1,1,1,1,1,1,1,1,5,5,5,2,2,1,2,2,1
R_814Na6DHDYuusMB,1,3,3,3,4,2,1,1,1,1,1,1,5,2,2,5,3,7,7,7,7,7,7,7,7,7,7,7,7,7,7,7,7,7,7,7,3,5,7,4,6,3,4,5,5,4,7,3,7,6,7,7,7,5,1,2,1,2,2,1,2,1,1,1,3,1,3,1,4,3,2,4,7,7,7,7,7,6,7,7,7,7,5,7,3,7,4,2,4,4,2,2,2,2,2,6,3,3,3,4,2,4,1,2,1,2,1,4,3,4,6,3,3,5,3,3,1,4,3,1,6,2,3,1,2,5,5,3,2,4,2,3,4,4,6,3,2,6,2,3,2,2,1,6,2,2,1,2,1,2,2,2,2,2,1,3,1,2,2,2,1,3,4,3,3,3,5,2,1,2,1
R_2LjMY0o0J8qvaty,2,3,3,5,5,3,3,2,3,2,3,3,5,2,5,3,2,7,6,5,5,4,4,3,5,5,5,5,5,5,5,5,4,5,5,5,4,5,6,5,7,5,5,5,5,5,5,5,4,6,4,4,6,5,2,2,3,3,2,3,4,3,2,2,3,2,3,3,2,3,4,3,4,3,3,3,2,3,3,3,3,3,3,2,3,3,3,3,2,2,6,4,5,4,6,3,3,5,5,4,5,5,6,3,6,3,2,2,5,5,5,5,3,5,3,5,4,3,5,3,3,5,5,3,5,3,5,5,5,5,5,5,6,5,5,5,5,5,5,5,4,5,5,5,4,5,4,4,3,5,6,3,4,3,3,5,5,4,4,4,4,5,5,5,5,2,5,3,3,2,2
R_2zvbsFBs7z2TxK1,3,6,5,4,6,5,5,5,5,4,5,4,7,7,6,4,6,7,6,6,7,6,6,6,7,7,6,6,6,6,6,7,6,6,6,6,4,4,4,4,7,3,6,5,4,4,6,5,6,6,6,6,6,6,2,2,2,2,2,2,2,2,2,1,2,1,2,2,2,2,2,2,7,7,7,7,7,7,7,7,7,7,7,7,5,5,5,5,5,5,7,6,6,6,6,6,6,6,5,6,6,5,4,4,4,4,4,4,6,6,6,5,6,6,6,6,6,6,6,6,6,5,6,6,5,6,3,4,4,4,4,3,4,3,4,4,3,4,3,3,3,3,4,4,2,2,2,2,2,3,2,2,3,2,2,2,4,4,4,4,2,4,4,5,5,4,4,2,7,1,2
R_8DAXstnCtUTY4vL,5,6,3,6,3,7,2,3,2,1,7,6,7,2,7,3,7,7,7,7,7,3,3,7,4,5,4,6,4,3,7,6,4,5,6,4,3,3,3,4,2,2,3,4,4,3,7,1,7,5,5,4,7,3,1,1,4,1,1,1,2,4,1,3,3,1,5,3,4,2,4,3,7,2,7,7,1,2,7,6,4,5,2,6,1,3,1,1,2,5,7,7,6,1,7,7,6,5,5,3,4,7,1,4,1,2,1,3,3,5,4,3,5,4,1,2,3,1,1,2,1,2,1,1,1,1,1,2,4,7,7,7,5,2,5,1,4,7,5,3,2,2,1,3,3,5,3,5,6,3,2,2,2,4,3,5,1,4,5,2,2,1,2,5,4,5,4,3,5,3,1
R_24duZD7HkUatI1P,1,2,2,3,3,3,2,3,2,1,2,2,6,6,6,6,6,6,6,5,6,5,4,5,6,5,6,6,6,6,5,6,6,5,6,5,3,2,2,3,4,5,3,3,3,3,3,3,5,6,6,6,5,6,1,2,2,2,2,2,1,2,2,1,2,2,1,2,2,1,1,4,6,7,6,6,5,7,7,7,5,6,6,6,2,2,6,2,2,2,4,6,6,6,5,6,4,6,6,3,3,7,3,6,6,3,3,5,3,3,3,3,6,3,3,4,4,2,3,3,6,5,5,5,5,6,2,2,2,5,7,3,5,4,2,2,3,2,5,5,3,5,5,5,3,3,3,3,6,3,3,3,2,3,5,3,4,4,3,5,6,5,6,5,5,7,6,5,5,5,5
R_8hGAZYhc9Ww8riQ,5,6,5,6,6,5,5,4,4,2,5,3,5,5,6,4,6,4,7,6,6,5,6,5,5,3,7,6,6,7,4,5,6,6,6,5,2,1,1,2,1,1,2,1,3,1,3,4,3,5,4,1,3,1,1,2,2,1,1,1,1,1,1,2,1,1,2,1,2,2,2,2,6,6,7,7,7,7,6,6,7,6,7,7,6,6,7,7,6,5,6,6,7,6,6,6,7,7,6,7,3,7,6,4,3,7,5,6,4,7,2,5,7,2,2,2,2,2,2,3,4,3,2,2,3,4,6,7,3,7,6,7,6,6,4,6,6,7,6,2,1,5,6,4,3,2,4,5,6,7,3,3,4,2,6,7,2,2,2,7,6,4,3,5,4,7,7,7,6,6,6
R_2xA8Bl5MlilJmT0,5,7,7,7,7,4,5,4,6,6,7,6,7,6,7,7,7,7,6,5,6,6,5,5,7,6,7,6,6,7,5,6,5,4,6,6,7,6,6,5,7,4,6,4,5,6,7,7,7,7,7,7,7,7,2,2,2,2,2,2,3,2,2,1,3,2,3,2,3,2,2,2,1,1,1,1,1,1,1,1,1,1,1,1,1,1,1,1,1,1,4,3,4,6,2,7,3,6,5,3,5,3,2,2,2,1,2,3,1,1,1,1,1,1,1,1,1,1,1,1,1,1,1,1,1,1,4,3,4,5,4,6,3,2,5,3,2,4,3,3,2,3,2,3,3,4,4,3,3,3,4,4,4,3,3,3,3,3,3,3,2,3,4,5,7,1,6,1,2,2,1
R_8G25Pfrh4fRXXxJ,1,4,4,3,5,6,1,1,4,1,5,1,4,3,5,4,2,3,6,6,6,6,5,7,5,6,4,5,5,4,5,6,6,3,6,6,5,4,6,6,6,4,5,6,4,1,5,1,6,5,6,6,7,5,1,2,3,1,1,2,2,1,1,1,3,1,3,2,3,2,2,2,5,3,3,3,3,3,2,4,3,5,4,2,4,2,3,3,4,5,4,4,4,3,3,5,4,5,4,3,4,6,3,2,3,3,3,4,4,5,4,5,5,6,1,3,4,5,5,3,5,4,5,3,6,7,4,6,3,3,5,6,4,3,5,4,4,4,3,5,5,4,4,5,5,5,5,5,4,1,6,2,5,4,3,5,4,4,5,4,4,5,6,4,5,3,2,1,4,4,3
R_8eJzOkTtFipiyUj,6,6,6,6,6,3,6,6,6,6,6,6,6,6,6,6,6,6,6,5,5,5,5,5,4,4,6,6,6,6,4,5,4,4,4,4,5,5,4,6,5,5,5,3,5,5,5,3,5,6,6,5,5,3,4,4,3,3,2,2,3,3,2,3,3,3,3,3,3,3,2,3,3,2,4,3,4,3,4,4,3,4,4,3,4,3,3,5,3,3,3,4,4,2,4,4,4,4,3,5,4,3,3,3,3,4,3,3,3,2,2,3,2,3,2,2,3,2,2,3,2,2,2,2,3,2,3,4,3,3,3,3,3,3,3,3,3,3,3,2,2,4,3,4,4,2,3,2,3,3,3,3,2,3,3,2,2,2,4,2,2,3,3,4,3,3,5,3,4,2,3
R_8ph6QnUCFUuUMHO,6,6,6,6,6,6,5,5,4,5,5,5,6,5,6,6,6,7,6,6,6,6,6,6,6,6,6,6,6,6,6,6,6,6,6,6,4,6,6,6,6,3,6,6,6,6,6,5,6,6,6,6,6,6,2,2,3,2,3,2,2,2,2,2,2,3,2,2,2,2,2,2,5,3,3,3,3,5,3,3,4,4,3,3,3,4,3,3,4,4,5,4,4,3,3,5,4,5,3,3,4,4,4,3,3,4,3,5,2,2,2,2,2,2,2,2,2,2,2,2,2,2,2,2,2,3,3,3,4,4,4,2,4,4,4,4,4,4,4,4,4,4,4,5,4,4,4,4,4,4,4,4,4,4,4,4,4,4,4,4,4,4,4,5,4,6,5,4,6,5,4
R_800Rth3EwLg2PvP,7,6,6,4,6,2,2,2,2,2,6,2,2,2,2,5,6,7,6,4,6,6,6,5,6,6,6,6,6,6,6,6,6,6,6,6,3,3,6,5,6,2,6,5,6,5,6,6,6,6,7,6,6,6,2,2,4,2,2,4,4,3,4,4,4,4,4,4,4,4,5,5,6,5,2,4,5,6,6,6,6,6,2,6,4,4,4,2,2,2,3,2,2,3,3,6,2,3,3,3,2,3,2,2,2,2,2,2,2,2,2,2,2,2,2,2,2,2,2,2,2,2,2,2,2,2,4,4,2,2,2,2,2,3,2,2,2,2,2,3,2,2,4,5,6,6,3,4,4,5,3,3,2,3,3,3,3,4,3,3,3,3,2,5,5,2,2,2,2,2,2
R_8qTZkDczfeYLnV3,1,1,7,7,7,7,1,1,1,1,1,1,7,7,7,7,7,7,6,5,4,5,5,4,7,7,6,6,7,7,5,5,5,5,5,4,4,7,3,7,7,4,4,4,4,4,7,3,7,7,7,7,7,7,1,1,1,1,1,1,1,1,1,1,1,1,1,1,1,1,1,1,4,6,2,4,4,6,6,6,6,6,6,6,1,1,1,1,1,1,2,6,6,2,2,7,6,6,6,6,3,6,6,6,5,6,5,7,6,2,6,6,2,6,1,1,2,2,1,2,6,6,6,6,6,6,1,1,1,3,5,1,1,1,1,1,1,1,6,6,6,6,6,6,1,3,5,5,5,5,1,1,1,1,1,2,4,4,4,5,5,4,1,3,2,5,7,5,4,7,5
R_2i7P7Ry6CKN7MWJ,4,6,5,4,6,3,4,4,4,6,4,3,7,6,7,7,6,7,3,3,4,3,3,3,4,4,4,4,4,4,3,3,3,3,3,3,7,7,7,7,7,7,7,7,7,7,7,7,7,7,7,7,7,7,1,1,1,1,1,1,1,1,1,1,1,1,1,1,1,1,1,1,7,4,2,2,6,5,3,3,4,3,3,2,1,3,1,1,3,1,4,4,5,4,4,6,4,4,5,3,4,5,4,3,5,4,3,6,4,3,3,3,5,5,1,3,1,1,4,2,6,5,5,6,4,5,1,1,1,1,1,1,1,1,1,1,1,1,1,1,1,1,1,1,4,4,4,4,4,4,4,4,4,4,4,4,4,4,4,4,4,4,3,5,5,2,3,2,5,4,2
R_2jdAWyLqO1X4H1j,5,6,6,6,6,6,5,5,6,4,6,5,7,5,7,7,7,7,7,7,7,7,7,7,7,7,7,7,7,7,7,7,7,7,7,7,6,7,7,7,6,7,6,6,6,6,7,6,7,7,7,7,7,7,5,3,4,5,3,2,4,4,3,4,3,3,4,4,4,4,5,3,1,1,1,1,1,3,1,1,1,1,1,1,1,1,1,1,1,1,1,1,1,1,2,2,1,1,1,1,2,2,1,1,2,1,1,2,1,1,1,1,1,1,1,1,1,1,1,1,1,1,1,1,1,1,5,5,3,3,3,2,3,3,2,3,5,3,4,3,4,4,3,5,2,2,2,2,2,2,2,2,2,2,2,2,2,2,2,2,2,2,1,4,2,2,2,2,3,5,1
R_2LHJh3ypQKiopEZ,6,5,7,5,5,4,4,6,4,6,5,6,6,5,6,5,6,6,6,5,4,6,4,5,6,6,6,6,7,7,6,6,5,6,6,6,3,5,6,4,4,2,4,6,5,4,7,6,5,6,7,7,6,7,1,1,1,1,1,1,1,1,1,1,1,1,1,1,1,1,1,1,6,6,4,4,4,7,6,6,6,7,6,7,1,1,1,1,1,1,6,5,4,4,6,6,5,4,4,5,4,6,5,4,6,2,2,3,1,1,1,1,1,1,1,1,1,1,1,1,1,1,2,1,1,1,1,1,2,2,2,1,2,2,2,2,1,2,3,3,2,2,2,3,2,3,3,4,3,3,3,3,3,3,3,3,4,4,4,4,3,4,2,4,4,2,4,4,5,3,4
R_24i6zAyU3fR6QxU,5,7,6,7,6,5,5,5,6,5,7,7,7,5,7,7,7,7,5,5,5,5,5,5,5,5,5,5,5,5,5,5,5,5,5,5,5,5,6,6,5,3,4,3,5,4,6,7,7,4,7,7,6,7,1,1,1,1,1,1,1,1,1,1,1,1,1,1,1,1,1,1,7,4,1,7,7,7,7,7,7,7,1,7,1,7,1,1,4,1,6,6,1,4,4,7,4,6,4,5,4,1,1,5,1,1,1,1,4,4,4,1,4,4,1,1,1,1,2,1,4,1,3,4,4,7,5,6,5,4,5,7,4,4,4,4,4,4,7,4,5,6,5,7,5,5,5,5,5,5,5,5,5,5,5,5,5,5,5,5,5,5,3,6,6,1,7,1,2,1,3
R_8f1IDdg3rHIDC3i,7,6,5,5,5,6,4,5,4,4,6,2,6,5,6,7,6,7,6,6,7,6,5,6,6,7,5,6,6,6,7,6,7,7,7,7,7,6,5,5,5,5,7,7,6,7,7,6,7,7,7,7,7,7,2,2,3,2,2,2,3,3,3,3,3,3,4,4,3,3,3,3,4,4,2,4,4,4,5,3,5,4,3,6,3,6,5,2,1,1,1,1,3,1,3,3,2,2,1,3,1,3,2,2,1,1,1,2,5,4,2,5,5,4,3,4,3,3,4,2,4,4,3,3,6,5,5,4,1,1,6,4,1,4,1,1,2,1,1,3,1,1,2,3,3,4,2,4,5,5,2,3,4,3,4,2,3,3,3,3,3,4,2,5,2,5,2,5,2,4,2
R_2EZlygimnf09eEY,1,4,1,4,4,4,1,1,1,1,1,1,4,1,7,1,4,7,7,7,7,7,7,7,7,7,7,7,7,7,7,7,7,7,7,7,2,3,3,3,3,2,3,3,3,3,3,3,4,2,3,2,3,3,2,2,2,2,2,2,2,2,2,2,2,2,2,2,2,2,2,2,1,1,1,1,1,1,1,1,1,1,1,1,1,1,1,1,1,1,7,6,3,6,3,6,4,4,3,4,2,3,3,3,3,3,3,2,3,4,4,4,4,3,4,4,4,4,4,4,4,4,4,4,4,4,2,2,2,2,2,2,3,2,3,3,2,3,3,3,2,2,2,2,3,3,3,3,3,3,3,3,3,3,3,3,3,3,3,3,3,3,4,7,7,1,1,1,1,1,1
R_2G6CQBTayXT5x3C,7,7,7,6,7,7,7,7,7,1,7,7,7,7,7,7,7,7,7,7,7,7,7,7,7,7,7,7,7,7,7,7,7,7,7,7,7,7,7,7,7,7,7,7,7,7,7,7,7,7,7,7,7,7,3,3,3,3,3,3,3,3,3,3,3,3,3,3,3,3,3,3,4,1,1,1,1,1,1,1,1,1,1,1,1,1,1,1,2,1,4,5,4,4,4,4,4,4,4,4,4,4,4,4,4,4,4,4,2,2,2,2,2,2,2,2,2,2,2,2,2,2,2,2,2,2,7,7,7,7,7,7,7,7,7,7,7,7,7,7,7,7,7,7,4,4,4,4,4,4,4,4,4,5,4,4,4,4,4,3,4,4,4,4,4,2,3,1,1,1,1
R_2gUv6btUMlJiKc0,3,6,3,3,2,2,3,3,4,4,6,3,7,3,7,6,7,7,7,7,7,7,7,7,7,7,7,7,7,7,7,7,7,7,7,7,4,4,7,4,5,3,7,4,4,7,7,4,7,4,7,7,7,7,1,1,1,1,1,1,1,1,1,1,1,1,1,1,1,1,1,1,3,4,6,6,3,3,7,4,7,6,4,7,1,1,1,1,1,1,3,3,5,3,1,3,3,5,5,3,3,5,5,3,5,5,2,3,1,1,1,1,4,1,1,1,1,1,1,1,4,1,1,1,1,4,4,4,2,4,4,2,2,5,4,2,2,2,2,2,2,2,2,5,2,2,2,2,5,4,2,4,2,2,2,4,2,2,2,2,2,5,4,4,4,5,6,3,4,3,2
R_2pcfLBDJa8DouF9,6,7,6,5,6,4,5,5,5,5,7,5,7,4,7,7,7,7,6,7,6,5,6,5,7,7,7,7,7,7,6,6,7,7,7,5,5,6,6,6,6,5,6,6,6,6,6,5,6,5,6,6,7,6,2,2,2,2,2,2,2,2,2,2,2,2,2,2,2,2,2,2,7,6,4,6,6,6,6,6,6,6,5,6,4,6,2,3,2,2,6,3,5,4,5,6,5,5,5,5,4,5,5,6,5,3,2,5,3,2,3,3,3,3,2,2,2,2,2,2,3,2,3,2,4,3,2,2,2,2,2,2,1,2,1,1,1,1,1,2,1,1,1,1,2,2,2,2,2,2,2,2,2,2,2,2,2,2,2,2,2,2,2,4,4,3,6,4,4,4,3
R_8CZPcCyd8a6svHC,1,2,1,2,1,1,2,1,2,1,1,1,5,6,5,3,7,7,7,5,5,5,5,5,7,7,7,7,5,7,7,5,5,7,7,5,5,7,5,3,5,1,6,5,5,5,4,7,5,5,7,7,7,5,5,6,5,6,5,3,6,7,5,7,4,5,5,5,7,7,7,5,6,4,5,7,7,7,7,7,7,7,6,7,6,6,7,7,1,1,1,5,5,2,6,5,4,3,5,4,3,4,4,6,5,5,1,3,4,5,4,4,5,5,5,4,5,3,5,4,5,5,4,4,4,2,3,4,4,3,5,2,5,5,4,4,5,5,3,6,4,5,4,6,1,4,3,5,5,5,4,4,4,4,5,5,4,4,5,4,5,3,2,3,5,5,4,7,5,7,7
R_80BtV000Bt8OzLj,7,7,7,7,7,7,7,7,7,7,7,7,7,7,7,7,7,7,3,3,3,4,3,3,3,3,3,3,3,2,4,3,3,3,3,3,7,6,6,6,6,6,6,6,6,6,7,7,7,7,7,7,7,7,1,1,1,1,1,1,1,1,1,1,1,1,1,1,1,1,1,1,2,2,2,2,2,2,2,7,7,3,3,7,1,1,1,2,1,1,4,5,7,5,5,5,5,5,7,7,5,7,5,4,4,4,4,5,6,6,1,7,3,7,4,5,4,5,3,4,3,5,6,3,3,4,7,6,3,7,5,5,1,3,3,5,3,4,1,3,5,4,3,2,5,6,4,5,4,6,4,4,4,4,3,4,3,3,4,3,4,3,1,4,4,3,7,2,3,1,1
R_8zSJpoM1AFfW8Q0,2,2,5,3,6,2,2,2,3,2,4,3,6,1,7,6,6,7,6,5,5,6,5,6,6,5,6,7,6,6,6,5,6,6,6,6,3,4,4,3,3,3,3,4,3,3,5,4,6,4,7,4,5,6,6,5,5,6,5,6,6,6,5,5,5,5,5,6,5,5,6,6,7,6,3,6,2,7,7,7,7,7,6,7,2,7,2,1,3,1,7,7,3,5,4,7,7,7,5,6,4,5,3,5,3,3,3,3,1,1,1,1,1,2,1,1,1,1,1,1,1,1,1,1,1,1,3,2,2,2,2,4,3,3,2,3,1,3,2,3,2,1,1,2,2,2,2,2,2,3,2,2,2,2,2,2,2,2,2,2,2,2,2,5,6,3,6,2,6,1,1
R_2i84tgwCEqNVIOx,4,4,4,4,3,4,4,4,4,4,4,4,4,4,4,5,5,6,7,7,7,7,5,7,7,7,7,7,7,7,7,7,7,7,7,5,7,7,7,7,7,7,7,7,7,7,7,7,7,7,7,7,7,7,1,1,1,1,1,1,1,1,1,1,1,1,1,1,1,1,1,1,4,4,4,4,4,4,4,4,4,4,4,4,4,4,4,5,4,3,4,4,4,4,4,7,4,4,4,3,4,4,4,4,4,4,4,4,4,3,5,3,5,4,4,4,3,4,3,4,4,4,4,4,4,5,1,1,1,1,1,1,1,1,1,1,1,1,1,1,1,1,1,3,3,2,2,2,4,2,2,2,2,2,2,2,2,2,2,2,2,4,2,4,4,2,7,2,2,2,2
R_2scMEFd15oKhivb,2,3,3,2,3,2,3,3,2,3,2,2,2,2,2,3,3,3,5,6,4,5,5,5,4,5,5,5,4,5,4,5,5,5,4,5,5,6,6,7,6,6,5,6,7,6,6,6,4,5,6,4,6,6,4,3,4,3,3,3,3,3,2,4,3,3,3,4,2,4,3,2,4,4,5,5,5,5,4,5,6,6,4,6,5,6,5,4,4,3,4,4,4,3,5,5,4,5,4,5,5,6,3,5,5,5,4,6,3,4,3,2,3,3,3,3,2,3,3,3,3,4,2,3,3,4,4,3,4,3,4,3,4,4,3,4,5,4,4,4,5,5,4,6,3,3,5,3,4,4,5,4,4,2,4,4,4,3,3,3,4,3,3,4,3,3,5,3,4,4,3
R_8wpELk7jP6f3OQJ,5,5,6,4,6,5,5,4,5,5,5,4,6,5,6,6,6,7,6,6,6,5,6,6,6,5,6,6,6,6,6,6,6,6,6,5,6,6,7,6,6,4,4,5,5,4,6,4,6,5,6,6,6,7,2,2,3,2,2,2,3,2,2,2,3,2,3,3,4,3,3,3,6,4,3,5,3,5,6,6,6,6,5,6,3,5,3,3,3,2,5,4,3,3,2,6,3,4,2,3,2,4,2,3,2,2,2,2,2,3,2,2,2,3,2,2,2,2,2,2,2,2,2,2,2,3,4,3,3,3,4,4,2,4,2,3,3,3,3,3,3,3,3,4,4,4,4,4,4,5,4,4,4,4,4,5,4,4,4,4,4,4,5,6,5,3,6,2,3,3,3
R_8SrYg72xaP8AB45,6,5,5,4,5,4,4,5,4,6,5,4,5,2,2,4,4,2,7,7,7,7,7,7,7,7,7,7,7,7,7,7,7,7,7,7,3,3,5,5,2,1,5,2,3,3,2,3,3,5,5,7,5,7,3,3,3,3,3,6,3,3,4,3,3,3,3,3,3,3,3,3,3,3,3,3,3,4,3,3,3,3,3,3,1,1,1,1,1,1,4,1,2,2,7,7,4,3,5,5,1,7,4,5,4,2,5,7,2,4,3,2,6,5,1,1,4,1,2,4,2,4,2,2,3,3,1,1,1,1,1,1,1,1,1,1,1,1,3,3,1,3,2,3,3,3,4,3,4,3,3,3,3,3,3,3,5,5,5,5,5,5,4,3,4,5,5,5,6,5,4
R_2nHc62xjscZqyJz,7,7,7,7,7,1,1,7,1,1,7,1,7,1,7,7,7,7,7,7,4,7,6,7,7,4,7,7,7,7,5,5,5,7,5,4,6,5,7,7,7,4,5,5,5,6,7,5,7,5,7,7,7,7,1,1,1,1,1,1,1,1,1,1,1,1,1,1,1,1,1,1,7,1,1,1,7,7,7,7,7,7,1,7,1,7,1,1,1,3,7,6,7,1,1,7,5,7,7,7,1,7,1,7,1,7,1,1,3,1,1,1,1,1,1,1,1,1,1,1,1,1,1,1,1,4,1,1,1,1,1,1,4,1,1,1,5,1,4,4,4,5,4,5,3,3,3,4,3,4,3,5,3,3,4,3,4,5,4,3,3,5,3,4,5,1,7,1,4,2,1
R_2WZOuQtSyt9aikN,2,5,4,2,4,2,1,2,2,1,2,2,7,4,6,6,6,6,5,5,4,3,4,4,5,4,5,5,4,4,6,4,5,5,4,6,5,4,5,5,6,5,5,5,4,5,5,4,5,6,4,6,4,4,5,4,3,4,4,3,4,4,5,4,2,5,4,5,2,4,5,4,5,2,4,5,4,3,6,5,6,5,5,5,2,2,2,2,2,2,4,4,4,4,4,4,4,4,4,3,4,4,4,4,4,4,4,5,4,5,4,4,4,4,5,5,5,6,5,3,4,4,4,4,4,5,5,3,4,4,4,3,5,4,4,4,3,5,4,5,3,3,4,5,4,4,4,4,4,4,4,4,4,4,4,4,4,4,4,4,4,4,5,6,5,4,5,6,4,5,5
R_2JK11H3VqWPsObf,3,4,3,1,5,1,1,1,1,1,3,1,4,4,5,4,5,4,7,7,6,7,7,7,7,6,6,7,7,7,7,7,7,6,7,7,7,6,4,5,7,4,6,6,5,4,7,5,7,6,6,7,7,6,7,7,6,6,7,4,4,3,4,4,7,6,6,7,6,5,7,7,7,7,7,7,7,7,7,7,7,7,7,7,5,5,4,5,4,5,1,4,5,4,2,6,6,6,6,4,1,4,3,5,2,1,2,2,1,1,1,2,1,2,1,2,1,1,1,1,2,1,1,1,2,1,1,2,2,3,2,3,2,3,3,3,1,2,1,1,2,1,1,1,2,2,3,3,2,2,2,2,2,2,2,2,2,2,2,2,2,2,2,4,2,7,7,6,7,7,6
R_2KImkgUnWfzrJfU,7,7,4,7,7,5,4,6,4,3,7,1,7,5,7,7,7,7,7,7,7,7,7,7,7,7,7,7,7,7,7,7,7,7,7,7,6,6,6,7,7,5,5,6,6,6,7,3,7,4,7,7,7,7,2,3,1,2,2,2,2,3,2,3,3,2,2,3,2,3,2,2,2,6,7,3,1,6,7,6,7,7,4,7,1,6,1,1,3,1,2,3,4,7,3,7,7,3,6,6,6,7,3,5,2,3,1,4,2,3,1,4,4,1,3,2,2,1,1,3,2,3,1,2,3,2,1,1,4,5,4,2,5,2,2,3,1,3,1,3,1,1,5,6,2,2,3,3,3,2,3,2,2,3,2,2,2,2,2,2,3,3,2,4,5,1,4,2,1,1,4
R_8J51sZSVjlWIRfX,1,2,2,2,5,5,1,2,2,1,2,2,7,7,7,7,7,7,7,7,7,7,7,7,7,7,7,7,7,7,7,7,7,7,7,7,5,5,6,5,6,6,5,6,6,6,6,6,7,7,7,7,7,7,2,2,2,2,2,1,2,2,2,2,2,2,3,3,3,3,3,2,7,7,7,7,7,7,7,7,7,7,7,7,7,7,7,7,7,7,3,3,3,3,3,5,3,3,3,3,3,4,3,3,3,4,3,4,2,6,2,2,6,6,2,2,2,2,2,6,6,6,6,6,6,6,1,1,1,1,4,1,1,1,3,2,1,1,1,1,1,1,1,1,2,2,2,2,2,2,2,2,2,2,2,2,2,2,2,2,2,2,2,4,4,5,6,2,2,4,1
R_8EFqUlRJVveIF22,1,1,1,7,4,1,1,4,1,1,5,1,7,4,7,7,7,7,4,4,4,4,4,4,4,4,4,4,4,4,4,4,4,4,4,4,7,7,7,7,7,7,7,7,7,7,7,7,7,7,7,7,7,7,4,4,4,4,4,4,4,4,4,4,4,4,4,4,4,4,4,4,7,1,7,4,7,7,7,7,7,7,7,7,1,4,1,1,1,1,1,1,1,1,1,7,1,7,7,7,1,7,1,1,1,1,1,1,4,4,4,4,4,4,4,4,4,4,4,4,4,4,4,4,4,4,4,4,4,4,4,5,4,4,4,4,4,4,4,4,4,4,4,4,4,4,4,4,4,4,4,4,4,4,4,4,4,4,4,4,4,4,4,4,4,1,1,1,1,1,4
R_8XarjfI5McohDKJ,3,6,7,7,7,6,5,3,3,4,3,3,7,3,7,7,2,7,3,6,6,6,7,6,4,3,4,4,3,4,7,3,7,7,2,7,3,7,7,7,7,6,3,3,4,3,4,3,7,2,7,7,2,7,3,7,7,7,7,6,3,3,3,3,4,3,7,2,7,7,2,7,5,2,1,5,1,2,5,5,5,5,5,5,1,6,1,1,6,1,5,1,2,1,1,2,5,5,5,5,4,5,1,5,1,1,6,1,3,3,3,3,3,3,3,3,3,3,3,3,3,3,3,3,3,3,5,5,5,5,5,5,5,5,5,5,5,5,5,5,5,5,5,5,2,2,2,2,2,2,2,2,2,2,2,2,2,2,2,2,2,2,1,3,3,1,1,1,1,1,1
R_8rpDWiuzQj8tcDT,1,1,4,1,1,1,1,1,1,1,1,1,7,1,7,7,1,7,7,7,7,7,7,7,7,7,7,7,7,7,7,7,7,7,7,7,7,7,7,7,7,7,7,7,7,7,7,7,7,7,7,7,7,7,2,2,2,2,2,2,2,2,2,2,2,2,2,2,2,2,2,2,7,7,7,7,7,7,7,7,7,7,7,7,7,7,7,7,7,7,7,7,7,7,7,7,7,7,7,7,7,7,7,7,7,7,1,7,4,4,4,4,4,4,4,4,4,4,4,4,4,4,4,4,4,4,1,1,1,1,1,1,1,1,1,1,1,1,1,1,1,1,1,1,2,2,2,2,2,2,2,2,2,2,2,2,2,2,2,2,2,2,3,5,5,4,7,1,1,1,1
R_8e4fwphRkN37gb6,5,3,5,3,5,3,2,3,2,3,4,3,6,2,7,6,5,6,6,7,5,6,5,6,7,4,6,5,7,7,6,5,5,5,6,5,2,3,7,4,6,1,6,6,5,6,7,5,5,5,6,5,6,5,3,5,5,4,3,3,3,3,4,4,5,4,4,2,6,5,5,4,6,6,5,6,5,6,6,5,6,6,5,5,2,3,1,1,1,1,2,2,4,4,3,6,4,3,4,3,2,5,7,4,5,3,2,5,1,2,2,2,2,2,2,5,2,1,3,3,6,6,7,7,6,7,1,2,2,2,3,2,4,4,4,3,3,4,5,3,3,2,1,5,2,3,3,2,3,2,3,2,3,2,3,2,4,2,4,2,3,4,2,5,5,5,6,2,3,4,3
R_2rJHagb07RZKmbF,3,6,5,3,6,6,3,3,3,3,4,3,6,4,6,6,6,7,6,6,6,6,6,6,6,6,6,6,6,6,6,6,6,6,6,6,6,6,6,6,6,6,6,6,6,6,6,6,6,6,6,6,6,6,3,3,3,3,3,3,3,3,3,3,3,3,3,3,3,3,3,3,6,3,2,4,1,2,7,5,6,7,3,7,1,4,1,2,4,1,4,4,4,4,4,5,4,4,4,4,4,4,4,4,4,4,4,4,4,5,5,5,5,5,5,4,4,3,5,3,4,3,4,5,3,5,2,2,2,2,2,2,2,2,2,2,2,2,2,2,2,2,2,2,4,4,4,4,4,4,4,4,4,4,4,4,4,4,4,4,4,4,2,4,4,2,5,3,2,3,3
R_8f2jslxCPzk2tbe,5,6,6,5,6,5,5,4,4,4,6,5,6,4,6,5,5,6,6,5,4,5,4,5,5,4,5,5,5,6,5,5,6,4,4,6,5,5,5,5,4,4,4,4,4,4,5,5,5,6,6,5,5,5,5,5,5,4,4,4,5,4,5,5,5,4,4,4,3,4,6,5,5,4,5,4,4,4,5,4,5,5,5,5,5,4,5,4,4,5,4,5,5,4,5,5,5,4,5,5,5,6,4,5,5,4,5,4,5,4,5,5,4,5,5,4,5,4,4,4,6,5,5,5,5,4,4,4,5,3,3,4,4,5,4,4,3,3,4,4,4,3,3,3,4,4,3,3,4,3,4,3,3,3,3,3,4,4,3,3,3,4,3,3,4,3,3,3,3,3,4
R_2BQmrvQQShV5e8e,2,3,3,3,5,4,2,2,3,2,3,2,5,2,5,3,4,6,7,7,7,7,7,7,7,7,7,7,7,7,7,7,7,7,7,7,2,5,4,3,6,3,4,4,3,3,6,5,6,4,6,6,6,6,1,1,1,1,1,1,1,1,1,1,1,1,1,1,1,1,1,2,6,5,4,5,4,5,5,6,6,5,5,6,2,5,2,4,3,2,5,5,7,5,6,6,5,6,5,5,5,6,4,5,5,5,3,6,1,1,1,1,1,1,1,1,1,1,1,1,1,1,1,1,1,1,1,1,1,1,2,1,1,1,1,1,2,1,2,1,2,3,2,1,5,5,5,5,5,5,5,5,5,5,5,5,5,5,5,5,5,5,3,5,5,5,5,3,5,3,3
R_87VvYwcKUDHHkIx,3,6,5,5,3,6,2,3,5,3,4,2,6,5,6,5,5,7,6,7,6,6,5,5,6,6,6,6,6,6,6,7,6,6,6,6,6,6,6,6,6,5,7,6,7,6,7,5,7,6,6,6,6,6,3,4,4,3,3,3,2,2,2,3,3,4,3,3,2,2,4,3,6,3,5,2,5,2,5,6,6,5,5,5,6,2,2,5,6,6,6,5,5,7,4,4,5,6,6,5,6,5,6,5,5,5,6,5,3,3,3,2,2,2,2,3,3,2,2,2,3,3,3,2,2,4,3,4,5,4,4,4,2,5,5,4,4,3,3,3,2,4,2,2,2,2,2,2,2,3,2,2,2,1,2,1,1,2,2,2,3,2,3,5,5,5,6,5,4,5,5
R_8xy0CyP3CLlOYdN,7,7,7,7,7,7,7,7,7,7,7,7,7,7,7,7,7,7,7,7,7,7,7,7,7,7,7,7,7,7,7,7,7,7,7,7,7,7,7,7,7,7,7,7,7,7,7,7,7,7,7,7,7,7,6,6,6,6,6,5,6,6,6,6,7,6,5,5,6,6,5,5,3,2,3,1,1,1,3,3,3,3,2,3,1,3,1,1,1,1,2,2,1,3,1,4,2,3,3,3,2,3,2,3,2,1,1,4,1,1,1,1,1,1,1,1,1,1,1,1,1,1,1,1,1,1,4,4,4,4,4,4,4,4,4,4,4,4,4,4,4,4,4,4,4,4,4,4,4,4,4,4,4,4,4,4,4,4,4,4,4,4,3,5,4,2,6,2,2,2,2
R_85EI3nzMwTv9V0V,5,6,6,6,5,4,2,6,3,2,7,5,7,6,7,7,7,6,3,3,3,2,3,3,5,5,6,4,6,6,7,6,6,4,6,6,5,4,4,4,3,4,5,6,6,6,7,4,7,6,7,7,7,6,3,2,2,2,2,2,3,3,3,2,2,2,4,3,4,4,4,3,6,5,6,5,6,6,6,5,5,6,4,6,2,5,2,2,2,3,5,4,6,6,5,7,5,5,5,5,6,6,6,5,5,5,5,6,1,1,1,1,1,5,1,2,1,1,2,2,3,2,4,6,5,6,1,1,2,4,3,1,1,1,4,1,2,3,4,5,1,1,3,2,2,1,2,2,2,2,1,1,2,1,1,2,1,1,1,1,1,1,2,5,4,4,6,3,4,2,3
R_29n6ezMJdLLa10L,2,6,3,4,6,7,2,2,4,2,3,2,6,4,7,6,5,7,7,7,7,7,7,7,7,7,7,7,7,7,7,7,7,7,7,7,7,7,7,7,7,6,7,6,7,7,7,7,6,5,5,7,6,7,2,2,3,2,2,3,3,2,2,3,3,3,2,2,3,3,2,3,7,7,5,7,7,7,7,7,6,7,4,7,4,6,5,4,5,2,6,6,7,7,7,7,7,7,7,7,7,7,7,7,7,7,6,6,1,2,1,1,1,1,1,2,1,1,1,2,2,1,3,2,2,3,1,2,1,1,1,1,1,1,1,1,1,1,3,1,2,2,1,3,2,2,3,2,3,3,2,2,2,2,2,2,2,2,2,2,2,2,1,4,2,4,5,2,2,4,2
R_8WuNfPqTTdmzbTI,5,6,5,6,7,6,6,4,5,7,6,7,7,6,7,7,6,7,7,7,7,7,6,7,7,7,7,6,7,6,6,7,7,6,6,7,4,3,3,4,5,5,5,4,5,4,3,4,4,4,4,3,4,6,6,6,6,6,6,6,6,6,6,6,6,6,6,6,6,6,6,6,3,4,3,3,4,4,2,2,3,2,4,4,3,4,4,3,2,4,3,3,4,4,3,3,3,4,3,3,3,4,4,4,3,4,3,4,2,2,2,2,2,3,2,2,2,2,1,2,2,1,2,1,2,2,3,3,3,3,3,3,3,3,3,3,2,3,3,3,4,3,3,3,4,4,4,4,5,4,5,4,3,4,3,5,4,3,4,5,5,3,2,2,3,3,2,2,2,2,2
R_2LbDGESIC7zEDjD,2,5,2,6,6,5,2,1,2,2,3,2,6,3,5,7,2,6,3,4,2,6,3,5,2,2,3,3,4,5,2,4,2,4,2,4,4,6,6,7,7,3,6,5,6,6,6,6,5,4,7,7,7,7,4,3,6,3,6,4,5,4,4,4,7,3,7,4,6,7,4,6,7,6,6,6,2,5,7,7,6,7,4,6,2,5,2,2,6,2,2,6,5,3,2,3,6,6,2,6,5,3,4,2,4,4,2,2,2,2,2,2,2,2,2,2,2,2,2,2,2,2,2,2,2,2,3,2,3,2,3,3,2,5,2,2,2,2,2,2,2,2,2,5,2,2,2,4,3,2,2,2,2,1,2,2,2,2,1,2,3,3,2,2,4,2,6,2,2,2,3
R_8IBHPU2dklIhxAZ,4,6,5,6,7,5,5,5,7,5,6,5,7,7,7,7,7,7,4,6,7,5,5,5,6,6,7,6,5,5,6,5,5,7,6,6,3,6,6,6,6,5,4,5,4,6,7,4,6,5,7,7,7,7,1,1,2,2,1,1,2,1,2,3,2,2,2,1,3,2,2,2,7,4,5,4,6,5,4,6,2,5,3,3,1,6,1,1,1,1,6,6,6,5,5,5,4,5,3,2,5,3,6,5,7,5,2,6,5,7,6,6,3,6,2,4,4,3,4,4,4,6,7,6,7,2,1,2,5,1,2,1,4,2,5,4,1,3,1,1,1,1,1,4,5,2,2,3,2,2,4,3,4,3,1,4,1,2,1,1,2,3,2,4,3,2,5,1,2,1,1
R_8fv6MG8WuECOYX7,3,6,3,4,5,5,3,3,3,2,4,1,7,6,7,7,6,6,6,6,6,6,5,6,6,7,6,6,5,6,7,7,7,7,5,7,6,6,7,7,6,3,6,6,5,7,7,5,7,5,7,7,6,7,3,3,3,5,3,2,4,3,3,3,6,5,5,4,5,5,4,5,5,4,5,4,6,7,2,6,7,6,4,4,1,3,1,1,2,1,2,2,2,2,2,2,2,2,2,2,2,2,5,1,5,3,5,2,3,4,3,4,4,4,4,2,3,2,3,3,4,4,4,4,3,3,3,2,2,4,6,2,2,2,3,3,2,2,5,5,2,5,5,2,3,3,4,5,3,2,3,3,2,2,5,4,4,2,5,5,4,3,2,3,4,5,5,3,4,4,2
R_80JdnvYS9zZ2tvC,3,4,4,5,6,5,2,2,2,2,3,2,6,4,6,6,5,6,6,6,6,6,6,6,7,7,7,7,6,6,6,7,6,7,5,6,3,4,4,3,5,3,3,3,3,4,4,3,6,4,5,5,5,6,1,1,2,1,2,1,1,1,1,1,1,1,2,2,2,3,2,2,6,5,4,4,3,6,5,6,6,6,6,6,4,5,4,3,3,2,6,4,5,4,4,6,5,5,6,6,5,6,5,3,5,3,3,4,3,3,3,2,3,2,2,2,2,2,2,2,1,2,1,2,3,3,4,2,3,3,4,3,3,2,3,3,3,3,1,2,1,2,3,3,3,2,2,2,3,2,2,2,2,2,2,3,1,1,1,1,3,3,3,4,4,4,5,4,4,3,4
R_2c10TIt74Kb7S06,6,6,7,7,6,3,6,6,5,6,7,3,7,5,7,7,7,7,7,7,7,7,7,7,7,7,7,7,7,7,7,7,7,7,7,7,6,5,6,6,7,3,5,5,5,6,7,3,7,4,7,6,7,7,2,3,4,3,4,3,4,3,3,4,4,2,5,4,4,4,4,4,1,2,1,2,1,5,1,1,1,1,1,1,2,3,3,3,2,2,7,7,3,3,5,5,3,7,7,2,5,7,3,7,4,3,3,7,2,2,2,2,2,3,2,2,3,2,2,2,2,2,2,2,2,2,2,2,1,2,5,2,2,2,2,2,1,2,1,2,1,1,1,1,3,3,3,3,4,4,3,2,3,3,3,3,4,4,4,2,3,3,3,2,3,2,5,2,2,2,2
R_8guKwVlDpZzQQ1L,3,5,5,4,6,4,2,3,3,2,3,3,6,5,5,4,5,6,6,6,6,6,6,6,6,6,6,6,6,6,6,6,6,6,6,6,4,5,4,5,5,5,5,5,5,5,5,5,5,5,5,5,5,5,3,3,3,3,2,3,3,3,2,3,3,2,3,3,3,3,3,3,4,3,2,3,2,3,4,3,3,3,3,3,2,2,2,2,2,2,5,2,3,4,3,5,3,4,3,2,2,3,3,2,2,2,4,3,2,2,2,2,2,2,2,2,2,2,2,2,2,2,2,2,2,2,2,3,3,2,3,2,4,3,3,3,4,3,4,4,3,4,4,3,2,2,2,2,2,2,2,2,2,2,2,2,2,2,2,2,2,2,1,4,4,3,5,4,4,3,3
R_2QmUvArB507Bthh,4,5,4,6,6,5,4,4,4,4,6,4,7,7,7,7,7,7,7,7,7,7,7,7,7,7,7,7,7,7,7,7,7,7,7,7,6,6,7,6,7,5,7,6,7,7,7,7,6,7,6,7,6,5,5,4,4,4,2,3,4,4,4,3,3,4,3,4,3,3,5,4,3,3,3,4,3,5,4,4,4,5,4,4,5,4,3,3,4,3,6,4,4,4,6,7,5,4,4,5,5,5,5,5,6,6,3,6,1,1,1,1,1,1,1,1,1,1,1,1,1,1,1,1,1,1,3,3,3,4,4,3,2,3,2,3,2,2,3,4,4,3,3,2,2,2,2,2,2,2,2,2,2,2,2,2,2,2,2,2,2,2,2,5,4,4,6,2,3,3,2
R_2gTIJvBRXQd8zQt,3,5,5,3,5,4,2,3,2,2,5,3,6,3,6,5,6,5,6,6,5,7,6,7,6,7,6,6,7,7,7,6,5,6,6,6,6,7,6,6,6,3,6,7,7,6,5,4,7,7,6,6,6,5,2,3,3,2,3,1,2,3,2,2,2,2,3,3,2,2,2,2,7,3,5,5,6,6,7,7,6,6,6,6,3,6,5,3,4,6,4,4,4,4,4,7,4,3,5,4,7,4,4,5,4,3,4,6,3,4,5,6,4,6,4,4,3,3,5,4,4,4,4,3,4,4,4,2,2,2,3,5,4,2,4,2,6,2,2,2,2,2,4,5,4,2,4,3,2,2,2,3,2,3,4,5,3,4,2,5,3,5,2,2,3,4,4,2,5,5,3
R_2hJPM3q8RKIRnaN,2,3,2,7,7,6,1,2,2,2,6,3,7,6,7,6,6,6,7,7,7,7,7,7,7,7,7,7,7,7,7,7,7,7,7,7,2,2,5,3,6,2,5,5,5,5,6,2,6,5,6,6,5,6,2,2,2,2,2,2,2,2,2,2,2,2,2,2,2,2,2,2,7,5,5,4,4,6,5,5,5,4,5,4,3,3,3,3,3,3,3,3,3,3,3,3,3,3,3,3,3,3,3,3,3,3,2,3,6,6,6,6,6,6,6,6,6,6,6,6,6,6,6,6,6,6,6,6,5,6,5,6,5,5,5,5,5,5,5,5,5,5,5,5,2,2,2,2,2,2,2,2,2,2,2,2,2,2,2,2,2,2,3,3,4,1,6,1,6,5,1
R_8ccnHhvTKwI3MYu,2,6,3,6,6,5,2,5,2,1,3,2,3,1,4,2,4,7,6,6,7,5,6,7,6,6,7,7,7,7,6,7,6,5,7,7,7,6,7,6,6,7,6,7,7,7,5,7,6,6,7,7,6,7,1,2,1,1,1,1,2,2,2,1,1,1,1,1,1,1,1,1,5,4,5,7,6,7,7,6,7,7,1,7,5,6,3,7,5,2,1,1,1,1,1,1,1,1,1,1,1,1,1,1,1,1,1,1,2,2,2,2,2,2,2,2,2,1,1,2,2,2,2,2,2,2,2,2,1,2,1,1,2,1,2,1,1,1,1,1,1,1,1,1,2,2,3,2,2,2,2,3,2,2,3,3,2,3,2,3,2,2,2,4,3,1,1,1,1,1,1
R_8iKXSJ2t9Ghr6jo,4,5,4,4,5,5,4,4,4,4,5,5,7,6,7,7,7,7,6,6,6,6,6,6,6,6,6,6,5,5,5,5,5,5,6,5,4,7,4,6,6,2,4,5,5,5,6,4,7,6,7,7,7,7,5,5,5,5,5,5,5,5,5,5,5,5,5,5,7,5,7,7,4,4,2,4,4,5,4,4,4,4,2,3,2,2,1,1,1,1,5,3,5,3,4,7,4,6,5,5,1,7,1,1,1,1,1,2,3,3,2,3,2,4,1,2,1,2,2,2,4,4,4,4,3,4,1,2,2,2,2,1,3,3,2,2,3,3,3,3,3,3,3,3,2,2,2,2,2,2,2,2,2,2,2,2,2,2,2,2,2,2,2,2,2,3,4,3,3,3,2
R_2vactZr0EKSQ5Db,1,1,1,1,7,1,1,1,1,1,1,2,6,1,7,6,6,7,7,7,6,7,5,7,6,7,7,7,7,7,5,5,4,3,7,5,6,6,4,6,4,6,6,6,6,5,6,4,5,6,5,7,5,7,2,2,1,1,1,1,1,1,2,1,4,1,1,2,1,2,1,1,6,5,3,7,1,7,6,7,7,7,7,3,2,3,1,2,2,1,1,5,6,2,2,6,2,1,2,2,4,2,6,2,2,7,2,2,2,6,6,2,6,6,2,6,2,2,6,6,6,6,6,6,6,6,4,7,1,7,7,7,6,2,2,6,2,6,6,4,6,6,7,2,3,6,2,6,5,5,5,2,5,2,6,6,5,5,2,5,5,5,6,6,7,3,6,2,2,7,2
R_8CHANZK20tB7Gb2,5,6,4,2,7,5,2,3,3,2,5,7,7,5,7,6,6,6,7,4,6,7,7,7,2,4,2,2,5,6,7,6,6,6,7,7,3,2,1,3,2,1,2,3,2,2,5,1,6,3,5,6,5,3,1,2,1,3,1,2,2,3,1,2,3,1,1,4,3,6,5,3,5,3,6,6,7,3,7,6,7,7,6,7,6,7,5,6,6,5,2,5,3,3,7,7,7,7,7,7,4,7,6,6,7,7,3,7,3,5,6,5,5,7,2,3,5,3,3,6,2,4,3,2,2,3,2,7,3,7,7,7,2,2,1,2,3,3,2,2,5,3,5,3,2,5,6,4,7,7,2,3,3,3,2,3,3,1,4,3,4,3,3,6,7,5,5,4,6,7,2
R_2PTNclyNUf68AhA,5,7,3,7,7,7,3,4,3,2,7,3,7,7,7,7,7,7,3,5,3,5,5,4,4,5,3,4,4,5,3,5,5,5,4,4,7,7,3,7,7,7,3,7,7,7,7,7,7,7,7,7,7,7,1,1,1,1,1,1,1,1,1,1,1,1,1,1,1,1,1,1,7,1,4,4,2,3,6,5,6,5,3,7,1,4,1,1,1,1,7,1,7,1,1,7,7,2,7,4,1,7,7,7,7,1,7,7,6,7,5,7,7,7,5,5,5,5,6,4,7,7,7,7,7,7,5,3,3,4,3,6,5,3,4,5,2,5,3,4,2,2,3,2,5,3,4,4,4,3,4,4,2,4,4,4,5,5,4,4,4,5,1,6,6,2,2,1,2,2,1
R_2gUT9XfOogmi9e1,4,4,3,3,4,4,2,3,2,2,3,3,5,4,6,3,4,4,2,2,2,3,3,4,3,2,2,2,2,3,3,3,3,3,3,3,3,3,5,2,4,4,3,2,2,3,2,4,4,6,4,6,3,2,4,4,4,5,4,4,4,3,4,3,3,4,4,4,4,3,4,4,5,4,4,4,4,4,4,3,4,3,4,4,4,3,5,4,4,4,4,4,3,4,4,4,4,4,4,4,3,4,4,4,4,4,5,4,2,2,3,2,2,3,2,2,3,2,2,3,2,4,3,2,2,5,3,3,4,3,4,4,4,3,4,4,4,3,4,3,3,3,4,4,2,2,2,3,2,2,2,2,2,2,2,2,2,5,3,5,3,5,3,4,3,4,4,4,3,4,3
R_8pY813dlt0e4Har,4,6,7,5,5,5,6,5,5,5,5,5,5,5,5,5,5,5,5,6,2,6,5,7,6,7,6,6,6,5,6,5,5,6,4,6,5,3,5,4,4,5,4,4,4,2,5,4,5,3,4,4,4,5,3,3,4,3,3,3,2,4,4,4,5,3,3,3,4,3,3,3,5,5,3,5,6,5,6,6,4,5,6,6,5,5,5,6,5,4,5,4,4,3,4,3,4,4,6,3,4,3,4,4,3,5,4,5,3,2,2,2,3,2,5,6,5,5,6,6,6,6,5,6,5,5,5,3,3,5,4,4,5,5,3,3,5,3,5,4,5,4,5,3,4,5,7,5,5,5,3,4,4,3,3,4,3,4,5,3,4,3,2,3,3,3,3,3,3,3,2
R_8VBGcGMsk254lDT,3,7,6,4,7,1,1,3,1,2,6,6,6,4,6,6,7,7,5,3,4,6,5,4,4,7,7,4,5,5,6,4,6,6,6,6,5,4,5,4,6,4,5,5,5,4,5,3,6,6,6,7,5,6,1,2,2,1,2,1,1,2,1,1,3,2,3,1,3,3,2,3,3,3,5,4,1,2,6,5,6,6,3,6,2,5,4,2,3,1,6,3,3,4,4,6,3,5,3,6,4,5,5,2,4,4,5,7,2,3,2,4,3,1,2,2,2,1,1,4,1,2,2,2,2,5,2,2,3,2,4,1,1,1,1,1,2,3,2,1,2,1,1,4,3,3,4,4,4,3,3,3,2,3,2,5,2,3,2,2,2,4,6,4,5,3,4,2,2,1,2
R_88YQ6uRnpk9hH75,5,3,3,3,3,3,3,4,2,3,2,2,3,2,3,5,3,2,2,2,3,2,3,3,3,2,3,2,2,1,3,2,1,2,2,2,2,2,2,2,2,2,2,4,2,2,2,3,2,2,2,3,2,2,2,2,2,2,2,2,3,5,4,4,2,2,2,2,3,2,3,2,6,6,6,6,6,6,6,6,6,6,6,6,6,6,6,6,6,6,6,6,6,6,6,6,6,6,6,6,6,6,6,6,6,6,6,6,5,5,5,5,5,5,5,5,5,5,5,5,5,5,5,5,5,5,2,3,2,2,4,3,3,2,2,3,3,2,3,3,3,3,3,2,6,6,6,6,6,5,5,5,4,6,6,6,5,6,5,5,6,6,6,6,6,7,7,7,7,7,7
R_8tDRsc1lrQIOUsA,3,6,2,3,3,2,2,3,2,2,3,3,5,7,6,2,4,3,6,7,6,6,5,7,6,6,6,7,7,7,7,7,7,6,7,7,5,6,7,6,5,6,6,6,6,7,5,7,5,7,7,7,7,7,2,2,2,3,2,2,3,2,3,2,3,2,2,3,3,2,3,3,4,5,5,4,5,5,6,5,6,1,5,6,1,1,1,1,1,1,4,4,4,5,4,4,3,4,3,4,5,4,5,4,6,4,5,5,2,3,3,2,2,2,3,2,4,3,3,3,2,4,2,2,2,4,3,3,2,2,1,1,1,2,1,3,3,2,2,1,1,1,1,2,1,1,2,2,2,2,2,1,1,2,1,1,1,1,2,1,1,2,1,2,2,4,4,3,3,4,3
R_83ayYZ22rX46i3v,1,6,6,5,5,6,1,1,1,1,4,1,6,2,5,7,5,7,7,6,7,7,6,6,7,7,7,7,7,6,7,5,7,7,6,4,6,4,7,5,7,4,3,2,2,2,7,3,7,2,7,7,7,7,3,3,3,2,4,2,1,1,1,1,3,1,3,2,2,5,3,4,7,5,1,7,5,7,7,7,7,7,5,7,4,7,3,3,3,1,5,5,7,7,4,7,7,7,7,7,2,7,3,7,2,2,3,4,4,5,6,5,6,4,3,3,5,2,3,5,2,3,2,3,3,6,6,2,4,1,6,1,1,1,2,2,4,1,3,3,4,4,4,6,4,4,4,4,4,4,4,4,4,4,4,4,4,4,4,4,4,4,2,5,6,3,3,1,1,1,1
R_27WjnSoDVpPtiaw,5,4,3,3,6,4,3,3,3,3,4,2,5,3,5,5,3,6,6,6,6,6,6,7,6,6,7,7,7,7,6,6,6,6,7,5,6,5,7,6,6,5,6,5,5,6,7,5,5,6,7,6,6,4,5,5,6,5,6,4,5,5,5,5,6,4,5,5,6,6,6,4,6,5,6,5,5,5,7,7,5,7,6,6,4,6,4,5,4,5,5,3,4,6,4,6,4,3,5,5,3,5,4,2,5,4,1,6,5,3,3,4,2,4,4,4,2,2,2,4,3,2,4,2,4,5,5,5,1,5,3,2,1,2,1,1,2,3,3,3,4,3,4,6,3,2,1,2,2,2,1,1,1,2,1,2,3,3,3,2,2,4,3,3,3,4,6,2,4,3,3
R_2lube4RGImODNvk,6,7,7,7,7,7,7,7,7,7,7,7,7,7,7,7,7,7,7,7,7,7,7,7,7,7,7,7,7,7,7,7,7,7,7,7,6,7,7,7,7,6,7,7,7,7,7,7,7,7,7,7,7,7,1,1,1,1,1,1,1,1,1,1,1,1,1,1,1,1,1,1,5,3,1,1,2,5,4,1,4,5,1,3,2,5,2,1,1,1,5,3,1,1,1,5,4,3,3,4,1,5,1,4,1,1,1,1,3,3,3,3,3,3,3,3,3,3,3,3,3,3,3,3,3,3,3,3,3,3,3,3,3,3,3,3,3,3,3,3,3,3,3,3,6,6,6,6,6,6,6,6,6,6,6,6,6,6,6,6,6,6,7,7,7,1,7,1,1,1,1
R_2mFb5BxtkwGInSF,3,6,4,4,5,5,3,3,2,3,4,2,6,5,6,6,6,7,5,5,6,5,5,5,6,6,6,6,7,5,7,7,7,7,7,6,6,6,5,6,5,5,6,6,6,6,6,6,6,6,6,6,6,6,5,5,5,5,5,5,5,5,5,5,5,5,5,5,5,5,5,5,2,3,2,2,2,4,2,2,2,2,2,2,2,2,2,2,2,2,5,5,5,6,3,6,6,5,6,6,4,6,5,5,6,6,6,6,1,1,1,1,1,1,1,1,1,1,1,1,1,1,1,1,1,1,3,3,1,4,6,3,4,2,3,2,2,4,1,3,2,2,2,2,1,1,1,1,1,1,1,1,1,1,1,1,1,1,1,1,1,1,2,2,3,5,5,5,4,4,3
R_2tsPax0jbEbMV6t,4,7,3,6,7,5,2,2,2,3,6,4,6,7,4,6,6,7,7,7,7,7,7,7,7,6,7,7,6,6,7,7,7,5,7,7,3,4,3,2,5,4,3,2,3,2,5,3,3,2,3,5,4,3,4,4,3,3,3,3,4,3,3,3,3,4,3,3,3,3,3,4,6,3,2,4,3,3,6,6,5,5,6,5,5,6,6,4,4,5,2,2,3,3,3,2,3,2,3,2,3,3,3,4,4,3,3,2,6,4,7,4,7,6,3,4,5,3,5,5,5,6,4,3,3,6,5,5,6,6,5,6,6,6,4,6,5,6,6,6,6,5,5,6,4,5,6,6,5,5,5,4,3,4,3,4,5,6,5,6,6,5,6,5,6,6,6,3,7,6,3
R_2ErLoTAlupkMSL3,5,7,1,5,7,5,1,1,1,1,6,1,7,7,7,7,7,7,7,5,7,7,1,7,7,7,7,7,7,7,7,7,3,7,1,5,7,7,7,7,4,6,7,7,7,7,7,7,7,7,7,7,7,7,1,2,6,1,1,2,1,5,4,1,7,7,5,7,4,7,5,7,7,3,7,3,1,3,7,7,7,7,4,7,3,5,3,2,4,1,5,1,6,6,2,6,1,2,1,6,1,5,7,1,7,1,1,5,1,1,1,1,7,1,1,1,1,1,1,1,1,1,1,1,1,1,4,3,1,1,7,2,4,1,1,5,4,2,2,1,1,5,3,7,1,3,1,4,7,1,1,1,1,1,4,1,4,1,1,3,1,4,6,5,5,1,7,2,5,2,5
R_2oi9DKyX98DVZWF,2,2,2,2,2,3,2,2,2,2,3,2,7,7,7,7,7,7,5,5,5,4,6,6,6,6,6,6,6,6,4,5,4,4,5,4,3,5,5,5,5,4,4,4,4,4,6,5,6,6,6,5,6,6,3,5,4,4,4,3,4,4,4,4,4,4,3,4,4,3,4,5,6,6,6,6,7,5,7,7,7,7,4,7,2,2,3,2,3,2,5,3,4,4,3,6,2,3,5,4,1,4,3,3,3,2,2,3,2,2,2,2,3,3,2,2,2,2,2,2,4,2,4,4,2,2,4,3,3,3,3,3,3,3,2,2,3,2,3,3,4,3,3,4,3,3,3,3,3,3,3,2,2,2,2,2,3,3,3,3,3,3,2,3,4,3,5,3,4,4,3
R_8ePwLDEa12l1mFd,1,1,1,1,1,1,1,1,1,1,1,1,1,1,1,1,1,7,7,7,7,7,7,7,7,7,7,7,7,7,7,7,7,7,7,7,7,7,7,7,7,7,7,7,7,7,7,7,7,7,7,7,7,7,1,1,1,1,1,1,1,1,1,1,1,1,1,1,1,1,1,1,7,7,7,7,7,7,7,7,7,7,6,7,1,7,1,7,7,1,7,7,4,7,7,7,7,7,7,7,1,7,1,7,1,1,1,7,2,2,2,2,2,2,2,2,2,2,2,2,2,2,2,2,2,2,1,1,1,1,1,1,1,1,1,1,1,1,1,1,1,1,1,1,3,3,3,3,3,3,3,3,3,3,3,3,3,3,3,3,3,3,1,2,2,1,4,4,1,1,2
R_8mCbI8G0Lb8kGqB,3,5,3,4,6,4,2,4,4,2,5,5,6,6,6,6,6,6,5,5,5,5,5,5,5,5,5,5,5,5,5,5,5,5,5,5,3,3,3,3,3,3,3,3,3,3,3,3,3,3,3,3,3,3,2,2,2,2,2,2,2,2,2,2,2,2,2,2,2,2,2,2,6,6,6,6,6,6,6,6,6,6,6,6,6,6,6,6,6,6,3,3,3,3,3,3,3,3,3,3,3,3,3,3,3,3,3,3,3,3,3,3,3,3,3,3,3,3,3,3,3,3,3,3,3,3,3,3,3,3,3,3,3,3,3,3,3,3,3,3,3,3,3,3,4,5,4,5,4,5,4,4,4,4,4,5,4,4,4,4,4,5,4,5,5,6,6,5,5,5,4
R_8fd77oWPi81dMyE,3,3,5,4,5,4,3,3,3,2,3,3,7,3,4,5,6,7,6,5,5,6,5,6,6,6,6,6,7,6,6,6,7,6,5,6,6,5,6,6,5,5,6,6,6,6,6,6,6,7,6,6,7,6,3,3,3,3,2,2,3,2,3,3,3,3,3,3,3,4,4,3,3,4,3,4,5,3,2,2,4,3,3,3,4,1,6,5,5,2,5,4,2,3,5,7,3,3,4,4,3,5,5,3,3,3,1,4,4,5,3,4,4,6,3,3,3,3,3,3,5,2,3,1,4,6,6,5,4,5,4,3,4,4,3,3,3,4,5,5,3,3,6,7,4,5,4,5,5,4,4,4,4,4,4,4,4,4,5,5,4,6,3,5,5,4,6,3,3,3,3
R_8RycfWLYso5QL8R,3,6,2,7,7,5,2,4,3,2,4,1,7,5,7,6,7,7,6,6,5,4,5,5,4,7,4,5,6,7,6,6,4,5,7,4,2,5,3,3,3,2,6,6,2,4,5,3,2,6,5,6,7,3,3,6,5,4,3,2,3,4,3,3,6,3,4,4,5,5,3,4,7,5,7,3,3,7,7,7,7,7,4,6,3,3,4,3,5,3,5,3,3,6,5,7,3,2,3,2,5,2,7,4,7,6,3,7,1,1,1,3,1,1,1,1,1,1,1,1,3,3,5,2,1,5,7,4,5,5,2,1,6,6,6,6,4,4,1,5,3,3,7,2,3,2,2,3,4,3,1,1,1,2,3,1,5,1,5,2,3,5,3,3,2,5,6,3,5,2,3
R_2UkilutGaniAzXr,3,3,2,3,5,3,2,2,3,2,2,3,6,4,5,5,5,5,3,3,3,3,3,4,6,4,6,5,6,5,5,5,5,5,4,4,3,4,4,3,4,2,3,2,2,3,6,3,5,4,5,5,5,5,3,3,2,2,3,2,2,3,2,2,3,2,3,3,2,2,3,2,5,3,4,4,3,3,6,5,6,6,5,5,3,5,4,3,2,2,4,4,3,5,4,6,6,5,6,6,3,6,3,3,3,3,5,6,3,3,2,2,2,5,4,3,2,2,3,5,3,5,3,3,4,5,4,3,3,4,4,5,2,2,2,2,3,3,3,3,4,3,5,5,3,4,3,3,4,4,4,3,3,3,3,3,4,3,5,2,2,4,2,3,4,5,6,2,3,3,2
R_8peVbS2hDZajTba,2,3,5,3,1,2,1,1,4,1,3,1,3,3,3,3,5,6,7,7,7,7,7,7,7,7,7,7,7,7,7,7,7,7,7,7,6,6,7,7,6,6,7,7,7,6,7,7,7,7,7,7,7,5,1,1,1,2,1,1,1,1,1,1,1,1,1,1,2,1,2,2,6,3,2,3,7,4,1,7,1,7,3,1,1,3,1,1,1,2,7,4,1,2,4,7,1,1,1,1,1,1,1,1,4,1,1,7,1,1,1,1,1,1,1,1,1,1,1,1,1,1,1,1,1,1,3,5,5,5,3,5,3,3,3,3,3,5,5,5,5,3,5,5,1,1,1,1,1,1,1,1,1,1,1,1,3,1,1,3,1,3,5,3,5,1,7,1,1,2,2
R_8HBqw3HzvSNu5wt,6,6,7,4,6,5,1,1,1,1,5,1,3,1,3,5,6,7,6,6,6,6,6,6,6,6,6,6,6,6,6,6,6,6,6,6,5,6,6,5,6,6,6,3,4,6,5,2,6,6,7,6,6,7,1,1,1,1,1,1,1,1,1,1,1,1,1,1,1,1,1,1,7,7,6,7,7,7,7,7,7,7,7,7,3,7,2,2,7,1,7,7,7,7,7,7,7,7,7,7,7,7,7,7,7,7,7,7,4,6,6,6,6,6,2,2,2,2,2,2,6,2,6,6,6,6,1,1,1,1,1,1,1,1,1,1,1,1,1,1,1,1,1,1,5,5,4,5,4,5,3,5,4,4,4,3,3,5,5,5,4,4,6,5,5,6,6,2,2,6,4
R_2xPj3Ww5FdZPCsc,5,6,6,4,7,3,5,3,5,5,7,3,6,2,6,7,7,7,7,7,7,7,7,7,7,7,7,7,7,7,7,7,7,7,7,7,5,5,4,4,6,2,6,4,4,6,6,6,7,6,7,7,7,7,3,3,1,3,2,2,4,3,2,4,3,2,3,3,4,3,3,4,6,2,1,3,1,5,5,5,5,4,1,2,1,3,5,1,1,1,5,5,2,4,4,7,2,4,2,2,2,2,1,2,2,3,1,1,1,1,1,1,1,1,1,1,1,1,1,1,1,1,1,1,1,1,2,1,1,2,3,1,3,3,2,2,3,1,3,4,3,2,2,4,2,1,2,1,3,1,2,2,2,2,1,2,2,2,2,1,2,3,2,2,4,5,6,3,3,4,2
R_8ot3VwsRiTpCJXj,5,7,3,2,7,5,3,1,2,1,1,2,7,2,7,7,1,7,4,3,5,4,4,5,6,6,3,6,6,6,5,5,4,4,5,3,5,5,3,6,2,4,4,6,3,5,6,6,5,5,6,7,4,6,4,1,4,1,1,2,1,3,2,1,3,1,2,3,6,6,4,4,5,4,3,2,5,6,6,6,3,7,5,6,2,4,2,2,2,1,5,4,3,6,2,7,3,3,4,7,3,5,5,6,2,5,2,6,6,5,2,2,6,7,7,5,6,3,3,7,5,6,4,4,5,6,5,3,3,3,3,6,4,2,5,4,1,4,2,2,1,1,1,7,4,6,6,5,5,3,4,4,5,6,2,5,2,2,2,2,1,7,2,3,3,1,2,1,2,3,1
R_8wRFFGrRay5crma,5,4,5,4,5,4,3,4,4,3,4,4,6,6,6,5,6,6,6,6,7,5,6,6,7,7,6,7,6,6,6,6,6,6,6,5,5,5,6,4,5,6,6,7,6,7,5,6,5,6,4,5,6,5,2,2,4,3,2,3,3,3,4,4,3,4,3,2,3,3,2,2,4,7,6,5,4,7,6,6,6,6,4,6,4,4,5,4,5,6,6,5,6,5,5,6,5,6,6,5,6,6,5,7,5,6,6,6,3,3,4,3,2,3,4,3,4,4,2,4,4,3,4,3,4,4,3,3,3,4,2,4,2,2,3,2,4,3,5,4,5,4,5,5,3,3,2,2,4,2,1,1,1,1,3,1,4,3,3,5,5,4,5,5,6,4,4,3,4,4,4
R_8zuuYLNTNWxWJv8,6,6,5,6,6,2,6,6,6,6,4,2,6,1,6,7,6,7,6,6,6,6,6,6,6,6,6,6,6,6,6,6,6,6,6,6,7,6,7,7,6,5,7,7,7,7,7,6,7,7,7,7,7,5,3,3,4,4,3,2,4,4,4,4,4,3,4,3,4,4,4,3,3,3,2,3,1,6,4,4,3,4,4,4,2,6,2,2,2,2,1,1,1,1,1,7,1,1,1,1,1,1,1,1,1,1,1,5,2,2,1,5,4,6,1,1,1,1,2,1,2,2,2,2,1,5,3,2,4,4,5,3,4,3,3,3,3,5,4,4,4,2,3,5,2,2,3,3,3,3,3,2,2,3,2,3,2,3,2,2,2,4,2,6,4,5,6,2,4,2,2
R_8KvTNLOko79thXX,6,6,6,6,6,6,3,4,2,4,2,1,7,5,7,7,7,6,6,6,7,7,6,7,6,7,6,6,7,7,6,7,6,6,6,6,7,7,7,7,7,7,7,7,7,7,7,5,7,7,7,7,7,7,3,5,4,3,4,3,3,2,2,2,6,2,3,3,4,3,6,4,2,2,2,2,2,2,2,2,2,2,1,2,1,1,1,1,1,1,6,6,6,5,2,7,6,6,5,6,2,7,6,6,6,5,2,6,1,3,1,3,3,3,1,1,1,1,1,1,6,6,6,6,6,6,3,5,2,5,5,2,3,2,2,2,2,2,5,5,5,5,5,5,4,5,4,5,3,3,4,3,3,5,3,3,5,5,5,5,5,5,4,6,5,3,2,1,1,1,1
R_8tgNnbyRXJX0Pyp,3,4,5,3,4,4,3,3,3,3,4,3,4,3,4,5,5,6,7,7,7,5,5,6,7,7,7,7,7,7,7,7,7,7,7,7,5,4,4,4,4,4,5,4,4,5,6,6,5,5,5,5,5,5,5,4,4,4,4,3,4,4,4,4,5,4,4,4,4,4,5,4,7,7,7,7,7,7,7,7,7,7,7,7,7,7,7,7,7,7,3,3,7,4,5,6,3,3,2,3,2,4,3,3,3,2,2,5,1,1,1,1,1,1,1,1,1,1,1,1,1,1,1,1,1,1,2,1,1,3,1,3,1,1,1,1,1,3,1,1,1,1,1,2,1,1,1,2,1,2,1,1,1,1,1,1,1,1,1,1,1,1,2,4,4,2,6,2,5,3,4
R_2tlqg82gGbz8XPX,3,4,2,3,7,2,2,2,1,2,3,2,3,3,4,5,3,4,6,5,7,5,6,6,5,6,5,6,7,7,6,6,6,7,6,6,3,3,3,3,5,3,3,3,4,3,6,3,6,6,6,7,7,6,5,5,2,3,6,3,2,2,2,2,6,2,5,4,6,6,5,6,2,2,4,3,1,3,3,4,3,3,2,3,1,2,1,1,1,2,4,3,2,3,2,6,3,6,6,5,2,6,2,1,4,1,1,1,3,3,2,2,4,4,4,3,4,4,2,4,1,1,1,2,1,3,4,2,5,4,2,4,5,3,5,4,2,5,2,3,2,2,2,2,1,2,3,3,1,3,3,3,3,3,2,3,1,1,2,1,1,1,2,3,2,4,3,2,2,1,1
R_2pVFoDTwnsi8lO1,4,5,5,4,5,4,5,3,4,4,6,5,7,7,4,7,6,6,7,5,5,5,5,6,5,5,5,5,5,6,7,5,6,6,5,6,4,5,5,5,5,5,5,5,5,5,5,5,5,5,5,5,5,5,1,1,1,1,1,1,1,1,1,1,1,1,1,1,1,1,1,1,6,3,5,2,7,3,7,7,7,7,3,7,3,7,3,5,3,2,3,3,3,3,5,3,3,3,3,3,3,3,3,3,3,3,3,3,2,2,2,2,2,2,2,2,2,2,2,2,2,2,2,2,2,2,3,3,3,3,3,3,3,3,3,3,3,3,3,3,3,3,3,3,2,2,2,2,2,2,2,2,3,3,2,2,2,2,2,2,2,2,4,4,4,4,5,2,5,6,2
R_2PdQpYSEKg6sMzT,3,3,2,5,5,3,4,2,2,3,5,2,7,1,7,6,4,6,7,6,5,4,6,6,7,4,6,6,4,4,5,5,6,5,3,6,4,4,3,5,4,3,3,2,1,4,7,4,5,2,5,3,6,6,2,2,2,2,2,1,2,2,3,3,2,2,3,2,1,3,5,3,7,6,6,6,4,7,7,7,7,6,2,7,1,7,1,1,1,1,5,6,4,3,6,7,3,3,5,7,1,7,4,5,2,2,1,4,3,4,6,5,4,5,2,5,3,1,3,1,2,2,1,2,7,7,4,5,6,3,3,6,2,4,2,2,5,5,1,1,1,1,7,7,3,5,5,6,5,5,3,4,5,2,3,2,6,6,6,6,5,5,1,6,6,2,6,4,6,6,4
R_2Cv8cYrbPebyUcT,6,7,7,6,7,7,4,4,7,4,7,4,7,4,7,7,7,7,7,7,7,7,7,7,7,7,7,7,7,7,7,7,7,7,7,7,5,7,7,7,7,7,5,5,5,7,7,5,7,7,7,7,7,7,2,2,2,2,2,2,2,2,2,2,2,2,2,2,2,2,2,2,2,1,1,2,1,2,2,5,4,2,1,5,1,1,1,1,1,1,2,2,2,2,2,5,2,5,2,2,2,5,2,2,2,2,2,2,4,4,4,4,4,4,4,4,4,4,4,4,4,4,4,4,4,4,6,4,6,4,6,6,5,4,4,4,4,4,4,4,4,4,4,4,2,2,2,2,2,2,2,2,2,2,2,2,2,2,2,2,2,2,2,6,4,6,6,3,2,3,1
R_2hz179bMSIy7npn,1,3,6,5,6,4,1,4,3,1,6,1,7,3,7,5,6,7,7,7,7,6,6,7,7,7,7,7,7,7,7,7,6,7,7,6,3,3,6,3,4,1,6,6,6,3,6,6,7,6,7,6,6,6,2,3,4,3,2,1,4,5,3,3,3,3,4,4,4,3,3,2,7,5,3,5,6,7,7,7,5,7,5,7,1,6,1,2,3,2,4,3,1,4,6,7,3,2,3,2,3,3,1,2,1,1,2,2,1,1,2,3,2,2,1,1,1,1,1,1,1,1,1,1,1,1,5,5,1,4,6,6,2,1,1,1,1,2,1,1,1,1,1,3,3,2,2,2,3,3,2,2,2,2,2,2,2,3,2,2,2,3,1,4,4,4,4,7,5,3,1
R_2aehgJEJUb9gb2C,3,3,4,3,5,5,2,3,2,3,4,3,6,6,6,3,6,6,5,5,5,5,5,5,5,5,5,6,5,5,5,5,5,5,6,5,3,3,3,3,3,3,3,3,3,3,3,3,3,3,3,3,3,3,3,2,2,2,2,2,2,2,2,2,2,2,2,2,3,3,2,2,5,5,4,5,5,3,5,5,5,5,5,5,2,2,2,2,2,2,3,3,5,3,5,5,5,3,5,3,4,3,3,3,6,3,2,5,3,2,2,2,2,2,2,2,2,2,4,2,2,2,2,2,3,2,3,1,1,3,1,3,1,1,5,3,1,1,1,1,1,1,1,1,3,3,3,3,3,3,3,3,3,3,2,3,3,3,3,3,3,3,3,6,5,5,6,3,1,1,2
R_2xHabpiJ0UUJfIl,3,4,5,3,3,5,3,3,3,3,4,2,6,4,6,4,5,6,6,6,5,5,6,5,6,5,6,6,5,5,5,5,5,5,5,5,4,4,5,5,5,4,5,4,5,5,6,3,6,5,6,6,6,6,4,4,4,4,4,3,3,3,4,3,4,3,5,4,5,5,4,5,3,4,4,3,4,5,4,3,4,5,5,2,3,5,3,3,3,3,4,4,4,5,4,6,3,4,4,4,5,5,3,5,3,3,2,4,4,4,5,5,5,4,4,4,4,4,2,5,5,5,6,5,6,5,3,4,5,4,4,2,3,3,2,2,3,4,5,4,5,5,5,6,2,2,2,3,2,2,2,2,3,4,3,3,3,3,3,4,4,3,4,5,5,4,5,5,5,4,2
R_8vkOOgQk3MgS14Q,1,3,3,6,6,5,1,1,1,1,1,6,2,2,5,5,5,6,6,5,7,5,6,6,7,7,7,7,7,7,7,7,7,7,7,5,2,4,7,1,7,1,7,5,5,7,6,1,7,6,6,7,5,2,1,1,1,1,1,1,1,1,1,1,1,1,1,1,1,1,1,1,6,3,6,5,2,7,7,7,7,7,7,7,5,7,6,5,3,2,6,5,4,5,1,7,4,3,3,5,3,7,4,3,2,1,2,7,3,2,1,2,2,2,1,1,1,1,1,1,1,1,1,2,2,3,3,2,1,5,5,1,1,2,2,1,2,1,1,3,1,1,2,7,3,3,1,5,3,2,1,1,1,1,1,5,1,1,1,2,2,5,1,5,3,1,7,1,2,2,2
R_8Vz71V38wUIrnFu,5,4,5,4,5,4,1,2,1,1,5,5,7,1,7,4,6,7,5,3,4,5,3,2,5,4,4,4,3,3,4,4,3,5,3,3,4,6,4,3,7,1,5,1,7,3,6,1,3,3,7,6,5,5,5,1,1,1,3,3,1,2,3,4,1,1,3,2,5,1,3,4,7,4,4,7,5,4,7,4,7,7,6,4,4,7,2,5,7,1,1,1,5,7,5,5,1,1,3,4,4,4,6,1,1,5,3,7,6,6,4,7,7,7,3,3,4,1,4,3,4,3,5,4,4,7,4,6,5,7,7,7,1,1,4,1,2,4,3,3,1,2,4,7,4,4,5,5,6,6,4,3,2,4,3,4,5,2,4,3,2,5,4,6,5,4,7,5,5,4,3
R_8jPb0RHBjUSUj4b,1,1,1,1,1,1,1,1,1,1,1,1,7,7,7,7,7,7,7,7,7,7,7,7,7,7,7,7,7,7,5,5,4,5,7,6,1,4,3,3,6,2,2,4,3,2,6,4,7,7,7,7,7,7,1,5,2,5,5,4,1,3,3,2,7,3,7,7,7,7,7,7,7,6,5,5,2,7,5,5,5,6,4,5,7,7,7,7,7,7,7,7,5,4,2,7,7,4,6,7,3,7,3,4,4,3,2,5,5,5,1,4,4,4,3,2,4,4,1,3,7,7,6,7,3,6,1,1,2,2,7,1,1,1,1,3,1,1,4,1,3,1,3,3,1,2,3,1,3,2,2,2,1,1,3,1,5,4,5,5,3,4,5,6,6,3,5,3,4,1,1
R_8653GrwKz97L2c9,4,5,6,6,7,4,2,6,6,2,5,5,7,6,6,6,6,7,6,5,4,4,5,4,5,5,6,5,5,6,5,6,5,7,5,4,5,6,6,6,7,5,5,6,6,5,5,5,6,6,6,6,5,6,3,2,1,3,1,3,3,4,3,2,3,3,3,3,3,3,3,3,6,6,5,7,5,7,7,7,7,7,6,7,2,5,2,3,1,2,5,6,6,6,3,6,5,6,6,6,5,5,4,6,6,6,2,4,5,4,3,5,3,4,5,3,5,4,4,2,2,3,2,4,2,3,5,5,4,5,5,5,5,5,5,5,5,5,4,4,4,4,5,4,4,4,5,5,6,4,4,5,4,5,5,4,4,3,3,4,4,3,2,5,5,4,6,2,3,3,3
R_2S1DMQ3MMBiQE4P,3,5,6,5,7,5,1,1,1,1,5,1,6,1,7,6,6,7,7,7,7,7,7,7,7,7,7,7,7,7,7,7,7,7,7,7,5,5,3,2,3,2,3,3,3,3,5,2,5,3,5,5,5,5,3,2,2,1,1,1,2,2,2,2,3,1,3,2,3,3,3,3,6,5,2,6,7,6,7,7,7,7,2,7,3,6,3,3,1,1,3,2,1,2,1,4,4,3,2,3,1,1,1,2,1,3,1,1,7,7,7,7,7,7,5,5,6,7,7,5,6,5,6,5,7,5,3,5,3,7,7,7,3,3,3,3,7,5,4,5,5,5,6,7,5,6,5,7,7,7,6,5,5,5,7,7,5,5,5,5,5,6,4,5,6,3,5,1,1,4,1
R_8XtB6SxhJRvNNdv,4,4,4,4,7,7,4,4,4,4,4,3,7,4,7,7,7,7,7,7,7,7,7,7,7,7,7,7,7,7,7,7,7,7,7,7,4,4,4,7,7,4,4,4,4,4,4,4,7,4,4,7,7,7,2,2,2,2,2,2,2,2,2,2,2,2,2,2,2,2,2,2,4,4,4,4,4,4,4,4,4,4,4,4,4,4,4,4,4,4,1,1,1,1,1,1,1,1,1,1,1,1,1,1,1,1,1,1,1,1,1,1,1,1,1,1,1,1,1,1,1,1,1,1,1,1,1,1,1,1,1,4,1,1,1,1,1,1,1,1,1,1,4,4,2,2,2,2,2,2,2,2,2,2,2,2,2,2,2,2,2,3,1,2,1,2,3,4,1,3,4
R_2pDrngpOWZlF4x8,3,5,7,4,5,6,2,3,3,2,6,4,6,4,7,7,6,7,7,7,7,7,7,7,7,7,7,7,7,7,7,7,7,7,7,7,3,7,7,6,6,5,7,6,4,7,6,3,7,6,7,7,6,7,1,1,2,2,2,1,2,1,2,1,1,1,2,1,1,2,1,1,7,7,1,7,7,7,6,6,6,6,3,5,1,3,3,1,2,1,5,7,5,4,3,7,4,7,6,5,5,7,6,3,4,4,6,7,5,5,4,5,4,4,1,1,1,2,4,5,5,1,4,5,1,3,4,5,2,5,6,6,2,1,2,2,3,3,2,4,2,1,2,7,2,1,1,1,3,2,1,1,1,1,1,2,1,1,1,2,1,2,2,4,2,4,4,3,1,5,3
R_8NCiP48ThfuGDnl,6,4,3,7,5,7,4,7,6,4,6,1,4,4,6,5,3,4,6,6,6,6,6,6,6,6,6,6,6,6,6,6,6,6,6,6,6,7,7,7,7,3,7,5,6,7,4,3,7,7,7,4,7,7,1,1,2,1,2,1,2,1,1,2,1,1,1,1,2,1,2,1,3,3,2,2,6,1,6,2,2,3,3,1,3,2,4,3,3,4,6,5,3,4,3,5,3,3,5,3,3,5,6,1,5,4,4,4,3,5,5,5,4,6,4,4,5,3,3,5,2,2,3,3,3,6,3,4,3,4,5,2,2,3,2,3,2,2,2,4,2,3,4,6,3,4,4,4,5,5,3,3,4,4,2,2,4,3,4,4,3,5,4,5,6,3,3,2,2,1,2
R_8QoRmBL6t90fa1W,5,5,5,7,7,3,4,4,5,4,4,6,7,3,7,6,7,7,6,6,5,7,6,7,4,4,4,6,6,7,5,5,5,7,7,5,6,6,7,7,7,3,5,3,4,5,7,3,6,3,6,7,7,5,1,1,1,1,5,1,1,1,1,1,5,1,1,1,1,6,1,1,5,3,4,4,2,7,7,5,7,7,5,7,4,6,4,3,2,1,5,5,4,3,2,7,6,6,4,4,3,5,4,6,5,2,1,1,6,6,5,4,5,5,4,5,4,3,1,4,4,4,4,2,2,2,7,5,3,5,4,6,6,4,4,5,4,6,3,5,4,4,7,4,3,3,5,4,5,2,4,4,4,4,3,3,4,3,3,3,1,4,1,4,5,1,7,1,2,1,3
R_8Sj1yGrdmoC0WkV,2,4,1,2,5,7,1,1,1,2,3,1,3,3,4,4,5,7,6,6,6,6,5,6,6,6,6,5,6,6,6,6,6,6,5,5,4,4,4,4,5,5,3,3,3,3,5,2,4,4,5,5,6,6,4,4,3,6,4,4,4,3,5,2,4,4,5,3,3,3,3,3,5,5,5,6,5,5,6,6,5,6,6,5,3,3,3,3,2,2,3,5,5,3,3,5,4,4,5,5,3,6,3,5,3,3,4,4,3,4,2,2,4,3,2,4,3,3,4,3,2,3,3,2,5,5,3,3,4,3,5,2,4,3,4,3,4,3,3,4,3,4,5,5,4,5,5,3,5,5,4,4,4,4,4,3,4,4,4,5,5,5,5,5,5,2,2,4,3,3,1
R_2MlmhKWSCCwGBmV,4,4,3,6,6,2,4,5,3,4,5,3,5,3,5,5,5,6,5,7,6,6,6,7,6,6,6,6,6,6,7,6,5,7,6,7,2,4,6,5,4,4,4,5,6,6,6,3,7,5,7,7,6,7,1,1,1,3,1,2,2,2,1,3,5,2,4,1,2,4,3,4,7,7,1,3,6,7,6,5,7,7,2,5,1,6,2,2,3,1,7,7,1,6,4,7,5,6,5,5,2,6,2,4,2,2,1,1,1,3,5,2,4,2,4,4,2,3,5,2,3,3,5,5,3,5,2,2,3,3,3,3,4,3,2,4,3,3,6,5,5,4,3,5,2,4,5,3,5,6,2,4,5,5,6,5,4,4,5,4,5,3,2,5,3,5,6,5,6,6,5
R_2t5fEpB3YjlXlUl,2,2,2,4,4,3,2,3,1,2,2,4,6,3,4,4,4,6,4,6,5,4,5,4,7,5,6,5,5,5,6,5,6,5,5,6,5,5,6,6,5,5,5,6,6,6,4,6,6,5,4,5,5,5,2,2,2,3,2,1,2,2,2,2,2,2,2,1,2,3,2,2,6,3,6,6,4,6,6,6,6,6,5,6,6,5,6,4,5,4,4,5,5,5,4,5,4,5,5,5,5,5,5,6,5,4,5,4,4,4,3,4,4,4,4,4,3,4,4,4,4,3,4,4,4,4,4,2,4,4,4,2,4,4,4,4,2,5,4,3,3,4,4,5,3,4,4,4,5,3,4,3,3,3,4,5,5,4,4,4,4,4,3,5,4,3,6,5,3,6,5
R_2D1SHXT502ggLMQ,5,1,3,1,4,1,1,1,1,1,1,3,4,3,5,4,3,4,5,1,4,2,3,3,1,5,2,1,3,3,2,1,3,3,2,1,4,6,3,2,3,4,5,4,5,3,3,5,4,1,5,3,3,4,4,3,4,4,4,3,5,3,5,2,4,3,4,3,4,4,3,4,2,7,5,7,5,7,7,7,7,7,4,7,5,4,3,4,1,1,5,3,5,5,4,3,6,3,1,1,3,4,6,4,7,2,1,3,3,7,5,4,4,4,5,5,5,5,2,3,3,4,7,7,3,3,5,4,3,4,4,5,5,3,4,4,5,3,4,5,5,3,4,4,3,3,4,4,3,4,3,5,5,5,3,4,5,5,3,5,4,3,4,5,4,5,5,3,4,3,4
R_8xJVXH14jc9a1W1,5,6,7,6,5,6,6,6,6,6,5,6,6,5,6,6,6,7,7,7,6,7,7,7,7,7,7,7,7,7,7,7,6,7,7,6,7,6,7,5,6,5,6,6,6,6,6,6,7,6,7,7,7,7,2,2,2,2,2,1,2,2,2,2,2,2,2,2,2,2,2,2,4,6,5,5,6,6,6,6,6,4,5,6,5,6,5,5,6,1,3,2,2,3,2,5,2,2,2,2,2,3,2,2,3,2,1,2,2,3,2,3,2,2,2,2,2,2,2,2,2,2,1,2,1,2,4,3,3,4,3,3,2,3,2,3,4,3,4,2,4,3,3,5,4,4,5,4,5,5,4,4,4,4,5,4,5,5,5,5,4,5,2,5,5,4,4,3,3,3,3
R_8uD5OrVkPDeDcx6,4,2,1,4,3,1,1,3,3,2,5,3,7,2,7,7,7,7,5,6,7,4,3,6,5,6,6,6,5,5,6,6,5,6,7,6,3,1,3,4,7,1,4,3,5,4,7,5,6,5,7,7,6,7,1,1,1,1,4,1,2,1,1,2,3,1,3,2,4,4,3,6,7,5,7,7,7,7,7,7,7,7,3,7,1,5,1,1,5,1,7,6,7,3,3,7,7,6,7,6,4,6,5,5,4,4,1,1,4,4,7,6,4,6,7,7,7,6,4,4,7,6,5,5,7,2,1,2,1,2,5,1,1,1,1,1,6,1,5,4,4,5,5,5,4,5,3,4,4,5,5,4,5,4,5,5,4,6,5,6,5,4,4,5,5,7,6,7,5,7,4
R_80NiKyBU5n3khxL,2,4,4,6,1,2,2,2,3,2,5,6,5,6,4,7,4,6,5,5,5,5,5,5,5,5,6,5,6,6,6,6,6,6,6,5,3,4,5,4,2,2,4,6,5,4,5,4,6,4,6,5,6,3,1,2,3,2,1,2,2,3,2,2,3,1,4,4,4,3,4,2,7,6,4,5,6,7,7,7,7,7,3,7,4,5,4,2,4,3,7,6,2,5,7,7,5,3,6,3,2,6,4,4,4,4,2,7,1,1,1,1,1,1,1,1,1,1,1,1,1,1,1,1,1,1,1,2,2,1,2,1,1,1,1,2,1,2,1,2,1,2,2,2,2,2,3,2,3,3,2,2,2,2,3,3,3,2,2,2,2,3,4,3,2,2,2,4,4,3,4
R_2g5WbwJFxjVVrsK,3,2,2,3,1,2,2,2,2,2,5,2,5,1,4,2,5,7,4,5,4,5,3,5,5,4,6,5,6,5,5,6,5,5,4,6,5,5,5,5,3,5,5,3,5,5,6,4,4,6,5,5,6,6,2,2,2,2,1,2,2,2,2,2,2,1,1,2,2,1,2,2,6,2,6,3,7,7,6,6,7,6,5,6,1,6,2,1,1,1,6,6,6,6,6,6,6,6,6,6,6,6,6,6,6,6,6,6,4,5,6,5,6,5,6,6,6,6,6,6,6,6,6,5,6,4,4,2,2,3,5,3,2,2,2,3,2,2,2,2,2,2,2,3,3,3,4,3,6,3,2,2,2,2,2,3,3,2,2,2,3,4,2,4,4,4,6,6,4,4,4
R_2j7OM0kM4yChcZ4,5,5,6,5,7,7,4,4,3,4,6,4,7,3,7,7,6,7,6,7,7,6,6,6,7,7,7,6,7,7,7,7,7,7,7,7,6,7,7,7,7,6,5,7,7,5,7,4,7,6,7,7,7,7,2,2,2,2,2,2,2,2,2,2,2,2,2,2,2,2,2,2,5,1,2,4,2,4,5,2,5,5,5,6,2,4,2,2,3,1,5,2,2,1,2,5,4,2,3,2,2,5,2,2,2,2,1,1,3,4,4,4,3,3,3,3,4,3,3,3,6,3,6,6,5,5,5,5,4,3,5,4,3,4,4,3,3,5,4,5,4,4,5,5,6,5,5,5,6,5,5,5,5,5,5,6,5,5,5,5,5,6,4,6,7,4,7,1,1,1,1
R_2nECiR5AUnULHrP,3,4,5,4,3,3,2,3,2,2,3,2,7,7,7,7,7,7,6,6,5,6,4,6,5,6,4,5,6,4,6,6,6,6,6,6,3,3,3,2,5,3,6,6,6,4,2,5,5,3,6,3,6,6,2,2,2,2,2,2,2,2,2,2,2,2,2,2,2,2,2,2,6,2,6,4,6,6,6,5,6,7,5,6,5,2,2,2,2,2,2,2,5,5,4,7,4,5,2,3,5,3,6,2,6,6,5,7,2,2,2,2,2,6,2,2,2,2,4,5,3,2,5,2,2,6,3,1,2,2,6,6,2,2,2,2,3,2,3,3,3,2,5,6,3,3,3,3,3,3,3,3,3,3,3,3,3,3,3,3,3,3,3,5,5,6,6,2,5,3,2
R_8xiskIxWE93LlM5,5,6,5,5,5,7,5,5,5,5,5,5,6,5,6,7,6,7,7,7,7,7,7,7,7,7,7,7,7,7,7,7,7,7,7,7,6,7,6,6,6,7,6,6,6,6,6,6,7,6,7,7,7,7,2,2,2,2,2,2,2,2,2,2,2,2,2,2,3,3,3,3,2,2,2,2,2,2,2,2,2,2,2,2,1,1,1,2,2,1,5,2,2,2,3,4,2,2,2,2,1,2,1,2,1,1,2,1,2,2,2,2,2,2,2,2,2,2,2,2,2,2,2,2,2,2,2,2,2,2,2,2,2,2,2,2,2,2,2,2,2,2,2,2,1,1,1,1,1,1,1,1,1,1,1,1,1,1,1,1,1,1,1,2,2,5,6,3,3,5,3
R_8VD3coSTANNHAD5,1,3,4,2,2,3,1,2,2,1,3,2,6,6,6,6,5,5,6,5,5,7,4,2,5,7,7,5,5,6,6,5,4,4,6,4,2,4,6,3,5,5,4,6,7,4,6,2,6,6,5,6,7,4,2,2,4,3,3,1,1,2,1,2,4,1,3,3,2,4,3,2,4,5,5,5,5,5,6,6,6,6,1,6,2,2,2,2,2,2,6,5,6,4,5,6,6,5,7,7,5,7,7,2,7,6,2,5,2,6,6,6,5,2,1,3,2,5,2,2,5,6,6,2,6,6,5,2,5,5,2,5,2,2,2,2,4,1,2,5,2,5,4,3,5,4,5,6,4,2,2,3,6,2,3,6,5,4,4,2,6,6,4,4,4,6,6,6,2,2,3
R_2gCNAOK4mueMbnf,3,5,6,6,7,4,5,5,3,5,5,3,7,3,7,7,6,7,7,7,7,7,7,7,7,7,7,7,7,7,7,7,7,7,7,7,3,4,4,6,4,2,4,3,3,3,5,2,7,4,6,6,6,6,2,3,3,2,2,2,2,3,3,2,2,1,3,2,3,2,3,3,6,3,4,3,5,5,5,5,5,3,4,4,1,2,1,1,2,1,5,3,5,3,5,6,4,3,4,3,5,6,3,5,4,6,4,6,1,1,1,1,3,4,3,1,1,1,1,4,3,4,1,3,2,1,3,5,1,3,5,3,2,3,4,3,5,5,4,3,4,6,5,6,2,2,2,2,3,3,3,2,2,3,2,3,2,2,2,2,2,3,1,5,5,5,6,3,2,2,2
R_2hnl9XG3sRxnGjV,3,5,6,5,2,7,1,3,3,1,4,1,7,1,7,7,4,7,7,7,7,7,7,7,7,7,7,7,7,4,7,7,7,7,7,7,5,4,7,7,7,6,6,6,5,6,7,6,7,7,7,7,7,7,1,7,7,7,7,7,7,7,7,7,3,1,7,7,7,7,7,7,7,7,7,7,7,7,7,7,7,7,7,7,7,7,7,7,7,7,1,1,1,1,7,2,6,6,1,7,1,1,6,7,6,5,1,5,1,6,1,6,7,7,1,1,1,1,1,1,1,6,1,2,6,7,1,1,6,2,2,1,1,7,1,1,1,7,1,1,6,6,6,5,2,2,6,2,6,6,2,2,2,2,2,2,6,2,2,2,6,6,4,6,6,7,7,7,6,6,3
R_22PRtHjnb1WViw6,1,3,3,3,2,3,3,2,1,2,4,1,6,2,6,7,2,7,7,7,6,6,5,7,6,5,7,4,6,6,6,7,7,7,4,6,5,7,7,7,6,7,6,6,6,7,7,6,6,6,7,6,7,7,2,1,1,2,2,1,2,2,2,2,2,1,2,2,2,2,2,1,7,5,6,7,7,7,5,7,5,5,6,5,5,6,5,6,5,5,1,2,4,1,4,2,4,4,2,2,2,3,6,2,5,7,1,4,4,4,4,6,6,4,4,4,4,4,4,4,6,4,4,4,4,4,2,3,6,1,2,2,2,2,2,2,6,6,3,3,6,3,4,6,4,3,3,3,3,3,4,3,4,3,3,4,4,3,4,3,3,3,2,4,3,4,5,4,4,3,3
R_8QPAkNIyrWDEc6S,3,7,7,7,4,1,3,1,3,3,5,1,5,1,6,7,6,6,7,6,5,7,6,7,6,7,6,7,7,6,6,7,6,6,7,7,3,5,4,6,6,6,5,5,6,4,6,5,5,6,6,6,5,4,1,1,1,1,1,1,1,1,1,1,1,1,1,1,1,1,1,1,6,4,6,4,4,3,6,4,6,6,2,5,2,5,3,3,2,4,2,6,4,4,3,2,3,5,3,5,3,4,4,4,4,4,3,6,1,1,1,1,1,1,1,1,1,1,1,1,1,1,1,1,1,1,1,1,1,1,1,1,1,1,1,1,1,1,1,1,2,1,1,1,2,3,2,1,3,2,3,3,2,3,2,2,2,1,2,2,2,3,1,1,1,4,4,4,4,4,4
R_2uTWUSIKlQbvpJ2,2,5,3,4,5,4,3,2,4,2,5,3,5,2,3,4,6,6,4,5,4,5,6,3,5,5,4,4,5,5,6,3,5,3,3,5,2,4,4,3,4,2,3,3,3,3,5,2,5,3,6,2,3,5,1,1,2,3,2,1,1,1,2,2,3,2,4,2,4,2,2,4,7,7,6,6,4,6,7,7,4,6,7,7,2,7,3,4,3,2,7,6,3,6,3,7,7,7,6,6,2,2,5,7,2,4,3,3,5,5,5,6,6,5,5,6,4,5,4,5,2,6,2,2,2,5,5,4,3,2,5,5,2,2,6,3,2,2,3,5,5,4,4,3,6,3,5,6,5,6,5,6,4,5,4,4,2,5,2,2,2,3,4,6,6,5,5,1,2,1,1
R_23hVydUQM14PNy9,5,6,5,6,7,5,5,5,5,5,7,5,7,5,7,7,7,7,7,7,7,6,5,7,7,7,7,7,7,7,6,7,6,7,6,6,4,7,5,6,6,7,5,5,5,5,5,5,7,6,7,7,6,7,3,4,4,3,3,4,4,3,4,4,3,3,4,4,4,4,4,4,7,7,7,7,7,7,7,7,7,7,7,7,7,7,7,7,7,7,5,4,3,4,4,5,4,5,4,3,4,4,2,3,3,3,3,3,3,3,3,5,3,5,4,3,4,4,4,4,3,4,3,4,4,3,5,4,4,4,5,5,4,4,2,4,2,3,3,4,1,1,5,1,3,3,2,3,3,3,2,2,2,3,2,2,2,2,2,2,2,2,5,5,6,1,3,1,3,1,2
R_8mRzrENtNCEFBiV,1,4,7,4,4,4,1,1,1,1,1,1,1,5,5,7,1,7,7,7,7,7,7,7,7,7,7,7,7,7,7,7,7,7,7,7,7,7,7,7,7,7,7,7,7,7,7,7,7,7,7,7,7,7,1,1,1,1,1,1,1,1,1,1,1,1,1,1,1,1,1,1,7,5,4,4,4,4,7,7,7,6,7,4,4,1,1,1,4,1,7,7,7,7,7,7,7,7,7,7,7,7,7,7,7,7,7,7,4,4,4,4,4,4,4,4,4,4,4,4,4,4,4,4,4,4,1,1,1,1,1,1,1,1,1,1,1,1,1,1,1,1,1,1,2,2,3,2,3,3,2,2,1,2,2,2,2,2,2,2,2,2,1,1,1,5,7,4,1,4,4
R_8rC369hkg6mBTms,1,3,7,7,4,1,7,1,1,1,1,1,7,7,7,7,7,7,7,5,6,6,7,6,6,6,6,7,6,7,6,6,7,7,6,5,7,7,7,7,7,4,7,7,7,7,7,1,7,7,7,7,7,7,1,1,1,1,1,1,1,1,1,1,1,1,1,1,1,1,1,1,4,2,4,4,3,3,4,5,4,4,4,7,4,1,3,1,1,3,7,3,2,3,1,7,1,7,7,7,2,7,3,2,7,3,1,1,1,1,1,1,1,1,1,1,1,1,1,1,1,1,1,1,1,1,1,1,1,1,1,1,1,1,1,1,1,1,1,1,1,1,1,1,2,1,1,2,2,3,1,1,2,1,1,3,1,1,1,1,2,2,1,1,1,1,3,3,1,7,1
R_2TXh3iZgni1Mv2e,2,6,7,5,6,4,2,3,6,1,5,2,2,1,2,4,6,6,6,6,6,6,6,6,5,6,5,6,5,5,7,7,7,7,7,7,3,3,5,6,7,2,6,6,5,6,6,4,6,4,5,7,6,7,3,3,3,3,3,3,3,3,3,3,3,3,3,3,3,3,3,3,5,2,1,1,3,3,7,7,3,5,2,5,4,7,3,3,1,1,5,5,4,3,4,7,4,4,4,4,4,5,2,4,3,4,3,3,1,1,1,1,1,1,1,1,1,1,1,1,1,1,1,1,1,1,3,3,4,3,3,2,4,4,4,4,4,3,4,4,4,4,4,4,5,5,5,5,5,5,5,5,5,5,5,5,5,5,5,5,5,5,1,5,3,4,4,2,4,1,3
R_2KTl9aKnJXdrQsm,2,4,5,4,5,4,1,1,1,1,4,2,5,2,6,4,5,7,4,4,4,4,4,4,4,4,4,4,4,4,4,4,4,4,4,4,4,4,6,4,4,3,4,4,4,4,4,4,6,6,6,6,6,6,2,2,2,2,2,2,2,2,2,2,2,2,2,2,2,2,2,2,7,7,3,6,7,6,7,7,7,7,4,7,4,7,4,3,2,3,6,6,5,6,6,6,6,6,5,6,5,6,3,6,3,3,3,2,4,4,3,3,3,4,4,4,4,4,4,4,4,3,3,4,3,3,4,4,3,4,3,3,3,3,3,3,3,3,3,3,3,3,3,3,3,3,3,3,3,3,3,3,3,3,3,3,3,3,3,3,3,3,4,5,5,5,5,2,5,4,4
R_2L8RCoY5iiGPQB3,5,5,5,5,6,6,6,5,6,4,6,6,7,7,7,7,7,7,7,7,6,6,6,6,7,7,7,7,7,7,6,6,6,6,6,6,7,6,7,6,7,7,6,6,6,6,6,6,6,7,6,6,6,7,3,3,4,4,4,4,3,4,3,4,4,4,5,3,3,3,4,3,5,5,3,3,4,4,5,4,4,5,3,5,4,4,4,4,4,6,4,3,4,5,4,4,5,3,4,4,3,3,4,4,5,3,4,4,4,5,4,3,4,4,4,3,4,4,5,4,4,3,3,4,3,4,4,5,5,5,5,5,4,5,4,4,5,5,5,4,5,4,5,5,2,2,2,1,1,1,2,2,1,2,2,1,2,2,2,2,2,2,2,5,2,2,4,2,3,2,3
R_8ub71LnuBZ0g0yR,3,3,2,4,5,4,4,3,3,3,4,2,6,3,6,4,4,6,4,4,4,4,4,4,4,4,4,4,4,4,4,4,4,4,4,4,6,6,6,6,6,6,6,6,5,6,6,6,6,6,6,6,6,6,6,6,6,6,6,6,6,6,6,6,6,6,6,6,6,6,6,6,4,4,4,4,4,4,4,4,4,4,4,4,4,4,4,4,4,4,4,4,4,4,4,4,4,4,4,4,4,4,4,4,4,4,4,4,2,2,2,2,2,2,2,2,2,2,2,2,2,2,2,2,2,2,4,4,4,4,4,4,4,4,4,4,4,4,4,4,4,4,4,4,3,3,3,3,3,3,3,3,3,3,3,3,3,3,3,3,3,3,5,5,5,4,4,4,4,4,4
R_2WY4soc3RmKXnK9,7,6,6,6,6,6,6,6,5,6,3,6,7,7,7,7,7,7,6,6,6,6,6,6,6,6,6,6,6,6,6,6,6,6,6,6,6,6,7,7,5,7,7,7,7,7,7,6,7,7,7,7,5,7,1,1,2,1,2,1,2,2,2,2,2,2,2,2,2,2,2,1,6,4,3,4,6,6,4,5,6,6,3,4,1,4,3,2,4,1,7,7,5,4,7,7,5,4,4,4,4,6,5,4,4,5,4,6,1,1,1,1,1,1,1,1,1,1,1,1,1,1,1,1,1,1,1,2,2,2,1,1,2,2,2,2,2,2,2,2,2,2,2,2,4,4,4,4,4,4,4,4,4,4,4,4,4,4,4,4,4,4,1,3,4,1,1,1,1,1,1
R_2e8FSYw6fsykx5n,1,1,6,1,1,1,1,1,1,1,1,1,6,1,6,6,6,7,7,7,7,7,7,7,7,7,7,7,7,7,7,7,7,7,7,7,4,4,7,5,6,4,5,5,5,4,6,5,7,6,7,7,7,7,2,2,2,2,2,2,2,2,2,2,2,2,2,2,2,2,2,2,7,6,1,6,1,4,7,7,6,7,3,7,1,7,1,1,1,1,7,6,7,4,6,7,5,4,7,5,3,5,3,2,4,2,2,2,4,6,4,3,7,7,4,3,3,5,4,4,4,4,4,4,4,7,7,7,4,7,7,7,4,4,3,4,4,4,5,4,5,5,5,7,5,3,4,5,5,6,2,3,2,2,4,3,3,2,2,3,2,3,4,5,5,3,2,2,4,2,2
R_2Ev2UmtwGfDJ9kV,7,3,7,6,6,3,3,4,3,6,5,3,7,7,7,7,7,7,7,7,7,7,7,7,7,7,7,7,7,7,7,7,7,7,7,7,6,5,6,5,7,4,5,5,5,6,5,5,7,5,7,7,6,7,1,1,1,1,1,1,1,1,1,1,1,1,1,1,1,1,1,2,6,3,3,5,3,7,6,6,6,5,5,5,2,5,2,2,3,1,1,2,2,2,2,5,2,3,3,3,3,4,2,3,1,2,2,2,2,3,2,5,6,6,2,3,1,2,2,2,6,3,5,5,2,7,3,2,2,3,4,3,1,3,2,2,2,1,3,3,5,2,2,5,2,2,2,2,2,2,2,2,2,2,2,2,2,3,2,3,2,3,2,6,2,5,6,4,3,3,4
R_2KIT6ofMrzcQKLG,4,4,4,4,4,3,4,4,3,1,4,3,4,4,5,4,4,6,3,3,3,3,3,3,3,3,3,3,3,3,3,3,3,3,3,2,5,5,7,7,7,5,6,6,6,7,6,6,7,6,7,7,6,7,1,1,1,1,1,1,1,1,1,1,1,1,1,1,1,1,1,1,7,7,5,7,7,7,7,7,7,7,7,7,4,7,4,7,3,1,6,3,1,3,5,5,2,3,4,3,2,3,1,3,1,2,3,7,4,4,4,4,4,4,4,4,4,4,4,4,4,4,4,4,4,3,3,2,3,2,3,2,2,3,3,2,2,2,2,3,2,3,3,5,4,5,5,5,5,5,4,4,4,4,4,4,4,4,5,4,4,5,5,7,7,4,1,3,4,2,3
R_27Dwgb3DKwAcsy5,2,4,4,6,7,6,4,4,2,1,6,3,5,4,7,4,4,4,4,4,4,3,4,6,6,7,7,2,5,7,5,6,5,4,3,5,2,5,3,4,6,4,4,5,4,2,5,4,4,4,4,3,1,4,4,5,3,3,7,4,4,4,1,2,4,4,4,4,4,4,5,4,4,4,4,5,2,3,6,5,4,5,4,7,3,4,1,2,4,3,4,5,5,4,5,4,4,4,6,6,4,4,4,5,3,3,6,4,5,2,4,2,3,2,4,5,4,4,5,5,5,4,4,5,4,4,4,4,4,4,4,4,4,4,4,4,5,4,4,3,4,5,4,4,4,5,4,4,4,4,4,5,5,5,3,4,4,4,4,4,4,4,4,5,5,4,4,2,4,4,3
R_8SBT3AGG3ZJGK0W,7,6,4,7,2,7,3,1,2,1,3,1,7,5,7,7,6,7,7,7,7,7,7,7,7,7,7,7,7,7,7,7,7,7,7,7,5,7,7,7,4,7,7,5,7,7,3,7,6,7,5,7,6,6,2,2,4,2,2,3,4,5,4,4,2,5,2,2,2,1,1,1,6,6,6,5,6,6,6,6,6,6,6,6,6,6,6,6,6,6,1,4,1,1,2,7,1,7,1,1,4,2,5,3,6,6,2,7,1,1,1,1,1,1,1,1,1,1,1,1,1,1,1,1,1,1,1,1,1,1,3,4,1,1,1,1,5,1,1,1,1,1,1,1,1,1,1,1,3,1,1,1,1,1,4,1,2,1,1,1,1,3,2,1,2,7,7,7,6,6,6
R_2LOqtAHFweGmA9z,7,7,7,7,7,7,7,7,7,7,7,7,7,7,7,7,7,7,7,7,7,7,7,7,7,7,7,7,7,7,7,7,7,7,7,7,7,7,7,7,7,7,7,7,7,7,7,3,7,3,7,7,7,7,1,1,1,1,1,1,1,1,1,1,1,1,1,1,1,1,1,1,2,2,2,4,4,4,4,4,4,4,4,4,4,2,2,4,4,2,2,2,4,2,6,7,5,6,7,5,3,7,6,5,7,3,2,6,2,3,5,3,6,4,4,5,3,3,2,6,3,3,3,3,4,6,1,1,1,4,5,1,1,1,1,1,1,5,1,1,1,1,5,1,4,4,4,5,5,4,6,5,4,5,4,6,5,4,4,4,6,5,4,6,7,4,6,1,1,2,1
R_2ZHr2xu6Wt4fXGR,3,4,7,4,6,5,3,3,3,1,6,5,7,2,7,7,5,7,6,4,1,2,3,3,5,5,6,5,5,3,6,2,6,6,3,2,4,6,7,4,4,3,4,4,6,6,5,2,7,5,7,7,6,7,2,3,1,2,1,1,2,2,3,3,4,1,5,3,5,5,3,2,4,5,2,2,6,5,7,7,7,6,6,7,1,4,2,1,2,1,6,4,3,7,6,7,5,7,6,5,7,7,1,2,1,1,2,7,6,4,6,6,6,6,3,5,4,3,3,5,3,3,2,2,3,7,4,3,4,4,6,7,5,7,5,5,4,6,2,3,2,2,3,6,3,2,4,6,6,7,3,5,3,2,6,6,1,2,2,1,2,7,2,4,2,7,6,1,1,2,1
R_8UWsJYPstQJy4RZ,2,3,3,3,3,5,2,2,2,2,2,1,7,3,7,6,4,7,6,6,5,5,4,5,6,6,6,6,7,7,6,6,7,7,6,5,6,5,5,5,4,3,5,5,5,5,7,3,7,6,7,7,7,3,1,1,1,1,1,1,1,1,1,1,1,1,1,1,1,1,1,1,4,4,3,4,4,4,5,5,5,5,2,6,1,2,1,1,2,1,6,6,6,6,6,7,6,6,6,6,6,6,6,6,5,5,5,7,2,2,1,2,5,5,1,2,1,1,1,3,1,1,1,1,2,6,2,2,1,3,6,4,2,2,1,2,1,4,1,2,1,1,1,7,2,3,2,2,6,5,2,2,2,2,1,4,1,2,2,1,2,5,2,2,3,5,7,5,5,5,3
R_2usAh65OUZhvSlH,5,5,3,3,6,6,2,3,2,2,6,3,6,6,7,6,7,6,6,6,6,2,2,2,7,6,7,6,3,6,6,2,6,3,2,3,7,7,4,6,6,6,4,5,6,4,5,6,6,6,7,6,5,7,3,4,1,2,3,1,2,2,1,2,2,2,5,3,4,4,2,4,6,5,7,5,2,6,6,6,7,6,6,3,2,5,2,2,6,2,1,5,7,3,6,7,3,2,6,4,6,2,2,2,2,5,6,5,2,1,2,3,3,2,1,1,1,1,1,2,2,2,1,1,1,2,2,2,3,3,3,2,6,3,6,6,3,6,2,2,1,2,6,3,2,2,2,2,2,4,2,2,2,2,2,3,2,2,2,2,2,2,1,5,5,1,6,2,5,3,2
R_8gOCOX8YAYCP4pR,1,2,7,7,7,7,2,1,1,1,3,4,7,4,7,4,1,7,7,6,7,6,6,6,7,7,7,7,7,7,6,6,7,7,7,6,1,1,1,1,1,1,1,1,1,1,1,1,1,1,1,1,1,1,1,1,1,1,1,1,1,1,1,1,1,1,1,1,1,1,1,1,7,7,7,7,7,7,7,7,7,7,7,7,7,7,7,7,7,7,1,2,3,3,4,2,5,2,2,2,1,1,7,1,5,5,1,1,4,3,1,1,1,4,1,4,1,1,1,2,1,2,1,1,3,4,1,1,1,1,1,1,1,1,1,1,1,1,1,1,1,1,1,1,5,1,1,5,4,4,1,1,1,1,2,4,5,5,2,1,5,1,1,1,2,4,4,1,1,1,3
R_8pncVyg0LlzsmZ3,3,4,5,6,6,6,6,6,4,6,5,5,6,6,6,6,6,6,7,7,6,7,5,6,7,7,7,7,6,7,7,7,6,7,7,5,6,5,3,6,6,5,5,6,5,5,6,4,4,6,6,6,5,6,3,3,3,2,3,2,2,4,4,3,2,3,4,5,4,5,4,5,5,2,4,3,2,3,6,2,5,6,5,5,2,4,2,2,2,2,4,4,4,4,5,4,3,3,2,5,2,5,5,3,4,2,2,5,2,2,2,2,2,2,6,6,6,5,6,6,3,6,2,6,4,2,2,2,2,3,4,3,3,4,2,4,4,3,2,2,2,4,3,4,1,2,3,3,3,3,3,2,3,1,1,2,4,2,2,2,2,2,2,5,2,5,5,4,5,5,4
R_8lMkXtSEMvk8bUh,1,1,7,2,2,1,1,1,2,2,1,7,3,1,6,1,2,1,6,6,7,7,7,5,6,6,5,7,5,6,5,6,4,5,5,6,6,7,7,6,7,6,7,7,7,6,7,7,6,6,6,6,6,5,3,3,3,3,4,2,3,4,3,4,3,3,3,4,2,3,2,3,5,2,1,4,5,7,4,5,4,3,7,7,3,4,4,4,3,2,6,3,2,2,5,7,4,4,3,4,2,5,2,3,4,1,2,1,1,3,2,3,2,1,2,3,2,1,4,2,1,3,2,1,1,2,1,2,1,1,1,4,1,1,1,2,6,1,3,3,5,4,1,2,2,2,1,3,3,3,1,2,2,2,4,2,4,3,3,4,2,1,1,3,3,3,7,1,2,4,2
R_2QJYkT4x9UPaE0x,6,7,7,6,7,6,7,6,7,7,7,6,7,7,7,6,7,5,6,5,4,5,5,4,5,5,5,5,6,7,5,5,5,6,4,4,5,5,6,6,5,4,5,5,4,5,5,5,5,5,5,5,6,5,1,1,1,1,1,1,1,1,1,1,1,1,1,1,1,1,1,1,4,3,3,6,4,4,5,5,6,5,3,6,2,7,2,3,1,3,5,4,5,4,3,4,4,5,4,5,4,3,4,5,4,3,3,4,3,4,5,4,4,5,4,3,4,4,2,4,2,3,4,2,4,3,2,3,5,3,4,4,4,4,6,5,5,5,5,4,5,4,5,5,5,5,5,5,5,6,5,5,5,5,2,5,5,5,5,6,6,5,5,5,6,1,4,1,1,1,1
R_2C9pNvI8zjaehaN,2,3,2,5,5,3,2,2,2,2,2,2,7,5,7,7,7,7,7,7,7,7,7,7,7,7,7,7,7,7,7,7,7,7,7,7,7,7,7,7,7,7,7,7,7,7,7,7,7,7,7,7,7,7,3,3,2,3,3,2,2,2,2,2,3,3,3,3,3,3,3,3,6,4,6,6,5,4,6,6,6,6,6,6,2,4,2,2,2,1,5,4,4,4,5,5,4,4,4,4,5,5,5,4,5,5,5,5,2,2,2,2,2,2,2,2,2,2,2,2,2,2,2,2,2,2,2,2,2,2,2,2,2,2,2,2,2,2,2,2,2,2,2,2,4,4,4,4,4,4,4,4,4,4,4,4,4,4,4,4,4,4,2,2,2,4,4,4,4,4,4
R_8wytXj36EgPx78c,4,5,6,4,4,4,2,4,5,4,5,2,6,3,7,2,5,5,5,5,4,5,4,6,5,6,5,6,4,6,5,6,7,3,5,4,5,5,5,5,5,3,4,6,4,5,6,3,6,6,5,6,5,3,5,6,6,5,5,6,5,5,6,6,6,5,6,5,4,6,6,5,2,3,3,4,5,5,5,5,6,5,5,6,2,4,2,4,5,6,3,4,4,2,3,6,3,5,4,4,3,3,4,5,5,5,3,3,5,4,4,2,4,3,3,6,6,5,4,5,3,4,2,5,5,6,3,2,4,3,4,3,3,4,4,3,4,4,5,3,4,3,3,3,3,3,4,5,5,3,5,5,4,4,5,3,2,4,4,3,4,5,2,4,4,5,5,4,5,3,4
R_8LUMafrMPZcyueN,2,2,1,2,1,1,3,5,4,5,2,2,5,5,5,3,5,2,6,6,5,5,5,6,4,5,3,5,3,5,6,6,5,5,5,5,2,5,7,6,5,2,5,3,6,6,6,2,6,6,5,7,5,6,1,2,1,1,2,1,1,2,1,1,1,2,2,1,2,1,1,2,2,1,1,2,2,1,7,7,6,7,5,7,5,3,5,6,2,1,7,5,1,5,2,7,2,6,6,6,1,2,3,5,5,2,2,6,6,3,5,5,6,5,3,3,3,3,2,2,3,3,2,3,2,2,7,5,7,3,6,2,6,5,5,6,5,5,3,3,3,3,2,7,7,7,7,6,7,6,2,3,2,3,5,3,3,2,3,3,6,6,3,5,6,3,7,3,5,5,2
R_2zMbuUskZWc5RYX,5,6,6,4,2,3,3,4,5,6,3,4,7,4,7,5,6,7,5,4,4,4,5,4,3,3,4,3,2,3,6,6,4,3,5,5,7,3,6,6,5,3,7,7,7,7,6,6,6,6,7,6,7,5,2,1,2,2,3,1,1,2,2,1,3,3,2,2,2,1,2,2,3,4,2,6,3,6,5,4,5,5,5,4,3,5,2,2,3,1,2,5,2,3,5,6,3,3,3,2,3,3,6,4,6,3,2,5,2,2,3,3,4,5,4,4,4,5,3,5,5,5,5,3,2,4,5,3,4,2,2,1,5,4,2,6,3,5,3,3,3,3,4,3,4,3,3,2,2,4,4,4,4,5,3,3,5,4,4,3,2,6,4,5,6,5,6,2,3,3,1
R_2dz6Pc6dXnPp5gg,5,5,4,5,4,5,4,4,5,4,4,3,5,3,3,5,5,4,7,7,7,7,7,7,7,7,7,7,7,7,5,4,5,6,3,6,6,5,7,7,5,5,5,5,5,5,7,3,4,4,4,4,3,4,1,1,1,1,1,1,1,1,1,1,1,1,1,1,1,1,1,1,5,3,6,6,5,5,7,7,7,7,4,6,4,7,4,6,6,4,5,4,5,4,5,5,5,6,5,6,4,4,5,6,4,6,2,4,6,6,6,6,4,4,6,6,6,6,3,4,4,4,4,3,4,6,1,1,4,4,6,1,2,2,2,2,4,6,5,4,5,5,5,5,2,2,3,2,5,2,1,2,2,2,4,4,4,4,4,5,5,4,5,6,6,5,3,3,4,3,4
R_2YgqxQY5PJmNjym,6,5,4,5,2,5,6,6,5,6,5,6,2,3,2,2,6,2,2,3,2,3,4,3,3,2,3,3,3,2,4,3,4,4,3,5,5,5,5,6,6,4,6,6,6,6,4,5,6,6,7,7,6,7,1,1,1,1,1,1,1,1,1,1,1,1,1,1,1,1,1,1,6,6,4,4,4,6,6,6,6,5,5,5,6,5,6,6,6,3,2,2,2,2,2,2,2,2,2,2,2,2,2,2,2,2,2,2,2,4,3,5,2,5,2,2,2,2,4,4,5,4,5,5,5,5,2,2,2,2,2,2,2,2,2,2,2,2,2,2,2,2,2,2,3,2,2,4,4,2,3,2,3,2,4,2,4,2,4,4,4,5,2,3,3,2,6,2,4,6,2
R_8DiP7KEUtSYM4c4,1,1,1,1,1,1,1,1,1,1,1,1,7,1,7,7,7,7,7,7,7,7,7,7,7,7,7,7,7,7,7,7,7,7,7,7,7,7,7,7,7,7,7,7,7,7,7,7,7,7,7,7,7,7,1,1,1,1,1,1,1,1,1,1,1,1,1,1,1,1,1,1,7,7,1,7,7,7,7,7,7,7,1,7,1,7,1,1,1,1,3,5,5,4,4,7,6,6,6,6,6,6,7,4,6,6,4,7,1,1,1,1,1,1,1,1,1,1,1,1,1,1,1,1,1,1,1,1,5,1,1,1,1,1,1,1,1,1,1,1,1,1,1,1,4,4,5,4,4,4,4,4,5,4,4,3,5,5,4,4,5,5,2,5,6,1,7,1,7,1,1
R_8IeVlXrgQ6bquVH,2,7,7,5,6,7,2,3,6,3,7,6,7,2,7,7,3,7,5,6,5,5,3,5,5,3,5,4,6,4,5,5,5,5,4,3,7,6,7,7,3,4,5,3,5,6,7,6,7,6,7,7,7,7,1,1,1,1,1,1,2,1,1,3,2,2,2,1,2,3,3,1,7,4,4,7,7,7,7,7,7,6,1,5,1,4,1,1,4,1,1,1,4,1,1,1,2,5,3,4,1,3,7,1,7,2,1,1,6,6,7,5,6,7,5,6,6,6,6,4,7,6,6,6,6,7,2,3,2,1,1,2,3,3,4,3,1,1,1,1,2,1,2,2,3,4,4,5,5,4,5,5,4,4,2,2,3,4,4,4,4,5,3,5,5,3,3,3,4,4,5
R_8nLOrF6yfwTIjD3,5,5,5,3,7,6,4,5,5,3,4,6,6,3,6,6,6,7,6,4,6,5,6,7,6,6,6,6,6,6,6,5,5,5,3,6,5,5,6,4,7,6,6,4,4,5,6,6,7,7,7,7,6,7,2,4,1,4,3,3,2,4,3,2,2,3,3,2,3,5,1,4,7,6,2,6,4,6,6,6,6,6,5,7,2,2,2,2,3,2,7,6,2,5,2,7,4,3,6,3,3,6,1,2,1,1,1,1,2,2,2,3,5,3,3,3,3,2,4,2,3,2,2,1,5,5,3,3,3,3,4,2,2,2,2,2,3,2,4,3,4,4,4,4,4,3,1,3,3,2,2,1,2,2,3,1,3,2,4,3,4,5,2,3,3,3,5,3,2,6,2
R_2D2kixRmJ9Xx0OG,2,2,2,6,6,2,5,2,2,6,4,6,6,5,6,6,6,7,6,6,6,6,6,6,6,6,6,6,6,6,6,6,6,6,6,6,7,7,7,7,7,7,7,6,6,7,7,7,7,7,7,7,7,7,1,1,1,1,1,1,1,1,1,1,1,1,1,1,1,1,1,1,5,6,5,6,5,7,7,6,6,7,5,4,1,2,3,3,1,3,7,7,7,7,7,7,7,7,7,7,7,7,7,7,7,7,7,7,1,4,4,3,7,1,4,2,1,1,4,2,5,7,6,2,5,2,1,1,1,1,1,1,1,1,1,1,1,1,5,5,5,5,6,5,2,2,2,2,6,2,2,2,2,2,2,2,2,2,2,2,2,5,5,4,4,3,5,2,2,5,2
R_82SbDbe9X4oLvbo,4,2,6,6,6,1,3,1,1,1,1,3,6,4,4,6,5,6,7,7,7,7,7,6,7,7,5,7,7,7,6,7,5,6,7,6,3,7,6,7,7,4,7,6,6,5,7,2,4,7,7,7,7,6,1,1,1,1,1,1,1,1,1,1,1,1,1,1,1,1,1,1,7,5,6,7,7,4,7,7,7,7,7,7,4,5,4,5,7,5,3,5,3,3,6,7,3,5,6,5,4,6,5,2,2,3,2,4,5,1,1,2,5,2,1,1,1,1,1,1,3,3,4,4,4,6,3,2,3,2,3,2,2,3,3,2,3,3,2,2,5,2,3,4,3,4,5,3,3,3,2,3,3,3,3,2,3,5,2,3,3,4,4,3,3,3,4,5,2,4,2
R_2s6JwqSVAc0tmtZ,3,6,4,6,5,5,2,2,2,2,5,3,7,5,7,7,7,7,7,7,7,7,7,7,7,7,7,7,7,7,7,7,7,7,7,7,2,5,5,4,6,5,3,3,3,3,4,3,7,4,7,7,7,2,1,2,3,1,1,1,3,2,2,3,3,3,3,3,4,2,4,3,6,4,3,2,7,2,7,7,6,7,4,5,1,7,1,1,2,1,7,2,4,4,4,7,5,5,5,5,4,4,6,5,6,6,1,5,2,5,4,4,2,6,2,2,3,2,4,3,7,2,7,7,6,7,3,2,3,2,1,2,4,5,4,5,5,4,3,3,3,4,5,6,4,4,4,4,4,4,4,4,4,4,4,4,4,4,4,4,4,4,2,4,4,4,5,2,2,1,1
R_2CEqSr5ZZniYDZN,5,5,5,5,3,5,2,5,5,2,5,2,5,5,5,5,5,5,7,7,7,7,7,7,7,7,7,7,7,7,7,7,7,7,7,7,4,5,7,5,4,3,6,5,7,4,7,2,7,4,7,7,5,5,4,4,4,4,4,4,4,4,4,4,4,4,4,4,4,4,4,4,7,6,2,6,7,6,7,7,7,7,6,7,2,6,2,2,2,2,5,5,1,5,5,5,1,5,1,1,1,7,1,6,1,1,1,1,1,1,1,1,2,1,1,1,1,1,1,1,1,1,1,1,3,7,1,3,2,1,2,5,1,1,1,1,2,3,2,3,1,1,1,5,3,3,3,3,3,2,3,1,3,3,4,1,4,4,4,4,4,4,1,6,2,6,3,3,5,5,5
R_2rHoSw5jaKFo9bf,3,3,3,4,3,3,2,3,2,3,3,2,7,2,7,4,3,7,7,7,7,7,6,7,7,7,7,7,7,7,7,7,7,7,7,7,5,6,3,6,6,5,6,6,6,6,7,5,6,6,6,6,6,6,2,3,2,2,3,3,2,3,3,3,3,3,3,3,3,3,3,2,1,1,1,1,1,1,1,3,1,1,1,1,1,1,1,1,1,1,3,3,3,3,3,5,3,3,3,3,3,5,3,3,3,3,3,3,1,1,1,1,1,1,1,1,1,1,1,1,3,3,1,5,3,5,2,4,5,4,4,1,4,2,5,5,5,4,4,3,4,2,5,3,2,2,2,4,2,2,2,2,2,2,4,2,2,2,2,4,4,2,1,2,2,4,6,5,5,3,2
R_8hqmx2MNMqXiPPb,5,5,3,3,5,3,1,3,2,2,3,1,6,3,6,6,6,7,5,6,5,5,5,5,6,6,6,5,6,6,6,5,6,6,6,5,3,6,2,3,6,3,2,2,2,2,2,1,6,5,6,6,6,7,2,3,2,2,2,2,2,2,2,2,3,2,3,3,3,3,3,3,7,6,7,7,7,7,7,7,7,7,6,7,5,5,5,3,5,2,1,1,1,1,1,3,1,1,1,1,3,2,3,2,2,3,1,1,2,5,1,6,6,5,1,2,1,1,2,2,2,2,2,5,3,6,3,3,2,3,5,5,2,2,2,2,2,2,2,2,2,2,2,5,3,3,3,3,3,3,2,2,2,2,2,2,2,2,2,2,2,2,2,3,3,1,3,1,1,1,1
R_8QKeifxewazIHO1,2,5,3,3,5,2,2,2,2,2,3,2,5,3,4,5,5,3,5,5,6,5,6,6,6,6,6,6,6,6,6,6,6,6,5,6,6,5,6,6,6,6,6,6,6,6,7,5,7,7,7,7,6,7,2,2,2,2,3,3,2,2,2,2,3,1,2,2,2,2,2,2,5,5,3,5,5,6,6,6,6,6,5,6,1,3,3,4,2,3,4,5,4,3,5,6,5,3,6,5,2,6,3,2,3,2,2,4,3,3,1,3,2,2,2,1,2,2,2,2,3,2,2,2,2,2,2,2,3,4,3,2,2,2,1,4,2,1,3,4,3,3,3,4,2,3,2,4,2,3,3,2,1,3,1,3,3,2,2,3,3,2,1,3,3,4,5,4,5,3,3
R_2OplOF9gSWsnGJv,4,4,3,4,6,5,3,3,3,3,6,3,6,4,5,5,6,6,6,5,3,5,5,4,5,5,4,5,5,5,5,5,5,5,4,5,4,4,6,6,6,6,4,4,4,4,6,6,6,6,6,6,5,6,2,2,2,2,2,2,2,2,3,3,2,3,2,2,2,2,2,2,6,3,4,4,3,4,7,6,6,7,6,6,3,7,1,1,1,1,4,3,6,2,2,6,5,6,5,6,6,6,4,2,6,5,2,7,6,6,6,6,6,6,6,6,6,6,6,6,6,6,6,6,6,6,4,4,4,4,4,4,4,4,4,4,4,4,4,4,4,4,4,4,5,5,5,4,5,4,4,5,5,7,5,6,6,4,5,4,4,6,4,7,7,7,7,1,1,1,1
R_2YVCCU77EjajO8S,1,7,7,7,7,1,2,1,1,1,7,1,7,7,7,7,7,7,4,4,4,4,3,4,4,4,4,3,5,5,6,5,6,6,4,4,4,4,4,4,6,4,4,3,3,4,7,5,5,7,7,4,7,6,3,3,3,3,3,3,3,3,3,2,3,3,3,3,3,3,3,3,7,7,7,7,7,7,7,7,7,7,7,7,1,1,1,7,1,1,3,3,3,3,3,3,3,3,3,3,3,3,3,3,3,3,3,3,1,1,1,1,1,1,1,1,1,1,1,1,1,1,1,1,1,1,3,3,3,3,3,3,3,3,3,2,3,3,3,3,3,3,3,3,3,3,3,3,3,3,3,3,3,3,3,3,3,3,3,3,3,3,5,6,6,1,3,1,3,2,2
R_8bVuVJFujSiA5WE,6,6,3,6,6,6,3,3,3,4,3,2,7,5,6,5,7,7,6,6,6,5,2,6,6,6,6,6,7,6,6,5,5,6,6,6,6,6,2,4,5,5,5,6,3,3,3,5,2,5,5,5,5,6,4,5,5,4,5,4,3,6,3,3,3,3,3,2,6,7,3,6,6,3,3,5,3,7,6,3,6,6,6,6,5,3,7,2,3,5,4,2,3,3,2,4,2,3,3,4,2,6,3,2,2,3,3,3,2,4,6,1,3,1,5,3,5,5,4,4,5,5,3,3,1,4,4,3,1,2,2,2,5,3,3,3,3,2,7,3,5,2,7,4,5,4,4,3,5,6,3,2,1,3,3,5,3,4,6,4,3,4,5,5,5,3,5,4,5,5,5
R_83pbjWxJRpSucgo,1,3,4,2,2,5,4,6,2,2,4,4,6,6,6,5,4,7,5,4,6,4,4,3,4,6,6,5,6,6,4,3,3,4,3,3,2,4,3,4,6,2,6,6,6,6,5,3,6,6,6,6,3,4,1,1,1,1,1,1,1,1,1,1,1,1,1,1,1,1,1,1,4,5,2,5,5,2,5,4,5,6,3,2,1,1,2,1,5,1,2,2,1,3,3,4,3,4,3,4,2,3,4,4,2,3,2,3,1,1,2,1,2,1,1,3,1,1,2,1,6,6,6,6,6,6,3,2,3,3,1,3,3,4,2,2,3,2,6,5,3,6,6,5,5,4,6,6,6,5,6,4,5,6,6,5,6,5,6,7,5,6,4,3,5,4,6,4,4,4,3
R_8qwJY8G9FXiPPB1,5,3,4,5,5,5,5,4,3,5,5,4,4,5,5,5,5,5,6,6,6,6,6,6,6,6,6,6,6,6,6,6,6,6,6,6,2,2,2,2,2,2,2,2,2,2,2,2,2,2,2,2,2,2,2,2,2,2,2,2,2,2,2,2,2,2,2,2,2,2,2,2,3,3,3,3,3,3,3,3,3,3,3,3,3,3,3,3,3,3,6,6,6,5,6,6,5,6,6,5,6,6,6,5,5,6,5,6,3,2,2,2,3,2,2,2,2,2,2,2,2,2,2,2,2,2,5,5,5,5,5,5,5,5,5,5,5,5,5,5,5,5,5,5,6,5,5,5,6,5,5,5,5,5,5,5,5,6,5,5,5,5,3,5,4,5,5,4,5,5,4
R_8Hw9tlcRMYGDBW6,3,1,1,1,1,1,2,2,1,1,2,2,1,2,1,1,1,1,2,2,2,2,2,2,2,2,2,3,2,2,2,2,2,2,2,2,6,7,7,7,7,7,7,6,6,7,7,6,7,7,7,7,7,7,2,2,1,2,1,2,2,1,2,2,2,1,1,2,1,2,2,1,7,3,2,3,7,2,7,7,6,7,4,7,1,1,1,1,1,1,4,3,4,4,3,4,4,4,4,4,3,4,3,3,3,2,2,2,2,6,5,1,4,4,1,1,1,1,1,1,6,6,5,6,6,5,1,1,1,3,1,1,1,1,1,1,1,1,1,2,2,3,3,2,2,2,2,2,2,2,2,2,2,2,2,2,2,2,2,2,2,2,1,1,2,1,6,1,1,1,1
R_2g1aaLUff60ilDm,5,4,3,3,4,3,4,5,3,4,3,5,5,3,3,4,4,3,4,4,5,4,4,5,5,4,4,5,4,5,3,3,5,4,3,4,4,4,4,5,5,3,5,4,5,3,4,4,5,4,3,4,3,5,4,5,3,4,5,4,4,6,5,4,5,4,3,6,5,4,4,4,3,5,3,3,4,5,4,4,4,5,4,5,4,5,5,4,4,4,3,5,5,5,3,5,5,6,4,5,4,5,3,4,4,5,4,6,4,4,4,5,3,4,6,4,5,3,3,4,3,6,5,4,4,4,5,3,4,5,4,4,3,5,3,3,4,5,5,3,4,4,3,4,3,4,6,6,6,4,4,4,5,5,4,3,5,4,2,4,5,5,4,3,3,5,4,4,5,4,3
R_8xAE0Qoucc52EG5,7,7,7,7,7,7,7,7,7,7,7,7,7,7,7,7,7,7,7,7,7,7,7,7,7,7,7,7,7,7,7,7,7,7,7,7,5,7,7,7,6,6,7,7,7,7,7,7,7,7,7,7,7,7,1,2,2,2,2,2,2,2,2,2,2,2,2,2,2,2,2,2,3,3,3,3,3,3,3,3,3,3,3,3,3,3,3,3,3,3,7,1,1,1,4,6,1,1,1,1,1,1,1,1,1,1,1,1,1,1,1,1,1,1,1,1,1,1,1,1,1,1,1,1,1,1,3,3,3,3,3,3,3,3,3,3,3,3,3,3,3,3,3,3,2,2,2,2,2,2,2,2,2,2,2,2,2,2,2,2,2,2,2,3,3,3,6,2,1,2,2
R_8E18CPMfxFd8z2o,2,6,4,3,7,4,4,5,2,2,6,5,6,6,7,6,6,7,5,4,3,5,5,5,6,5,6,6,5,5,4,5,5,4,2,3,3,6,4,6,7,7,4,6,5,4,6,4,6,6,6,6,6,7,1,1,1,1,1,1,1,1,2,3,3,1,3,2,3,2,2,1,7,5,6,5,2,1,7,6,7,7,5,7,5,4,4,3,3,2,4,3,6,4,1,7,6,6,5,4,7,4,4,3,4,4,1,3,2,4,1,5,6,5,2,1,2,1,1,6,5,4,3,4,4,7,3,6,4,5,7,5,3,3,3,2,3,4,4,3,3,5,5,7,3,4,3,3,6,3,3,3,4,3,3,4,4,3,4,4,4,6,2,5,5,1,4,1,1,1,1
R_8EFPPoNizO4xdLY,2,5,2,5,2,3,2,2,4,3,2,5,6,4,5,5,3,6,6,6,7,6,6,4,5,6,6,6,5,5,5,5,3,4,6,3,5,6,5,6,4,3,6,5,5,6,4,5,6,7,7,6,5,7,2,3,2,2,3,3,2,2,2,2,2,3,2,3,4,4,4,5,4,6,2,3,4,4,5,6,5,6,5,5,2,3,2,3,2,2,3,5,2,2,4,6,5,3,3,2,5,5,3,5,3,2,1,3,4,5,2,5,4,6,4,5,3,2,4,2,6,5,4,5,3,6,3,2,5,2,3,2,3,5,3,2,3,6,6,4,4,5,4,5,3,4,2,5,3,5,3,3,3,2,3,5,4,3,5,4,4,5,4,5,5,6,6,3,6,6,5
R_8pY2dGLSpVmLOho,1,7,5,6,7,6,1,1,2,2,6,1,6,5,4,7,6,7,7,7,7,7,7,7,7,7,7,7,7,7,7,7,7,7,7,7,6,7,7,7,7,5,7,4,4,7,7,2,7,7,7,7,7,7,1,1,1,1,1,1,1,1,1,1,1,1,1,1,1,1,1,1,5,2,2,1,1,5,2,5,2,2,1,7,4,4,4,1,1,4,6,4,1,2,1,6,2,7,2,2,2,5,1,1,2,1,1,1,2,2,2,2,2,3,2,2,2,2,2,1,2,2,2,3,4,3,2,1,1,1,1,2,1,2,1,1,1,1,1,1,1,1,1,1,3,2,3,2,2,3,2,3,2,2,2,3,2,3,2,2,3,3,2,5,4,2,5,2,2,2,2
R_2dnm5m9HN7IeUj9,6,4,5,5,7,1,1,1,1,1,1,1,4,5,5,3,5,7,7,5,4,7,6,6,5,7,6,7,7,7,5,6,5,6,5,4,3,6,4,6,7,1,2,2,2,3,2,2,7,7,7,7,7,7,1,2,1,3,5,1,1,1,1,1,2,1,4,3,4,2,2,1,2,3,7,3,2,7,7,7,7,7,1,5,3,2,4,3,2,1,4,1,2,3,2,3,6,6,7,6,4,5,4,2,4,2,2,1,7,7,7,7,7,7,4,6,6,6,5,5,5,2,3,4,6,7,3,2,6,4,7,1,1,1,1,1,1,1,3,4,3,3,4,7,5,4,4,3,5,1,1,1,1,1,1,5,5,4,5,4,3,7,5,5,6,6,5,5,3,1,2
R_2WNojceQsxfRQ5X,1,7,7,4,7,6,7,5,3,5,7,1,5,7,1,7,5,7,7,7,7,7,4,6,6,7,7,5,7,7,5,7,7,7,7,7,7,7,7,7,7,7,6,5,5,5,5,4,4,5,7,7,7,7,1,1,1,1,1,1,1,1,1,1,1,1,1,1,1,1,1,1,7,4,3,7,5,7,5,6,7,7,4,5,4,6,4,4,1,1,5,3,6,5,4,6,4,5,6,7,3,5,1,4,3,1,1,1,6,6,2,4,4,4,1,2,4,2,4,2,4,3,4,6,5,7,2,3,3,2,6,3,2,2,2,2,3,3,3,2,3,4,5,6,3,3,3,3,5,3,2,2,1,2,3,3,5,2,3,2,6,5,7,7,6,4,7,3,5,4,2
R_8bMBn79e1F8Ec49,2,4,3,3,4,2,1,2,2,1,5,1,7,5,6,6,7,7,7,7,7,7,7,7,7,7,7,7,7,7,7,7,7,7,7,7,5,5,7,6,6,5,7,7,7,7,7,7,7,7,7,7,7,7,2,2,2,2,3,3,4,4,4,3,4,3,3,4,4,4,4,4,6,3,4,4,6,5,5,3,6,6,4,5,1,5,2,1,2,2,7,6,5,3,6,5,5,5,6,5,4,7,3,6,7,6,2,6,1,1,1,1,1,1,1,1,1,1,1,1,1,1,1,1,1,1,2,1,1,3,3,4,2,1,2,1,1,1,2,2,1,2,1,3,3,2,2,3,3,2,2,2,2,2,2,2,3,3,3,3,3,3,1,4,3,4,5,2,3,1,2
R_8imnGNLvFRntrnC,7,6,5,4,5,4,1,2,1,2,7,3,7,5,5,7,6,5,5,3,3,2,6,2,3,5,5,5,3,3,3,3,5,4,6,4,4,7,6,7,5,6,6,3,6,3,5,3,7,3,7,7,5,6,1,1,1,1,1,1,1,1,1,1,1,1,1,1,1,1,1,1,6,4,4,7,7,7,7,6,6,7,7,1,1,7,1,1,2,1,1,1,2,5,5,7,5,7,4,7,7,5,3,3,1,1,3,1,1,4,3,4,3,4,2,2,1,2,3,4,5,3,2,4,5,3,4,6,4,6,5,6,4,6,6,3,6,6,3,3,2,4,5,4,5,6,4,6,6,6,5,5,4,5,3,4,5,6,5,5,3,6,5,5,7,5,7,2,5,7,2
R_2o7jDlpGmyweEJI,6,6,7,5,7,7,6,7,6,6,7,4,7,5,7,7,7,7,7,7,7,7,7,7,7,7,7,7,7,7,7,7,7,7,7,7,2,4,7,5,6,3,6,7,6,6,7,4,7,5,7,7,7,7,1,2,2,2,2,2,2,2,2,2,2,2,3,2,3,2,3,3,6,2,1,2,2,2,6,5,5,6,2,4,1,7,1,1,2,1,6,5,4,2,3,7,3,3,3,3,3,4,5,3,5,5,3,5,5,4,5,5,4,5,2,2,2,2,4,5,3,2,5,5,3,3,4,4,5,4,4,3,3,4,3,3,3,3,2,3,2,2,5,3,3,3,3,3,3,3,3,3,3,3,3,3,3,3,3,3,3,3,1,6,4,2,5,2,3,5,1
R_8CkcL1qeskVYhl7,1,1,2,6,6,5,1,2,1,2,3,1,5,4,5,5,5,7,7,7,6,4,5,3,7,7,7,7,6,7,7,7,7,7,7,7,1,2,6,4,6,2,3,4,3,3,6,1,3,3,3,6,3,3,1,1,1,1,1,1,1,1,1,1,2,1,2,1,1,1,1,1,7,7,6,7,7,7,7,7,7,7,6,7,5,6,5,6,5,3,1,1,1,1,1,7,1,4,1,1,1,6,1,2,2,1,1,3,1,1,1,5,1,1,1,5,1,1,1,1,5,6,6,6,4,6,3,1,3,1,5,1,2,3,2,2,3,2,3,3,3,3,3,3,3,3,5,5,5,6,3,3,5,3,5,6,5,3,3,3,3,5,5,5,6,6,7,5,3,5,3
R_2FgISk1p9a15Gwl,2,3,3,2,2,3,2,2,2,2,5,2,5,2,4,5,4,7,6,6,6,6,6,6,6,7,6,7,5,5,5,5,5,5,5,5,3,5,5,4,4,2,4,5,4,4,6,3,6,6,6,6,6,6,2,2,2,2,2,2,2,3,3,3,4,2,3,3,3,3,3,3,7,7,5,7,4,7,7,7,7,7,4,7,3,7,3,5,3,1,7,6,6,6,3,7,5,5,6,6,2,7,3,2,2,3,4,6,6,6,5,6,5,6,4,2,5,5,4,3,1,2,3,3,5,6,2,2,3,2,4,2,4,3,2,3,5,2,5,3,3,3,4,5,3,3,3,3,3,3,3,3,3,3,3,3,3,3,3,3,3,3,2,4,5,5,5,3,5,4,2
R_8Eik0TXeX1k4xwQ,3,3,6,5,7,5,1,4,1,1,5,5,7,4,7,7,5,7,7,7,7,7,7,7,7,7,7,7,7,7,7,7,7,7,7,7,5,5,5,6,6,6,4,5,5,4,4,5,4,5,4,5,6,7,3,3,4,3,3,4,3,3,3,3,4,3,4,4,3,4,5,2,5,3,1,4,3,5,2,3,2,3,2,2,3,3,4,2,3,5,4,4,1,2,3,7,2,4,2,2,1,1,2,3,2,2,1,4,3,3,3,2,7,5,1,1,1,1,1,1,1,1,5,1,2,7,3,3,1,3,5,5,3,3,2,3,1,3,2,2,2,2,2,6,2,3,1,4,5,5,1,1,2,1,2,2,2,2,2,1,2,5,2,3,4,4,5,2,3,4,2
R_8rTrP6wfyPyWVlR,6,6,7,6,7,6,6,6,6,6,6,6,7,6,7,7,7,7,7,7,6,7,7,7,7,7,7,7,7,7,7,7,7,7,7,7,6,6,7,6,6,4,6,6,6,6,6,6,7,7,7,7,7,4,2,2,2,2,2,2,2,2,2,2,2,2,2,2,2,2,2,2,7,5,4,6,7,5,7,7,7,7,7,7,1,4,1,2,3,2,5,5,2,3,5,7,2,5,2,2,2,5,1,1,3,2,2,4,2,4,4,4,4,4,4,4,4,4,4,3,4,4,4,4,4,4,4,3,5,4,4,2,3,2,3,4,4,3,4,5,3,5,5,2,3,3,3,3,3,3,3,3,3,3,3,3,3,3,3,3,3,3,3,5,5,3,5,2,2,3,3
R_8E56FsrfwxwXoVe,4,5,4,6,5,4,4,5,4,4,4,4,6,4,6,6,6,6,6,6,6,6,6,6,6,6,6,6,6,5,6,6,5,5,4,4,5,5,5,5,5,4,3,5,5,5,5,5,5,5,5,5,5,5,2,1,2,3,2,2,2,2,2,3,3,3,3,2,2,2,2,2,2,2,3,3,3,3,3,2,2,3,3,3,3,2,3,3,3,3,3,2,2,3,2,2,3,2,2,3,3,3,3,3,3,3,2,2,3,2,2,3,2,3,3,3,2,2,3,2,3,2,2,2,2,2,2,3,2,2,2,2,2,2,2,2,3,2,2,3,3,2,2,2,4,3,3,3,4,4,3,3,3,4,4,4,4,4,4,3,4,4,2,4,3,2,2,2,2,1,1
R_8R901TMocXTCuP1,3,7,3,3,5,3,3,1,3,2,5,3,7,5,7,5,7,7,7,7,7,7,7,7,7,7,7,7,7,7,7,7,7,7,7,7,7,7,7,6,4,3,6,7,6,7,7,6,7,7,7,6,7,7,5,5,5,5,5,5,5,5,5,5,5,5,5,5,5,5,5,5,1,1,1,1,6,5,7,4,4,7,4,5,1,4,1,1,1,1,4,4,4,4,7,7,4,4,4,4,4,7,4,4,4,4,4,4,3,6,2,2,2,6,2,2,2,2,2,3,2,2,2,5,2,2,1,1,1,1,1,1,1,1,1,1,1,1,1,1,1,1,1,1,3,3,3,3,3,3,3,3,3,3,3,3,3,3,3,3,3,3,2,2,3,4,4,3,3,6,4
R_8nkmU5VEFP3ExGh,3,4,1,1,6,2,1,2,1,1,2,1,7,7,7,7,7,7,7,7,7,7,7,7,7,6,7,7,7,7,5,5,7,7,5,6,5,5,5,6,7,3,3,2,2,4,4,3,6,5,6,6,6,5,1,1,1,1,1,1,1,1,1,1,1,1,1,1,1,1,1,1,7,7,7,7,7,7,7,7,7,7,7,7,5,5,5,5,6,5,4,3,3,5,1,3,3,4,6,5,4,5,4,5,3,3,3,4,2,3,3,5,3,2,2,3,2,4,3,2,3,6,5,5,5,5,2,2,1,3,2,1,2,2,1,1,2,2,1,4,2,4,6,6,2,2,2,2,2,1,1,3,2,1,2,2,2,5,4,5,4,5,3,5,5,7,7,5,6,6,6
R_2dLLg1YgBmjd3RT,2,5,6,3,7,6,2,2,2,1,6,4,7,5,6,7,6,7,6,6,5,5,5,6,6,5,6,6,5,5,5,5,5,5,5,5,5,5,5,6,6,5,5,5,5,5,6,4,6,6,6,6,6,6,2,2,2,3,3,2,2,3,2,2,2,2,3,3,3,2,3,2,4,4,4,4,4,4,4,4,4,4,4,4,4,4,4,4,4,4,6,6,5,5,2,7,2,5,5,5,2,6,2,2,2,2,2,2,1,2,6,1,5,2,1,1,1,1,2,2,2,2,1,1,4,5,2,2,2,5,3,2,2,2,2,2,5,2,5,5,5,5,5,5,4,4,4,4,4,4,4,4,4,4,4,4,4,4,4,4,4,4,4,3,3,3,5,1,1,4,2
R_2kjhBDpxBeAPIY5,6,5,4,5,6,4,4,4,3,4,6,5,6,6,6,6,3,6,5,4,4,3,4,5,5,5,4,4,4,6,4,4,3,6,6,3,6,6,5,6,6,3,5,6,6,5,6,5,6,6,6,6,6,5,4,4,4,4,4,4,4,4,4,4,4,4,4,4,4,4,4,4,6,6,4,6,4,7,7,4,7,7,4,7,7,4,3,4,7,7,4,4,4,4,4,4,4,4,4,4,4,4,4,4,4,4,2,4,2,2,2,2,2,2,2,2,2,2,2,2,2,2,2,2,2,2,4,2,2,2,2,2,3,2,2,2,3,2,3,3,3,3,3,3,3,4,4,4,3,2,3,2,3,3,4,2,4,3,4,4,2,4,4,4,4,5,6,5,5,5,3
R_8QrN3fKv4ZnWSTy,3,4,3,4,6,4,6,3,3,6,6,4,4,4,5,5,6,4,5,5,6,5,5,6,5,4,4,4,6,6,5,6,5,5,6,5,4,4,4,5,5,6,4,4,5,4,6,4,6,6,5,6,6,6,2,3,3,3,4,3,2,2,2,2,4,3,4,4,4,3,4,3,5,5,5,2,2,3,6,5,6,6,2,5,2,4,3,2,2,3,6,5,6,5,3,5,6,6,6,6,2,6,2,2,2,3,2,4,2,3,4,4,3,4,4,3,2,3,4,2,3,4,2,3,3,4,5,3,3,5,5,5,3,3,3,4,3,3,5,4,4,4,4,4,5,4,3,5,4,5,5,3,3,4,3,3,5,5,5,4,4,4,3,4,5,3,5,5,4,5,4
R_8jVBlYGyyY4kPLn,5,7,7,6,7,6,6,6,7,6,7,7,7,7,7,7,7,7,6,6,4,6,6,6,6,5,6,6,6,6,6,5,6,6,6,6,5,7,6,7,7,6,6,6,6,6,7,6,7,7,7,7,7,7,1,1,1,1,1,1,1,1,1,1,1,1,1,1,1,1,1,1,7,6,3,7,1,6,7,7,7,7,2,5,1,1,1,2,2,1,4,4,4,4,4,4,4,4,4,4,3,4,4,4,4,4,2,4,4,3,6,3,4,3,2,3,2,3,3,3,3,2,3,2,3,6,4,3,5,3,3,4,3,3,3,3,2,3,3,3,3,3,3,3,3,3,4,3,3,2,3,2,3,2,2,2,2,2,2,2,3,4,2,4,5,1,6,1,1,1,1
R_2e82zRxP7GukFh4,5,6,2,4,6,4,2,2,3,2,2,6,6,7,6,6,7,6,7,6,6,6,6,5,6,5,6,6,6,6,6,6,6,6,4,6,6,6,5,7,7,6,6,6,6,6,5,5,7,6,6,6,6,6,3,3,5,4,3,5,5,5,3,5,5,4,3,4,3,3,5,4,3,5,4,4,4,5,5,5,5,4,3,5,4,3,4,4,3,2,2,2,4,3,2,6,4,4,5,3,4,6,4,3,5,4,3,3,3,3,3,2,3,2,3,2,3,3,4,6,4,2,2,2,2,3,2,2,2,2,2,2,2,2,2,2,2,2,2,2,2,2,2,2,2,2,3,2,2,3,3,3,3,3,2,3,2,3,3,3,2,2,2,5,2,4,4,4,2,5,4
R_21Gwd8nXvjFdUAZ,1,4,1,1,1,1,1,1,1,1,1,1,7,1,7,1,5,7,4,5,3,5,4,4,5,5,5,4,3,3,6,5,6,4,5,5,4,2,3,6,3,3,4,4,4,4,5,2,6,3,5,5,6,6,1,1,1,1,1,1,2,2,2,2,2,2,1,1,2,2,2,1,5,5,3,6,3,3,5,5,5,5,2,5,5,5,7,1,3,1,7,7,4,2,7,7,7,5,6,6,4,7,6,5,5,2,4,2,5,2,3,6,6,6,2,4,4,2,3,2,5,1,5,5,2,5,4,2,3,2,5,3,2,4,5,4,2,4,4,5,5,3,3,6,5,4,5,6,5,6,6,5,5,5,4,6,7,6,7,5,5,7,4,6,6,1,4,2,2,2,4
R_87mr4mA7dhLrNwR,1,7,7,7,7,6,1,1,1,1,1,1,7,7,7,7,7,7,7,6,7,7,7,6,7,5,7,7,7,7,6,7,6,6,7,6,7,7,7,7,7,5,7,7,7,7,7,6,7,7,7,7,7,7,1,1,1,1,1,1,1,1,1,1,1,1,2,1,2,2,1,2,7,7,1,7,6,7,7,6,7,7,4,5,1,2,1,2,3,3,3,3,1,1,5,7,2,2,7,3,1,7,6,5,7,1,1,7,2,6,6,3,7,5,2,2,5,2,2,4,7,6,7,6,3,7,3,3,6,3,4,2,2,4,4,2,6,4,6,3,5,3,2,6,1,2,1,2,1,2,1,2,2,1,2,1,2,1,2,1,2,1,3,3,3,1,5,4,2,3,1
R_8NX6LEv9AN6ZP0M,1,5,3,7,7,5,1,1,2,6,6,1,7,7,7,7,7,7,7,7,6,7,6,6,7,7,7,7,7,7,7,7,7,7,7,7,6,6,6,6,5,6,7,7,7,7,7,6,7,7,7,7,7,7,6,4,5,4,3,2,6,5,6,5,6,4,5,6,6,6,5,4,5,4,5,5,4,4,6,6,6,6,4,2,2,3,2,1,1,4,1,5,5,7,7,7,1,1,2,1,1,5,2,1,5,1,1,4,1,1,2,1,3,3,1,1,1,1,1,1,1,1,1,1,1,1,1,1,3,1,4,3,1,1,1,1,1,1,1,1,3,1,1,2,2,2,3,2,2,3,2,2,2,1,2,2,2,2,2,2,1,3,1,3,2,6,4,6,3,6,4
R_8FZttc1pZPmTrO1,6,6,6,6,7,7,7,4,4,4,6,2,6,3,6,6,5,7,5,6,4,5,4,5,5,5,6,6,5,6,6,5,6,6,4,5,7,7,6,7,6,7,5,6,5,4,7,4,7,7,7,7,7,7,2,2,2,2,2,2,2,2,2,2,2,2,2,3,3,3,2,3,6,3,4,2,3,2,4,4,5,3,2,5,2,4,2,2,2,2,2,2,4,6,4,4,3,3,4,3,3,2,5,3,6,5,1,3,6,7,6,6,6,6,5,7,6,5,3,4,2,2,3,5,7,6,7,7,6,7,6,7,5,6,5,6,3,5,5,5,5,6,7,6,6,6,6,6,6,7,6,6,5,5,5,5,5,4,5,5,6,6,6,7,7,3,6,2,3,1,2
R_2bZ5wgnzot9C4Qm,3,7,2,6,6,5,1,1,1,1,6,1,7,2,7,7,7,7,5,6,6,6,6,7,5,5,6,4,6,6,6,6,7,5,6,5,3,3,6,5,7,3,3,3,5,4,6,5,6,6,7,5,6,7,1,3,1,2,2,1,3,1,1,1,1,3,5,1,5,2,1,2,7,5,5,5,5,5,7,7,7,7,5,7,5,7,5,6,5,1,5,5,5,3,3,6,7,7,7,6,6,7,3,5,3,3,3,3,1,5,1,4,2,3,1,1,1,1,1,1,1,1,1,4,3,5,2,4,2,5,5,5,2,3,2,2,3,3,3,4,4,4,3,6,3,3,2,3,3,3,3,3,3,3,3,3,2,4,3,4,3,4,2,3,3,5,6,4,2,5,2
R_8BtFgxoFjxpiHpY,4,4,4,4,4,4,4,4,4,4,4,4,4,4,5,4,4,4,4,4,4,4,4,4,4,4,4,4,4,4,4,4,4,4,4,4,6,6,6,6,6,6,6,6,6,6,6,6,4,6,6,6,6,6,4,4,4,4,4,4,4,4,4,4,4,4,4,4,4,4,4,4,5,3,3,5,6,5,6,6,6,5,3,6,3,6,4,2,2,4,3,3,5,3,5,6,4,5,5,4,3,5,3,6,4,2,4,6,4,3,3,3,3,3,3,4,3,3,3,4,3,3,3,4,3,5,1,1,1,1,1,1,1,1,1,1,1,1,1,1,1,1,1,1,3,3,3,3,3,3,3,3,3,3,3,3,3,3,3,3,3,3,4,4,4,6,6,5,5,6,5
R_2CPEl7X5fIOpube,3,4,5,6,6,5,3,3,3,4,4,1,7,3,7,7,6,7,7,6,6,5,5,6,6,6,7,7,5,5,6,6,7,7,5,5,5,4,4,7,4,5,6,6,6,5,4,3,7,4,7,6,5,4,2,4,2,4,3,2,4,5,5,4,4,2,5,2,4,3,4,3,7,3,4,2,3,6,7,7,7,7,3,7,2,6,2,3,3,2,2,3,5,3,3,6,4,3,5,4,2,6,4,5,4,3,1,6,3,4,3,4,5,4,4,2,2,1,4,3,3,3,2,3,3,4,3,5,5,4,5,4,3,2,3,3,4,4,3,5,2,1,1,4,3,4,4,5,5,4,3,2,2,3,5,4,3,3,2,2,2,5,2,6,5,3,6,2,3,4,2
R_2flWAoG5GvWt04B,3,5,3,6,5,5,3,3,3,3,5,2,7,3,7,6,7,7,6,6,3,4,4,5,3,3,7,7,3,3,2,3,3,3,3,6,5,6,6,7,4,5,5,6,5,7,6,5,5,7,6,5,6,5,1,2,2,2,4,3,1,3,1,1,1,2,3,1,2,1,3,2,5,5,5,3,3,5,4,5,5,5,6,6,1,1,2,2,5,1,6,3,5,3,4,6,5,3,5,6,5,7,7,6,3,5,3,6,3,1,1,2,1,1,3,4,1,2,3,2,5,7,7,7,5,7,4,2,2,4,7,2,2,2,2,2,7,1,7,7,7,7,7,7,5,3,2,6,6,2,5,3,2,3,6,3,6,6,6,6,6,6,5,5,5,6,6,2,2,1,1
R_2YrkALkM1a4gBj7,1,1,7,3,1,1,1,1,1,1,1,1,1,1,1,2,1,1,7,6,7,6,5,7,7,6,5,7,7,6,7,7,7,7,4,6,3,4,4,4,3,4,3,2,2,2,1,1,3,4,3,1,5,4,1,1,1,1,1,1,1,1,1,1,1,1,1,1,1,1,1,1,7,7,6,6,4,7,7,7,7,7,7,7,1,1,1,4,1,1,6,4,4,5,5,7,4,5,4,3,4,4,7,4,6,4,1,4,1,1,1,1,1,1,1,1,1,1,1,1,1,1,1,1,1,1,5,5,3,4,4,4,3,3,3,4,1,3,2,3,4,4,5,3,1,2,1,2,2,4,4,1,1,4,4,4,2,4,2,1,3,5,3,5,5,6,7,4,4,5,3
R_8tnVjWutQEdYrog,2,6,6,7,6,3,4,4,4,4,6,4,7,6,7,7,7,7,7,7,7,7,7,7,7,7,7,7,7,7,7,7,7,7,7,7,5,4,4,5,5,3,4,4,4,4,6,4,7,6,7,7,7,7,2,2,2,2,2,2,2,2,2,2,2,2,2,2,2,2,2,2,7,5,6,2,6,6,7,7,7,7,4,7,1,6,1,1,1,1,6,4,3,5,3,7,5,2,3,4,4,3,5,3,3,5,3,2,1,1,1,1,4,1,1,1,1,1,1,1,1,1,1,1,4,2,5,5,3,4,7,6,5,5,5,5,2,4,1,3,1,1,1,1,3,2,2,2,3,2,2,2,2,2,2,2,2,2,2,2,2,2,1,3,2,1,2,2,4,6,3
R_8n15pC1cq4keTDG,7,7,7,7,7,7,5,6,7,5,6,5,7,6,5,7,7,6,7,7,7,7,7,7,7,7,7,7,7,7,7,7,7,7,7,7,7,7,7,6,7,7,6,6,6,6,7,6,7,7,7,7,7,7,7,7,7,7,7,7,6,6,5,5,7,5,7,7,7,7,7,7,1,1,1,1,1,1,3,3,2,3,2,3,1,1,1,1,1,1,7,4,4,3,3,7,4,4,5,4,4,7,4,3,4,3,4,7,4,4,2,3,4,2,2,2,2,2,2,2,2,2,2,2,4,4,2,2,5,5,2,5,2,4,2,2,2,2,2,2,2,2,2,5,4,4,4,4,4,6,4,4,4,4,4,6,4,4,4,4,4,6,2,7,6,5,5,2,2,2,2
R_2cYDd0NNeLWM4tX,4,4,6,4,4,4,4,4,5,4,4,2,7,7,7,7,7,7,5,5,5,5,5,5,5,5,5,5,5,5,5,5,5,5,5,3,4,6,6,6,5,3,5,5,5,5,6,3,6,5,7,7,6,3,1,1,1,1,2,1,1,1,1,1,2,1,2,1,2,3,2,1,3,3,3,3,3,3,3,3,3,3,3,3,3,3,3,3,3,3,6,6,2,5,5,7,4,6,5,5,1,7,2,5,2,2,2,3,5,5,3,5,4,5,5,5,5,5,4,2,4,4,5,5,5,2,5,5,3,5,5,6,5,5,4,4,3,6,4,5,3,3,4,6,5,6,5,5,5,5,4,5,4,4,4,6,4,5,4,4,4,5,5,4,5,4,6,3,3,3,3
R_8dbrxjR1vuR8Xzo,4,6,5,7,6,7,5,5,4,5,3,2,7,6,7,7,7,7,7,7,7,7,7,7,7,7,7,7,7,7,7,7,7,7,7,7,3,6,6,7,5,5,7,6,6,7,6,6,7,7,7,6,7,7,2,3,2,2,2,2,3,4,3,4,3,3,4,4,4,4,4,4,6,4,4,4,4,4,6,6,4,6,4,6,1,6,1,2,1,1,4,4,4,2,3,5,2,3,3,3,3,4,2,3,3,3,2,2,2,1,3,1,1,3,1,1,1,1,1,1,1,1,1,1,1,1,2,3,2,3,3,2,4,2,3,3,3,3,3,3,3,3,3,3,2,2,2,2,2,2,3,2,3,3,2,3,2,3,3,3,3,3,2,5,5,3,5,2,1,3,2
R_2hAfirgzfNFLrc6,7,7,5,4,3,7,2,7,2,2,4,1,7,1,7,7,7,7,5,7,4,5,4,5,6,7,7,7,7,7,6,6,6,7,6,4,5,5,5,5,5,5,5,6,7,4,7,4,7,5,7,5,7,5,1,1,1,1,1,1,1,1,1,1,1,1,1,1,1,1,1,1,4,6,4,4,4,5,6,6,5,5,2,5,5,7,3,3,2,3,4,3,3,4,5,7,3,4,4,3,3,2,3,5,5,2,3,5,1,1,2,1,2,3,2,1,1,1,1,2,3,2,3,1,2,1,1,1,1,1,1,1,1,1,1,1,1,1,1,1,1,1,1,1,3,2,4,2,3,2,2,3,2,2,1,3,3,2,3,1,1,3,3,4,4,3,5,2,2,2,3
R_2TXKvoTuGarw4EZ,3,4,7,4,5,3,4,5,3,2,4,3,5,3,5,5,5,6,7,7,7,5,7,7,6,7,7,7,7,7,7,6,7,7,6,7,7,6,6,6,7,6,6,6,7,6,6,6,7,7,6,7,7,7,1,1,1,1,1,1,1,1,1,1,1,1,1,1,1,1,1,1,6,5,4,4,4,6,6,6,5,6,4,5,3,6,4,2,3,3,6,6,6,3,5,7,5,6,5,4,5,5,6,6,6,5,5,7,2,2,2,2,2,2,3,2,3,3,2,3,2,2,2,3,2,2,2,2,1,3,3,1,4,2,3,3,1,3,2,3,2,2,2,1,3,3,2,2,3,2,3,2,3,3,2,3,2,2,2,2,3,2,6,5,5,5,6,4,5,7,5
R_8uJ0JzKNSoAwhkR,1,6,6,6,6,6,2,5,3,5,6,1,7,1,7,7,5,7,6,6,6,6,7,6,7,6,7,7,7,7,6,6,6,6,5,7,7,6,7,7,6,5,6,7,5,6,5,2,7,4,6,7,7,7,1,1,1,1,1,1,1,1,1,1,1,1,1,1,1,1,1,1,7,2,2,2,2,4,7,6,7,6,5,7,2,7,2,2,2,1,3,3,2,2,3,7,2,2,3,2,4,7,2,5,5,4,2,3,1,1,1,1,1,1,1,1,1,1,1,1,1,1,1,1,1,1,5,2,5,5,5,1,2,5,5,5,2,3,2,3,1,1,2,1,4,2,2,3,4,4,2,3,3,2,3,2,2,2,2,3,1,2,2,6,4,5,7,4,3,2,4
R_8nf2Er8xHqWBQ00,7,7,1,6,7,6,6,6,1,1,7,3,7,7,7,7,7,7,4,4,6,6,5,3,6,5,4,4,7,7,7,7,7,7,7,7,7,4,7,5,5,3,5,6,6,7,7,3,7,7,7,7,7,7,1,1,1,1,1,1,1,1,1,1,1,1,1,1,1,1,1,1,7,7,7,7,7,7,7,7,7,7,7,7,1,1,1,1,1,1,7,7,7,1,7,6,7,7,7,5,1,7,1,7,1,1,1,1,6,6,6,6,5,7,5,6,7,7,6,6,6,4,6,5,5,6,3,2,5,3,1,5,5,1,1,3,1,5,2,2,2,2,4,2,4,5,5,6,5,6,4,6,5,5,5,6,5,5,5,5,5,5,2,4,4,7,7,2,2,2,2
R_2DuHUvoyCduPfdp,5,7,6,7,7,5,5,6,5,5,6,5,7,6,7,7,7,7,7,7,7,7,7,7,7,7,7,7,7,7,7,7,7,7,7,7,7,7,5,7,7,5,6,6,6,7,7,5,7,6,7,7,7,6,5,5,4,5,5,4,5,5,4,5,5,4,5,5,5,5,5,4,7,5,4,5,7,7,7,7,7,7,5,7,1,7,1,4,2,3,4,1,4,1,1,4,1,1,4,1,4,4,1,1,4,1,1,4,1,1,1,1,1,1,1,1,1,1,1,1,1,1,1,1,1,1,1,2,1,2,2,1,2,2,1,2,2,1,2,2,2,2,1,2,2,2,2,1,2,2,1,2,2,1,1,2,1,2,1,1,2,2,3,2,3,4,4,4,3,4,3
R_8YGa2Kc1efb0ESd,2,3,4,3,3,2,3,3,4,4,2,2,5,2,5,5,6,6,5,6,4,5,4,5,5,6,6,6,5,4,5,5,6,5,5,5,4,3,6,4,3,4,5,5,5,5,4,3,6,5,6,6,6,6,1,1,2,1,1,1,2,2,2,2,1,1,2,1,2,1,1,2,6,5,2,5,5,5,6,6,6,6,5,6,3,5,3,2,2,1,6,6,5,5,4,5,5,3,4,5,5,6,5,4,5,4,3,6,4,4,4,3,4,4,2,2,3,2,3,4,3,3,4,3,3,6,3,4,3,4,5,3,2,2,2,3,4,4,4,4,3,4,5,5,3,3,5,4,5,4,3,3,3,4,5,4,4,4,4,5,5,5,5,6,6,4,5,2,3,2,1
R_2SAyCLlqTxV9eVg,5,4,6,5,7,4,5,4,5,3,6,5,7,7,7,7,7,7,6,7,7,5,4,7,5,7,7,7,7,7,7,7,7,7,7,7,5,5,5,6,5,3,5,5,5,4,6,4,7,6,7,7,7,7,1,1,1,1,1,1,1,1,1,1,1,1,1,1,1,1,1,1,6,3,3,4,4,3,3,3,4,7,3,3,1,3,2,2,1,1,6,7,4,3,3,2,4,4,5,5,2,5,1,3,3,4,1,5,5,5,4,5,5,4,3,3,3,3,4,3,5,5,5,4,4,6,3,2,3,2,5,3,3,3,3,3,3,3,3,4,3,4,4,5,3,3,3,3,3,3,3,3,3,3,3,3,3,3,3,3,3,4,3,3,3,4,4,3,3,6,4
R_2F98hXjkY90WOfg,2,4,4,5,5,4,2,3,2,3,4,3,6,3,6,5,5,5,4,4,6,4,3,4,5,5,4,4,3,5,5,3,5,3,3,5,4,5,4,4,3,3,6,4,4,5,6,5,5,4,6,6,5,4,3,3,4,3,2,3,4,4,4,4,5,3,3,4,2,5,3,2,6,6,5,5,6,6,5,6,6,6,5,5,3,4,3,3,6,3,5,5,5,4,6,5,4,3,3,3,3,4,4,4,5,3,4,4,4,5,4,3,6,4,3,2,3,2,2,2,4,3,3,2,2,6,3,2,2,2,4,2,3,4,3,3,3,3,4,3,5,3,3,6,2,3,4,4,5,3,2,2,4,2,2,2,2,2,4,1,2,6,5,4,5,3,6,3,3,3,3
R_80L2aycsYVkliwh,3,5,6,5,6,6,3,2,2,2,5,2,5,2,6,6,5,6,6,6,6,6,6,6,6,6,6,6,6,6,6,6,6,6,6,6,6,5,6,6,6,6,6,5,6,5,6,5,6,6,6,6,6,6,2,2,2,2,2,2,2,2,2,2,2,2,2,2,2,2,2,2,2,2,3,2,2,1,5,5,6,6,5,5,1,2,1,2,2,2,3,2,2,2,3,4,3,3,3,4,3,4,3,3,4,3,3,3,4,4,4,4,4,4,4,4,4,4,4,4,4,4,4,4,4,4,2,2,3,3,2,3,2,2,2,2,2,2,3,2,2,2,2,2,3,3,3,3,3,3,3,3,3,3,3,3,3,3,3,3,3,3,3,4,4,4,3,3,3,3,3
R_8M0vXwgD9VuSMxl,3,6,5,6,6,6,1,1,2,2,1,2,6,3,6,7,6,7,7,6,7,7,6,5,6,6,6,6,6,6,6,6,6,6,6,5,7,6,7,6,5,4,5,6,6,6,7,3,7,6,7,7,6,5,2,3,3,2,2,2,3,3,2,3,3,1,3,2,3,3,2,1,2,2,2,1,2,1,2,1,1,1,1,1,1,1,1,2,2,1,4,2,3,3,5,7,3,2,3,3,3,6,2,4,3,2,6,6,2,3,2,2,2,3,1,1,1,1,1,1,1,2,1,1,2,3,1,1,1,1,2,3,2,1,3,2,2,3,2,2,2,1,2,2,2,2,3,2,3,4,2,2,2,2,2,3,2,3,2,2,3,4,1,5,5,1,6,1,1,1,1
R_2QS5zUlp9NJlaz7,1,4,6,4,5,4,2,3,3,3,6,1,6,3,7,7,6,7,7,6,6,5,3,6,6,6,6,7,5,5,6,6,6,5,6,4,2,4,6,5,3,4,7,7,6,6,5,2,6,6,7,6,6,4,1,1,3,2,1,1,3,2,3,2,2,1,3,2,2,2,4,2,7,7,3,5,7,5,7,7,6,7,5,7,4,4,4,4,4,4,7,6,3,5,7,5,2,3,3,2,3,7,4,4,4,4,3,4,7,6,5,5,7,6,1,3,1,1,4,7,3,3,3,3,4,4,7,2,2,3,6,6,1,2,1,1,3,7,2,2,2,2,2,2,6,4,2,5,6,5,3,2,2,2,3,6,4,3,4,4,4,4,2,7,4,4,7,1,2,1,2
R_20Owxsnd6oxGD1h,3,5,1,3,5,2,2,2,2,1,5,2,6,5,7,6,6,7,7,7,7,7,7,6,7,7,7,7,7,7,7,7,6,7,7,6,2,4,3,4,5,3,3,4,4,4,5,3,7,6,7,7,6,7,2,2,3,1,3,1,3,2,3,2,3,2,2,3,3,2,3,4,5,6,5,2,3,3,5,5,5,5,4,5,5,2,1,2,3,2,2,3,3,2,5,6,3,4,2,5,5,3,5,4,6,5,2,6,1,3,1,2,1,2,1,2,1,1,1,2,1,2,3,2,2,2,5,4,1,3,3,5,2,3,2,1,2,2,2,1,2,3,2,4,2,3,3,2,2,5,2,3,3,2,2,2,3,2,4,2,4,2,2,5,5,2,6,1,1,1,1
R_8HRFN1j7Rb7u0aK,2,6,4,5,7,5,2,3,2,2,3,2,7,5,7,7,6,7,7,6,5,6,6,6,6,6,6,6,6,6,6,6,6,6,5,5,4,5,5,6,7,3,4,5,6,6,6,4,6,6,6,5,6,7,3,4,3,3,3,3,3,4,4,3,4,2,3,3,4,3,4,4,6,5,5,3,1,5,6,5,5,5,3,5,2,5,1,2,2,2,5,4,3,4,5,5,5,3,3,3,3,3,5,3,5,4,3,4,3,5,2,4,6,2,3,2,2,3,3,3,5,5,5,5,5,6,3,2,3,3,2,2,2,3,3,2,2,3,4,4,3,4,4,5,3,3,3,3,3,3,3,3,3,3,3,3,3,3,3,3,3,3,2,4,4,5,5,2,2,3,3
R_2IMJY4saLlvVT9n,1,6,6,4,3,6,1,1,1,1,4,1,7,3,3,6,7,7,6,7,6,7,6,7,7,6,7,7,7,7,5,6,6,7,6,4,2,4,4,3,7,2,6,5,6,5,7,4,6,3,7,6,7,7,1,1,2,2,3,1,2,1,1,2,5,2,5,3,2,5,4,3,6,6,2,6,5,7,7,7,7,7,6,7,3,7,4,2,2,1,7,7,4,7,2,7,7,6,7,7,4,6,4,5,4,5,1,5,6,1,2,5,5,4,1,5,5,1,2,1,5,1,5,7,7,7,1,1,3,2,5,4,2,2,1,2,3,1,5,1,5,5,7,7,5,4,3,4,4,3,4,4,4,3,2,3,2,3,2,3,4,5,1,4,3,5,6,4,3,1,2
R_8fUikNBFORVDTDx,1,1,1,2,3,3,1,1,1,1,1,1,2,1,6,1,3,6,3,2,3,3,3,2,4,4,5,3,5,5,4,3,4,4,3,4,2,2,2,3,3,1,3,3,3,3,5,2,5,4,5,5,5,5,1,2,2,1,2,1,2,2,2,2,5,1,4,3,4,5,4,4,7,6,6,4,2,5,7,7,7,6,6,7,3,7,3,7,4,2,7,6,6,5,3,7,4,6,7,4,3,7,3,5,2,2,3,3,5,4,6,5,5,6,3,3,2,3,1,6,3,2,3,1,5,5,5,4,5,4,5,5,4,3,3,3,3,5,4,4,4,3,3,5,5,5,5,5,6,6,3,4,4,4,3,5,3,3,3,3,4,5,5,6,7,4,4,2,3,2,2
R_8BrGLSMeJj5GNsL,3,3,5,2,4,4,2,3,2,2,4,6,7,6,6,6,6,7,6,5,5,6,4,4,6,6,6,6,5,6,5,6,5,5,5,5,5,5,3,3,5,5,6,5,6,2,5,6,6,5,6,5,6,5,3,5,3,3,3,3,3,4,4,3,5,2,3,4,3,5,3,3,5,3,5,6,5,4,6,6,5,6,5,3,2,3,3,2,2,2,2,2,3,2,4,2,3,2,3,2,2,2,4,2,4,2,4,2,4,5,2,2,3,3,1,2,2,1,2,1,3,3,3,4,3,3,2,2,3,4,2,3,4,3,3,3,2,4,2,3,2,2,4,2,2,3,4,3,4,3,3,2,2,3,4,3,2,3,2,3,3,4,3,4,4,3,5,3,4,5,3
R_2ty98Meui17jINe,1,1,1,1,1,1,1,1,1,1,1,1,7,1,7,7,1,7,7,7,7,7,7,7,7,7,7,7,7,7,7,7,7,7,7,7,3,6,6,6,7,3,3,2,3,3,5,2,6,2,6,7,6,6,2,2,2,2,2,2,2,2,2,2,2,2,2,2,2,2,2,2,7,5,5,7,7,7,6,7,5,7,5,7,5,7,5,3,3,5,7,6,6,5,3,7,7,7,6,7,5,7,5,6,3,3,5,5,3,2,3,3,2,3,3,3,3,3,2,2,2,2,2,2,3,2,1,1,1,1,1,1,1,1,1,1,1,1,1,1,1,1,1,1,1,1,1,1,1,1,1,1,1,1,1,1,1,1,1,1,1,1,2,5,4,4,5,3,4,3,2
R_2eX3VLxGoF5lJoY,7,7,7,7,7,6,7,7,7,7,7,6,7,7,7,7,7,7,7,7,7,7,7,7,7,7,7,7,7,7,7,7,7,7,7,7,6,7,7,7,7,5,7,7,7,7,7,7,7,7,7,7,7,7,1,2,2,2,1,1,2,2,2,2,2,1,2,2,2,2,2,1,7,6,1,2,2,6,7,7,7,7,6,7,2,5,2,4,4,1,6,4,4,4,3,7,6,5,5,6,5,7,6,6,6,5,3,6,4,4,4,4,4,4,4,4,4,4,4,4,4,4,4,4,4,4,3,2,1,5,3,5,1,1,1,2,1,5,1,1,1,1,1,2,3,2,2,2,2,3,2,2,2,2,2,4,2,2,2,2,2,3,2,3,6,1,6,1,1,1,1
R_8zwwDETGZtunUsx,4,6,5,5,6,4,5,5,4,6,6,6,4,5,7,5,7,7,6,6,5,5,5,5,5,7,5,5,6,6,5,5,5,6,5,5,4,5,7,5,5,3,5,7,7,6,7,5,5,5,6,6,7,5,2,4,3,4,4,2,4,4,5,3,4,4,4,3,5,3,5,1,7,6,5,6,7,5,7,5,5,5,7,6,6,5,7,6,7,7,3,4,1,2,1,4,1,2,1,3,2,1,1,2,1,2,1,2,5,6,3,5,4,1,5,5,5,4,5,2,4,4,4,5,2,4,3,3,6,4,5,3,5,5,4,4,4,3,3,3,4,4,3,7,4,2,2,5,3,3,2,4,4,4,4,2,3,5,3,3,3,4,4,3,3,4,4,4,3,4,4
R_22FzFvZo7ZZlrpz,3,2,6,6,7,5,2,5,5,3,2,2,6,3,6,6,7,7,6,6,7,6,6,7,7,5,7,7,6,6,6,5,6,7,6,5,4,5,7,5,4,2,5,7,5,4,7,5,6,6,7,6,6,6,2,4,5,5,3,3,6,5,5,5,6,5,4,6,6,5,5,5,2,1,1,1,1,3,3,3,3,3,2,3,6,5,4,2,4,1,4,3,4,3,3,6,3,3,4,2,4,5,2,5,3,2,1,4,7,3,1,7,5,6,3,1,2,2,4,3,5,1,3,4,5,4,6,3,1,6,6,6,1,1,1,2,1,1,2,1,1,2,1,2,3,3,2,3,3,2,2,2,2,2,2,2,3,2,3,2,3,2,2,5,6,6,5,1,2,2,2
R_81pMtcs9uhpNWZC,3,5,5,4,5,2,4,6,5,4,3,4,5,5,5,5,6,7,7,7,7,7,7,7,7,7,7,7,7,7,7,7,7,7,7,7,4,4,5,5,6,3,4,5,5,4,5,4,7,5,6,6,4,7,2,2,2,2,2,1,2,2,2,2,3,2,2,2,2,3,3,2,7,6,7,7,2,7,7,7,7,7,5,7,4,4,5,4,5,2,5,3,3,3,1,7,4,4,3,4,2,3,1,1,1,1,1,1,5,5,6,4,6,4,2,5,3,3,1,2,4,1,3,1,2,7,2,2,3,2,6,4,2,2,2,2,2,2,2,2,2,2,2,2,2,2,3,3,4,2,2,2,2,2,2,3,2,2,2,3,3,3,2,3,2,5,5,4,5,5,3
R_2wHMV5gi2ilKgLP,2,5,6,7,6,4,3,2,6,3,7,2,5,6,5,6,6,6,7,7,7,7,7,7,7,7,7,7,7,7,7,7,7,7,7,7,6,6,7,7,7,5,7,7,7,7,7,5,7,7,7,7,7,7,2,2,3,3,3,2,3,4,2,3,3,2,3,4,4,4,3,4,6,5,4,5,4,6,6,5,6,6,3,6,2,5,2,4,3,3,3,4,4,5,3,6,3,2,3,3,4,5,4,3,4,3,3,6,5,5,2,5,5,6,2,2,5,3,3,5,4,3,3,3,4,4,1,3,4,5,5,2,2,2,2,3,3,3,4,4,4,3,5,5,3,5,4,4,5,3,3,3,2,3,3,5,3,3,3,3,4,4,2,3,4,2,4,2,2,3,2
R_2Vk0a5MPiZNLrtE,5,6,5,5,6,5,5,5,5,4,5,5,5,5,7,5,5,7,5,5,5,5,5,5,5,5,5,5,7,7,5,5,5,5,5,4,6,5,5,6,7,6,5,5,7,6,6,5,5,7,7,7,6,7,1,2,1,2,2,1,2,2,2,2,2,2,1,2,2,2,2,2,7,4,1,5,7,7,7,7,7,7,5,7,1,5,1,1,1,1,2,6,4,4,3,7,4,4,4,4,3,6,4,3,4,4,3,7,1,1,1,1,1,1,1,1,1,1,1,1,1,1,1,1,1,3,4,4,4,4,4,4,4,4,4,4,4,4,4,4,4,4,4,4,3,3,3,3,3,3,3,3,3,3,3,3,3,3,3,3,3,3,3,5,4,5,6,2,2,3,2
R_8rH64La3vwMO6fD,1,1,1,7,1,1,1,1,1,1,1,1,1,1,7,1,1,7,6,6,7,6,6,7,7,7,7,7,6,7,5,6,5,5,6,5,4,6,7,6,7,5,7,7,6,6,7,6,5,7,7,7,7,5,1,1,1,1,1,1,1,1,1,1,1,1,1,1,1,1,1,1,7,7,6,3,3,3,6,6,6,7,6,6,2,7,1,3,1,3,1,2,6,5,7,7,6,7,6,6,6,6,7,3,7,5,2,6,3,7,1,3,1,7,1,1,1,1,1,1,2,1,2,1,1,6,2,3,1,3,2,2,1,1,1,1,1,2,1,3,1,1,1,5,2,2,1,1,2,3,1,1,1,1,1,1,1,1,1,1,1,5,2,3,4,1,7,2,2,1,2
R_2ccuqkzgmOVaTdg,5,5,3,5,5,5,3,3,2,2,5,4,6,3,6,5,2,6,6,6,6,6,6,6,6,6,7,6,6,6,6,6,6,7,7,6,6,5,7,7,7,4,7,7,7,7,7,7,7,7,7,7,7,7,2,2,3,2,3,2,2,3,3,3,4,2,3,3,3,4,4,3,7,7,4,6,1,4,7,7,7,7,6,7,2,5,1,2,1,2,5,4,2,3,1,6,1,1,1,1,1,3,1,1,1,1,1,2,2,1,2,1,2,2,1,1,1,1,2,1,2,1,2,1,1,3,2,1,1,1,1,3,1,1,1,1,1,1,1,1,1,1,1,1,2,1,1,1,2,3,1,1,1,1,1,5,1,1,1,1,1,2,2,4,4,2,2,1,2,1,2
R_8bVXyeKNOqtQaXL,2,2,3,4,5,4,2,3,2,2,4,2,5,3,5,5,5,5,6,5,4,6,5,5,4,5,6,5,5,6,5,5,5,5,5,4,4,4,4,5,5,3,2,2,4,2,5,4,5,4,6,6,6,5,4,4,2,4,5,4,4,4,2,2,4,2,4,3,2,6,3,4,6,4,6,3,3,3,6,6,6,6,3,6,2,2,2,2,2,2,5,5,4,3,4,5,4,5,5,5,6,5,6,5,5,4,5,4,5,4,6,6,5,5,2,2,2,2,2,2,3,3,2,2,2,2,2,2,2,2,4,2,2,2,2,2,2,2,3,2,4,3,2,4,2,2,2,3,2,3,2,3,2,2,2,3,4,2,3,3,3,5,4,5,3,4,5,3,4,2,2
R_22xYxWyI6tDGleR,6,7,5,4,5,2,1,1,1,1,4,1,7,4,7,7,6,7,7,6,6,6,6,6,6,6,6,6,6,6,6,6,6,6,6,6,6,6,5,6,5,5,2,2,6,2,6,3,5,6,7,6,6,5,4,3,3,4,3,2,3,3,2,5,3,2,3,3,4,3,6,4,6,4,3,4,3,4,7,7,7,7,7,7,1,6,1,1,1,2,2,5,4,3,3,5,1,1,2,1,2,3,7,2,7,5,1,6,1,1,1,1,1,1,1,1,1,1,1,1,1,1,1,1,1,1,2,2,2,3,6,2,7,7,7,7,5,7,1,5,2,1,6,5,1,1,1,1,1,1,1,1,1,1,1,2,1,1,1,1,1,3,2,2,2,5,4,5,5,5,4
R_8lSnoGTQY6Smdih,1,4,4,7,7,7,1,1,1,1,4,1,7,1,7,7,4,7,7,7,7,7,7,7,7,7,7,7,7,7,7,7,7,7,7,7,2,3,6,7,6,5,3,3,2,6,5,2,6,2,7,7,6,7,1,1,2,2,1,1,1,2,2,1,1,1,1,2,1,1,2,2,7,6,3,4,5,4,7,7,7,7,7,7,2,5,3,4,4,1,7,7,2,3,7,7,7,7,7,7,3,7,2,4,1,3,1,2,6,6,4,6,4,6,6,6,6,5,4,2,6,4,6,4,6,4,1,1,6,4,6,1,1,1,1,3,4,2,4,5,4,4,3,5,1,1,4,1,1,1,2,1,1,3,1,2,1,3,1,1,1,1,2,6,7,6,7,2,4,4,3
R_8PmCWrL8mZVzqQy,3,5,7,5,6,3,2,1,5,2,7,2,6,3,6,6,6,6,7,7,7,7,7,7,7,7,7,7,7,7,7,7,7,7,7,7,2,6,6,3,4,3,4,6,6,6,6,6,7,7,7,7,7,7,2,2,2,2,2,2,2,2,2,2,3,2,3,3,3,3,3,3,7,4,5,4,2,7,3,3,2,2,1,2,5,5,1,1,1,1,7,1,3,2,6,6,1,6,3,1,1,4,1,4,4,3,1,2,1,1,1,1,3,1,1,3,1,1,1,1,2,4,3,4,4,7,1,2,1,2,1,1,2,2,2,2,2,2,1,2,2,2,2,3,3,3,3,3,3,3,3,3,3,3,3,3,3,3,3,3,3,4,1,2,2,4,6,3,5,3,1
R_8c0zigI2R4QMVMQ,5,5,5,4,7,6,3,4,1,5,3,1,7,3,7,7,4,7,7,6,5,6,5,5,7,6,7,5,7,7,7,6,7,7,4,4,6,6,7,6,7,6,7,7,7,7,6,5,7,6,7,7,7,6,2,2,3,2,3,2,3,3,2,3,3,1,3,2,4,3,3,1,1,1,1,1,1,1,1,1,1,1,1,1,1,1,1,1,1,1,5,6,7,7,7,7,7,7,7,7,5,7,7,5,7,7,3,7,1,2,1,1,2,1,1,1,1,1,1,2,1,2,1,1,1,4,3,3,1,2,1,3,1,1,1,1,1,2,1,4,1,1,4,7,4,3,4,3,3,3,3,3,3,3,3,3,3,4,3,3,4,5,3,5,5,1,5,4,5,4,3
R_2M4UfShTb5kLzUd,1,1,1,1,1,1,1,1,1,1,1,1,6,4,6,6,6,7,7,7,7,7,7,7,7,7,7,7,7,7,7,7,7,7,7,7,7,7,7,7,7,6,7,7,7,7,7,5,7,6,7,7,7,7,4,4,3,4,4,3,3,4,3,4,4,3,4,4,4,4,4,4,7,4,4,5,5,6,7,7,7,1,7,7,2,5,3,3,4,3,3,3,3,3,3,5,3,3,3,3,3,4,3,3,3,3,3,5,1,1,1,1,1,1,1,1,1,1,1,1,1,1,1,1,1,1,4,3,2,2,2,4,1,3,2,2,1,3,1,3,1,1,1,1,4,4,4,4,4,4,4,4,4,4,4,4,4,4,4,4,4,4,2,4,4,5,6,2,3,5,1
R_2E56pPoRRjMVA6n,3,6,6,5,6,3,3,3,6,2,4,3,6,4,6,5,6,5,5,5,3,5,5,4,5,5,5,5,4,5,5,5,4,4,5,5,3,4,1,4,3,5,4,4,4,4,4,5,4,4,5,4,4,4,2,2,1,2,2,2,2,2,2,2,2,2,2,2,2,2,2,2,7,6,7,6,6,6,7,7,7,7,6,7,3,3,4,4,3,6,5,4,6,5,6,7,5,5,4,5,5,5,5,4,6,5,6,5,1,2,2,3,2,2,2,2,2,2,3,2,2,2,2,2,2,3,4,4,5,4,5,6,4,4,4,4,5,5,4,4,4,4,5,5,6,4,2,3,2,3,3,3,3,2,2,3,4,2,1,2,4,4,4,4,5,2,6,2,5,2,2
R_2X7yr28hCKbgNyx,5,5,5,5,7,5,2,1,2,1,5,2,7,4,7,6,7,7,7,7,7,7,7,7,7,7,7,7,7,7,7,7,7,7,7,7,5,6,6,6,7,6,5,4,4,4,5,4,6,5,6,6,7,6,2,2,2,2,2,2,2,2,2,2,2,2,2,2,2,2,2,2,4,4,4,4,4,4,4,4,4,4,4,4,4,4,4,4,4,4,3,3,3,3,3,3,3,3,3,3,3,3,3,3,3,3,3,3,4,3,3,3,3,2,3,3,3,3,3,3,3,3,3,3,2,3,5,5,5,5,5,5,5,5,5,5,5,5,5,5,5,5,5,5,2,2,2,2,2,2,2,2,2,2,2,2,2,2,2,2,2,2,2,4,4,1,4,3,4,3,4
R_2alarUF7hGpgKLy,5,5,3,5,5,5,2,2,2,3,3,2,2,2,4,4,5,5,4,6,6,6,6,4,7,6,7,7,6,6,6,6,6,6,6,6,2,2,3,2,2,2,4,4,4,4,3,3,2,3,2,2,3,2,3,3,4,3,3,3,4,4,4,4,3,3,3,3,3,3,4,4,2,2,4,2,2,2,5,5,3,5,5,5,5,5,4,2,5,2,3,3,3,4,3,5,4,3,4,5,3,3,5,4,5,4,3,5,5,5,3,4,5,5,2,2,3,3,2,2,3,2,2,3,3,2,4,4,2,3,3,4,2,2,2,2,2,3,2,4,3,2,2,2,5,5,2,5,4,5,2,3,3,2,2,2,3,4,3,3,4,4,4,5,5,5,5,3,4,3,3
R_2lu8n3sWOEoBgPw,6,6,7,6,7,7,6,5,6,5,6,6,7,7,7,7,7,7,7,7,7,7,7,7,7,7,7,7,7,7,7,7,7,7,7,7,6,5,7,6,6,5,6,6,6,5,6,5,7,7,7,7,7,7,1,2,2,2,2,1,1,2,2,2,2,2,2,2,2,2,2,2,4,3,1,2,3,3,5,5,4,5,2,5,1,2,1,1,1,1,5,5,2,3,5,6,3,3,4,3,2,4,2,2,2,2,2,3,1,1,1,1,1,1,1,1,1,1,1,1,1,1,1,1,1,1,3,2,2,2,2,2,3,3,2,2,3,2,3,3,3,2,3,5,5,5,5,5,5,5,5,5,5,5,5,5,5,5,5,5,5,5,2,7,2,5,5,6,5,5,3
R_8QFYFhFBRk5eddN,6,7,5,6,7,6,6,6,5,5,5,3,7,5,7,5,7,7,6,7,5,4,7,6,6,6,7,7,7,7,7,7,7,7,6,7,6,4,6,6,4,4,6,4,3,6,6,4,7,6,7,7,7,6,2,2,3,2,2,2,2,1,2,3,5,2,4,2,3,3,3,4,4,2,3,4,1,3,7,6,4,6,2,4,2,5,2,3,1,3,3,5,4,7,4,7,4,7,4,5,4,2,5,5,7,4,1,5,4,4,2,5,5,5,2,4,3,4,3,4,4,3,3,3,5,5,5,4,1,2,5,4,1,1,1,1,1,2,1,1,1,1,2,2,4,3,2,3,3,3,3,3,3,3,3,4,3,3,2,4,4,2,2,3,6,5,7,3,2,5,2
R_2ohkOFmL31lFvb2,5,6,5,6,6,6,5,5,5,5,6,6,7,6,7,7,7,7,5,5,5,4,4,4,5,5,5,5,5,5,5,5,5,5,5,5,2,4,5,3,3,3,3,4,4,4,4,3,4,3,4,4,4,5,2,2,3,3,2,2,3,3,4,4,4,3,3,4,4,4,4,5,7,6,6,7,6,6,5,6,5,5,5,5,5,5,5,3,5,2,6,5,5,5,5,7,4,4,5,4,4,5,4,4,3,3,2,2,2,1,1,1,1,1,1,1,1,1,1,1,1,1,1,1,1,1,6,6,4,5,7,6,4,4,4,4,4,4,4,4,4,4,4,6,4,5,4,4,5,5,4,4,4,4,4,4,4,4,4,4,4,4,2,5,5,3,3,1,2,1,1
R_2q7DAiUBp0ZAu9h,3,6,6,6,7,6,3,3,3,3,3,3,7,7,7,7,7,7,7,7,7,7,7,7,7,7,7,7,7,7,7,7,7,7,7,7,3,5,6,6,7,5,3,3,3,3,5,2,7,6,7,7,7,7,1,2,2,2,2,1,2,2,2,2,2,1,2,2,2,2,2,2,6,5,1,5,2,5,7,7,7,7,6,7,1,5,1,1,2,1,6,6,6,6,6,6,6,6,6,6,6,6,6,6,6,6,5,6,1,1,1,1,1,1,1,1,1,1,1,1,1,1,1,1,1,1,2,2,2,4,2,4,3,3,3,2,3,4,1,1,2,2,1,2,3,3,2,3,3,3,3,2,3,2,2,3,3,2,2,2,2,3,2,3,3,4,3,3,3,3,2
R_2NmiAdAFAdnhOs9,6,5,6,6,6,3,2,2,2,2,6,4,6,6,2,6,6,6,6,6,4,5,5,6,6,5,6,6,6,6,6,6,6,6,5,6,6,6,3,5,6,4,6,4,3,3,6,6,6,6,6,6,5,6,2,2,2,2,2,2,2,2,2,2,2,2,2,2,2,2,2,2,6,6,3,3,6,6,6,6,6,6,2,6,2,6,2,5,5,2,2,3,4,4,4,5,3,3,4,3,4,4,4,4,4,4,4,4,4,2,4,2,4,4,4,2,4,4,4,4,2,4,4,4,2,2,2,2,2,2,3,4,2,2,3,2,4,3,2,2,3,2,4,2,1,2,2,2,2,2,2,2,2,2,1,3,2,2,2,1,2,2,2,3,2,5,6,4,5,2,5
R_2rDOdVhfeNlpRVl,2,7,1,7,4,2,1,2,1,1,6,1,6,3,7,7,6,7,6,7,7,6,7,6,7,6,7,7,7,7,7,6,7,7,7,7,3,4,3,5,3,2,3,3,3,6,6,2,7,7,7,7,7,7,1,1,1,1,1,1,1,1,1,1,1,1,1,1,1,1,1,1,7,7,7,6,5,7,7,7,7,7,5,7,1,1,1,1,2,1,3,2,3,6,5,6,5,5,5,3,3,5,2,2,2,2,2,2,3,2,3,3,6,3,3,2,3,2,6,2,6,3,6,6,3,6,2,2,2,2,2,1,2,2,2,2,3,3,2,2,2,2,3,2,3,3,3,3,3,3,3,2,3,3,3,2,4,3,2,4,3,5,4,3,3,4,6,2,3,2,1
R_2v7KaQv0KRp0XAY,5,6,5,6,5,6,6,5,4,5,6,4,7,5,7,7,7,7,7,7,7,7,7,7,7,7,7,7,7,7,7,7,7,7,7,7,6,6,6,6,5,6,6,6,6,6,7,5,7,7,6,7,7,7,6,5,6,5,4,6,6,7,6,6,6,6,7,7,6,7,7,7,6,5,6,5,4,6,6,6,6,5,7,6,6,6,7,7,7,7,6,6,7,6,6,7,6,6,7,6,7,5,7,7,6,6,6,7,2,2,3,2,2,1,2,1,2,2,2,1,3,3,2,2,2,2,2,2,3,2,5,3,2,3,3,2,3,3,2,2,1,2,3,2,2,2,3,3,5,3,2,3,2,3,3,2,2,2,2,3,3,2,4,5,2,6,5,5,6,6,6
R_2ScLuMsCIkx1hIu,7,7,5,6,6,7,5,6,7,5,4,5,7,7,7,7,6,7,7,6,5,6,5,6,6,7,7,7,6,5,7,6,7,7,7,7,5,3,6,4,3,3,6,5,6,6,6,5,6,5,5,6,7,5,6,3,5,6,3,3,6,6,5,5,6,3,6,6,6,6,7,3,5,2,4,1,7,3,5,3,4,6,7,5,1,5,1,1,2,4,5,4,3,6,4,5,3,2,3,3,2,3,6,3,5,5,1,7,3,3,2,2,3,2,2,3,3,2,2,2,3,2,3,2,2,3,3,3,4,2,3,3,3,2,3,2,1,3,3,2,4,3,4,2,4,4,4,4,3,2,3,4,3,3,3,3,4,4,4,3,3,5,1,5,2,7,5,4,5,5,3
R_2sTlZpk1GdDIxTH,7,7,1,7,1,7,1,1,1,1,7,1,7,7,7,7,7,7,7,7,7,7,7,7,7,7,7,7,7,7,7,7,7,7,7,7,7,7,7,7,7,4,7,4,4,7,7,7,7,7,7,7,7,7,1,1,1,1,1,1,1,1,1,1,1,1,1,1,1,1,1,1,3,4,5,5,4,5,5,5,3,5,5,6,5,5,5,4,2,2,5,5,5,6,6,6,2,5,2,3,5,2,5,2,2,5,3,2,6,6,6,6,5,6,2,3,2,4,2,2,2,3,2,2,7,5,2,3,2,2,3,2,2,2,4,2,2,2,2,2,2,2,4,4,2,3,3,3,2,3,3,3,3,3,3,3,2,3,2,2,4,3,4,6,6,1,7,1,1,1,1
R_88wTNph0EpVm7vP,2,2,1,2,2,2,2,6,2,2,3,2,7,2,7,6,5,6,6,6,6,6,5,5,6,5,6,6,5,6,6,6,6,6,6,5,4,3,3,5,4,3,6,6,6,6,6,3,6,5,6,5,7,4,3,3,4,2,2,4,2,3,3,2,2,1,3,2,4,3,3,3,6,6,7,7,6,6,6,7,5,7,6,6,2,5,1,2,3,2,6,4,4,5,4,6,3,4,6,5,2,6,6,2,6,5,3,3,2,3,3,3,2,2,3,2,2,2,2,1,2,2,1,2,2,2,2,3,4,3,4,4,4,5,6,6,3,5,3,5,4,5,4,3,2,3,2,3,2,3,2,2,3,3,2,3,3,3,3,3,3,3,2,3,5,5,6,5,4,6,4
R_8zoUxWUmixptX0i,3,4,5,3,5,3,2,5,5,3,5,3,3,3,3,5,5,5,5,5,5,5,5,5,6,5,5,5,5,5,6,5,5,6,5,5,5,5,5,5,6,4,4,5,5,5,5,5,5,6,6,5,5,5,3,4,4,4,3,3,5,3,4,3,5,3,3,3,3,3,5,5,2,3,3,4,5,6,6,2,5,6,5,5,2,2,2,2,2,3,2,2,3,2,1,6,3,4,3,2,3,6,2,2,3,2,2,6,3,3,3,3,3,3,3,3,4,3,3,3,3,3,3,3,3,2,2,3,2,3,5,1,2,2,2,2,2,1,4,3,4,3,4,4,3,4,3,4,5,5,3,3,3,3,5,3,5,3,3,5,3,3,3,6,3,3,2,2,3,5,4
R_2yqqJdkbOXGiBgR,3,4,6,2,6,6,3,2,5,3,2,4,6,3,6,6,7,6,5,3,2,2,2,5,2,4,2,2,5,6,5,6,3,6,5,3,3,5,6,7,5,3,5,5,4,6,7,6,3,2,4,7,6,3,2,4,3,3,3,2,2,2,3,3,4,3,2,3,3,5,3,2,7,3,3,3,2,2,7,6,6,6,5,2,2,1,2,3,2,1,1,2,2,2,3,3,2,2,2,2,2,3,2,2,2,4,2,2,2,5,5,6,7,5,2,2,2,1,6,2,6,7,6,6,6,5,5,5,3,4,6,3,5,4,3,3,4,2,5,7,5,5,3,5,3,3,2,3,5,3,5,4,4,6,4,2,5,4,3,4,5,6,3,6,5,5,5,3,3,6,5
R_24eFNicYs1E2Gzw,3,3,3,3,4,3,3,3,3,3,3,3,4,4,4,4,5,6,6,6,7,6,6,6,7,7,6,6,7,7,7,7,7,7,7,6,4,5,5,5,5,4,4,5,4,4,5,4,6,5,6,5,5,7,2,2,2,3,2,2,2,2,2,2,2,2,2,2,2,2,2,3,3,4,4,3,4,4,3,4,4,4,3,4,2,2,2,2,2,1,5,5,4,5,5,4,4,5,4,4,4,4,6,5,5,5,3,6,3,2,2,2,2,2,2,2,2,2,2,2,2,2,3,2,3,4,4,4,2,4,3,4,2,2,2,2,2,2,3,2,3,3,2,5,2,2,2,3,2,3,2,2,2,3,3,2,3,2,3,3,3,3,3,4,4,3,5,3,4,3,3
R_2nDbe2aN8LybJuN,6,3,2,6,6,2,2,1,1,1,6,1,7,2,6,6,6,7,6,5,5,6,2,4,5,3,7,6,7,7,5,4,5,6,2,3,7,6,5,7,4,7,6,6,5,7,7,7,7,7,7,7,5,5,3,4,2,2,2,2,3,2,3,4,4,2,2,2,2,2,2,2,7,6,7,5,4,7,7,7,7,7,5,7,3,7,2,2,2,3,3,5,7,6,3,7,7,7,7,7,4,7,3,4,4,2,2,7,1,1,2,3,6,3,1,2,1,1,1,2,4,2,2,2,5,4,2,4,2,4,6,5,2,3,2,2,1,2,3,5,3,4,6,5,2,1,2,3,6,5,1,2,1,1,1,2,1,2,2,1,6,4,4,6,5,4,7,3,4,6,2
R_8UGzcnImrhuIocF,1,4,1,4,1,4,1,1,1,1,1,1,7,6,7,7,7,7,7,7,7,7,7,7,7,7,7,7,7,7,7,7,7,7,7,7,7,7,7,7,7,4,7,7,7,7,7,4,7,7,7,7,7,7,1,1,1,1,1,1,1,1,1,1,1,1,1,1,1,1,1,1,7,5,7,6,4,6,7,4,7,7,7,7,1,4,4,1,1,1,5,2,6,7,7,7,4,6,6,5,5,6,4,4,7,3,2,7,1,1,1,4,4,4,1,1,1,1,1,1,1,1,1,1,1,4,1,1,1,1,6,1,1,1,1,1,1,1,1,1,1,1,1,5,1,1,1,1,4,2,1,1,1,1,1,1,1,1,1,1,1,4,2,4,4,1,6,4,4,5,4
R_2MWIe2aPGXoUnmf,7,7,7,7,7,7,7,7,7,7,7,7,7,7,7,7,7,7,7,7,7,7,7,7,7,7,7,7,7,7,7,7,7,7,7,7,7,7,7,7,7,7,7,7,7,7,7,7,7,7,7,7,7,7,2,2,2,2,2,2,2,2,2,2,2,2,2,2,2,2,2,2,4,1,4,1,1,4,4,1,1,1,4,4,1,1,1,1,1,1,1,4,1,1,1,5,1,1,1,1,1,1,1,1,1,1,1,4,3,3,3,3,3,3,3,3,3,3,3,3,3,3,3,3,3,3,4,5,3,5,5,5,3,3,3,3,5,3,4,3,3,3,4,5,5,5,5,5,5,5,5,5,5,5,7,5,5,5,5,5,5,5,1,5,4,1,5,1,1,5,1
R_2TMi97f4es0RV3w,3,7,7,4,7,4,7,5,1,1,1,2,7,1,7,7,7,7,6,7,7,5,6,7,7,7,7,5,7,7,7,5,7,6,7,7,7,7,7,7,7,7,7,7,7,7,7,7,7,7,7,7,7,7,2,4,3,1,4,2,4,3,2,1,4,3,4,3,4,1,4,4,6,2,4,3,1,6,1,7,6,6,6,7,4,1,4,6,4,2,4,1,3,7,1,7,4,4,4,7,1,7,1,1,1,7,1,1,5,5,2,5,5,5,4,4,4,5,2,2,4,4,2,5,2,2,1,1,1,7,1,1,1,1,4,7,1,1,1,1,1,3,1,1,4,4,4,4,4,4,4,4,4,4,4,4,4,4,4,4,4,4,2,4,4,4,5,1,2,3,1
R_2LaxLDz5PFEgpxf,5,6,6,7,6,6,6,5,6,6,6,6,7,6,7,6,5,7,7,7,7,7,7,7,7,7,7,7,7,7,7,7,7,7,7,7,7,7,7,7,7,6,6,7,7,6,7,7,7,7,7,7,7,7,2,2,2,2,2,2,2,2,2,2,2,2,2,2,2,2,2,2,2,2,2,2,2,2,2,2,2,2,2,2,1,1,1,2,1,1,3,2,2,4,5,6,3,3,3,3,3,3,6,4,6,4,2,3,2,2,4,4,3,5,3,3,2,4,2,2,4,5,4,4,2,4,2,2,2,2,2,2,2,2,2,2,2,2,2,2,2,2,4,2,3,3,3,3,3,3,3,3,3,3,3,3,3,3,3,3,3,3,2,2,5,2,6,1,2,2,2
R_21ml6CkcVkvkUfW,2,4,7,6,7,4,7,7,6,5,7,6,7,7,5,7,7,7,7,7,6,5,7,7,7,7,6,7,7,7,5,5,6,7,4,6,2,3,6,6,6,4,5,7,6,5,7,4,7,5,6,7,7,4,3,4,5,6,4,3,2,5,5,3,5,2,4,5,2,6,5,3,7,7,6,7,5,7,7,7,7,7,2,7,4,7,5,4,7,3,6,2,3,2,7,7,3,4,6,3,2,2,2,5,2,3,3,7,2,1,2,2,1,1,1,1,1,1,1,1,2,2,1,1,1,5,3,4,2,3,4,4,1,1,1,1,1,3,1,1,1,1,1,1,3,2,3,2,2,2,2,2,1,2,2,2,2,2,2,2,3,5,2,4,2,5,6,3,5,2,6
R_2aPFR4zdomwHAyJ,7,7,7,7,6,6,7,6,7,7,7,6,7,7,7,7,7,7,7,7,7,7,7,7,7,7,7,7,7,7,7,7,7,7,7,7,3,3,3,6,6,3,6,4,4,4,6,3,6,6,6,6,6,6,1,1,1,1,1,1,1,1,1,1,1,1,1,1,1,1,1,1,7,6,3,4,6,6,6,6,6,6,6,6,1,2,1,1,2,1,6,6,6,6,2,2,2,7,3,6,2,7,2,2,2,2,2,2,6,6,6,2,6,6,2,2,2,2,4,2,6,6,6,6,6,6,2,2,2,5,2,5,5,2,5,5,5,5,4,2,6,2,2,6,5,5,5,6,5,6,5,5,5,6,5,6,5,5,5,6,5,5,2,2,2,3,6,4,3,2,2
R_2eUKI2wIHWWQKHh,3,4,7,6,7,6,4,4,5,4,7,4,7,2,7,7,7,7,6,6,6,6,5,6,6,6,6,7,5,6,6,5,6,6,6,6,5,6,7,6,6,6,6,5,5,6,6,5,7,4,7,7,7,7,2,3,4,4,3,2,4,4,4,4,4,3,3,3,4,3,4,4,7,4,2,2,5,4,7,6,4,5,4,4,1,7,2,1,1,1,5,4,4,3,3,6,2,4,2,2,3,2,2,6,3,4,2,2,1,1,1,1,3,1,1,1,1,1,2,2,1,1,1,1,1,1,4,4,2,4,5,5,3,4,4,3,6,5,4,4,4,4,4,5,2,2,2,3,5,2,2,2,2,2,5,4,4,3,3,4,3,5,2,4,4,5,4,1,4,3,3
R_8qvNExxok00qwTB,5,7,7,5,6,6,3,4,5,3,5,2,7,4,6,6,5,7,7,7,6,7,7,7,7,7,6,7,7,6,6,7,7,7,7,6,6,4,6,5,5,7,5,7,7,5,7,3,6,7,6,7,6,3,2,3,2,1,2,1,3,2,3,3,2,1,1,2,3,3,3,3,1,1,5,2,3,5,7,5,3,3,3,2,1,3,5,1,2,2,5,5,2,3,2,2,1,6,3,5,5,3,3,4,2,5,1,1,5,6,4,5,4,5,2,3,5,3,3,4,3,4,2,4,5,6,2,3,3,3,3,3,3,4,2,1,3,3,3,1,1,3,3,5,3,6,3,5,3,5,3,3,5,4,1,5,3,5,5,5,1,5,2,5,4,3,5,5,6,5,5
R_8mKNOC3PPOOhlBs,2,6,5,6,7,4,2,5,5,4,6,4,7,6,7,7,7,7,7,7,7,7,7,7,7,7,7,7,7,7,7,7,7,7,7,7,6,6,7,7,7,5,6,7,6,6,7,5,7,7,7,7,7,7,5,5,3,5,3,3,2,4,2,2,3,4,5,3,6,6,5,7,4,1,1,2,2,4,4,2,3,4,3,2,2,2,1,2,1,1,6,6,5,5,5,6,5,5,5,4,5,6,4,5,5,5,4,6,2,2,2,2,2,3,2,2,2,2,2,2,1,1,2,2,2,2,2,2,1,1,2,2,1,1,1,1,1,1,1,1,1,1,1,1,2,2,2,2,2,2,2,2,2,2,2,2,2,2,2,2,2,2,1,3,2,4,5,4,2,6,4
R_2Rz2hYCnVyEcBaj,5,5,5,3,3,1,1,1,2,2,6,1,5,1,5,5,5,6,6,6,6,6,6,6,6,6,6,6,6,6,6,6,6,6,6,6,6,6,7,6,5,6,6,6,6,6,6,2,6,6,6,7,7,6,2,2,2,2,2,1,2,2,2,2,3,1,3,2,3,3,2,3,7,3,2,4,7,7,6,6,7,6,3,7,2,7,2,2,2,2,5,5,3,2,7,6,5,5,7,5,3,7,2,4,1,2,1,2,2,2,2,2,2,2,2,2,3,2,2,2,2,2,2,2,2,2,3,5,4,5,5,6,4,4,5,5,2,5,2,2,1,1,6,1,3,3,3,4,4,3,3,2,3,3,2,5,2,3,2,2,3,4,2,4,4,2,2,1,2,2,3
R_8zAOnqLNqU76SDF,4,4,1,7,7,4,1,1,1,1,1,4,4,1,7,2,1,7,7,4,4,4,4,4,7,7,7,7,7,7,4,4,4,4,7,4,7,7,4,4,7,4,7,7,7,7,7,4,7,7,7,7,7,6,1,4,1,2,4,2,4,1,4,4,4,2,4,2,4,4,2,2,7,7,7,7,1,7,7,7,7,7,7,7,4,7,4,1,1,1,4,4,7,4,4,4,1,1,1,1,1,4,1,1,1,1,1,1,1,1,4,1,4,1,1,1,1,1,1,1,1,1,4,1,1,4,4,1,1,1,7,1,1,1,1,1,1,1,1,1,1,1,1,7,1,1,4,1,4,1,1,1,1,1,1,1,1,1,1,3,3,4,4,5,5,2,4,2,1,4,1
R_2CI99awUWNJVLVZ,3,3,4,2,6,4,2,2,3,2,4,4,6,6,5,5,4,4,4,2,2,2,2,4,2,5,3,3,3,4,4,5,3,4,5,5,4,3,5,3,3,3,4,5,5,4,3,4,6,5,6,6,3,5,3,4,4,4,2,4,4,3,3,2,4,3,2,2,3,2,2,3,4,3,6,6,5,6,6,4,5,4,4,5,2,2,2,2,2,2,3,2,2,2,2,2,2,3,2,2,4,3,2,4,6,2,5,2,4,4,2,2,5,5,2,2,2,2,2,2,4,5,4,5,5,5,3,4,3,2,3,5,5,4,5,6,3,4,3,3,4,5,4,5,3,3,3,4,4,4,4,5,3,3,5,4,4,5,4,4,2,5,3,2,2,2,2,2,2,2,2
R_8JJYdvKZNzhJztp,5,3,3,3,3,4,5,4,3,3,4,3,3,6,3,4,3,4,4,4,7,4,2,4,6,7,7,7,7,5,6,6,6,7,7,6,5,4,6,5,3,3,6,6,6,6,6,4,6,6,6,6,6,4,1,1,1,1,1,1,1,2,1,1,1,1,1,2,1,1,1,1,3,4,2,1,4,4,2,1,1,1,1,4,1,4,4,2,1,3,6,6,1,7,4,7,1,1,1,1,1,7,1,1,1,1,1,7,1,1,4,5,1,5,1,2,1,1,1,5,1,4,1,5,4,4,6,6,5,6,6,6,4,2,6,4,5,1,4,5,5,5,6,5,6,6,4,5,6,5,4,5,6,4,4,5,4,4,4,4,4,5,5,6,6,4,4,3,4,5,1
R_23fxev8m15WPlCN,1,2,1,5,6,2,4,2,5,5,6,4,6,6,6,5,6,6,7,7,4,5,4,5,7,7,7,7,7,7,7,7,7,3,5,4,4,3,2,6,4,4,5,6,5,5,7,2,5,3,5,5,1,6,5,4,2,5,5,3,6,4,5,4,3,5,3,5,5,2,5,4,2,3,6,4,5,5,4,2,3,4,2,3,2,2,4,2,4,5,2,4,2,3,4,6,6,6,3,5,4,7,5,2,5,4,6,6,1,1,4,2,2,3,1,2,1,2,1,2,1,1,1,4,6,1,3,3,4,4,4,3,1,3,3,2,5,3,2,3,2,2,5,4,4,2,4,5,3,3,4,2,4,2,6,3,3,3,5,3,3,4,4,5,4,5,5,3,4,4,2
R_2tycalygAui7750,2,3,6,5,5,3,2,2,3,2,6,3,6,5,6,5,6,7,5,6,5,6,5,6,6,6,6,6,6,6,4,6,5,5,5,5,4,5,4,5,6,2,5,3,3,4,5,4,6,3,5,5,6,6,3,4,3,5,4,4,5,3,4,5,4,4,5,3,3,3,3,3,7,7,7,7,6,7,7,7,7,7,7,7,7,7,7,7,7,7,5,3,4,4,3,5,3,3,3,4,5,3,5,3,6,5,3,4,3,4,4,4,4,4,3,4,4,3,5,3,5,3,5,5,3,5,3,4,4,4,5,5,2,4,5,3,5,2,4,3,3,4,3,4,3,3,4,5,5,2,3,3,3,4,3,4,5,3,4,5,4,5,4,5,5,4,5,3,5,3,2
R_2nxx39kaBnOmGbT,3,4,3,5,6,3,3,3,2,2,3,1,6,5,6,6,6,7,5,5,6,6,5,5,6,5,7,5,6,5,6,6,7,5,6,6,2,5,3,6,6,3,3,2,3,2,3,2,6,5,7,5,6,7,2,3,2,2,2,3,2,2,3,2,3,2,3,3,3,2,3,2,6,5,5,5,3,6,5,6,5,6,3,5,2,6,3,2,3,1,3,3,6,6,3,6,6,6,3,5,6,6,5,3,5,5,2,6,6,5,5,2,6,5,3,5,2,2,5,2,5,3,3,3,3,3,3,3,3,4,5,2,3,2,3,3,3,2,3,3,5,4,3,6,3,2,3,3,5,2,3,3,3,3,3,3,3,2,3,3,3,3,2,3,3,6,6,4,2,3,5
R_2mWTjeyNJ7pvx9u,7,7,7,4,7,7,2,3,2,2,2,2,7,7,7,7,7,7,7,7,7,7,7,7,7,7,7,7,7,7,7,7,7,7,7,7,7,7,7,7,7,7,7,7,7,7,7,7,7,7,7,7,7,7,4,4,4,4,4,4,4,4,4,4,5,4,4,4,4,4,4,4,2,2,2,2,2,2,2,2,2,2,2,2,2,2,2,2,2,2,2,2,5,2,3,5,5,5,6,2,2,5,2,5,2,2,3,2,1,1,1,1,1,1,1,1,1,1,1,1,1,1,1,1,1,1,3,3,2,3,3,3,3,3,3,3,3,3,3,4,3,3,3,3,1,1,3,1,1,1,1,1,1,1,1,1,1,1,1,1,1,2,6,4,4,3,5,3,5,5,2
R_8DbAovJ5DSqkRcJ,1,1,1,1,3,1,1,1,3,1,5,1,3,1,3,4,1,7,7,7,7,7,7,7,7,7,7,7,7,7,7,7,7,7,7,7,6,6,6,6,6,6,6,6,6,6,6,6,6,6,6,6,6,6,2,2,2,2,2,2,2,2,2,2,2,2,2,2,2,2,2,2,7,7,7,7,1,7,7,7,7,7,4,7,1,7,1,1,1,1,7,7,7,4,4,7,7,7,7,7,4,7,4,6,4,4,1,1,4,1,7,7,7,7,1,1,5,1,7,1,1,1,1,4,7,7,4,4,4,4,4,4,4,4,4,4,4,4,4,4,4,4,4,4,4,4,4,4,4,4,4,4,4,4,4,4,4,4,4,4,4,4,2,2,5,4,1,4,1,2,3
R_82CZG9Ohj1SiWng,5,6,5,5,5,6,5,5,5,5,5,5,7,5,7,7,7,7,7,7,7,7,7,7,7,7,7,7,7,7,7,7,7,7,7,7,3,5,4,5,5,6,3,3,3,4,4,5,6,4,6,6,6,7,1,1,1,1,1,1,1,1,1,1,1,1,1,1,1,1,1,1,7,5,7,6,5,6,6,7,7,6,7,6,3,6,2,2,2,2,7,6,4,3,4,7,3,3,3,5,2,6,2,5,1,2,2,2,2,2,2,2,2,6,2,2,2,2,2,5,2,2,2,2,2,5,5,5,2,2,5,5,2,2,2,2,2,6,2,2,2,2,2,2,3,3,3,3,3,3,3,3,3,3,3,3,3,3,3,3,3,3,3,5,3,6,6,3,5,3,3
R_8vKYdTQcQEFwKKB,7,7,2,7,7,3,1,1,2,1,3,3,7,7,7,7,7,7,7,6,7,6,6,7,7,7,7,7,7,7,7,6,6,6,5,7,7,7,3,7,5,1,3,6,5,6,7,1,6,6,7,7,7,7,1,1,1,1,1,1,1,1,1,1,1,1,1,1,1,1,1,1,2,5,6,2,4,6,7,7,7,6,7,3,1,3,3,6,2,1,1,1,1,1,2,7,1,4,5,1,2,7,1,2,1,1,1,1,7,4,7,7,6,5,2,6,1,6,1,1,7,7,3,3,6,6,5,6,4,4,5,2,1,1,1,4,1,1,4,6,4,4,6,5,5,6,4,4,6,2,1,1,2,3,1,2,4,3,3,4,3,4,5,6,5,1,7,2,6,1,2
R_25I6nxvE1jLQLUl,4,5,7,4,7,7,5,6,5,5,6,5,7,5,7,6,7,7,6,7,5,7,7,7,7,7,7,7,7,7,7,6,7,7,6,7,2,1,6,6,5,1,6,5,3,6,6,5,2,2,2,5,5,5,2,2,6,5,6,1,6,4,6,6,6,5,2,3,2,5,5,4,7,4,2,4,3,2,6,6,6,6,5,6,1,6,1,3,2,1,6,7,5,6,6,7,3,4,3,3,6,5,7,4,7,6,4,5,6,5,7,6,6,6,2,3,1,1,6,2,5,4,5,5,5,7,2,2,6,2,5,1,3,1,3,5,2,4,2,3,2,3,2,6,4,4,5,4,4,5,3,3,3,3,4,4,5,4,5,3,5,5,2,4,3,5,5,4,6,4,5
R_8RPtEaySirvvkBP,1,1,1,1,7,1,1,1,1,1,1,1,7,1,1,1,1,7,7,7,7,7,7,7,7,7,7,7,7,7,7,7,7,7,7,7,4,4,4,4,4,4,4,4,4,4,4,4,4,4,4,4,4,4,4,4,4,4,4,4,4,4,4,4,4,4,4,4,4,4,4,4,7,7,7,7,7,7,7,7,7,7,7,7,1,7,7,1,7,1,1,1,1,4,1,7,1,1,4,1,1,7,1,1,1,1,1,7,1,1,1,1,1,1,1,1,1,1,1,1,1,1,1,1,1,1,4,4,4,4,4,4,4,4,4,4,4,4,4,4,4,4,4,4,4,4,4,4,4,4,4,4,4,4,4,4,4,4,4,4,4,4,1,4,4,1,5,1,1,1,1
R_2s4cV3TMfE0FxKM,3,5,6,4,7,4,3,2,3,2,4,3,5,3,5,6,5,6,7,5,4,5,5,4,6,3,6,3,6,6,4,4,4,5,6,5,5,5,3,3,6,5,2,3,2,2,5,3,7,4,7,6,6,7,4,4,2,3,4,2,2,2,3,2,5,2,6,2,6,4,5,5,6,4,2,3,3,4,3,6,4,1,4,5,5,6,5,3,3,5,6,1,5,1,1,7,4,6,2,1,1,2,1,6,1,1,2,4,1,2,1,2,6,3,1,4,1,1,2,2,4,4,4,4,2,7,2,3,2,3,5,2,3,2,3,3,4,3,5,2,5,5,5,7,4,3,2,4,4,3,4,3,3,3,4,4,5,3,5,5,4,5,2,5,4,4,4,2,2,3,2
R_2xW6a0elJKflqRb,4,5,6,5,3,6,3,3,3,3,4,3,6,7,7,6,6,6,7,7,7,7,7,7,7,7,7,7,7,7,7,7,7,7,7,7,6,5,7,7,7,5,7,6,6,7,7,6,7,7,7,7,7,7,2,2,3,3,3,2,3,3,3,3,3,4,4,4,3,4,4,4,6,6,2,2,6,5,3,5,5,5,4,5,1,3,1,1,1,1,5,6,1,2,4,7,1,5,3,1,1,2,1,2,1,1,1,1,1,1,1,1,1,1,1,1,1,1,1,1,1,1,1,1,1,1,2,2,4,4,4,2,4,2,4,4,4,3,4,4,4,4,4,4,2,2,2,2,2,2,2,2,2,2,2,2,2,2,2,2,2,2,1,4,4,4,4,2,3,3,3
R_2jMRUE5cHsJT3B7,2,1,1,6,1,4,1,1,1,1,4,1,7,3,7,7,7,7,7,7,7,7,7,7,7,7,7,7,7,7,7,7,7,7,7,7,5,5,7,7,6,7,7,5,7,7,7,7,6,7,5,7,7,6,1,1,1,1,1,1,1,1,1,1,1,1,1,1,1,1,1,1,6,6,4,2,6,7,6,6,6,6,1,6,1,5,1,1,3,1,6,6,2,1,5,7,5,6,5,3,1,7,1,5,1,5,2,7,1,1,1,1,1,1,1,1,1,1,1,1,1,1,1,1,1,1,1,1,1,1,1,1,1,1,1,1,1,1,1,1,1,1,1,1,1,1,1,1,1,1,1,1,1,1,1,1,1,1,1,1,1,1,1,2,2,2,5,2,2,2,1
R_2EKbkLlcA5xFOH7,5,7,7,5,6,6,5,6,5,5,5,6,6,6,6,6,7,6,6,6,6,6,6,6,6,6,6,6,6,6,6,6,6,6,6,6,6,6,6,6,6,6,6,6,6,6,6,6,6,6,6,6,6,6,2,2,2,2,2,2,2,2,2,2,2,2,2,2,2,2,2,2,5,4,4,4,4,5,5,5,5,5,5,5,2,2,4,2,2,2,4,4,4,4,4,4,4,4,4,4,4,4,4,4,4,4,4,4,2,2,2,2,2,2,2,2,2,2,2,2,2,2,2,2,2,2,4,4,4,4,4,4,4,4,4,4,4,4,4,4,4,4,4,4,5,5,5,5,5,5,5,5,5,5,5,5,5,5,5,5,5,5,5,5,4,1,5,2,1,2,1
R_8ImjCRjmmRHO91E,6,6,6,6,6,6,6,6,6,6,6,6,6,6,6,6,6,6,7,7,7,7,7,7,7,7,7,7,7,7,7,7,7,7,7,7,4,4,4,4,4,4,4,4,4,4,4,4,4,4,4,4,4,4,1,1,1,1,1,1,1,1,1,1,1,1,1,1,1,1,1,1,2,2,6,2,2,2,2,5,6,6,3,2,6,2,2,2,2,2,4,4,4,4,4,4,2,4,6,4,4,4,5,4,4,6,4,4,5,4,4,5,4,5,5,4,4,4,4,4,4,4,4,4,4,5,4,4,4,4,4,4,4,4,4,4,4,4,4,4,4,4,4,4,4,4,4,4,4,4,4,4,4,4,4,4,4,4,4,4,4,4,7,6,7,7,7,7,7,7,7
R_25ErXVzpVPciZRT,4,3,5,6,6,5,6,3,6,6,6,4,5,6,5,6,6,6,3,3,5,6,6,6,6,4,6,6,6,6,6,6,6,6,6,5,5,3,6,6,3,3,5,4,4,6,6,4,7,5,6,7,7,5,3,3,3,3,2,3,3,3,4,3,3,3,3,4,3,3,3,3,6,6,5,4,5,4,5,5,5,5,5,5,6,6,6,6,5,5,5,6,3,4,5,6,3,3,2,2,4,4,5,2,5,4,2,5,5,5,5,5,6,6,5,5,5,5,2,4,3,3,3,3,4,3,3,2,4,3,4,4,4,3,3,4,3,3,2,4,2,2,3,3,3,2,5,5,4,3,3,3,3,4,3,3,2,3,2,3,4,3,3,6,4,5,6,3,2,2,1
R_2PgjRIGyDzeLRRv,3,2,6,2,7,2,2,2,2,2,3,2,7,7,7,7,7,7,4,7,5,6,6,6,6,4,7,6,7,6,6,6,4,7,7,5,4,4,6,4,4,4,4,3,4,4,4,4,6,7,6,7,7,7,3,3,3,2,3,3,3,3,3,2,3,2,3,2,3,3,3,3,3,4,4,4,4,4,4,4,4,4,4,4,4,4,4,4,4,4,4,6,6,2,5,7,6,3,3,5,5,5,1,5,4,5,6,6,1,1,1,1,1,1,1,1,1,1,1,1,1,1,1,1,1,1,2,2,2,2,2,2,2,2,2,2,2,2,2,2,2,2,2,2,4,4,4,4,4,4,4,4,4,4,4,4,4,4,4,4,4,4,3,4,4,3,5,4,3,5,4
R_2OMLCvlF0Ni8Sc6,7,6,7,6,7,4,6,6,5,6,6,7,6,6,6,6,6,7,5,5,4,4,5,4,5,6,6,5,5,4,5,5,6,5,3,5,6,4,6,5,6,4,6,5,7,5,7,6,6,6,6,5,5,6,2,1,2,2,1,2,1,2,2,2,1,2,2,1,3,1,2,2,6,6,4,5,3,4,5,6,6,4,7,3,2,6,2,2,7,2,3,6,5,2,3,6,3,5,5,3,6,4,4,3,6,2,7,4,2,5,5,6,5,3,3,4,4,3,6,4,4,4,3,3,7,3,5,4,5,6,5,4,3,4,3,3,7,4,4,5,5,4,7,3,4,6,5,6,5,4,3,3,2,3,6,4,4,4,4,5,6,3,5,4,5,1,6,3,3,2,3
R_2fgbgcKeWy9YYuI,4,4,3,6,3,5,5,5,6,4,5,5,5,7,6,5,4,6,5,4,6,2,1,2,5,5,5,3,3,6,5,5,4,4,4,3,6,6,6,5,5,6,5,5,6,5,6,5,5,6,6,6,6,6,4,4,4,3,3,5,5,5,6,5,6,6,6,5,5,5,6,4,4,5,4,5,6,4,6,4,4,6,3,4,2,2,2,2,2,2,4,6,3,5,1,5,4,6,5,4,6,3,5,7,6,6,7,7,5,2,5,5,5,2,2,2,3,3,3,3,4,2,2,4,3,5,1,4,2,5,5,1,2,1,2,2,1,2,2,1,3,3,2,1,2,2,4,3,5,2,2,4,2,2,2,2,3,4,4,4,4,4,2,3,3,2,3,4,5,3,3
R_2nNIYpNPzVOzY0f,3,4,4,3,4,4,4,4,5,5,4,5,3,3,3,4,3,3,5,6,6,6,5,6,6,6,6,6,6,6,5,6,4,4,6,5,6,5,5,6,6,4,6,5,5,6,6,5,5,6,6,6,6,6,2,2,2,2,2,2,2,2,2,2,2,2,2,2,2,2,2,2,5,6,6,5,4,6,6,5,5,5,5,6,5,4,4,4,4,5,5,4,5,5,5,6,5,5,5,5,5,6,5,6,5,5,5,5,3,3,2,3,2,3,2,2,2,2,2,3,3,3,3,3,2,3,3,5,4,4,4,5,4,3,3,3,3,5,5,4,4,4,4,4,3,3,3,3,3,3,3,3,3,3,3,3,3,4,4,4,3,4,4,4,4,5,5,4,3,5,5
R_8NsP2gTPrVYQqVr,1,1,3,1,1,1,1,1,1,1,1,1,7,7,7,7,7,7,7,7,7,7,7,7,7,7,7,7,7,7,7,7,7,7,7,7,2,4,2,5,2,5,1,2,1,3,2,1,5,6,5,7,7,7,3,4,3,3,3,2,2,2,1,2,3,1,6,6,7,7,6,7,5,4,4,3,5,5,5,6,5,5,5,5,2,3,3,2,1,3,5,4,2,5,4,7,4,5,3,5,2,3,4,4,3,4,2,3,2,2,2,2,2,2,2,2,2,2,2,2,2,2,2,2,2,2,3,3,2,3,3,2,2,2,2,2,2,3,2,2,3,2,2,4,2,2,2,3,2,2,2,2,2,3,2,2,2,2,2,2,2,2,2,3,3,4,6,4,5,6,4
R_8i41mt8MZ2dNyU9,3,5,5,5,5,3,4,4,3,3,6,2,7,7,7,7,7,7,7,7,7,7,7,7,7,7,7,7,7,7,7,7,7,7,7,7,4,5,5,5,4,4,4,4,4,4,7,4,7,7,7,7,7,7,3,4,4,5,4,3,4,4,3,5,5,3,5,3,4,4,5,3,4,4,4,2,4,4,4,4,4,4,3,5,1,2,1,1,2,1,3,3,3,3,3,5,3,3,3,3,3,3,3,3,3,3,3,3,2,4,2,4,2,2,1,1,1,1,1,1,4,2,4,4,3,4,4,2,2,2,3,4,2,2,2,2,2,4,2,2,2,2,2,2,3,3,3,3,3,3,3,3,4,3,3,3,3,3,3,3,3,3,2,3,2,3,4,3,3,2,2
R_2xxG5RFYl1xtw8s,1,4,6,5,5,4,4,5,4,4,6,4,6,5,6,6,6,7,5,5,6,5,5,5,6,6,6,6,7,7,6,6,7,7,6,7,3,7,6,7,5,5,5,4,4,5,7,4,7,5,7,7,7,7,2,3,2,3,2,2,2,2,2,2,4,2,4,4,5,5,4,5,7,4,2,2,6,5,5,5,5,5,1,5,1,2,1,1,2,1,6,3,4,2,5,5,4,4,3,2,2,4,4,5,2,2,1,5,1,3,1,2,2,2,3,1,3,3,2,3,6,6,6,6,3,7,3,2,1,3,3,3,3,3,3,3,1,1,1,3,1,1,2,1,4,4,4,3,4,4,3,4,3,3,2,4,2,2,2,2,2,2,5,4,5,3,2,1,2,1,1
R_8UX22gbKiz0k6oF,1,7,1,1,1,1,1,1,1,1,7,7,7,7,7,7,7,7,7,7,7,7,7,7,7,7,7,7,7,7,7,7,7,7,7,7,7,7,1,4,7,1,1,1,1,1,7,1,7,4,7,7,4,7,1,1,1,1,1,1,1,1,1,1,1,1,1,1,1,1,1,1,1,7,4,3,7,7,7,1,7,1,4,2,1,7,1,1,1,1,7,7,7,7,7,7,7,7,7,7,7,7,7,7,7,7,7,7,4,5,4,7,1,4,1,1,1,1,4,4,7,4,7,7,7,7,4,4,1,4,3,4,1,1,1,1,4,6,7,7,7,7,7,7,1,1,4,1,2,1,2,2,2,2,1,5,1,4,2,4,1,2,1,3,5,5,7,1,1,4,1
R_2fJy9c0lq54cX7E,3,6,7,4,6,4,3,3,3,6,3,2,4,6,6,7,3,6,6,5,6,6,6,6,6,7,5,6,5,6,6,6,6,6,6,5,4,6,5,5,5,4,6,5,6,5,6,4,6,4,6,5,4,5,1,1,1,1,1,1,1,2,2,2,2,1,2,1,1,2,2,1,7,7,3,4,7,1,7,7,7,1,7,7,4,2,2,4,2,6,2,5,3,3,2,5,3,2,3,2,3,6,3,3,1,6,2,2,5,6,3,5,6,6,2,4,5,2,2,6,3,2,5,4,4,7,6,5,2,6,6,6,3,5,2,1,2,6,2,4,3,2,2,5,5,2,4,5,5,6,3,2,3,2,3,6,2,3,3,2,2,7,4,5,5,1,7,2,3,1,2
R_2hFQ4DEkkCyKXi0,1,3,1,2,3,3,1,1,1,1,2,1,5,1,3,2,3,7,6,7,6,7,7,6,6,6,7,6,5,5,6,6,5,7,5,6,4,5,2,6,3,2,2,1,2,2,4,4,3,3,4,3,5,6,2,2,4,3,5,3,2,2,2,3,4,2,4,2,4,5,3,5,6,5,6,3,6,5,6,7,7,7,5,6,1,6,3,2,2,2,5,3,2,2,3,6,4,6,5,4,3,5,2,5,4,2,1,4,1,1,1,1,1,1,1,1,1,1,1,2,1,1,1,1,1,1,1,2,1,2,4,2,2,4,2,2,2,2,1,3,2,2,1,1,2,2,1,1,1,2,2,2,2,2,1,1,1,2,1,1,2,1,2,2,2,4,5,4,1,5,3
R_8n2b6odzvjw5suL,3,3,6,4,5,4,3,1,4,4,5,4,5,5,5,6,5,6,6,6,5,6,6,6,6,6,6,6,6,6,6,6,6,6,6,4,3,4,5,5,5,3,4,4,5,6,5,4,5,4,5,5,5,5,4,5,5,5,5,4,6,5,4,5,6,4,5,4,5,6,3,3,6,4,3,4,4,5,5,5,5,5,4,5,3,5,3,2,2,1,3,5,4,5,5,6,3,3,3,4,4,3,6,4,5,6,3,6,2,3,3,3,3,3,3,3,2,3,3,3,3,3,2,3,3,2,5,4,3,5,4,4,3,4,3,3,4,4,3,4,3,3,4,5,4,3,3,4,4,5,2,2,2,2,3,2,3,3,3,3,3,5,2,4,5,5,5,2,3,4,2
R_2pumx72D9a0fo21,1,1,4,1,5,5,1,1,1,1,5,1,7,4,7,7,7,7,7,5,5,7,4,5,5,6,6,5,4,4,6,7,5,7,7,7,5,6,7,6,6,4,6,5,4,6,6,7,7,7,7,7,7,4,1,1,1,1,1,1,1,1,1,2,1,1,1,1,1,1,1,1,7,7,4,7,7,7,7,7,7,6,7,7,5,5,4,4,5,1,4,1,1,5,2,7,3,6,2,3,1,1,2,1,2,1,1,1,6,7,6,6,6,6,3,6,2,6,3,2,5,4,5,5,7,7,3,4,2,5,4,4,3,2,2,5,2,2,2,2,2,4,6,5,3,5,5,4,4,5,3,6,3,3,4,5,5,5,3,5,5,6,7,7,7,1,1,1,2,1,1
R_8cRLBBMInlGjkHj,6,3,4,6,5,7,7,6,7,7,7,6,7,5,7,5,5,6,7,7,3,7,6,4,7,6,6,6,7,7,7,7,7,6,6,6,2,2,2,2,2,2,3,2,1,1,2,2,3,2,2,2,2,1,1,1,1,1,1,1,1,1,1,1,1,1,1,1,1,1,1,1,6,3,5,4,7,6,7,6,7,3,5,4,7,5,4,5,4,6,4,3,2,2,3,2,2,2,3,2,1,2,3,2,2,2,2,3,3,5,4,3,4,3,4,4,4,4,4,4,4,4,4,4,4,4,4,4,4,4,4,4,3,3,4,4,5,5,4,4,4,4,3,4,3,4,3,3,4,3,3,3,3,3,4,3,3,3,3,3,3,4,6,6,6,6,5,6,5,6,5
R_2G8KYsayjiNWPSs,2,5,3,3,3,3,3,3,2,2,3,2,7,7,7,7,6,7,5,6,3,3,3,6,4,6,5,4,5,5,6,3,5,5,5,3,3,4,5,6,6,3,5,4,5,4,7,5,7,4,7,7,7,6,1,1,2,3,3,2,2,2,3,3,4,2,2,2,3,4,5,4,7,5,4,5,5,4,6,5,6,7,3,7,2,7,2,2,1,2,7,3,3,5,1,7,3,7,3,5,1,3,1,7,1,3,1,5,6,4,5,5,6,7,2,2,2,2,1,2,1,4,3,3,5,6,5,1,2,5,5,5,2,1,3,2,2,5,3,3,2,4,2,6,1,3,4,5,5,2,2,4,3,3,4,4,2,2,2,3,1,5,2,3,4,4,6,3,2,1,4
R_2a65XSPR9anA4E1,5,5,3,6,3,3,5,3,5,5,5,6,3,5,6,5,2,6,5,5,3,4,3,4,3,5,5,3,3,3,3,6,2,3,3,5,3,5,4,5,4,5,5,4,5,5,3,4,4,6,2,5,6,3,4,2,4,3,3,2,3,4,4,5,5,3,4,4,2,3,2,4,2,4,4,2,2,2,6,4,4,3,2,2,4,5,2,2,3,2,4,3,4,3,5,6,5,2,3,4,4,2,5,2,5,5,3,5,4,2,5,4,4,5,3,3,3,2,2,4,3,3,2,5,2,3,4,5,3,4,4,6,5,6,2,5,4,5,6,3,5,5,6,6,6,4,3,5,5,3,4,3,5,5,5,4,4,5,5,5,3,3,4,5,3,5,5,2,3,1,3
R_8j1BZSVGULS1c5f,5,5,6,6,6,4,4,4,5,4,6,6,5,5,5,6,6,7,4,3,5,5,7,4,5,5,4,5,5,5,5,5,3,5,6,3,3,3,4,5,5,3,4,6,5,3,5,3,6,5,5,6,5,6,2,2,2,2,2,1,3,3,3,5,4,2,4,3,5,4,4,2,5,3,2,3,2,2,4,4,4,4,3,4,3,3,2,2,3,1,5,5,5,6,3,6,3,5,5,3,4,6,3,2,4,5,2,6,5,6,5,5,6,6,2,3,4,2,4,3,3,2,3,4,2,6,5,6,4,5,4,6,4,4,2,3,3,4,2,4,3,2,3,6,5,5,5,5,5,6,2,3,2,2,3,5,3,2,3,3,3,6,3,5,4,4,5,2,3,2,2
R_2hAWZspaZQ0zCrj,2,2,2,3,6,2,2,2,2,2,1,2,7,3,6,5,6,7,6,7,6,5,6,3,7,7,7,7,7,6,6,7,7,7,7,6,4,4,5,4,4,2,4,4,4,5,4,3,4,4,5,4,4,3,1,1,1,1,1,1,1,1,1,1,1,1,1,1,1,1,1,1,6,6,6,6,5,6,6,6,6,6,6,6,6,6,5,6,6,3,4,4,4,4,4,7,4,4,4,4,6,6,2,4,4,4,4,4,2,2,2,3,6,7,2,2,2,2,2,6,2,2,2,2,2,5,2,3,2,2,6,7,2,2,2,2,4,6,2,2,2,2,3,5,4,2,2,2,5,4,2,2,2,2,2,2,2,2,2,2,2,2,1,2,3,4,6,3,3,4,2
R_2CfY0vFEngIIIHe,2,2,5,4,2,2,2,2,3,3,2,2,5,2,6,4,5,5,6,6,6,6,6,6,6,6,6,6,6,6,6,6,6,6,6,6,7,7,7,7,7,7,7,7,7,7,7,7,7,7,7,7,7,7,1,1,1,1,1,1,1,1,1,1,1,1,1,1,1,1,1,1,5,5,5,5,5,5,5,5,5,5,4,6,5,5,5,5,2,2,5,5,4,5,4,5,4,5,5,5,4,5,5,5,5,5,5,5,1,1,1,1,1,1,1,1,1,1,1,1,1,1,1,1,1,1,2,2,2,2,3,2,2,2,2,2,2,2,2,2,2,2,2,2,2,2,2,2,2,2,2,2,2,2,2,2,2,2,2,2,2,2,4,5,4,5,5,3,3,3,4
R_8znCdHAEBbW1mAz,4,6,4,4,5,7,1,3,5,3,6,5,6,5,6,6,5,5,4,4,4,4,4,5,3,4,3,3,6,5,5,1,6,6,4,5,2,6,5,3,3,3,3,5,6,3,5,6,7,4,6,7,3,7,2,3,2,3,3,2,3,2,2,3,3,2,3,3,3,2,2,3,3,5,4,3,4,4,4,3,4,4,4,3,4,3,3,3,4,3,3,2,3,3,5,5,3,3,3,3,3,5,3,5,5,3,3,5,2,2,2,3,2,3,2,2,3,2,3,2,3,2,2,2,2,2,6,2,2,2,2,2,1,4,2,1,2,2,2,1,1,2,2,2,1,2,2,2,2,1,2,2,2,2,1,1,1,1,1,2,2,1,3,3,4,3,4,4,4,4,3
R_2s2CchnY6O5D30J,4,4,4,5,6,6,3,3,4,3,4,3,6,4,6,6,6,7,7,6,6,6,6,6,6,7,7,7,7,7,6,7,6,7,6,6,3,4,6,6,4,4,7,7,6,6,7,5,6,7,6,7,7,5,2,2,2,2,2,2,2,2,2,2,2,2,2,2,2,2,2,2,4,6,4,6,4,7,5,6,5,6,5,6,2,4,2,2,3,1,6,5,4,4,4,6,4,3,5,4,2,6,4,4,4,3,4,3,4,4,4,3,4,3,3,3,2,3,3,3,5,4,4,3,2,5,4,3,4,3,4,2,3,2,2,2,3,3,4,2,4,2,2,5,4,4,4,4,4,4,4,4,4,4,4,4,4,4,4,4,4,4,2,2,2,2,4,2,3,2,5
R_8Fh4taBNLrqRfah,3,3,3,4,5,5,3,4,3,3,4,2,5,4,5,6,5,6,6,6,6,6,6,6,5,5,6,6,6,6,6,6,6,6,6,5,6,5,6,6,5,4,6,6,6,6,6,4,6,6,6,6,6,5,4,4,4,4,4,4,4,4,4,4,4,4,4,4,4,4,4,4,6,6,6,6,6,5,6,6,6,6,6,6,4,5,4,4,4,4,3,3,3,3,3,3,3,3,3,3,3,3,3,3,3,3,3,3,2,2,2,2,2,2,2,2,2,2,2,2,2,2,2,2,2,2,2,2,2,2,2,2,2,2,2,2,2,2,2,2,2,2,2,2,4,4,4,4,4,4,4,4,4,4,4,4,4,4,4,4,4,4,3,3,3,3,5,2,4,2,2
R_2Zevk3DmvLxyPIZ,6,5,4,6,5,4,6,5,4,5,6,6,7,7,7,7,7,7,6,7,6,6,5,7,6,6,7,6,6,6,6,6,6,6,6,6,7,7,7,7,7,6,7,7,7,7,7,7,7,7,7,7,7,7,3,3,3,3,3,3,3,3,3,4,3,3,3,3,3,3,4,3,6,2,2,3,1,4,7,6,5,6,6,4,1,1,1,1,2,1,6,1,1,1,1,6,2,1,3,1,1,1,1,1,1,1,1,1,1,1,1,1,1,1,1,1,1,1,1,1,1,1,1,1,1,1,1,1,1,1,1,1,1,1,1,1,1,1,1,1,1,1,1,1,1,1,1,1,1,1,1,1,1,1,1,1,1,1,1,1,1,1,1,3,2,3,4,3,4,3,2
R_8Dx0T6RckL9zxAh,1,7,5,4,6,3,1,2,3,2,5,2,5,4,6,6,5,6,7,5,6,4,3,7,5,5,5,5,7,7,6,6,5,5,3,5,1,3,1,4,2,1,2,4,2,3,1,2,4,3,4,3,2,3,1,2,1,2,2,1,3,3,3,1,1,2,3,2,3,3,2,2,7,3,3,5,3,7,6,6,6,6,3,7,2,5,2,2,3,1,3,4,2,4,3,2,2,3,3,2,4,5,5,4,5,5,3,3,1,4,3,3,5,1,3,3,3,2,3,1,4,3,3,4,4,2,1,1,4,3,3,1,2,4,3,3,4,3,2,1,2,1,5,2,1,2,2,3,4,2,2,2,2,3,3,3,2,2,2,2,3,3,6,5,6,3,3,3,2,5,2
R_8hA15XLiIdPHkWM,5,6,5,7,6,2,1,3,2,2,6,5,7,3,7,6,6,7,7,7,6,6,6,5,7,7,7,7,7,7,6,7,6,7,7,7,5,6,6,7,4,6,6,7,7,7,7,6,7,7,7,7,7,7,1,3,2,2,1,1,2,2,1,2,2,2,2,3,2,3,2,2,7,2,3,2,7,5,7,5,7,7,2,6,1,6,1,1,1,1,7,2,1,1,5,7,1,1,1,1,1,6,1,1,1,1,1,4,7,7,6,6,5,5,5,5,6,5,6,6,6,6,6,6,6,6,5,2,1,2,3,1,2,2,2,1,1,2,1,1,1,1,1,3,3,2,2,1,3,3,2,2,1,1,2,3,2,2,2,2,2,2,2,5,5,2,6,2,1,3,1
R_21JuStUXGa3xou5,3,6,4,3,5,2,2,3,2,2,4,1,7,3,7,6,7,7,7,7,7,7,7,7,7,7,7,7,7,7,7,7,7,7,7,7,7,7,7,7,7,7,7,7,7,7,7,7,7,7,7,7,7,7,4,7,3,4,3,2,7,5,4,7,6,3,7,5,6,7,7,7,7,4,7,4,7,5,7,6,7,7,4,7,1,4,1,1,2,1,2,1,5,3,4,6,3,6,5,4,3,7,4,4,6,5,4,7,2,4,2,3,3,3,1,1,3,1,1,1,2,1,4,1,2,2,5,5,6,2,4,1,3,1,1,1,2,1,1,3,4,3,2,5,3,3,5,2,4,2,1,2,2,1,1,3,2,1,4,2,1,4,1,3,2,1,2,1,1,3,1
R_8lnHbz45JyDzjPB,1,4,1,4,1,4,1,1,1,1,7,1,7,7,7,7,7,7,7,7,7,7,7,7,7,7,7,7,7,7,7,7,7,7,7,7,5,5,6,6,6,6,6,6,6,5,7,6,6,7,6,7,6,7,1,1,1,1,1,1,1,1,1,1,1,1,1,1,1,1,1,1,1,1,1,1,1,1,1,1,1,1,1,1,1,1,1,1,1,1,6,4,1,1,1,7,6,6,6,6,1,4,1,6,1,1,1,4,4,3,3,1,1,3,3,4,1,3,1,4,4,4,4,4,7,7,3,3,3,3,3,3,3,3,3,3,3,3,6,3,6,6,6,3,4,4,4,4,4,4,4,4,4,4,4,4,4,4,4,4,4,4,3,3,5,5,6,2,1,2,2
R_8h9MBx7FeMsbITo,4,7,7,7,7,7,4,4,4,4,7,4,7,7,7,7,7,7,7,7,7,7,7,7,7,7,7,7,7,7,7,7,7,7,7,7,7,7,7,7,7,4,7,7,7,7,7,4,7,7,7,7,7,7,1,1,1,1,1,1,1,1,1,1,1,1,1,1,1,1,1,1,7,2,5,1,1,7,6,6,6,6,1,7,1,4,1,1,1,1,7,1,1,1,1,7,1,1,5,1,1,7,1,1,1,1,1,1,1,1,1,1,1,4,1,1,1,1,1,1,1,1,1,1,1,1,1,1,1,1,1,1,1,1,1,1,1,1,1,1,1,1,1,1,1,1,4,2,2,4,1,1,1,1,2,5,1,1,1,1,1,1,4,6,6,6,6,1,6,5,5
R_2CDu24Kvw5OhF62,4,5,4,5,5,4,4,3,4,4,4,3,5,3,3,5,5,5,3,3,3,3,3,3,4,4,4,4,4,4,3,4,4,4,4,3,4,7,4,7,7,4,4,4,4,7,4,4,7,4,7,7,7,7,2,2,2,2,2,2,3,2,2,2,3,2,3,2,2,3,3,2,4,4,4,4,4,4,4,4,4,4,4,4,4,4,4,4,4,4,5,5,5,4,3,6,4,5,5,5,3,4,3,5,4,3,3,3,3,3,4,3,3,3,4,4,4,4,4,4,4,4,3,4,4,3,4,1,1,4,4,1,4,3,1,4,1,3,4,3,4,4,4,4,4,5,4,4,5,4,4,4,4,4,4,4,4,4,4,4,4,5,4,5,5,4,5,4,4,3,3
R_802zKN9CCEOFYQC,1,2,1,1,1,1,1,1,2,2,2,1,2,1,1,2,1,1,5,6,5,4,5,4,5,4,5,6,6,6,4,4,4,4,4,4,2,2,2,2,2,2,2,2,2,2,2,2,2,2,2,2,2,2,1,1,1,1,1,1,1,1,1,1,1,1,1,1,1,1,1,1,6,6,6,6,6,6,6,6,6,6,6,6,6,6,6,6,6,6,5,5,5,5,5,5,5,5,5,5,5,5,5,5,5,5,5,5,1,1,1,1,1,1,1,1,1,1,1,1,1,1,1,1,1,1,1,1,1,1,1,1,1,1,1,1,1,1,1,1,1,1,1,1,4,4,4,4,4,4,4,4,4,4,4,4,4,4,4,4,4,4,5,5,6,7,7,5,6,5,5
R_2mh4PqbAM1IBDXZ,5,5,5,5,6,5,4,3,5,3,4,3,4,4,5,5,6,6,6,5,6,5,5,6,7,6,7,7,7,7,4,4,4,4,4,4,6,6,6,6,5,6,7,7,7,7,7,6,7,7,6,7,7,4,1,1,1,1,1,1,1,1,1,1,1,1,1,1,1,1,1,1,3,3,4,3,3,3,5,5,5,5,5,5,3,3,3,3,3,3,1,2,1,2,1,5,2,2,3,3,2,3,2,2,2,2,2,6,5,5,4,5,5,5,3,3,3,3,3,3,5,5,5,5,5,6,4,5,1,5,5,4,3,1,1,1,1,3,1,1,1,1,3,7,5,5,5,4,5,4,2,3,2,3,1,2,3,3,3,3,5,6,3,4,3,3,2,6,5,4,4
R_2iX8P6csUAyu8WW,7,7,7,7,5,4,7,5,5,6,7,7,6,7,4,7,7,5,6,7,6,6,7,7,7,7,7,7,6,6,5,5,6,6,3,4,6,6,7,7,7,3,6,6,6,6,4,5,6,6,5,7,7,4,4,4,1,4,2,2,3,3,3,2,2,2,3,2,2,4,2,1,2,2,2,4,7,4,5,4,7,4,6,6,4,7,3,6,7,5,3,4,6,4,6,6,5,6,6,3,7,6,4,5,5,4,5,6,1,1,2,3,4,3,2,1,3,1,4,1,4,4,4,4,4,5,2,2,2,4,5,2,3,2,2,2,6,6,6,6,5,5,6,6,2,2,2,3,4,2,2,2,2,2,5,3,3,2,3,3,5,5,4,4,4,3,6,2,2,6,4
R_2CezZjUMDr75O5C,6,2,6,5,3,2,6,6,4,5,5,5,6,6,4,5,2,3,4,4,4,3,3,5,4,2,5,6,3,4,5,3,6,2,5,3,3,4,5,4,5,5,4,5,5,5,5,4,4,5,4,4,4,4,4,3,3,5,5,5,4,4,4,3,4,4,4,4,5,5,5,4,3,3,5,3,5,5,4,4,6,4,4,4,3,2,5,4,5,5,4,5,5,5,3,3,5,5,3,5,4,5,4,4,4,4,5,5,5,4,5,4,5,4,6,6,5,4,5,4,6,4,7,4,4,7,4,4,3,4,5,3,4,4,4,4,3,4,4,3,4,4,4,4,4,3,2,2,4,3,3,4,3,3,4,4,3,3,5,3,3,4,5,4,4,5,5,6,6,6,5
R_2ptevTiTLoJ5Fk5,6,6,5,5,5,1,2,2,2,5,3,2,7,5,7,6,7,7,6,5,3,5,3,5,4,6,6,4,6,5,5,5,6,6,5,5,6,6,7,7,6,6,6,7,7,6,6,7,7,7,7,7,7,6,4,4,3,3,3,4,3,3,4,3,3,4,5,4,4,4,3,4,7,6,6,5,6,7,5,6,5,7,7,5,2,3,2,2,6,1,2,2,5,3,3,6,4,3,2,5,6,6,2,5,2,3,4,5,4,2,3,2,6,7,4,4,5,5,6,7,6,5,5,4,5,6,2,2,2,2,4,2,2,2,3,3,2,3,1,1,1,3,3,2,3,3,3,3,3,3,3,3,3,2,2,2,2,3,2,2,2,3,2,4,2,4,6,2,2,2,1
R_8OOBarsJuHhoH7I,2,2,1,1,1,5,2,2,2,2,2,2,6,2,6,2,6,6,7,7,7,7,7,7,7,7,7,7,7,7,7,7,7,7,7,7,5,5,5,5,5,6,6,5,5,5,6,5,6,6,5,5,6,5,1,2,2,3,4,2,3,2,2,2,2,2,2,2,2,2,2,4,7,7,7,7,7,7,7,7,7,7,7,7,2,2,2,2,7,2,4,2,3,3,4,3,3,3,3,2,3,4,3,2,3,3,3,3,6,4,2,2,2,3,4,4,5,2,4,5,6,3,5,2,2,2,5,5,5,4,5,3,5,2,3,3,4,5,4,3,5,2,5,5,2,2,2,2,2,2,2,2,2,2,2,2,2,2,2,2,2,2,1,5,5,3,4,3,1,2,2
R_2wp9fS8j02LFrKp,6,5,5,6,6,2,2,3,5,3,5,3,7,6,6,6,7,7,7,6,7,6,7,7,7,7,7,7,7,7,7,7,7,7,7,7,5,5,6,3,5,4,6,4,6,7,5,6,5,6,6,7,6,6,5,5,5,4,5,3,5,6,5,5,4,5,5,5,5,5,5,4,3,3,6,5,4,5,6,5,6,7,6,6,2,3,6,6,2,2,5,4,3,4,3,5,4,4,4,3,4,5,5,4,4,4,3,5,2,1,2,2,2,2,1,2,2,1,1,2,2,2,2,1,3,2,4,4,3,5,4,4,3,3,3,4,3,3,3,4,4,4,3,4,3,2,2,3,3,3,2,2,2,2,2,3,2,2,2,2,2,3,1,5,4,3,3,4,5,4,3
R_8hlnkIsSBdnktaW,2,4,4,4,4,3,4,3,4,4,5,4,3,4,4,4,4,5,5,5,5,5,2,4,4,4,2,3,5,4,4,5,3,4,3,4,5,3,4,5,4,4,4,4,5,4,5,4,4,4,4,4,5,5,3,5,4,5,3,5,4,4,4,4,4,4,4,4,3,5,4,4,4,4,4,4,5,4,6,4,3,4,4,4,3,5,4,3,4,3,4,4,2,4,4,5,5,5,5,4,3,4,6,5,3,3,2,4,3,5,2,3,3,3,5,3,4,4,4,3,5,2,4,6,4,2,4,3,2,4,3,4,4,3,3,3,5,4,4,4,2,5,3,2,3,3,4,4,4,5,5,5,3,3,5,4,4,4,4,3,4,4,5,5,4,4,4,5,4,4,4
R_8dzpFvbiFxJQkw9,4,6,3,4,7,3,3,4,2,3,3,2,7,7,7,7,7,7,4,6,5,4,5,3,6,7,6,6,7,6,5,6,5,6,6,5,5,6,6,6,7,4,5,5,5,4,4,5,7,7,7,7,6,7,3,3,3,3,5,3,3,3,3,3,5,2,5,5,6,6,4,6,5,4,7,3,2,5,6,6,7,7,6,6,1,4,2,1,2,1,5,5,5,5,2,7,6,4,6,6,6,6,5,3,3,6,5,3,4,3,2,2,4,4,2,2,2,2,3,2,2,2,3,3,2,3,2,3,2,2,4,3,3,2,3,2,4,2,4,3,4,4,4,4,2,3,2,4,4,5,3,1,2,2,2,3,4,3,4,3,4,3,2,3,2,5,5,5,6,6,3
R_2CkfyY1ZmzABrnL,1,6,3,2,3,6,1,1,1,2,6,2,6,2,6,6,6,7,5,6,4,5,6,6,6,6,6,6,6,4,4,6,4,6,6,4,2,2,5,6,2,2,7,6,6,3,3,5,6,3,5,6,6,2,2,2,2,3,2,2,2,3,2,3,2,3,2,2,2,2,3,2,7,7,2,6,2,6,7,7,6,7,1,7,6,7,5,6,7,5,7,6,6,2,3,7,2,3,2,2,5,6,2,6,3,3,1,1,2,2,2,2,3,2,2,2,2,2,2,2,2,2,3,2,3,5,1,2,2,2,1,1,1,1,1,1,1,1,2,3,3,2,2,6,2,2,2,2,3,2,2,2,2,2,2,2,5,3,5,2,3,5,2,2,2,3,5,3,6,5,5
R_8QEzhgzcUIH2XRj,7,7,7,6,7,7,5,4,3,5,5,2,6,6,4,7,7,7,6,5,5,5,6,6,6,6,7,5,7,6,6,5,6,6,5,4,7,7,6,7,6,6,7,7,7,7,7,6,7,7,7,7,7,7,3,3,2,1,2,2,3,3,3,3,3,2,2,2,2,3,3,2,5,3,2,1,1,6,4,5,3,5,3,4,1,5,1,3,1,1,1,1,2,1,1,3,2,1,2,2,2,2,3,1,2,4,2,1,1,1,1,1,1,1,1,1,1,1,1,1,1,1,1,1,1,1,5,5,2,7,7,3,4,4,3,4,2,4,3,4,3,4,5,7,4,2,3,5,5,4,4,4,4,3,2,5,4,5,3,3,4,6,5,5,7,5,5,2,3,4,4
R_2mmYZnbT7TGaeZe,3,5,2,7,7,6,1,5,1,2,6,1,7,7,7,7,7,7,3,7,4,6,7,5,3,7,7,7,6,5,7,3,6,7,4,6,5,7,7,6,7,3,7,4,6,4,7,1,6,5,7,7,7,6,4,4,3,3,2,2,4,5,5,4,4,1,3,3,2,4,3,2,7,4,2,4,5,5,7,6,6,7,6,7,3,4,1,3,3,1,5,4,3,2,4,7,4,3,3,3,3,7,1,3,4,4,2,5,4,1,1,1,2,5,1,1,1,1,1,1,1,1,1,2,4,6,6,2,4,5,3,2,3,5,4,2,5,7,6,6,6,5,6,6,2,3,3,3,4,4,4,2,3,3,1,6,1,1,1,1,2,1,2,3,2,3,3,2,6,2,1
R_2RpRTzMD2j5BpQ0,2,6,2,5,4,5,2,2,1,2,3,1,5,1,5,5,7,7,7,6,7,6,7,7,7,7,7,7,7,7,7,7,7,7,7,7,3,5,6,6,3,2,5,3,3,5,7,5,6,2,7,7,7,6,1,1,2,1,1,1,3,2,2,2,2,3,2,2,3,3,2,2,7,6,6,3,3,4,7,7,7,7,7,7,1,5,1,4,1,1,6,3,4,3,3,4,3,3,4,3,5,3,4,7,4,6,1,6,6,6,4,6,4,6,2,3,2,3,3,3,5,2,4,5,6,7,6,6,2,5,4,7,1,1,1,1,2,2,2,2,3,2,5,4,5,5,3,5,2,5,2,2,2,2,3,2,3,4,4,2,5,5,2,5,7,2,7,1,3,1,1
R_8gZ75tle9rpgjnU,3,3,3,3,3,3,3,3,3,3,3,3,3,3,3,3,3,5,6,6,6,6,6,6,6,6,6,6,6,6,6,6,6,6,6,6,6,6,6,6,6,6,6,6,6,6,6,6,6,6,6,6,6,6,3,3,3,3,3,3,3,3,3,3,3,3,3,3,3,3,3,3,6,6,6,6,6,6,6,6,6,6,6,6,6,6,6,6,6,6,4,4,4,4,4,4,4,4,4,4,4,4,4,4,4,4,4,4,6,6,5,6,5,6,5,5,6,5,5,6,5,5,5,5,6,3,2,2,2,2,2,2,2,2,2,2,2,2,2,2,2,2,2,2,4,4,4,4,4,4,4,4,4,4,4,4,4,4,4,4,4,4,3,5,5,5,5,4,3,4,2
R_83R2yJ15zkUDOIp,2,6,1,5,6,6,2,2,2,1,5,1,4,5,5,5,6,6,6,5,4,6,3,4,3,5,4,4,4,4,3,3,3,3,2,5,3,3,3,3,5,4,4,5,5,5,6,4,5,5,5,6,6,5,1,1,3,2,3,2,4,4,3,3,5,2,3,3,3,3,4,3,4,6,6,4,3,2,5,5,5,5,3,3,3,4,2,4,2,2,6,6,4,4,3,5,4,5,3,3,2,5,2,4,2,2,2,2,3,4,3,4,4,5,2,4,2,2,4,4,2,5,4,6,5,4,4,2,5,5,5,2,3,3,2,2,5,3,5,4,4,5,5,5,4,2,4,5,3,3,2,2,4,4,3,5,3,3,3,5,5,5,5,4,4,4,5,3,5,5,3
R_8tJhslf6vIDIdt7,4,3,6,3,4,1,1,3,2,1,5,3,7,3,7,3,4,7,7,7,7,7,6,7,7,7,7,7,6,6,6,6,6,6,6,5,5,6,7,7,7,5,7,6,6,7,7,7,6,6,6,7,7,6,2,2,2,2,2,1,3,2,3,3,2,2,2,3,2,2,2,1,2,2,2,2,2,5,2,2,2,2,2,2,1,2,1,2,2,1,4,2,1,2,2,3,1,2,2,1,3,2,2,1,2,1,2,4,2,2,2,2,2,2,2,2,2,2,2,2,2,2,6,2,4,6,2,4,3,3,3,2,4,3,4,2,4,4,4,4,4,2,4,4,5,5,5,4,4,4,4,4,4,4,4,4,6,4,6,6,4,6,4,6,6,4,6,5,5,5,5
R_2ilQlD95gd2qH94,4,7,7,7,4,7,4,4,4,4,4,4,7,7,7,7,7,7,7,7,7,7,7,7,7,7,7,7,7,7,7,7,7,7,7,7,7,7,7,7,7,4,7,7,7,7,7,7,7,7,7,7,7,7,3,3,4,3,3,3,3,3,3,3,3,3,3,3,3,3,3,3,7,5,2,1,7,4,7,7,7,7,6,7,1,1,1,1,1,1,4,3,4,4,4,6,4,4,2,4,4,6,4,3,4,5,3,5,1,1,1,1,1,1,1,1,1,1,1,1,1,1,1,1,1,1,1,1,1,1,1,1,1,1,1,1,1,1,1,1,1,1,1,1,2,2,2,2,2,2,2,2,2,2,2,2,2,2,2,2,2,2,1,6,4,5,3,1,1,1,1
R_2OTsHwkM5hhbkD9,2,4,3,4,4,4,2,1,2,1,2,2,6,3,5,6,5,6,7,7,7,7,7,7,7,7,7,7,7,7,7,7,7,7,7,7,6,5,6,5,5,6,5,5,6,5,6,5,6,6,7,6,7,5,1,1,1,1,1,1,1,1,1,1,1,1,1,1,1,1,1,1,5,7,4,6,4,5,5,6,5,6,6,5,5,6,4,5,7,4,4,3,5,5,5,6,4,4,4,4,5,5,5,4,5,5,4,6,4,4,3,4,1,4,1,1,1,1,1,2,4,3,4,4,1,5,2,3,3,3,3,3,3,2,2,3,2,2,3,3,2,2,4,3,2,2,3,3,3,3,2,1,2,2,2,2,2,2,3,3,2,3,4,5,3,1,7,2,1,1,2
R_8PCn3gGxF1xkW2u,5,7,7,7,7,7,7,4,7,6,7,7,7,6,7,7,7,7,7,7,7,7,7,6,7,6,7,7,7,7,7,7,7,7,7,7,7,5,7,7,7,5,7,6,6,7,7,7,7,6,7,7,7,7,3,3,5,4,4,3,5,3,3,5,3,1,5,3,6,5,5,2,2,2,2,4,1,1,5,5,4,5,3,7,1,5,2,1,2,5,4,4,2,5,2,7,5,6,4,5,5,6,5,7,6,3,1,7,5,3,4,2,7,2,4,3,1,1,1,7,3,1,4,3,5,7,3,3,1,3,7,3,2,1,3,2,1,5,1,1,1,1,5,7,2,3,2,1,3,1,1,1,1,2,1,1,1,2,1,3,2,5,3,5,5,5,4,6,4,6,1
R_2n6R9Vvgrpxrje9,3,2,3,2,4,2,1,2,2,1,3,1,5,1,6,7,5,4,4,6,4,2,3,7,6,6,7,7,3,3,5,6,3,5,3,4,2,3,5,3,3,2,6,4,3,5,4,2,5,3,6,3,6,6,3,1,2,2,1,2,1,1,1,2,2,1,1,1,1,1,1,1,7,7,3,6,6,7,7,7,7,7,6,7,5,7,5,5,3,2,7,6,4,3,7,7,3,7,5,5,4,5,7,7,7,4,2,6,6,5,4,4,4,2,3,3,3,2,2,2,2,3,3,3,4,6,1,3,2,4,3,2,1,2,2,1,3,3,4,4,4,4,3,6,4,2,4,4,5,2,2,2,1,2,5,3,4,5,5,5,6,6,2,4,3,6,6,2,2,5,1
R_2d0M8UsE68nEBhM,3,2,7,7,7,2,6,1,5,4,6,7,6,7,6,7,7,7,4,6,3,5,3,4,4,5,5,4,4,5,4,3,4,3,3,3,6,4,4,3,3,2,5,4,4,5,5,5,5,5,3,4,3,4,2,3,2,3,2,2,3,2,2,3,2,2,2,2,2,3,2,2,7,6,5,4,3,3,3,6,6,5,6,6,4,5,3,3,3,2,5,4,5,4,5,5,5,5,5,3,5,3,4,3,3,3,4,3,3,3,5,3,3,3,5,5,5,3,3,5,5,5,4,5,5,5,4,3,6,5,7,5,4,3,5,3,5,4,5,4,5,4,5,6,5,3,5,5,6,3,5,3,4,3,3,4,4,3,5,4,5,5,3,5,4,5,4,4,5,7,4
R_8wfV1Mp4O86bmE1,1,1,7,1,5,3,1,1,1,1,1,1,1,1,7,1,5,6,6,6,6,6,6,6,6,5,4,6,6,6,6,6,6,6,6,4,5,5,5,5,5,5,5,5,5,5,5,5,5,5,5,5,5,5,2,2,2,2,2,2,2,2,2,2,2,2,2,2,2,2,2,2,4,4,1,4,4,4,3,3,4,3,3,4,1,4,1,1,1,1,4,4,4,4,4,4,4,4,4,4,4,4,4,4,4,4,4,4,4,4,4,4,4,4,4,4,4,4,4,4,4,4,4,4,4,4,4,4,4,4,4,4,4,4,4,4,4,4,4,4,4,4,4,4,4,4,4,4,4,4,4,4,4,4,4,4,4,4,4,4,4,4,4,4,5,6,6,6,6,2,1
R_8Jyp0EZjVlUAyTw,5,6,5,5,6,5,5,5,5,5,6,5,6,5,6,6,5,6,6,6,6,6,7,6,6,6,6,6,7,7,6,6,7,6,6,6,5,5,6,6,6,5,6,6,6,6,7,6,6,6,7,7,7,7,4,4,4,5,6,4,4,5,4,5,6,4,4,4,5,6,5,5,6,5,4,3,4,5,5,5,5,5,3,5,5,6,3,3,3,4,5,5,4,3,2,5,4,4,5,3,3,5,2,4,2,2,2,4,3,4,4,4,3,5,4,4,3,4,3,4,3,3,3,3,3,4,3,5,4,4,4,4,4,4,3,4,3,4,2,3,3,3,3,4,2,3,2,3,3,3,3,3,2,2,2,3,3,3,2,3,2,3,2,4,2,4,5,4,5,4,3
R_8mO7niA7iUkwd8J,6,7,7,7,7,7,3,2,3,3,6,2,7,5,4,6,6,7,6,5,3,3,4,3,4,4,6,4,7,7,6,4,3,6,2,2,5,6,7,7,7,6,5,3,4,4,7,3,6,6,7,7,7,7,2,3,2,2,2,2,2,3,3,3,6,2,3,4,4,4,2,3,6,1,1,2,1,1,4,2,1,3,4,5,1,5,1,2,1,1,3,4,4,3,1,4,3,3,4,4,4,3,1,2,2,2,3,3,3,2,1,2,5,3,4,2,2,2,2,2,4,4,3,5,3,5,3,5,2,5,6,6,2,2,1,2,1,6,4,3,5,5,5,7,3,2,4,5,6,6,3,3,5,3,3,4,5,3,4,3,5,6,2,5,3,6,6,4,3,5,2
R_8S0QWjlUVekpOEx,5,6,3,5,5,5,1,1,4,1,4,5,7,6,7,7,7,7,7,5,7,7,7,7,7,7,6,6,6,6,7,7,5,7,5,7,7,6,5,6,3,4,6,7,7,6,6,5,6,7,7,7,5,3,1,1,1,1,1,1,1,1,1,1,1,1,1,1,1,1,1,1,7,4,7,4,7,6,7,7,7,7,6,7,4,7,2,2,3,5,5,7,6,5,7,7,3,5,7,5,3,3,4,4,6,5,6,7,1,1,3,1,3,2,2,1,3,2,1,2,2,2,3,1,1,4,1,2,1,3,1,2,2,1,1,3,1,3,1,2,2,1,2,5,1,1,1,3,2,1,1,1,1,2,1,3,3,1,1,1,1,4,6,5,6,7,7,6,6,5,4
R_8KVm2yZSRConhF0,4,5,6,3,5,3,2,2,2,2,4,1,6,3,6,7,6,7,5,5,5,4,5,5,5,6,5,5,3,3,5,5,5,5,5,5,6,6,3,7,6,5,7,6,6,6,5,5,7,6,5,6,5,5,2,3,1,2,3,3,1,2,2,2,2,1,4,2,4,3,2,3,3,3,3,2,4,3,6,3,5,5,2,4,1,2,1,1,1,1,2,3,1,3,3,3,3,2,2,2,2,4,3,3,4,3,2,3,3,4,2,3,2,4,1,1,1,2,4,2,4,4,5,4,3,6,1,1,1,2,2,2,2,2,2,3,6,3,3,4,3,1,5,4,4,3,6,4,3,3,5,3,5,5,5,4,4,5,4,5,6,5,5,4,4,3,2,1,2,2,1
R_2nIMWSIG9eDEyC5,3,7,4,2,5,1,2,7,2,1,4,2,5,2,4,6,5,7,6,7,3,4,4,7,6,5,4,7,7,7,6,6,5,7,6,7,5,7,3,2,4,2,3,7,4,3,7,2,4,6,5,6,6,5,3,4,1,2,1,1,2,4,1,1,3,2,1,4,2,5,4,2,3,3,4,3,7,6,6,2,5,5,4,7,6,6,6,5,3,2,2,1,3,2,4,7,3,2,7,5,4,7,7,4,4,5,3,4,3,1,2,2,5,3,2,2,5,3,3,4,3,1,2,4,3,3,1,2,1,1,5,2,2,2,1,1,1,4,1,3,2,1,3,3,2,2,3,3,4,4,2,2,2,2,3,1,2,2,1,2,3,3,1,3,4,3,6,1,2,1,1
R_2R1RCjTNA7wuO4q,5,5,3,5,3,3,6,2,4,5,3,6,5,5,5,3,3,6,5,6,3,5,6,6,6,5,6,5,4,5,5,5,5,5,5,4,6,3,3,3,5,3,5,5,6,4,5,3,3,5,2,4,5,5,3,3,3,3,4,2,2,2,3,3,2,4,3,3,3,3,3,3,5,5,5,5,6,6,5,5,5,5,5,5,2,6,3,2,2,2,5,5,4,5,5,5,3,5,5,2,2,5,5,5,5,3,5,5,5,6,5,5,5,4,2,4,5,3,1,5,6,6,5,4,5,5,4,3,5,5,3,2,3,5,3,3,4,5,5,3,5,4,3,3,3,3,6,3,3,2,3,3,2,2,3,2,5,6,5,6,5,6,3,5,4,6,5,5,4,5,5
R_2rPVKVr8Dw4ZKfg,5,7,3,6,7,7,3,3,4,3,5,2,7,6,7,7,6,7,7,7,6,7,6,7,7,7,6,7,6,6,7,7,7,7,6,6,5,3,2,6,7,2,3,5,3,3,6,6,6,5,7,7,7,7,1,2,4,2,4,2,1,3,2,1,5,2,2,3,3,4,7,2,5,7,6,5,6,6,7,6,7,2,4,6,2,5,2,2,1,1,7,5,1,3,3,7,2,4,1,3,1,4,1,1,1,1,1,3,5,4,3,5,6,6,3,2,4,3,6,3,5,7,5,3,7,7,1,1,1,5,4,3,1,1,1,2,2,1,3,3,4,2,2,5,4,2,1,5,4,3,2,3,3,2,3,3,3,2,4,2,1,6,1,6,5,3,6,1,3,2,1
R_8G0Tsh1p016NjhX,7,2,7,2,7,3,6,6,3,6,7,3,7,2,7,7,7,7,5,2,2,2,4,2,6,6,7,6,7,6,5,5,6,7,6,2,7,7,7,7,7,6,6,7,7,6,6,6,7,7,7,7,7,7,1,1,1,1,1,1,1,2,1,2,2,1,2,2,1,2,1,1,6,7,1,1,1,7,6,6,6,6,1,6,1,7,1,1,1,1,6,6,7,6,6,7,7,7,7,7,7,7,7,7,7,7,7,6,3,6,2,6,3,6,2,2,2,2,2,2,2,3,2,2,2,2,1,1,2,1,6,2,1,1,1,1,1,3,1,1,1,1,1,7,3,4,3,4,6,6,3,4,4,4,3,4,3,3,3,3,3,4,3,7,5,4,6,2,4,4,2
R_8YQzvQXNZwhUS05,2,3,4,3,7,6,2,2,4,2,5,6,5,3,6,4,6,6,6,6,6,6,6,6,6,6,6,6,6,6,6,6,6,6,6,6,6,6,6,6,6,6,6,6,6,6,6,6,6,6,6,6,6,6,3,3,3,3,3,3,3,3,3,3,3,3,3,3,3,3,3,3,3,3,3,3,3,3,3,3,3,3,3,3,3,3,3,3,3,3,3,3,3,3,3,3,3,3,3,3,3,3,3,3,3,3,3,3,1,1,1,1,1,1,1,1,1,1,1,1,1,1,1,1,1,1,3,3,3,3,3,3,3,3,3,3,3,3,3,3,3,3,3,3,5,5,5,5,5,5,5,5,5,5,5,5,5,5,5,5,5,5,2,5,5,4,6,5,4,5,4
R_2f9Hn2Jkh8MHqA6,6,7,6,6,6,6,6,6,6,6,6,6,7,6,7,7,7,7,6,5,5,6,6,5,6,6,6,6,5,6,6,5,6,6,6,6,5,6,6,6,6,6,6,6,6,6,6,5,6,6,6,6,6,6,4,4,4,5,4,4,5,4,4,5,4,4,4,4,4,4,4,3,5,5,5,4,5,4,4,5,5,4,5,5,4,5,5,4,4,4,2,3,2,3,4,2,2,2,3,3,2,2,3,2,2,2,3,2,2,3,3,3,3,3,3,2,3,2,2,3,3,3,3,3,3,3,2,3,3,3,3,2,3,3,3,2,3,3,2,3,3,3,2,2,2,2,2,3,2,3,3,2,3,2,2,3,2,3,2,3,3,2,3,5,3,5,5,4,5,5,5
R_2lmlEFkW8tzvb7Z,1,3,1,1,1,1,1,1,2,1,1,1,7,7,7,7,7,7,5,5,5,5,4,5,4,5,5,5,5,6,5,5,5,6,5,5,5,5,5,4,5,5,5,5,3,5,5,5,5,5,4,4,6,3,6,5,4,6,5,6,5,5,5,5,4,5,5,5,5,5,6,5,7,5,7,6,7,5,5,6,7,7,7,7,5,7,6,2,6,1,2,3,3,3,3,2,3,2,2,2,6,6,3,2,2,5,3,2,2,2,5,1,1,1,2,2,1,1,2,2,1,1,1,1,2,1,3,3,3,2,3,3,3,3,2,2,2,3,5,3,2,4,3,3,3,4,3,3,3,3,5,3,3,2,1,5,5,3,3,3,5,5,3,3,3,4,5,5,5,5,5
R_8ULcZD3pV66Hx8l,4,4,3,7,6,7,2,2,1,2,6,2,6,6,5,6,5,6,6,6,2,6,5,6,3,7,2,1,6,6,6,6,6,6,5,6,6,6,5,7,5,5,1,6,5,1,6,2,6,6,6,6,6,5,1,3,2,2,2,2,1,2,2,1,3,2,3,2,3,3,3,3,3,3,7,3,3,4,6,6,6,6,4,7,4,4,4,3,3,7,5,3,6,2,2,6,4,6,6,2,2,6,2,6,2,2,2,6,2,2,2,2,2,5,2,2,6,6,3,6,2,2,2,2,2,5,2,3,2,2,2,2,2,3,4,2,3,6,2,2,2,2,2,2,2,2,6,2,2,2,6,2,6,6,2,6,2,2,2,2,2,6,3,6,5,7,6,6,5,6,3
R_2CoYpkt04YPwpmP,4,5,7,4,6,2,6,3,4,5,7,3,7,3,5,7,7,7,5,3,4,3,4,4,5,4,5,4,4,4,4,4,4,4,6,3,4,4,6,4,6,2,6,5,3,6,7,4,6,3,6,5,7,6,1,1,1,1,1,1,1,1,1,1,1,1,1,1,1,1,1,1,7,3,1,3,5,6,5,7,6,6,2,6,3,7,2,2,1,1,6,6,2,5,5,7,2,6,4,2,1,5,4,6,2,2,2,2,4,4,6,5,5,5,3,3,3,2,3,4,4,3,4,2,3,6,5,5,1,2,4,6,2,4,4,1,1,4,2,6,1,1,1,2,4,4,5,4,5,6,4,4,3,4,3,5,3,5,4,3,3,5,5,5,7,2,6,1,1,1,1
R_8F0CHIawNv2zQOZ,3,7,6,7,6,7,1,2,7,3,6,3,5,1,7,7,5,7,7,6,7,6,7,6,6,5,5,7,6,6,5,7,6,6,7,7,2,2,4,7,5,2,3,5,3,3,3,3,7,6,5,5,6,6,3,3,5,3,3,3,5,5,4,5,3,5,3,5,4,5,4,5,6,4,2,3,1,3,6,5,6,4,6,5,3,7,2,2,1,1,6,2,2,1,7,6,1,1,1,1,2,2,4,1,4,3,2,7,3,3,2,6,3,4,2,4,1,2,6,1,3,4,5,5,4,1,4,5,1,2,3,5,2,1,1,1,2,3,2,5,1,2,1,4,1,1,1,3,2,2,1,1,1,1,3,1,1,1,1,1,1,4,1,5,5,6,6,1,3,2,2
R_8nbG1sjMWCIOt0J,1,5,5,5,7,3,6,2,5,6,2,5,7,4,7,6,7,7,5,4,4,4,4,2,6,4,4,4,7,3,3,4,4,3,5,2,4,5,3,5,6,3,7,3,5,3,6,5,4,3,3,5,3,3,2,1,1,2,1,1,2,1,1,3,3,1,1,2,1,2,3,1,5,5,7,4,3,7,7,6,7,3,5,6,1,6,1,3,4,3,7,5,7,3,6,7,5,4,7,5,3,6,2,5,3,3,2,5,3,5,3,5,6,6,1,3,1,1,4,2,3,2,4,3,5,6,3,2,3,3,5,4,4,4,2,5,4,2,3,4,3,5,5,6,4,6,5,6,6,6,3,3,4,2,6,2,6,2,5,5,5,6,7,6,6,4,5,4,3,1,3
R_2UYG8SkSuvziBdJ,5,5,7,5,2,7,5,7,7,4,6,7,4,7,5,7,5,7,4,3,3,5,3,4,3,2,5,7,5,2,2,4,5,1,2,2,4,6,4,7,2,5,6,3,5,7,3,5,5,5,7,5,5,6,5,4,3,1,4,4,5,4,1,4,3,5,3,4,2,4,5,4,7,5,3,5,2,3,2,3,5,1,5,3,2,7,2,7,3,5,3,6,3,4,2,4,4,5,3,2,5,1,2,2,4,6,2,5,4,7,1,4,1,7,7,4,6,5,2,4,4,3,4,2,3,1,3,7,3,5,5,6,3,2,7,3,5,7,4,6,7,4,7,3,6,1,3,4,3,3,1,4,5,6,5,4,2,1,5,3,1,2,2,6,6,5,4,7,5,6,5
R_2H66pnZ1IGNtlTh,3,5,5,3,7,3,6,6,6,6,6,2,6,5,6,7,6,7,4,5,4,4,3,6,3,4,3,4,5,5,5,5,4,3,6,5,2,3,6,4,6,2,6,5,6,7,7,2,6,3,6,6,5,6,1,2,1,1,1,1,2,2,1,2,1,1,2,1,2,1,1,2,2,2,2,2,3,5,4,4,4,3,2,3,2,4,2,2,2,2,2,2,2,2,3,5,3,3,2,5,1,3,6,3,3,4,1,7,5,5,1,4,5,3,1,4,3,1,1,1,5,2,6,6,7,5,4,4,5,6,7,4,5,6,7,6,4,7,6,7,6,6,5,5,5,6,5,6,6,6,6,4,4,4,5,6,4,5,5,5,6,6,3,5,6,2,6,5,5,5,4
R_8TT69nEdf9sMfWk,5,5,5,5,7,7,5,5,4,5,5,4,7,7,7,5,6,7,4,4,4,4,4,4,6,7,5,5,5,5,5,5,5,5,6,5,3,5,7,6,4,7,5,6,5,4,6,7,7,7,7,6,7,7,3,3,3,3,3,3,3,3,3,3,3,3,3,3,3,3,3,3,7,2,5,4,2,2,5,5,5,5,5,5,1,5,1,2,2,2,2,3,4,2,4,5,1,2,2,4,1,1,4,1,1,1,1,4,1,1,1,1,1,1,1,1,1,1,1,1,1,1,1,1,1,1,2,1,5,2,1,1,1,4,5,3,1,4,2,1,5,1,1,1,4,2,2,4,3,3,1,3,3,2,1,3,1,1,2,3,2,2,3,3,4,5,5,2,2,5,4
R_8hhzwWfr8AZZvlF,1,3,3,3,3,2,1,3,2,2,6,1,2,2,4,5,2,7,7,6,6,6,6,6,6,7,7,6,6,7,6,7,7,6,6,7,5,7,7,7,4,4,7,7,7,7,7,7,7,7,7,7,7,7,2,3,2,3,3,2,3,3,4,3,3,2,3,3,4,3,4,2,1,2,6,2,2,6,2,5,5,2,2,7,1,1,2,2,1,1,3,4,7,4,4,7,4,4,7,4,5,7,7,5,7,5,3,4,1,1,1,1,1,1,1,1,1,1,1,1,1,1,1,1,1,1,2,2,1,1,1,1,1,1,1,1,1,1,1,1,1,1,1,1,2,1,1,1,2,1,1,1,1,2,2,1,2,1,2,2,1,1,1,1,3,3,3,3,3,4,3
R_2jiA1LDVkyILgg3,4,6,4,5,5,5,3,3,2,2,5,3,4,4,5,4,6,7,6,7,6,6,5,7,6,7,7,6,6,6,6,6,7,5,4,5,4,4,3,4,4,4,3,6,4,2,6,2,6,6,6,4,6,6,4,2,5,2,2,3,2,4,3,3,4,3,3,3,5,4,3,5,7,6,5,3,4,6,7,7,7,7,4,7,2,3,4,3,2,2,3,3,6,3,3,6,3,3,4,2,5,5,6,2,5,7,5,6,2,5,2,6,5,4,3,2,2,2,1,2,5,6,5,5,6,7,3,3,2,3,6,4,3,2,2,2,4,3,5,3,6,5,6,6,2,2,3,5,5,2,2,2,2,2,5,2,4,3,3,3,5,5,6,5,6,6,5,2,3,3,2
R_8KvB5Pliishiq71,3,5,6,6,3,4,5,1,3,2,6,3,6,5,6,6,4,7,7,7,5,7,3,7,6,4,6,5,7,7,7,7,7,6,6,6,2,4,1,4,6,5,3,4,2,5,5,6,5,3,4,5,6,7,5,4,2,4,3,2,1,1,2,1,5,2,5,4,4,4,4,7,1,3,4,5,3,3,7,6,6,4,1,6,1,3,5,3,1,1,4,4,2,7,7,4,5,5,3,3,7,7,7,2,7,7,7,6,6,5,5,7,3,6,2,3,2,2,3,6,6,4,7,5,5,6,3,4,2,7,5,4,4,2,7,4,1,4,1,1,1,1,1,7,5,3,5,5,6,4,3,5,5,4,3,4,2,4,2,2,2,6,3,4,3,3,6,1,1,1,2
R_8gpBENHx3jMvYIr,3,6,5,5,6,6,2,3,2,1,3,2,6,3,6,4,6,6,6,6,6,4,6,5,2,2,2,2,6,3,5,5,5,5,5,6,3,3,2,3,2,2,2,3,2,2,3,3,3,3,3,3,2,3,2,2,2,2,2,2,2,2,2,2,2,2,2,2,2,2,2,2,6,6,5,4,6,4,6,6,6,6,6,2,4,2,6,4,2,4,5,5,5,6,7,6,6,5,6,6,6,6,4,5,5,6,7,6,3,3,3,3,2,3,5,3,5,5,3,3,3,3,3,3,3,3,1,1,1,1,2,1,1,1,2,2,1,1,1,1,2,1,1,1,2,2,2,2,2,4,2,2,2,2,2,2,2,4,3,2,2,4,7,5,5,5,6,2,2,2,2
R_8TsD1b3HKUltuwZ,1,6,4,4,7,2,3,2,2,2,2,3,2,4,2,3,6,2,7,7,6,6,7,7,7,7,6,5,7,7,7,5,7,7,7,6,4,7,6,5,6,3,6,4,6,7,7,6,7,6,7,5,5,7,6,2,4,3,3,1,5,3,5,4,4,2,7,6,4,3,5,5,5,5,6,6,6,7,6,6,5,5,6,7,6,7,5,6,7,7,4,7,5,5,2,7,6,7,6,6,4,5,4,4,5,5,6,7,5,3,4,3,5,2,3,1,5,2,5,3,4,5,7,5,2,5,2,1,3,1,2,1,2,1,2,1,6,5,5,3,4,2,2,4,2,2,3,5,4,1,5,1,2,5,1,4,3,2,2,3,4,3,4,6,3,6,5,4,2,4,5
R_8EQ1pBcF1IYmgFj,2,4,4,6,7,4,2,3,5,3,6,2,7,5,6,7,5,7,5,6,4,7,4,5,6,4,6,5,6,5,5,6,6,6,6,4,2,1,2,6,7,7,5,4,6,2,4,3,7,6,6,6,4,6,1,4,2,3,4,1,3,4,2,2,4,3,6,2,6,3,4,5,7,6,6,5,1,3,6,5,6,6,5,5,2,3,1,2,2,1,7,6,5,2,4,7,6,4,5,5,4,6,4,5,2,4,3,3,2,4,2,2,3,6,2,3,2,1,2,3,4,4,5,4,2,6,1,2,4,2,6,4,1,3,5,2,2,3,6,4,5,3,5,6,3,3,3,4,6,5,3,4,3,4,3,5,5,4,4,5,5,5,3,6,6,2,3,3,3,6,2
R_2gRRnW1hGkse4PT,2,1,2,1,2,3,1,3,3,1,5,2,7,7,7,7,7,7,6,5,6,6,5,6,6,6,4,6,6,6,5,6,5,5,5,5,7,7,6,7,7,7,7,7,7,7,7,7,7,7,7,6,7,7,2,1,1,1,2,2,2,1,2,1,2,1,2,1,2,1,2,2,6,6,6,6,5,5,6,3,4,7,3,5,1,2,2,2,2,2,5,5,6,5,6,6,3,5,5,3,4,6,7,5,7,6,3,5,3,3,4,2,3,2,3,3,3,2,2,3,3,3,3,3,2,2,1,1,1,1,2,2,1,1,2,1,1,2,1,1,1,1,2,1,2,3,3,2,2,3,2,3,3,3,3,3,3,3,2,2,3,3,2,1,2,4,7,3,4,6,4
R_8FtFCw0B6Jl90Vi,2,2,4,5,3,4,1,1,2,1,3,1,7,4,7,7,5,7,7,7,6,4,5,5,5,7,7,6,5,7,7,7,7,4,5,7,3,3,6,5,4,2,5,7,7,4,7,5,7,5,7,7,7,3,1,1,1,1,1,1,2,1,1,1,2,1,2,1,2,2,2,1,1,1,1,1,2,6,1,1,2,2,3,1,1,2,1,2,1,1,7,7,6,7,7,7,2,5,6,6,2,6,5,6,2,1,2,7,1,4,2,6,6,3,3,1,1,3,1,1,3,5,4,3,5,6,6,6,6,5,6,7,3,3,6,6,5,3,4,4,6,2,2,7,5,5,3,6,6,6,3,4,4,4,5,3,4,5,4,6,5,7,3,5,5,5,5,4,3,3,4
R_8U5D0OY85eNnxTu,4,6,4,3,5,2,1,3,1,2,5,2,6,3,6,6,5,5,3,3,3,2,2,3,4,4,4,4,4,4,4,5,4,4,4,4,7,7,5,7,7,7,5,5,5,4,6,2,6,5,6,6,6,6,6,6,6,6,6,6,6,6,6,6,6,6,6,6,6,6,6,6,1,1,4,1,1,1,2,3,3,3,3,5,3,2,3,2,3,3,4,5,5,3,3,2,5,3,5,5,3,2,5,5,4,3,6,3,6,6,6,6,6,7,3,3,2,3,4,3,4,4,4,3,3,6,6,5,5,5,5,6,2,2,2,2,2,5,3,2,3,3,2,3,6,6,5,6,6,6,4,3,3,4,3,5,4,4,4,5,4,4,5,4,5,4,6,4,5,5,3
R_2Ja38Rv64aHOZCU,6,6,6,6,6,6,5,5,2,5,5,6,6,6,6,6,5,6,5,3,2,3,3,3,5,5,6,5,6,4,3,3,3,3,4,3,4,4,5,3,4,4,5,5,5,5,5,5,5,5,5,5,5,5,1,1,1,1,1,1,1,1,1,1,1,1,1,1,1,1,1,1,5,5,5,5,5,5,5,5,6,6,5,5,5,5,5,5,5,5,3,3,3,3,3,5,2,2,3,5,2,3,3,2,3,3,2,3,2,2,2,3,5,2,2,3,2,3,4,2,2,4,5,2,2,5,1,2,4,2,2,5,2,2,2,2,2,5,1,2,2,2,4,6,3,5,5,5,2,5,2,3,3,2,2,5,4,2,5,5,4,3,5,4,5,5,5,5,6,6,5
R_2Msj0d89ScmJ8sN,6,6,6,6,6,7,4,6,5,2,5,2,6,4,7,7,6,6,7,7,7,7,7,7,7,7,7,7,7,7,7,7,7,7,7,7,6,5,5,6,6,4,7,7,7,6,7,6,7,7,7,7,7,5,2,1,1,2,2,1,1,1,1,1,1,1,2,1,1,1,1,1,7,3,1,2,2,2,7,6,7,7,3,7,2,2,2,3,3,2,3,3,3,4,2,3,3,3,4,3,4,5,4,4,4,3,3,5,3,3,2,2,2,3,2,2,3,2,2,2,2,2,2,2,2,4,3,5,3,5,3,6,2,2,2,2,5,2,5,4,5,5,5,6,1,2,1,2,2,2,1,1,1,1,2,2,2,2,2,2,3,3,1,2,3,6,6,5,5,7,4
R_2gYHdL0fxap8pm9,1,1,1,1,1,1,1,1,1,1,1,1,7,7,7,7,7,7,7,7,7,7,7,7,7,7,7,7,7,7,7,7,7,7,7,7,7,7,7,7,7,7,7,7,7,7,7,7,7,7,7,7,7,7,1,1,1,1,1,1,1,1,1,1,1,1,1,1,1,1,1,1,5,5,5,5,5,5,5,5,5,5,5,5,2,2,2,2,2,2,7,7,7,7,7,7,7,7,7,7,7,7,7,7,7,7,7,7,4,3,3,4,5,5,3,6,3,3,3,4,6,6,6,6,6,6,5,6,3,3,6,6,3,5,3,3,3,3,6,6,6,6,6,6,3,3,3,3,3,3,3,3,3,3,3,3,6,6,6,6,6,6,2,6,3,5,6,3,4,3,3
R_2PYHzOzqWrhkZTf,2,7,2,4,4,3,2,3,1,1,5,1,7,2,7,5,5,7,7,7,5,7,5,6,7,7,7,7,7,7,7,4,7,7,7,7,4,6,4,5,4,4,3,6,3,3,6,1,6,5,6,5,6,7,3,3,4,4,2,2,4,3,2,3,4,2,4,2,3,3,3,4,2,2,5,4,5,7,7,7,7,7,4,7,2,7,3,4,4,1,2,1,2,3,3,1,4,1,4,1,1,2,1,1,2,1,2,2,5,5,1,6,3,5,1,1,1,1,1,1,3,3,3,1,1,6,2,6,1,4,2,4,4,1,1,2,2,2,3,1,4,4,4,4,3,4,1,1,1,2,1,2,3,1,1,4,2,1,1,1,4,6,2,5,3,4,4,3,2,2,1
R_2CJJ6e2JvybrnpD,2,3,4,1,3,3,1,1,1,1,1,1,7,4,7,7,5,7,7,7,7,7,7,7,7,7,7,7,7,7,7,7,7,7,7,7,5,7,7,7,3,2,7,4,5,7,7,4,7,7,7,7,7,7,1,1,1,1,1,1,1,1,1,1,1,1,1,1,1,1,1,1,4,2,1,4,7,4,7,5,7,6,2,7,1,6,1,2,5,1,4,4,4,4,4,4,4,4,4,4,4,4,4,4,4,4,4,4,4,4,4,4,4,4,4,4,4,4,4,4,4,4,4,4,4,4,2,2,2,2,2,2,2,2,2,2,2,2,2,2,2,2,2,2,2,2,2,2,2,2,2,2,2,2,2,2,2,2,2,2,2,2,5,7,5,1,6,2,5,2,2
R_25uLPhUhlzhp68c,7,7,7,7,7,7,7,6,7,7,7,7,7,6,7,7,7,7,7,7,6,7,6,7,7,7,7,7,7,7,7,7,7,7,5,7,3,3,3,3,2,2,3,3,3,3,3,3,3,3,3,3,3,3,6,6,6,6,6,6,6,6,6,6,6,5,6,6,6,6,6,6,5,5,4,5,5,5,5,5,5,5,5,4,3,5,3,5,4,3,5,5,5,5,5,6,5,6,5,5,5,5,5,5,5,5,5,5,3,3,3,3,3,3,3,3,3,3,3,3,4,3,3,3,4,4,1,1,1,1,1,1,1,1,1,1,1,1,1,1,1,1,1,1,3,3,3,3,3,3,3,3,3,3,3,3,3,3,3,3,3,3,6,6,6,2,5,1,1,1,1
R_8soUlNhKdSRRU6l,1,1,1,4,7,4,1,4,3,2,7,6,2,1,7,3,5,7,6,6,7,6,7,6,6,6,7,6,6,7,6,6,6,7,7,6,2,7,7,2,2,2,3,6,6,7,6,7,3,6,3,5,3,5,1,1,1,1,1,1,1,1,1,1,1,1,3,1,1,1,1,1,3,7,7,7,7,7,5,7,5,5,2,7,3,1,3,3,7,1,7,7,5,7,7,7,7,7,7,5,2,7,4,5,4,5,1,4,7,7,7,7,7,7,7,7,2,7,7,7,4,2,2,2,2,4,1,1,1,1,1,1,1,1,1,1,1,1,4,4,1,1,1,1,3,3,3,3,3,3,3,2,2,2,1,4,1,4,3,3,4,2,1,7,4,3,7,1,7,7,1
R_2MLDfDWt7sMnnVe,7,7,7,7,7,7,7,7,7,7,7,7,7,7,7,7,7,7,5,5,6,6,6,6,7,5,6,6,7,7,5,6,6,6,6,6,7,7,7,7,7,7,7,7,7,7,7,7,7,7,7,7,7,7,1,1,1,1,1,1,1,1,1,1,1,1,1,1,1,1,1,1,3,3,4,2,4,2,4,4,4,4,4,4,2,2,2,2,2,2,2,2,2,2,2,2,3,3,3,3,2,2,2,2,2,2,2,2,4,5,5,5,5,5,2,4,3,4,3,2,5,5,5,5,5,5,5,6,4,6,5,6,4,3,4,3,4,4,6,6,6,6,6,6,4,5,5,5,4,5,4,4,4,3,3,4,5,5,5,5,5,4,4,5,5,1,7,1,2,1,1
R_8nGRAO91rFARWJb,5,6,5,3,6,7,1,1,1,1,2,1,7,3,7,4,7,6,4,7,3,2,5,3,3,4,3,3,3,5,7,7,7,2,6,4,4,7,7,7,5,5,2,1,1,1,2,1,7,5,7,2,7,3,1,5,2,2,2,1,3,4,2,2,1,1,4,2,2,3,2,1,3,1,5,1,1,4,1,1,2,1,2,1,4,2,1,4,4,2,4,4,2,3,2,4,2,5,3,7,1,5,1,4,3,1,1,6,5,7,7,1,6,7,7,6,6,6,4,3,3,3,2,4,2,7,3,5,5,2,7,7,6,6,7,7,2,7,2,1,1,2,2,2,3,5,5,5,2,5,2,7,3,7,5,6,2,3,1,2,7,2,7,5,3,5,5,3,5,6,7
R_8Sp1Bhp2ESkWTOI,7,5,1,6,7,6,7,5,7,6,7,7,7,5,5,5,7,7,6,5,7,7,5,4,7,6,6,7,7,7,7,7,7,4,7,4,7,7,6,7,7,3,7,3,5,7,7,4,4,3,7,7,7,7,1,5,1,1,6,2,4,1,1,2,1,4,2,2,2,3,3,5,7,4,1,4,4,4,7,7,7,7,7,7,3,7,3,3,1,1,1,3,7,5,4,4,4,2,3,2,4,4,4,5,5,6,1,7,7,1,1,1,4,6,2,1,3,1,3,2,1,1,1,1,7,7,1,1,1,1,5,1,3,1,1,3,1,1,1,1,2,3,4,6,3,4,3,4,5,5,5,3,4,3,4,4,4,5,2,3,7,3,3,3,3,1,2,3,3,1,1
R_8fAGnk3x5GVJa2l,1,4,1,5,4,3,3,1,3,3,2,1,7,4,7,7,7,7,7,7,7,7,7,7,7,7,7,7,7,7,7,7,7,7,7,7,5,5,6,6,6,5,5,4,6,6,7,2,7,7,7,7,7,7,2,3,1,2,4,3,1,1,1,3,5,1,3,2,4,5,5,2,5,3,4,5,4,7,7,7,6,7,4,7,1,4,3,1,2,1,4,1,4,1,3,6,1,1,2,1,1,6,2,1,5,1,3,1,1,1,1,1,1,1,1,1,1,1,1,1,1,1,1,1,1,1,1,2,1,2,3,1,3,1,3,4,2,4,1,2,1,1,1,3,2,3,6,4,4,4,1,3,4,4,3,4,1,4,1,1,3,4,1,5,5,3,1,2,2,1,1
R_2DS6vFquRmGlRo3,7,7,6,7,7,5,1,2,1,3,5,2,6,6,6,7,6,7,7,7,7,7,7,7,7,7,7,7,7,7,7,7,7,7,6,6,5,6,7,6,6,6,6,7,6,6,7,5,7,7,7,7,7,7,3,3,5,5,4,2,3,4,4,4,5,2,5,5,5,4,6,4,7,3,2,4,6,4,5,6,6,5,5,7,2,5,1,2,4,1,5,4,4,4,2,6,5,3,5,5,3,6,2,1,1,2,1,2,2,2,2,2,3,3,1,2,2,1,1,1,2,1,2,1,1,3,2,3,1,2,4,2,1,1,1,3,2,2,4,3,4,4,5,5,2,2,2,4,4,3,2,2,1,2,2,2,3,2,3,3,4,5,2,5,4,6,6,4,2,4,3
R_855Dw3foIPp5edH,5,6,7,4,6,4,5,4,6,5,6,5,7,6,7,6,6,7,6,6,7,6,5,5,6,6,7,7,6,7,5,7,6,5,6,6,6,6,7,6,5,5,6,6,6,6,6,5,7,7,7,7,7,7,4,3,3,4,4,2,3,3,2,2,3,2,3,3,2,3,4,3,2,4,2,4,4,5,2,3,2,3,2,2,2,4,2,2,2,2,2,4,3,3,2,5,2,3,5,2,1,5,2,4,3,5,1,5,1,1,3,1,3,3,1,1,1,1,1,1,3,1,2,3,1,3,4,1,1,1,5,4,1,1,1,1,4,2,4,3,4,2,3,4,2,3,3,3,4,4,2,2,2,2,3,2,3,2,3,2,2,4,2,4,2,3,2,5,2,3,1
R_8gEtzF7sD8sAGPL,2,3,3,3,3,3,2,2,2,2,3,2,4,3,4,4,3,6,3,4,4,3,4,4,5,5,5,5,5,5,3,4,3,4,3,3,4,5,5,5,4,3,3,3,3,4,6,3,4,4,4,4,5,2,4,4,4,4,3,3,2,3,3,2,5,2,5,3,4,4,3,2,3,5,5,5,5,5,5,5,5,5,3,5,4,4,4,3,4,2,5,4,4,4,4,6,6,5,5,5,3,6,3,4,4,3,4,2,4,4,3,5,4,5,5,2,2,5,2,5,5,5,5,4,4,6,4,3,4,4,5,5,4,3,5,5,3,4,3,3,4,4,5,6,4,4,5,4,4,5,4,4,3,4,3,5,5,4,4,3,5,7,4,5,5,5,4,5,5,5,4
R_2TE0Ao2B6y8Cnh7,2,3,5,3,5,5,2,2,2,2,4,3,5,4,7,5,6,7,6,5,6,5,7,7,6,6,5,5,6,6,7,7,7,7,7,7,3,3,5,4,7,2,2,3,2,2,5,3,7,2,6,6,7,7,2,5,3,5,3,6,2,2,3,2,3,2,5,5,7,5,6,6,2,3,2,2,3,2,3,2,3,3,2,3,1,2,1,1,1,1,7,5,2,2,1,7,5,3,6,5,5,3,2,5,2,2,1,1,3,5,3,5,3,5,3,3,3,2,4,2,5,3,3,5,5,5,3,3,3,4,2,5,5,3,5,5,2,3,5,2,2,2,1,2,3,3,2,3,2,3,3,3,3,3,3,3,2,2,3,2,2,2,1,6,5,3,6,5,5,5,3
R_2sjONshRZ6pbWcM,3,6,2,7,7,3,3,3,3,3,4,4,6,2,6,6,6,5,6,4,3,4,4,3,4,6,4,4,6,6,7,6,6,7,6,7,6,4,4,4,3,4,4,6,6,4,7,4,7,7,7,7,7,7,3,3,2,2,2,2,2,2,2,2,2,2,3,4,4,4,4,2,7,3,5,5,3,4,5,6,5,4,2,4,1,4,1,2,3,2,5,6,4,6,1,6,3,4,5,3,3,4,3,2,3,2,2,4,4,4,3,4,4,4,3,4,3,3,2,4,1,1,1,2,1,1,2,5,4,2,2,2,3,2,2,3,5,3,4,4,4,4,5,4,1,1,4,2,1,2,3,3,2,3,3,4,4,4,4,4,4,1,2,3,2,7,5,3,2,6,6
R_8Cr1tvRNR4VIMoL,2,7,7,7,7,2,2,7,7,7,7,1,7,7,7,7,7,7,7,7,7,7,7,7,7,7,7,7,7,7,7,7,7,7,7,7,2,7,6,7,7,2,3,5,5,4,7,2,7,6,7,7,7,7,3,3,3,3,3,2,2,3,3,3,3,1,3,4,3,3,3,3,1,1,1,1,1,1,1,1,1,1,1,1,1,1,1,1,1,1,6,6,6,5,7,7,6,6,6,5,7,7,6,6,4,6,7,6,1,1,1,1,1,1,1,1,1,1,1,1,1,1,1,1,1,1,1,1,1,2,3,1,1,1,1,1,1,1,1,1,1,1,1,1,1,1,1,1,2,1,1,1,1,1,1,1,1,1,1,1,1,1,1,4,3,7,7,5,4,4,3
R_8f3qTxJB2ZByNvE,7,7,7,6,7,7,4,7,5,5,6,4,7,5,6,7,7,7,4,3,4,3,3,3,3,4,4,3,4,3,5,3,5,3,2,3,6,5,7,6,7,5,6,7,6,7,6,3,6,5,5,6,7,6,1,1,1,1,1,1,1,1,1,1,1,1,1,1,1,1,1,1,3,2,1,1,1,2,3,6,1,3,1,5,1,7,1,1,1,1,5,3,1,3,2,7,1,3,3,3,1,6,2,5,1,2,1,1,1,3,3,3,4,4,2,4,3,3,3,4,3,4,2,3,2,3,1,1,1,1,1,2,1,3,2,1,1,2,1,2,1,1,1,1,3,3,4,3,3,2,2,2,3,3,2,4,2,3,2,2,2,1,5,3,3,1,6,1,1,1,2
R_2dm0MjHa3nvWwcF,5,6,3,4,4,7,5,3,5,4,2,5,4,2,5,4,6,7,5,6,4,6,3,6,5,4,6,7,5,4,4,4,4,6,5,7,6,6,7,7,7,5,6,4,5,5,6,6,7,7,7,7,7,7,1,1,1,1,3,1,1,4,1,3,1,4,2,3,1,2,1,4,7,7,7,5,5,7,5,6,4,4,7,7,5,7,6,4,5,4,1,4,6,2,3,1,5,5,5,3,6,2,2,4,3,1,3,2,4,4,3,5,4,5,4,4,3,4,5,3,3,4,3,3,5,5,4,4,3,4,5,5,3,3,3,5,5,3,3,3,3,4,4,5,3,5,4,4,4,5,4,4,3,4,5,3,4,3,4,2,4,3,4,5,5,3,4,3,4,2,5
R_2HXvnQqkHIovkyZ,1,5,4,3,3,2,1,1,1,1,3,1,7,1,6,7,6,7,6,6,5,6,6,6,6,6,6,7,6,6,7,6,7,6,7,6,3,7,5,6,2,2,3,4,3,3,7,3,7,4,7,7,7,7,1,5,1,1,1,1,1,1,1,1,6,1,5,2,6,5,5,3,7,2,5,4,7,7,7,7,7,7,2,7,1,7,1,1,1,1,7,3,5,2,4,7,7,7,7,6,2,7,1,7,1,1,2,2,1,3,5,2,4,5,1,1,1,1,1,1,2,1,4,2,2,3,2,3,5,4,1,3,2,2,3,1,2,1,2,1,2,2,3,3,1,1,2,2,2,2,2,1,1,1,1,3,1,2,1,2,1,2,1,2,2,3,5,2,2,5,4
R_8PjKdQDr9K0QGPE,3,6,5,5,6,6,5,2,3,4,7,2,6,3,7,7,6,7,6,6,5,6,7,7,6,5,5,4,6,6,7,5,7,7,6,6,5,7,4,7,7,7,2,3,3,3,6,3,7,4,7,7,7,6,3,3,2,3,4,3,2,3,2,2,3,2,3,2,3,3,4,3,4,2,2,3,2,2,6,6,7,6,4,6,1,6,1,1,2,2,6,3,3,2,2,2,6,6,6,6,5,6,3,6,3,3,3,4,4,4,4,4,3,4,2,2,2,2,2,2,5,2,5,5,5,6,6,5,5,5,6,6,4,4,4,4,5,5,6,5,5,6,6,6,4,3,4,4,4,4,6,5,5,6,3,6,2,5,3,3,3,4,2,5,5,3,4,2,1,2,1
R_225Bqg5U0glvtpA,1,2,6,1,4,6,2,1,2,2,2,1,7,4,7,7,2,7,7,6,5,5,3,6,5,6,7,6,6,7,5,5,6,6,6,5,5,4,4,3,4,4,4,4,4,4,5,5,4,5,4,5,5,4,2,2,2,3,2,3,3,2,2,2,3,3,2,3,3,3,3,3,7,4,4,7,7,1,7,7,7,7,7,7,4,1,1,5,2,1,4,5,1,3,2,2,2,4,4,3,3,3,7,2,5,6,3,2,5,5,7,6,6,6,1,2,1,1,1,2,1,3,1,2,4,7,2,4,7,6,7,6,1,2,3,3,2,6,1,2,2,3,3,3,3,2,6,4,5,2,2,2,1,2,3,6,4,4,4,3,4,4,4,5,5,5,4,4,4,5,5
R_2rqkBwWRxe0gv61,4,5,6,5,6,5,4,5,5,3,6,4,5,5,5,6,5,5,6,6,6,6,6,6,6,6,6,6,7,7,5,5,5,5,5,5,6,7,7,6,6,6,6,6,6,6,7,6,7,6,7,7,7,7,4,4,3,4,4,4,3,3,3,3,5,3,5,5,5,5,5,6,6,5,4,3,5,4,6,6,6,7,6,7,2,5,2,2,4,3,4,2,5,3,2,5,5,5,5,3,2,6,2,2,2,2,2,2,2,2,2,2,3,3,2,2,2,2,2,3,3,2,3,2,3,3,1,3,3,3,3,4,2,2,3,2,1,4,2,3,3,2,4,4,2,2,2,3,2,3,2,2,2,2,1,3,2,4,4,4,4,4,1,4,2,5,6,3,2,3,2
R_8hFKbWSJqAwLlw3,3,1,7,6,7,3,3,2,2,2,4,3,3,4,6,6,7,7,6,4,3,3,3,3,5,4,3,3,5,5,5,4,3,5,2,2,5,5,3,4,1,2,5,6,5,2,2,1,3,6,3,4,4,2,1,1,1,1,1,1,1,1,1,1,1,1,1,1,1,1,1,1,4,7,7,7,7,6,7,7,7,6,6,6,6,7,6,5,5,6,3,3,6,5,5,5,4,5,3,4,4,3,2,5,3,2,5,4,6,2,6,4,3,6,5,2,4,2,4,2,5,3,6,5,6,5,1,2,5,3,4,4,2,1,4,3,3,4,6,2,2,2,4,4,2,2,6,6,7,7,2,4,3,2,1,1,4,3,4,4,4,5,2,2,2,5,7,2,1,4,1
R_8ensGiYwiE1xJrD,7,7,7,7,7,2,7,6,7,5,7,2,7,7,7,7,7,7,6,5,4,5,6,3,6,6,6,6,7,6,6,6,7,6,6,4,7,7,7,7,7,3,7,6,3,7,7,2,7,2,7,7,7,7,2,2,2,3,1,1,2,2,3,2,2,2,2,1,3,2,2,2,3,3,4,4,3,7,6,6,6,6,4,7,6,6,2,2,2,2,2,1,1,6,1,7,1,1,1,1,1,6,1,1,1,1,1,1,6,1,2,6,3,6,2,5,5,2,2,2,2,5,2,2,3,4,2,3,1,6,2,6,2,2,1,2,2,6,2,2,2,1,1,5,2,5,2,6,4,6,2,5,2,2,2,5,2,5,2,2,2,4,2,5,5,7,7,2,4,7,6
R_8I3vfUGNIliC8Ur,1,1,4,3,4,3,2,2,2,2,3,2,7,4,7,7,7,7,6,6,6,6,6,5,5,6,6,6,7,7,5,7,7,7,7,6,3,3,5,4,5,3,4,5,4,3,7,3,6,5,6,7,7,7,2,2,4,3,4,1,2,3,2,2,6,1,5,3,4,6,6,6,7,7,4,7,7,7,7,7,7,7,7,7,1,5,2,1,1,2,4,3,1,2,4,7,2,3,2,2,1,7,2,1,1,3,3,1,2,2,1,2,3,2,1,2,1,1,2,1,4,1,3,3,2,4,3,3,1,1,2,1,1,1,1,1,1,2,1,1,1,1,1,1,1,1,1,1,1,2,1,1,1,1,1,1,2,1,1,1,1,2,2,4,3,5,5,4,3,6,2
R_8K3whmT75K1gAM4,5,6,3,5,5,3,1,2,2,1,3,3,7,3,7,6,7,7,5,5,5,5,6,5,5,6,6,6,7,6,6,6,6,7,6,7,5,5,4,6,4,4,6,7,7,6,7,5,7,7,7,7,7,7,2,2,2,2,2,2,3,3,2,2,4,2,3,3,3,3,3,3,7,6,4,6,5,5,6,7,6,6,5,7,1,5,1,1,2,1,3,2,2,2,3,4,4,3,3,3,2,4,3,3,5,2,2,3,2,2,3,1,3,3,1,1,3,1,1,1,1,1,2,1,1,1,3,4,1,4,3,4,2,2,2,1,1,2,2,1,2,1,2,4,3,3,1,3,3,3,2,2,2,2,2,2,2,2,2,2,2,2,2,4,2,3,6,2,4,2,3
R_8QSS5A9EQo4mUf4,1,2,2,2,3,1,1,2,1,1,2,1,4,1,4,3,2,6,6,6,4,5,4,6,5,4,3,5,4,4,4,3,3,3,5,5,3,4,2,4,2,3,3,5,5,3,4,2,5,5,4,6,6,7,2,2,1,2,1,2,1,1,1,2,2,1,1,1,1,1,2,3,7,7,3,6,5,7,7,7,7,6,7,7,7,7,7,7,6,7,4,3,5,1,3,7,4,3,5,4,5,6,6,6,7,6,3,6,2,4,1,4,4,3,2,3,2,2,1,1,3,3,3,3,1,5,2,2,5,2,1,1,2,4,2,2,5,4,2,3,2,2,6,5,3,3,4,3,3,2,3,3,5,3,4,4,4,4,4,4,4,4,4,6,3,3,6,3,6,3,3
R_2BmqxJ5dZPrZvRF,1,3,6,5,7,1,7,6,7,7,3,1,6,7,6,5,7,6,6,7,7,7,6,7,7,7,7,7,7,7,7,7,7,7,7,7,3,7,7,7,7,3,6,7,7,6,7,3,7,7,7,6,7,7,1,1,2,1,1,1,2,2,1,2,2,2,2,2,2,2,2,2,5,2,5,3,5,5,6,2,6,3,3,5,3,3,5,2,3,3,6,2,2,2,5,7,2,2,2,3,2,7,2,2,2,2,2,2,2,2,2,2,6,2,2,2,2,2,2,2,2,2,2,2,2,2,2,4,3,4,3,1,4,4,4,4,4,1,4,4,4,3,4,4,2,3,3,3,3,1,2,3,3,3,3,2,2,3,3,3,3,3,1,3,3,3,6,5,2,7,1
R_2fhnQYrdhCe3vON,1,6,2,2,7,2,1,5,1,2,1,2,7,3,7,7,7,7,6,6,6,6,6,6,6,6,7,6,7,7,7,7,7,7,7,5,7,6,7,7,6,4,7,7,7,6,7,5,7,7,7,7,7,5,6,6,5,7,6,4,5,7,5,6,6,4,7,7,7,7,7,6,6,5,5,5,5,7,7,6,6,7,5,7,1,5,1,1,1,1,6,3,7,4,2,7,7,6,6,7,3,5,7,3,7,4,2,4,1,4,4,4,2,5,2,1,1,1,2,3,3,4,3,3,2,5,2,4,1,4,4,2,1,2,1,1,1,3,1,2,1,1,2,4,1,2,2,2,2,3,2,2,3,2,1,3,2,2,1,1,2,3,2,2,2,1,4,1,1,1,1
R_8D2b6JiooxDTH9o,2,5,3,3,6,5,2,3,3,2,3,3,5,3,5,5,5,7,5,6,5,5,5,6,5,5,5,5,5,6,5,5,5,5,5,5,2,7,3,5,7,4,3,3,3,3,3,2,6,5,6,6,7,7,2,2,2,2,3,3,2,2,2,2,2,2,3,3,3,3,3,3,6,2,6,6,2,4,6,6,6,6,6,5,1,3,1,2,3,1,3,3,3,3,5,6,3,3,3,5,5,6,3,5,5,3,3,5,1,1,1,1,1,1,1,1,1,1,1,1,5,1,5,1,1,6,2,3,3,3,4,5,2,3,1,1,2,3,3,3,3,4,4,4,3,3,3,3,3,4,3,3,3,3,4,4,3,3,3,3,4,4,4,4,5,3,5,2,2,1,1
R_8G9rpbMROaevAFX,3,3,4,3,3,2,2,1,3,2,3,1,5,2,4,5,5,4,5,4,4,6,5,4,4,6,5,5,5,5,5,6,5,5,5,4,5,4,5,5,3,2,4,5,5,3,5,2,5,4,5,4,5,2,2,2,2,2,2,2,2,2,2,2,2,2,2,2,2,2,2,2,5,5,4,5,5,4,4,5,4,4,5,6,5,5,6,5,6,4,2,3,4,5,2,6,2,5,5,3,5,2,3,5,2,4,5,3,5,5,5,3,4,2,5,2,3,2,5,5,6,3,5,5,5,5,3,5,3,5,3,4,3,5,4,4,4,4,3,5,5,3,5,5,5,3,5,5,5,3,5,5,5,6,3,6,3,3,3,5,5,3,5,6,6,3,4,5,4,6,3
R_2dUDnJ5huLTqBKp,3,6,5,5,6,3,6,6,6,6,6,6,6,6,6,6,2,6,7,7,7,7,6,7,7,7,7,7,7,7,7,6,7,7,4,7,6,7,6,6,7,7,7,7,7,7,7,7,7,7,7,7,7,7,3,3,3,3,4,3,4,4,3,4,4,4,4,4,4,4,4,4,3,3,3,3,3,6,3,3,3,3,5,3,5,5,5,5,4,3,5,4,4,3,2,5,1,1,1,1,1,1,1,1,1,1,1,1,1,3,1,4,4,1,1,1,1,1,1,1,1,1,1,1,5,4,7,7,7,7,7,7,7,7,7,7,7,7,7,7,7,7,7,7,2,2,2,2,4,2,2,2,2,2,3,2,2,4,2,2,4,2,2,4,4,4,6,4,4,4,4
R_8eqcwBu5QYDVRVD,4,4,7,5,3,2,1,4,1,1,2,5,6,1,2,4,1,6,7,7,6,7,7,6,7,7,7,7,7,7,6,6,6,7,6,5,6,7,6,7,7,6,6,7,7,6,6,6,6,6,7,6,6,5,7,7,7,6,4,7,6,5,4,6,5,6,5,7,6,6,6,6,7,3,7,5,6,5,7,5,4,6,7,5,6,5,6,6,6,2,2,6,6,6,6,4,5,5,6,6,5,3,3,5,5,6,6,6,1,7,1,6,7,2,7,2,2,2,1,2,1,3,2,2,2,2,2,3,2,4,2,4,1,3,1,2,3,3,3,2,2,4,5,6,2,2,6,3,3,3,3,2,2,2,4,1,6,4,6,5,4,5,2,5,2,1,5,5,2,5,2
R_8LSYPjbu4YIV9qd,2,5,4,5,3,2,2,2,2,2,5,5,7,3,5,3,5,7,6,4,6,5,6,6,6,6,6,7,5,6,6,6,7,5,6,6,2,2,4,3,2,3,2,2,5,2,3,2,3,3,3,2,2,3,4,2,3,3,2,2,4,3,3,2,2,3,2,3,2,2,2,3,6,5,5,3,5,5,5,5,5,6,5,5,5,1,4,5,4,6,2,2,3,2,3,3,3,1,1,2,4,4,2,3,2,1,3,3,1,1,1,1,1,1,1,1,1,1,2,2,3,2,2,1,2,5,1,1,1,2,2,1,1,1,3,3,1,2,1,2,1,4,5,6,1,1,1,1,1,1,1,1,1,1,2,1,4,4,1,4,1,1,5,4,5,5,6,4,5,5,3
R_8P78tzBGxaTIzVo,5,7,5,7,7,4,5,5,5,5,5,3,7,7,7,7,7,7,6,6,6,6,6,4,6,6,6,6,6,6,5,5,5,5,5,5,7,7,7,7,7,7,7,7,7,7,7,7,7,7,7,7,7,7,2,2,2,2,2,2,2,2,2,2,2,2,2,2,2,2,2,2,3,3,3,3,3,3,3,3,3,3,3,3,5,5,5,5,5,5,2,2,1,1,1,6,1,1,1,1,2,6,1,1,1,1,2,6,1,1,1,1,1,1,1,1,1,1,1,1,1,1,1,1,1,1,1,1,1,1,1,4,1,1,1,1,1,4,1,1,1,1,1,4,3,3,3,3,3,3,3,3,3,3,3,3,3,3,3,3,3,3,2,2,2,4,6,5,6,5,3
R_22QRdl6trsMCC27,5,4,5,5,5,5,6,6,6,6,6,4,4,6,5,5,5,6,6,6,6,5,6,5,5,6,6,6,5,6,5,6,5,6,4,4,4,5,4,5,4,5,3,5,6,3,4,4,4,3,5,5,4,6,5,5,5,4,5,4,5,3,4,5,5,5,4,5,4,4,5,5,4,4,4,4,5,3,3,5,5,5,4,3,5,4,4,5,3,4,4,4,4,3,5,4,3,2,3,3,3,4,3,3,4,4,3,3,6,5,4,5,4,5,5,5,4,4,4,5,4,5,5,5,5,4,4,3,4,5,3,2,5,4,5,3,4,4,4,3,3,4,3,4,3,4,4,3,3,3,3,4,3,3,4,3,4,3,3,3,4,4,2,2,2,3,4,3,4,3,4
R_2P5dObQ7IWFCNGr,3,5,5,4,7,5,2,2,3,4,5,2,4,5,5,6,4,7,6,7,6,6,4,7,6,4,5,7,6,6,5,6,5,5,4,5,4,5,1,7,6,5,3,2,3,3,6,4,5,5,6,7,7,7,1,6,1,4,6,5,5,3,4,1,6,3,3,4,4,6,7,5,7,5,5,4,1,3,6,7,6,5,2,7,1,3,3,2,1,1,7,6,7,5,1,7,6,5,6,6,1,5,2,3,3,2,2,4,2,3,2,2,2,3,1,2,1,2,1,3,1,2,1,2,1,1,2,3,1,3,4,3,5,1,2,2,6,4,5,3,4,2,3,5,2,1,3,2,2,2,4,2,1,1,7,2,1,3,3,2,5,2,3,2,4,5,5,4,4,3,1
R_8g2AGyCoeNl4zg2,7,7,7,7,4,1,7,3,2,7,7,7,7,7,7,7,7,7,7,6,7,5,5,7,7,7,7,7,5,5,5,7,5,5,5,5,4,6,7,7,7,3,6,3,3,7,7,5,7,7,4,7,7,7,2,1,1,1,2,1,1,1,1,1,1,1,1,1,1,1,1,2,7,3,1,1,7,7,7,7,7,7,1,7,1,1,1,1,1,1,1,4,7,1,1,7,1,1,5,1,1,4,4,5,7,2,5,3,2,4,1,3,5,5,5,3,3,4,2,3,4,2,2,4,2,4,4,3,4,4,3,1,2,5,3,1,3,4,3,5,4,5,6,4,5,5,5,5,5,4,4,6,4,4,5,3,5,5,4,5,6,5,1,4,4,2,5,4,7,7,3
R_871kk6Ch2JlVZWd,2,2,2,5,2,5,2,2,2,2,3,6,1,6,1,1,1,7,5,1,6,3,3,2,6,4,7,6,7,6,5,5,6,7,7,4,5,7,5,3,5,4,5,4,4,4,7,6,7,6,7,6,7,7,5,4,2,1,1,1,4,2,5,3,5,1,6,2,5,4,6,5,7,6,2,4,2,3,7,6,7,7,1,7,1,1,1,1,1,1,3,4,3,5,7,6,4,4,5,4,7,4,7,5,7,7,3,7,2,2,5,4,2,2,2,2,2,1,3,2,1,1,1,1,2,2,2,2,2,5,5,1,3,2,1,1,1,4,1,1,1,3,1,4,3,4,7,5,5,5,3,2,2,4,1,2,3,2,3,2,3,1,5,6,5,2,3,3,3,2,4
