ResponseId,Q3_1Vl_1,Q3_1Vl_2,Q3_1Vl_3,Q3_1Vl_4,Q3_1Vl_5,Q3_1Vl_6,Q3_1Vl_7,Q3_1Vl_8,Q3_1Vl_9,Q3_1Vl_10,Q3_1Vl_11,Q3_1Vl_12,Q3_1Vl_13,Q3_1Vl_14,Q3_1Vl_15,Q3_1Vl_16,Q3_1Vl_17,Q3_1Vl_18,Q3_2Im_1,Q3_2Im_2,Q3_2Im_3,Q3_2Im_4,Q3_2Im_5,Q3_2Im_6,Q3_2Im_7,Q3_2Im_8,Q3_2Im_9,Q3_2Im_10,Q3_2Im_11,Q3_2Im_12,Q3_2Im_13,Q3_2Im_14,Q3_2Im_15,Q3_2Im_16,Q3_2Im_17,Q3_2Im_18,Q3_3KP_1,Q3_3KP_2,Q3_3KP_3,Q3_3KP_4,Q3_3KP_5,Q3_3KP_6,Q3_3KP_7,Q3_3KP_8,Q3_3KP_9,Q3_3KP_10,Q3_3KP_11,Q3_3KP_12,Q3_3KP_13,Q3_3KP_14,Q3_3KP_15,Q3_3KP_16,Q3_3KP_17,Q3_3KP_18,Q3_4KS_1,Q3_4KS_2,Q3_4KS_3,Q3_4KS_4,Q3_4KS_5,Q3_4KS_6,Q3_4KS_7,Q3_4KS_8,Q3_4KS_9,Q3_4KS_10,Q3_4KS_11,Q3_4KS_12,Q3_4KS_13,Q3_4KS_14,Q3_4KS_15,Q3_4KS_16,Q3_4KS_17,Q3_4KS_18,Q3_5Av_1,Q3_5Av_2,Q3_5Av_3,Q3_5Av_4,Q3_5Av_5,Q3_5Av_6,Q3_5Av_7,Q3_5Av_8,Q3_5Av_9,Q3_5Av_10,Q3_5Av_11,Q3_5Av_12,Q3_5Av_13,Q3_5Av_14,Q3_5Av_15,Q3_5Av_16,Q3_5Av_17,Q3_5Av_18,Q3_6Fa_1,Q3_6Fa_2,Q3_6Fa_3,Q3_6Fa_4,Q3_6Fa_5,Q3_6Fa_6,Q3_6Fa_7,Q3_6Fa_8,Q3_6Fa_9,Q3_6Fa_10,Q3_6Fa_11,Q3_6Fa_12,Q3_6Fa_13,Q3_6Fa_14,Q3_6Fa_15,Q3_6Fa_16,Q3_6Fa_17,Q3_6Fa_18,Q3_7Ch_1,Q3_7Ch_2,Q3_7Ch_3,Q3_7Ch_4,Q3_7Ch_5,Q3_7Ch_6,Q3_7Ch_7,Q3_7Ch_8,Q3_7Ch_9,Q3_7Ch_10,Q3_7Ch_11,Q3_7Ch_12,Q3_7Ch_13,Q3_7Ch_14,Q3_7Ch_15,Q3_7Ch_16,Q3_7Ch_17,Q3_7Ch_18,Q3_8Dr_1,Q3_8Dr_2,Q3_8Dr_3,Q3_8Dr_4,Q3_8Dr_5,Q3_8Dr_6,Q3_8Dr_7,Q3_8Dr_8,Q3_8Dr_9,Q3_8Dr_10,Q3_8Dr_11,Q3_8Dr_12,Q3_8Dr_13,Q3_8Dr_14,Q3_8Dr_15,Q3_8Dr_16,Q3_8Dr_17,Q3_8Dr_18,Q3_9Fa_1,Q3_9Fa_2,Q3_9Fa_3,Q3_9Fa_4,Q3_9Fa_5,Q3_9Fa_6,Q3_9Fa_7,Q3_9Fa_8,Q3_9Fa_9,Q3_9Fa_10,Q3_9Fa_11,Q3_9Fa_12,Q3_9Fa_13,Q3_9Fa_14,Q3_9Fa_15,Q3_9Fa_16,Q3_9Fa_17,Q3_9Fa_18,Q6_1ED_1,Q6_1ED_2,Q6_1ED_3,Q7_1TR_1,Q7_1TR_2,Q7_1TR_3,Q7_1TR_4,Q7_1TR_5,Q7_1TR_6
R_1ZPRg2PMAOOIyKJ,6,5,7,3,5,3,2,3,2,2,3,3,7,7,7,7,7,7,5,5,5,5,5,5,6,6,6,6,6,6,5,5,5,5,5,5,3,3,3,3,3,2,2,4,6,2,6,4,4,3,5,5,5,5,2,2,2,1,1,2,2,3,2,2,3,2,1,1,1,1,1,1,6,6,1,5,5,5,7,6,6,7,6,4,2,2,2,2,2,2,7,7,5,7,7,7,7,6,7,7,2,7,7,7,7,7,7,7,4,4,4,4,4,4,3,3,3,3,3,3,5,5,5,5,5,5,1,2,5,3,2,2,2,3,3,2,3,2,2,2,2,2,2,2,5,5,5,3,5,3,3,3,3,3,3,3,5,5,5,5,5,5,3,5,5,2,6,1,2,3,1
R_3ihf4Oy2iYGaNyh,5,4,6,3,4,5,2,1,4,3,2,5,5,3,6,6,3,6,4,4,5,5,5,3,6,6,5,4,6,6,4,4,6,5,5,5,5,4,5,6,5,4,5,7,7,5,6,4,6,7,5,5,5,4,7,6,6,7,7,5,7,6,6,5,6,6,7,6,6,6,6,6,6,6,6,7,6,7,6,7,4,6,6,6,6,7,7,7,7,7,3,4,3,4,3,4,5,1,4,3,5,1,2,4,4,2,4,4,4,4,4,3,4,3,4,5,4,4,3,4,4,4,4,3,4,4,5,5,4,4,4,3,3,5,3,4,3,4,4,3,5,4,3,3,4,4,4,3,4,3,4,3,4,4,3,4,4,3,4,4,3,3,1,1,1,1,1,1,2,2,1
R_5lAowRnjEr2b6aB,2,7,2,4,4,1,3,2,2,4,3,4,1,2,2,1,5,7,7,7,7,7,7,7,7,7,7,7,7,7,7,7,7,7,7,7,7,7,7,7,7,7,7,7,7,7,7,7,7,7,7,7,7,7,5,4,5,4,5,5,4,5,5,5,5,5,5,5,4,4,5,5,7,7,7,7,7,7,7,7,7,7,7,7,7,7,1,1,7,7,5,5,5,5,5,5,5,5,5,5,5,5,5,5,5,5,5,5,4,4,7,4,4,4,4,4,4,4,4,4,4,4,4,4,4,4,1,1,1,5,1,1,1,1,1,1,1,1,1,1,1,1,1,1,5,3,5,5,4,5,3,5,5,5,3,5,5,3,3,5,5,5,4,5,5,2,2,2,2,7,2
R_1FnW7m0SVE43Lsy,5,4,4,5,4,6,5,4,5,6,5,5,4,5,5,5,5,4,4,4,4,4,4,4,4,4,4,4,4,4,4,4,4,4,4,4,4,4,4,4,4,3,4,4,3,4,4,4,4,4,4,4,4,4,3,3,3,3,3,3,3,3,3,3,3,3,3,3,3,3,3,3,5,4,5,4,4,5,5,5,4,5,4,5,4,4,4,4,4,4,4,4,4,4,4,4,4,4,4,4,4,4,4,4,4,4,4,4,4,4,4,4,4,3,4,4,4,4,4,4,4,4,4,4,4,4,4,4,4,4,4,4,4,4,4,4,4,4,4,4,4,4,4,4,4,4,4,4,4,4,4,4,4,4,4,4,4,4,4,4,4,4,4,4,4,4,4,4,4,4,4
R_7PgRmwk2MYZlPhp,2,3,4,3,4,3,3,3,3,3,2,2,4,3,4,3,5,3,2,2,2,2,4,2,2,2,2,2,2,2,4,3,3,4,2,2,6,6,6,6,6,6,6,6,6,6,6,6,7,7,7,7,6,7,2,2,2,2,2,2,2,3,2,2,2,2,3,3,3,3,3,3,7,1,4,3,3,2,4,5,5,4,6,1,1,6,1,1,1,1,3,3,4,3,3,4,4,4,4,4,4,4,4,4,4,4,4,4,1,1,1,1,1,1,1,1,1,1,1,1,1,1,1,1,1,1,1,1,1,1,2,1,1,1,1,1,1,1,1,1,2,1,2,1,1,1,1,1,1,1,1,1,1,1,1,1,1,1,1,1,1,1,1,3,2,1,2,2,1,3,2
R_5403Hpcbe4LmTP8,6,5,6,6,5,6,5,5,5,6,5,6,4,5,5,5,4,4,5,4,5,5,4,4,4,6,6,4,5,5,5,6,5,5,5,6,5,6,5,6,5,4,4,5,6,6,4,6,4,5,5,6,4,6,6,4,4,5,5,4,6,6,4,6,6,5,5,4,5,5,5,5,4,5,5,4,5,3,4,4,5,3,4,3,4,5,5,5,3,6,5,4,5,4,5,5,4,6,3,6,3,5,5,4,3,4,5,4,4,3,4,4,5,4,5,6,4,5,4,5,4,4,5,5,5,6,4,4,4,4,4,6,5,5,4,5,5,6,5,3,5,4,4,5,5,5,3,5,4,4,5,5,5,6,5,5,3,4,2,3,4,4,5,5,5,5,4,4,5,7,4
R_3MscXXvzY7dYlJY,1,3,1,7,7,1,1,1,1,1,1,1,7,7,7,7,7,7,5,5,3,5,5,5,5,5,7,5,7,7,6,6,7,7,6,6,3,3,3,4,5,2,5,4,5,4,6,4,7,7,7,7,7,7,3,4,3,4,4,3,5,5,5,5,6,4,6,6,6,5,5,6,5,4,7,7,7,7,7,7,7,7,7,7,2,7,3,2,4,1,6,5,5,3,4,6,2,2,3,3,3,1,5,1,4,5,2,3,7,2,7,7,6,7,1,1,1,2,1,2,1,2,1,1,6,6,1,4,3,2,4,1,1,1,1,1,1,1,1,1,1,1,1,1,3,3,2,3,4,3,2,2,2,2,2,2,2,2,2,2,2,5,4,5,5,6,6,2,6,3,2
R_5uDmlmfnyFw5s4V,7,7,3,7,7,7,2,5,2,3,6,6,6,7,6,5,6,7,6,5,7,5,6,6,6,7,7,7,7,7,6,4,6,5,5,3,7,6,6,6,7,6,3,7,6,6,7,4,6,6,6,6,6,7,1,1,2,1,1,2,1,2,2,1,1,2,1,1,1,1,1,1,6,7,6,5,6,5,7,7,7,6,7,6,7,6,6,6,4,6,6,5,7,4,6,6,5,7,6,6,7,6,6,6,5,6,6,6,5,6,6,5,5,5,5,6,6,5,6,5,5,5,5,6,4,5,6,4,5,6,5,5,5,5,5,6,5,5,5,6,5,5,6,5,7,6,6,6,5,7,6,6,6,6,7,6,6,6,7,6,6,7,6,6,7,6,6,7,6,5,6
R_3k0x1CM0xSNGn5r,1,1,7,6,7,3,7,7,7,1,7,6,7,6,6,7,7,7,7,7,5,5,3,3,6,7,6,7,7,7,7,7,7,7,7,7,4,3,4,4,5,2,3,4,3,3,4,5,5,3,4,4,5,4,1,1,1,1,1,1,1,1,1,1,1,1,1,1,1,1,1,1,7,7,7,6,7,7,7,7,7,7,6,7,7,7,7,7,6,7,6,7,6,7,6,6,7,7,4,7,6,7,6,7,6,4,6,6,1,1,5,3,5,4,4,3,1,3,2,5,6,4,5,6,1,5,1,3,2,3,2,2,1,1,2,1,3,1,5,1,5,4,3,1,1,1,1,2,2,1,1,1,2,1,2,1,2,1,3,2,1,1,7,7,7,6,7,6,7,6,7
R_5BwiNZSAqLgJNaF,5,5,5,5,5,3,5,5,5,5,5,2,5,5,5,5,5,5,4,4,4,4,4,4,6,6,6,6,4,4,4,4,4,4,4,4,6,6,7,6,6,1,7,7,7,7,7,3,7,6,6,7,7,6,1,2,2,1,1,1,2,2,2,2,2,1,2,2,2,2,2,2,7,6,4,6,6,7,7,7,7,7,7,7,4,7,4,4,4,2,5,5,5,5,4,7,4,2,5,4,2,7,4,4,3,4,2,7,1,1,1,1,1,1,1,1,1,1,1,1,1,1,1,1,1,1,1,1,1,1,1,1,1,1,1,1,1,1,1,1,1,1,1,1,4,4,4,4,4,4,4,4,4,4,4,4,4,4,4,4,4,4,1,5,2,7,7,4,4,7,2
R_3dJuBS7E3lqLU1H,6,6,6,6,6,6,6,6,6,6,6,6,6,6,6,6,6,6,5,5,5,5,5,5,5,5,5,5,5,5,5,5,5,5,5,5,6,6,6,6,6,6,6,6,6,6,6,6,6,6,6,6,6,6,2,2,2,2,2,2,2,2,2,2,2,2,2,2,2,2,2,2,5,5,5,5,5,5,5,5,5,5,5,5,5,5,5,5,5,5,3,3,3,3,3,3,3,3,3,4,4,3,3,3,3,3,3,3,2,2,2,2,2,2,2,2,2,2,2,2,2,2,2,2,2,2,2,2,2,2,2,2,2,2,2,2,2,2,2,2,2,2,2,3,2,2,2,2,2,2,2,2,2,2,2,2,2,2,2,2,2,2,3,3,4,4,5,4,5,5,3
R_3f2FisYXpSoCf8l,7,7,4,7,7,4,1,1,1,1,7,1,7,7,7,7,7,7,7,7,7,7,7,7,7,7,7,7,7,7,7,7,7,7,7,7,7,7,4,4,7,1,1,1,7,7,7,1,7,7,7,7,7,7,1,1,1,1,1,1,1,1,1,1,1,1,1,1,1,1,1,1,1,1,4,2,1,4,7,7,7,7,1,7,1,1,1,1,1,1,1,1,1,1,1,7,1,4,4,1,1,7,1,1,2,1,1,1,7,1,1,7,1,7,1,1,1,1,1,1,7,4,7,7,1,7,7,7,7,7,7,7,7,7,7,7,7,7,7,7,7,7,7,7,4,4,4,4,4,7,4,2,3,4,4,5,4,3,4,4,4,4,1,1,1,6,6,4,5,6,4
R_1YgKRqE0NgIlsdV,6,6,6,7,7,7,5,2,3,3,6,6,6,4,7,6,6,6,6,6,6,6,6,6,6,6,6,6,6,6,6,6,6,6,6,6,4,2,2,2,2,2,2,2,2,2,2,2,2,2,2,2,2,2,6,6,6,6,6,6,6,6,6,6,6,6,6,6,6,6,6,6,2,2,2,2,2,2,2,2,2,2,2,2,2,2,2,2,2,2,7,7,7,7,7,7,7,7,7,7,7,7,7,7,7,7,7,7,2,2,2,2,2,2,2,2,2,2,2,2,2,2,2,2,2,2,2,2,2,2,2,2,2,2,2,2,2,2,2,2,2,2,2,2,4,4,4,4,4,4,5,4,4,4,4,4,4,4,4,4,4,4,4,4,6,2,4,1,4,7,1
R_3uwEbYwlWlM1KUI,7,7,7,7,7,7,7,7,7,7,7,7,7,7,7,7,7,7,7,7,7,7,7,7,7,7,7,7,7,7,7,7,7,7,7,7,7,7,7,7,7,7,7,7,7,7,7,7,7,7,7,7,7,7,2,2,2,2,2,2,2,2,2,2,2,2,2,2,2,2,2,2,7,7,7,7,7,7,7,7,7,7,7,7,7,7,7,7,7,7,6,6,6,6,6,6,6,6,6,6,6,6,6,6,6,6,6,6,5,5,5,5,5,5,5,5,5,5,5,5,5,5,5,5,5,5,1,1,1,1,1,1,1,1,1,1,1,1,1,1,1,1,1,1,3,3,3,3,3,3,3,3,3,3,3,3,3,3,3,3,3,3,4,5,5,5,7,3,3,4,2
R_10Pv5vFxnhhta8q,4,4,4,4,4,4,4,4,4,4,4,4,4,4,4,4,4,4,4,4,4,4,4,4,4,4,4,4,4,4,4,4,4,4,4,4,4,4,4,4,4,4,4,4,4,4,4,4,4,4,4,4,4,4,4,4,4,4,4,4,4,4,4,4,4,4,4,4,4,4,4,4,4,4,4,4,4,4,4,4,4,4,4,4,4,4,4,4,4,4,4,4,4,4,4,4,4,4,4,4,4,4,4,4,4,4,4,4,4,4,4,4,4,4,4,4,4,4,4,4,4,4,4,4,4,4,4,4,4,4,4,4,4,4,4,4,4,4,4,4,4,4,4,4,4,4,4,4,4,4,4,4,4,4,4,4,4,4,4,4,4,4,4,4,4,4,4,4,4,4,4
R_7ckdqWxZ4wtJsOT,5,6,4,5,1,7,1,4,2,3,3,2,7,7,2,6,7,7,1,3,2,2,3,3,4,6,5,4,3,6,4,5,4,5,5,5,6,6,4,6,5,6,7,5,5,3,5,3,7,4,6,3,4,5,3,3,4,6,5,5,6,3,5,2,6,3,4,4,6,5,4,6,5,4,5,3,6,4,3,4,4,6,4,4,1,5,1,3,4,5,4,5,4,4,5,3,5,5,5,3,4,7,3,4,4,5,4,6,4,4,3,4,3,6,4,5,3,4,5,4,7,5,6,4,4,7,6,5,5,4,6,4,3,3,6,6,3,5,4,4,5,5,5,5,5,6,3,4,3,3,5,4,5,6,2,3,4,5,5,4,3,5,6,5,4,4,2,5,5,5,4
R_8105I0CRFoD9lxL,7,7,5,7,7,7,7,5,5,5,7,7,7,7,7,7,7,7,7,7,7,7,7,7,7,7,7,7,7,7,7,7,7,7,7,7,5,6,2,3,5,2,3,2,3,2,5,3,6,2,5,6,5,6,3,1,1,1,5,1,1,1,1,1,1,1,4,1,2,4,4,5,4,4,4,4,4,4,4,4,4,4,4,4,4,4,4,4,4,4,4,4,7,7,4,7,7,7,7,7,7,7,5,3,4,4,3,3,1,1,1,1,1,1,1,1,1,1,1,1,1,1,1,1,1,1,3,3,1,1,4,1,1,1,1,1,3,1,2,2,4,4,4,1,1,1,1,1,1,1,1,1,1,1,1,1,1,1,1,1,1,1,1,1,1,7,7,7,7,7,7
R_7K1fDTpiahJSpip,7,7,7,7,7,7,7,7,1,2,7,1,7,7,7,7,7,7,7,7,7,7,7,7,7,7,7,7,7,7,7,7,7,7,7,7,7,7,7,7,7,7,7,7,7,7,7,7,7,7,7,7,7,7,1,2,2,3,1,2,1,2,1,1,1,1,3,4,3,3,2,3,7,7,7,7,7,7,7,7,7,7,7,7,7,7,7,7,7,7,7,2,1,6,7,7,7,7,7,7,7,7,1,1,1,1,1,1,2,1,1,1,5,1,1,1,1,1,1,1,7,3,5,6,7,6,1,1,1,1,2,1,1,1,1,1,1,1,1,1,1,1,1,1,1,1,1,3,3,1,1,1,1,1,1,1,1,1,1,1,1,3,1,1,2,6,6,1,6,5,1
R_1uBw4qCNTxpu4bo,5,5,2,5,6,3,3,3,2,3,4,3,5,3,5,6,3,6,4,6,6,5,5,4,5,5,5,5,6,6,6,6,6,6,5,6,3,6,3,5,6,4,3,5,5,5,6,5,6,6,6,6,6,6,3,4,3,3,3,3,3,4,3,3,5,3,5,5,3,5,5,5,5,4,6,5,4,7,6,6,6,7,5,6,3,7,3,3,4,2,6,3,6,3,5,7,5,5,6,3,5,5,3,6,3,2,3,5,5,3,3,2,4,6,3,3,5,2,3,3,3,4,3,3,3,6,2,4,3,5,3,4,2,2,2,3,3,3,3,3,5,3,5,3,4,3,3,5,5,3,3,3,3,3,5,3,4,3,5,3,3,5,3,5,5,6,6,6,6,6,5
R_5dWl4F6g0LWrSxm,4,2,5,2,2,2,2,2,2,2,4,2,6,6,6,6,6,6,4,2,5,2,2,2,2,2,2,2,4,4,6,6,6,6,6,6,4,2,5,2,2,2,2,2,2,2,2,2,6,6,6,6,6,6,2,2,5,2,2,2,2,2,2,2,4,2,6,6,6,6,6,6,3,2,2,2,2,2,2,2,2,2,4,2,6,6,6,6,6,6,7,7,7,7,7,7,7,7,7,7,7,7,7,7,7,7,7,7,4,4,4,4,4,4,4,4,4,4,4,4,4,4,4,4,4,4,3,3,3,3,3,3,3,3,3,3,3,3,3,3,3,3,3,3,1,1,1,1,1,1,1,1,1,1,1,1,1,1,1,1,1,1,2,2,2,5,6,5,5,5,4
R_7d9LJMElavXEoKb,1,1,7,1,1,1,1,1,1,1,7,1,7,1,7,7,7,7,1,1,1,1,1,1,7,1,7,7,7,7,1,1,1,7,7,1,4,3,7,7,3,1,7,7,7,7,7,7,7,7,7,7,7,7,2,2,2,2,2,2,3,4,3,3,4,2,3,3,3,3,3,2,7,7,4,6,7,7,7,7,7,6,4,7,6,7,1,1,1,1,2,4,6,3,2,1,4,3,3,3,6,3,6,6,6,4,6,4,3,2,3,3,2,3,3,3,3,2,2,3,2,2,2,2,2,1,1,1,2,2,2,1,2,2,1,2,1,2,2,2,2,2,2,2,3,2,2,2,2,2,3,2,2,2,2,2,3,2,2,2,2,2,4,5,5,1,2,1,1,1,1
R_5JCNTQnM3Kg4P5Z,4,2,5,2,2,2,2,3,1,2,4,4,6,6,6,6,6,6,6,2,5,2,2,2,2,3,3,3,4,4,6,6,6,6,6,6,2,2,5,2,2,2,2,3,2,2,4,3,6,6,6,6,6,6,2,2,5,2,2,2,3,3,3,3,4,3,6,6,6,6,6,6,3,2,5,2,2,2,2,3,3,3,4,2,6,6,6,6,6,6,7,7,7,3,7,7,7,7,7,2,7,7,7,7,7,2,7,7,4,4,4,4,4,4,4,4,4,4,4,4,4,4,4,4,4,4,3,3,3,3,3,3,3,3,3,3,3,3,3,3,3,3,3,3,4,1,1,1,1,1,1,1,1,1,1,1,1,1,1,1,4,1,3,4,4,5,5,5,5,5,3
R_6eK6dYn3e4iFlGt,5,3,4,5,6,7,3,3,2,3,6,1,7,3,6,7,4,6,7,4,2,5,4,7,5,5,5,5,5,4,3,3,3,3,4,2,3,4,3,3,7,1,5,5,5,4,7,2,6,3,6,5,3,5,1,3,5,5,3,2,4,5,3,4,5,2,2,5,2,2,4,3,5,4,3,5,4,3,7,5,4,6,6,6,2,6,1,1,3,1,7,4,5,3,4,6,3,3,6,3,3,6,5,6,6,5,2,6,7,5,4,2,5,4,2,3,5,3,2,3,7,4,6,7,3,5,1,3,3,3,5,1,4,3,4,2,3,2,6,5,5,7,2,7,3,3,3,5,6,5,4,4,2,2,3,4,6,7,5,6,5,7,5,6,5,3,6,5,6,3,2
R_6PAMCi10s3wxg3x,6,5,4,5,4,3,5,5,4,3,5,5,4,3,4,6,3,4,5,3,4,3,3,4,5,3,4,3,4,4,4,4,5,5,3,5,4,4,4,5,5,4,5,4,3,3,5,4,4,4,4,5,5,5,5,3,3,4,5,4,4,5,3,5,4,4,3,3,3,4,3,5,3,4,5,5,3,4,6,5,4,3,4,5,3,3,4,4,3,6,4,4,4,5,3,4,4,3,3,3,5,5,3,3,4,6,5,5,5,6,4,3,3,4,4,4,4,4,2,3,3,4,5,4,3,4,4,3,3,3,5,5,4,3,3,4,5,4,5,3,3,4,2,4,5,4,2,5,3,5,4,5,3,2,6,5,3,5,6,3,4,4,6,4,4,4,4,4,3,6,3
R_6WCzn9UNtn9yc01,1,2,1,2,1,7,2,1,1,2,7,2,7,2,7,7,7,7,6,5,4,5,6,6,7,7,7,7,6,7,6,5,5,4,5,5,4,5,4,5,6,4,3,4,4,4,7,5,7,7,7,7,7,7,1,1,1,1,1,1,1,1,1,1,1,1,1,1,1,1,1,1,7,7,7,7,7,7,7,7,7,7,7,7,7,7,7,7,7,7,5,5,5,5,5,5,4,5,6,5,4,4,5,6,6,5,5,5,1,1,1,1,1,2,1,1,1,1,1,1,1,1,1,1,1,1,3,4,5,4,5,5,3,3,3,3,3,5,5,5,5,5,5,5,2,2,2,3,2,2,1,1,1,1,2,1,2,2,2,2,2,2,7,7,7,6,6,5,5,5,5
R_7hLOoZMHppgxOG5,1,2,6,7,2,3,1,1,1,1,1,1,7,2,6,5,6,7,6,7,5,7,6,6,7,7,7,7,6,6,6,6,6,6,6,6,6,6,6,7,7,5,5,6,5,6,6,5,7,5,7,7,6,7,3,5,6,4,3,3,5,4,5,4,3,3,3,4,4,3,4,3,7,6,5,1,5,6,7,7,7,7,6,7,1,3,1,2,3,1,6,3,2,4,3,7,6,6,4,3,5,6,3,5,2,2,2,6,1,1,1,4,2,2,1,1,1,1,2,2,2,2,2,2,2,5,1,1,2,2,4,3,1,2,1,2,2,2,4,1,4,4,1,5,2,2,1,2,2,2,1,1,1,1,2,2,2,2,2,2,2,5,2,4,5,6,7,2,4,3,2
R_6XKZRTQbM8WbKkV,3,6,5,2,4,5,2,1,2,2,5,1,7,7,7,7,7,7,7,5,4,7,4,3,7,7,7,7,7,7,7,7,7,7,7,7,7,7,7,7,7,7,7,7,7,7,7,7,7,7,7,7,7,7,1,1,1,1,1,1,1,1,1,1,1,1,1,1,1,1,1,1,4,2,5,2,7,5,7,7,6,7,1,6,1,1,1,1,1,1,7,7,7,7,7,7,7,6,7,7,7,7,7,6,7,7,7,7,5,5,2,7,1,5,1,1,1,1,1,5,6,5,1,1,1,6,2,3,1,1,1,1,1,1,1,1,1,1,1,1,1,1,1,1,4,4,1,1,1,6,1,1,1,1,1,3,1,1,1,1,1,1,2,4,4,4,5,5,1,4,3
R_7Uk5SuXewZgaJjP,4,6,7,6,7,7,5,5,5,5,7,2,7,5,7,7,7,7,6,6,5,6,6,6,6,6,6,6,6,6,4,5,4,6,4,4,7,7,7,7,7,7,6,6,6,6,7,3,7,7,7,7,7,7,2,2,2,2,2,2,2,2,2,2,2,1,2,2,2,2,2,2,3,2,2,2,2,2,3,3,3,3,3,1,3,4,3,3,2,3,4,5,2,4,3,7,3,3,4,3,2,6,2,5,3,2,3,3,2,2,2,2,2,2,2,2,2,2,2,5,2,2,2,2,2,2,3,3,6,4,4,3,4,4,4,4,6,3,4,3,5,5,6,6,4,4,6,4,4,5,4,4,4,4,4,6,5,5,5,5,5,5,4,5,6,4,5,4,4,3,3
R_5Qll8wPXn36mflA,3,7,1,1,6,6,1,4,1,1,7,1,7,7,7,7,2,7,7,5,6,7,7,7,7,7,6,6,6,7,7,6,7,5,6,6,7,6,7,6,6,7,7,5,5,7,6,6,5,6,6,7,6,7,2,2,4,4,3,2,2,2,3,2,2,4,3,3,1,3,3,4,7,7,7,7,6,7,6,6,5,6,6,6,7,7,7,7,6,6,1,2,3,1,2,1,1,1,2,2,1,1,3,2,1,1,2,1,1,1,1,1,2,2,1,2,1,2,2,1,3,1,1,1,2,2,3,4,5,4,4,4,3,5,3,5,6,3,4,4,4,5,5,4,1,2,1,2,1,1,1,2,2,2,2,2,1,2,1,1,1,3,1,4,4,1,6,1,1,1,1
R_5QLvxE5PsThM1rm,4,3,4,4,3,3,4,3,3,3,4,4,5,6,4,5,5,5,5,5,4,4,5,5,4,4,5,4,4,4,5,4,5,4,5,4,3,4,3,3,3,4,3,3,3,3,4,3,4,4,3,4,3,4,5,4,4,4,4,4,4,3,4,3,4,4,5,3,4,5,5,4,5,4,3,4,4,4,3,4,4,4,3,4,3,4,5,3,4,5,4,4,4,4,4,3,5,4,4,5,4,3,4,4,3,4,3,3,4,4,4,5,4,4,5,5,4,4,5,4,4,5,3,4,4,5,4,4,4,4,4,3,4,4,5,5,3,3,3,4,4,3,4,4,3,3,4,4,3,4,4,3,4,4,4,4,4,4,4,3,4,5,1,2,1,2,2,3,2,2,3
R_5WCNc08vhk2WHsz,2,3,6,2,6,4,6,3,6,5,6,6,6,5,6,2,7,7,7,7,7,7,7,7,7,7,7,7,7,7,7,7,7,7,7,7,6,6,6,6,6,6,6,6,6,6,6,6,6,6,6,6,6,6,3,3,6,2,2,2,5,5,5,5,6,2,5,6,6,6,6,6,6,4,2,4,1,4,6,6,6,6,2,6,1,1,1,1,1,1,7,7,1,3,2,7,3,4,3,3,1,7,1,1,1,1,1,6,1,1,1,1,1,1,1,1,1,1,1,1,1,1,1,1,1,1,2,2,2,2,5,2,2,2,2,2,5,2,5,5,5,5,5,2,2,2,2,2,2,2,2,2,2,2,2,4,2,2,2,2,2,2,2,6,3,3,3,2,2,2,1
R_1JO91wNjBxl18at,2,7,6,7,7,6,2,2,3,2,4,1,7,4,7,7,7,7,7,7,7,7,7,7,7,7,7,7,7,7,7,7,6,6,7,5,2,3,7,4,3,4,5,5,4,6,3,3,3,3,5,4,7,2,2,4,3,3,3,2,4,3,3,4,2,2,2,3,3,3,2,2,1,1,1,1,1,1,1,1,1,1,1,1,1,1,1,1,1,1,6,4,4,5,2,7,5,5,5,5,4,6,2,5,2,5,2,3,5,5,1,5,3,3,1,1,1,1,1,1,3,2,3,3,1,5,1,5,2,5,5,6,2,2,2,2,3,4,4,1,4,1,1,6,2,2,2,2,3,3,1,1,1,1,3,2,2,2,2,2,2,2,1,4,3,5,6,2,4,3,2
R_51LYGlDVFwmBPew,3,7,4,5,7,4,4,4,4,4,4,4,7,7,7,7,6,7,6,6,6,6,6,7,6,6,6,6,6,6,6,6,6,6,6,7,6,7,7,7,7,6,6,7,7,7,7,7,6,7,7,7,7,6,1,1,1,1,1,1,1,1,1,1,1,1,1,1,1,1,1,1,4,5,5,4,4,5,5,5,5,5,5,5,4,5,5,5,5,4,4,1,1,1,1,7,4,1,1,1,1,7,4,1,1,1,1,7,1,1,1,1,1,1,1,1,1,1,1,1,1,1,1,1,1,1,4,2,2,2,2,3,2,2,3,2,2,1,4,2,2,4,2,2,2,2,2,2,2,2,2,2,2,2,2,1,2,2,1,2,2,2,3,4,4,7,7,5,5,4,3
R_1P6gmAh1yGrVRyJ,6,5,3,7,7,6,6,5,5,7,6,4,7,7,7,7,7,7,5,7,4,4,3,3,7,7,5,7,7,6,6,7,7,5,7,6,5,7,7,6,6,4,6,5,4,6,7,6,7,7,7,7,7,7,3,1,1,1,1,2,1,1,1,2,3,1,2,1,1,1,2,1,7,6,5,5,5,4,6,7,7,7,4,7,1,2,2,2,1,2,3,6,4,2,7,6,6,6,6,4,1,5,7,7,7,6,1,6,2,4,5,6,3,6,1,1,3,1,2,3,7,6,2,1,1,5,6,5,7,6,5,6,4,1,6,3,1,6,2,2,2,2,1,3,4,5,7,6,5,6,2,2,2,2,3,4,2,4,5,6,1,6,2,6,6,2,6,1,4,4,2
R_1hmwSmfBJD2uUrn,3,7,4,4,6,4,2,3,6,3,4,3,5,6,6,6,5,6,6,4,6,6,5,4,7,7,5,7,5,7,4,5,5,5,6,3,5,5,2,4,3,2,2,3,3,4,5,2,3,3,5,2,3,3,2,1,2,1,3,2,2,1,2,1,2,1,2,3,2,3,2,2,2,4,5,1,4,1,5,5,5,4,4,4,1,2,1,1,1,1,1,1,1,1,7,7,1,1,7,1,1,7,7,1,1,1,1,7,7,5,7,6,7,7,7,7,7,5,4,5,7,7,7,7,7,7,4,5,4,5,7,6,3,4,4,4,3,4,4,4,5,6,5,6,4,4,5,5,4,7,4,5,4,3,5,6,5,4,5,4,4,7,6,4,6,2,4,1,3,2,1
R_1Pt45gVgllJ0D3e,7,7,7,7,7,7,7,7,7,7,7,7,7,7,7,7,7,7,7,7,7,7,7,7,7,6,7,7,7,7,7,6,7,6,6,5,5,6,7,7,7,7,7,7,7,6,7,7,7,6,7,7,7,7,1,1,1,1,1,1,1,1,1,1,1,1,1,1,1,1,1,1,2,3,1,3,1,1,1,1,6,6,1,1,1,1,1,1,1,1,6,1,2,1,5,1,1,2,5,5,1,1,1,5,1,1,4,1,1,1,1,1,3,1,1,1,1,1,1,1,1,1,2,1,1,1,2,2,2,2,2,2,2,2,2,2,4,2,2,2,2,2,2,2,4,4,4,4,4,4,4,4,4,4,4,4,4,4,4,4,4,4,4,4,5,1,7,1,1,1,1
R_6cnDu71dCJSak7v,7,4,7,4,4,4,7,7,7,4,4,7,7,4,7,7,7,4,2,2,3,3,3,3,6,5,6,5,4,2,3,3,2,2,4,2,4,4,1,4,4,4,1,1,1,1,1,1,7,7,7,7,7,7,1,1,1,4,4,4,1,1,1,1,1,1,4,4,4,4,4,4,1,4,6,1,4,4,7,7,4,7,6,7,1,1,3,3,3,1,4,4,7,4,4,4,7,7,7,7,4,7,1,1,1,1,1,1,4,4,1,4,4,4,1,1,1,1,1,1,7,7,7,7,7,7,1,1,7,1,1,1,7,7,7,7,1,7,4,4,4,4,4,4,7,7,4,7,7,7,4,4,4,4,4,4,7,7,7,7,7,7,1,1,7,7,7,4,6,7,4
R_69ebw9FqFLmxJFT,3,5,5,5,5,4,6,4,6,5,5,4,6,3,3,3,4,3,3,4,3,6,6,5,6,5,3,4,6,5,3,4,6,6,3,4,3,6,5,6,4,3,3,3,4,5,5,4,4,5,5,5,4,4,6,6,5,4,4,6,5,3,3,5,4,3,6,4,5,4,3,4,3,5,5,3,5,6,2,4,3,3,4,3,5,4,6,6,5,5,6,5,3,2,5,4,3,5,3,4,6,5,3,5,3,4,5,4,4,4,3,3,3,3,5,5,4,4,6,6,4,5,3,5,6,5,3,3,3,3,5,6,6,3,4,4,5,4,4,6,5,3,3,5,4,6,4,5,2,3,3,3,5,4,5,4,3,5,6,4,5,5,6,4,5,5,5,4,4,5,6
R_7ATbht1WmRFsrvj,6,6,5,6,5,5,5,6,5,6,4,6,5,6,6,6,5,5,2,2,3,2,3,4,2,2,2,2,4,4,3,2,2,2,2,3,6,6,6,6,5,6,6,6,6,6,6,6,6,6,6,6,6,6,2,2,3,2,2,2,2,2,2,2,2,2,2,2,2,2,2,2,6,3,6,6,5,6,6,5,6,6,6,6,6,5,5,6,6,6,6,6,6,5,3,6,6,5,6,5,1,6,5,6,5,4,3,5,5,5,5,5,5,5,5,5,5,5,4,6,6,5,6,6,6,6,3,3,6,5,5,4,3,4,4,5,6,6,5,3,6,5,6,5,5,5,5,4,6,5,5,5,5,5,5,6,5,4,5,5,5,5,5,6,6,5,5,3,3,3,5
R_7GdgPb3y18NKfwh,2,2,1,2,3,5,2,1,1,2,2,1,6,4,5,6,4,6,6,7,6,6,7,5,7,7,7,7,6,7,6,6,6,6,6,5,3,3,3,3,6,1,5,4,2,3,5,3,6,4,5,5,5,3,1,1,1,1,1,1,1,1,1,1,1,1,1,1,1,1,1,1,7,6,4,6,4,7,7,6,7,7,6,7,6,2,1,2,3,1,5,4,5,5,3,6,4,5,4,3,4,6,5,3,5,4,2,6,3,3,4,4,2,4,1,1,1,1,1,3,2,3,4,3,3,3,5,4,4,2,3,2,1,2,3,2,3,4,3,3,3,4,3,4,3,2,5,3,3,5,1,2,2,1,2,4,4,4,4,4,2,4,3,4,4,4,6,1,1,1,2
R_3GZC4xTbw1EjYR0,4,4,3,4,4,6,5,1,5,5,3,4,2,4,4,2,4,2,5,4,3,6,4,5,4,4,4,4,5,4,4,4,4,4,4,5,4,4,4,5,4,4,3,3,5,3,4,4,3,4,4,5,4,4,2,4,3,4,4,5,4,4,4,4,4,3,4,3,4,5,4,5,4,3,5,3,4,5,4,4,4,5,3,4,4,4,2,4,4,5,4,4,4,4,4,4,4,4,4,3,5,4,4,4,4,4,5,5,4,4,3,3,6,5,4,3,5,2,2,3,3,4,3,2,2,4,3,4,2,2,4,3,3,5,4,3,3,3,5,3,4,4,3,4,3,4,4,3,4,4,4,4,3,4,3,4,4,3,3,4,2,3,2,3,4,4,4,4,4,5,4
R_7qUicmuVxoNqvVn,4,3,5,6,5,2,3,3,4,4,4,4,6,6,3,4,5,6,2,4,5,3,5,5,6,3,5,4,5,5,6,4,3,5,3,5,3,5,3,5,5,6,5,3,4,6,6,4,3,5,4,5,5,3,4,4,5,3,4,4,5,4,6,4,5,5,5,3,4,5,3,5,6,4,4,3,3,4,5,4,4,5,6,4,5,6,3,4,5,5,3,3,5,5,4,4,3,5,5,4,4,4,3,5,5,3,5,6,5,3,5,3,5,6,4,3,6,5,5,5,4,4,3,5,5,4,4,4,3,5,4,4,4,3,2,3,5,4,5,5,3,3,3,3,3,5,3,6,3,2,3,4,4,6,5,3,4,4,3,3,2,4,6,6,6,5,3,4,4,3,4
R_1wc3M8jyIL1PL3G,5,5,2,2,3,3,2,2,2,2,3,2,3,6,4,5,5,5,6,6,5,6,5,5,5,5,5,5,5,6,5,6,4,5,5,2,5,5,5,6,5,3,6,5,6,6,6,6,4,5,6,5,5,3,2,1,2,1,4,2,2,3,2,2,1,2,2,2,2,3,3,2,5,3,5,5,6,6,5,5,5,4,4,4,3,5,4,5,5,2,3,3,3,4,6,3,3,2,2,3,3,3,5,3,4,2,1,6,2,2,2,2,6,2,2,3,3,2,2,2,3,3,3,3,2,6,2,2,3,2,3,2,3,2,2,2,3,2,2,3,2,3,2,6,2,1,3,2,3,2,2,3,2,3,2,2,2,2,2,3,2,6,3,2,2,2,2,1,3,1,2
R_3GyP56qlsumDlyp,6,7,6,7,7,6,6,3,6,7,7,1,3,3,2,2,7,7,7,7,7,7,5,7,7,5,7,7,7,7,6,6,7,7,6,6,7,7,7,6,7,7,7,7,7,7,7,3,3,5,3,5,3,2,5,3,1,1,2,2,2,1,3,2,6,2,2,3,3,5,3,1,7,6,7,2,7,7,7,7,7,7,6,7,7,7,3,6,7,7,3,5,1,2,1,6,1,1,1,1,1,1,2,2,3,1,1,6,6,6,7,7,7,7,1,1,1,1,1,1,2,5,1,5,1,7,2,1,3,1,7,5,1,1,2,1,1,3,2,3,1,1,6,5,3,1,4,5,7,7,1,2,1,1,1,5,2,1,1,2,5,2,1,2,5,6,7,5,6,5,5
R_5YldLlRaiI9dTSM,2,3,3,2,2,6,3,3,2,2,3,3,2,3,2,2,3,2,3,4,3,3,4,4,4,4,3,3,3,3,5,4,4,4,4,4,6,7,7,7,6,6,7,6,6,7,7,6,6,7,6,6,7,6,4,4,3,5,2,4,3,3,3,3,6,2,3,3,3,3,3,3,2,2,3,5,6,1,4,5,6,5,2,5,6,3,3,4,6,3,4,7,5,3,5,7,5,5,2,5,2,5,6,5,4,5,6,5,6,7,6,7,5,7,6,7,2,7,6,6,6,6,6,7,6,6,3,3,2,2,2,3,1,2,2,3,3,2,3,1,2,3,2,2,6,6,7,6,7,7,7,7,6,7,6,7,6,6,6,6,7,7,3,3,2,6,6,7,6,6,6
R_6R4SCKxcHB0F5Aw,3,3,2,2,5,3,2,2,3,2,3,3,2,3,3,2,2,3,1,4,3,3,3,3,5,2,4,4,4,2,2,3,3,4,4,2,7,7,7,7,7,7,6,6,6,6,6,6,7,6,6,7,6,6,4,3,4,4,3,4,4,3,4,3,4,4,4,4,3,4,4,3,3,3,6,5,7,4,6,6,6,4,2,6,3,6,2,3,6,2,6,5,6,3,6,5,6,7,2,5,5,5,6,5,6,3,5,7,6,6,7,6,5,6,6,7,1,7,3,6,7,7,6,5,6,6,1,3,2,3,3,4,3,3,3,2,1,3,2,2,2,2,2,3,7,5,5,6,7,4,6,6,7,7,7,6,6,5,6,6,7,6,2,2,1,6,6,6,7,6,6
R_3SpqmYTEA4FFAtP,1,1,1,1,1,7,1,1,1,1,1,1,7,7,7,7,1,7,7,7,7,7,7,7,7,7,7,7,7,7,7,7,7,7,7,7,1,1,1,1,7,1,1,1,1,1,7,1,7,7,7,7,7,7,1,1,1,1,1,1,1,1,1,1,1,1,1,1,1,1,1,1,1,1,1,1,1,1,1,1,1,1,1,1,1,1,1,1,1,1,7,1,7,7,1,7,7,7,7,7,1,7,7,1,7,1,1,7,1,1,1,1,1,1,1,1,1,1,1,1,1,1,1,1,1,1,7,1,7,7,7,7,7,7,1,7,1,1,1,7,1,1,1,1,1,1,1,1,1,1,1,1,1,1,1,1,1,1,1,1,1,1,7,7,7,1,7,1,1,1,1
R_7HqMCsGCntSHp26,2,6,3,2,6,2,1,2,2,2,2,2,6,4,6,6,6,6,2,2,3,3,6,3,5,4,4,6,6,6,6,6,4,6,3,3,4,4,3,2,4,3,4,4,3,4,4,2,4,4,4,5,6,2,2,3,2,3,3,2,2,2,3,3,4,2,3,3,3,4,5,2,6,6,6,6,6,6,6,6,6,6,6,4,2,2,4,4,2,2,5,5,6,5,6,7,5,5,6,4,4,6,4,4,6,4,4,5,6,5,4,5,6,6,2,3,2,2,4,6,3,3,4,3,5,6,2,2,3,2,3,2,2,2,2,3,2,2,3,4,4,4,4,4,3,5,4,4,4,5,2,2,2,2,2,6,3,2,5,5,5,4,1,4,4,5,5,5,5,4,3
R_5MhsycgAkiAAOZz,2,3,1,6,6,6,1,1,2,1,2,1,7,1,6,6,6,4,6,7,2,3,6,2,7,7,4,5,6,5,6,4,6,7,5,2,6,4,3,2,3,3,3,3,3,2,5,1,3,2,2,3,4,7,3,5,2,5,2,1,2,6,2,2,2,1,5,3,3,6,4,2,6,3,3,6,7,4,6,5,7,7,5,7,2,5,2,4,6,4,3,2,3,5,6,5,5,5,7,2,3,7,1,2,5,2,1,2,3,4,2,5,5,6,2,3,2,2,4,7,6,5,5,4,6,7,3,5,2,4,5,5,3,3,4,3,6,6,1,3,1,1,2,7,2,3,4,2,5,6,2,3,3,3,3,6,1,2,1,1,4,3,3,4,4,2,2,1,1,2,2
R_3vhTnduq0Nl9LyC,1,5,5,5,6,6,1,1,1,1,6,2,7,6,7,7,7,7,4,5,5,5,6,3,4,6,7,3,7,7,7,6,7,7,6,2,5,6,7,6,7,5,4,6,6,4,7,3,7,7,7,7,7,7,2,3,2,1,2,1,1,2,1,1,3,1,2,3,2,3,3,2,5,3,1,4,3,3,7,6,7,7,1,7,1,5,1,1,1,1,4,4,3,4,5,7,7,4,7,6,6,7,5,5,2,2,1,2,2,1,1,1,4,5,1,1,1,1,1,3,1,2,1,1,3,6,4,3,1,5,4,6,5,5,6,5,1,5,2,1,2,1,2,5,3,3,3,3,3,5,6,3,5,6,2,5,2,2,2,2,2,5,2,5,5,6,7,5,1,3,1
R_3fxyZDGNPRny34Y,6,7,7,3,7,6,5,3,6,5,5,6,2,3,7,6,7,7,6,3,5,3,5,6,6,6,6,7,7,6,6,6,6,6,6,5,6,3,6,3,7,7,2,3,2,2,3,2,5,5,6,5,6,5,2,1,1,1,1,1,1,1,1,1,1,2,2,1,3,2,1,1,6,6,7,7,2,3,7,7,7,7,7,7,6,6,6,6,6,2,6,5,6,2,2,6,6,6,3,7,4,4,3,5,2,3,2,2,5,6,6,5,5,5,5,2,5,5,3,5,2,3,2,2,5,5,3,2,2,2,3,2,2,6,2,2,5,2,5,6,5,2,5,5,7,6,7,7,6,5,5,6,3,5,5,5,6,5,5,3,6,3,3,5,6,5,6,3,6,7,2
R_14IQh7WrnXXlC7T,1,3,1,2,1,1,2,2,2,1,1,2,7,2,7,7,7,7,4,1,6,1,2,7,2,6,6,3,6,2,2,1,2,2,2,2,5,4,6,3,4,2,4,2,4,4,2,2,6,3,2,6,5,5,3,2,6,3,2,6,6,2,4,7,5,5,4,3,6,5,6,1,6,6,7,5,7,6,5,6,6,6,6,6,1,3,2,1,2,1,4,4,5,3,3,4,5,2,4,5,1,4,3,4,3,3,6,6,4,2,6,4,4,4,4,5,2,3,4,4,6,4,4,4,4,4,5,2,4,4,2,2,2,2,4,4,1,2,4,6,5,5,6,6,2,2,4,2,6,3,2,4,5,6,4,4,1,2,2,4,2,5,6,6,7,4,6,4,7,6,4
R_3QJWfNq3mlCgxMu,1,2,2,1,1,1,1,1,1,1,1,1,7,7,7,7,7,7,6,2,2,1,2,2,2,3,6,3,7,6,2,2,6,2,2,1,6,3,6,5,5,3,5,3,3,4,3,2,3,6,6,3,5,4,4,2,2,3,5,3,2,3,2,3,2,5,6,7,2,6,2,6,7,7,7,7,7,7,7,7,7,6,7,7,2,1,1,1,1,1,3,5,1,6,3,2,5,6,6,1,1,2,4,6,5,2,7,1,2,2,6,1,4,2,5,7,4,5,6,7,1,2,1,2,1,2,4,6,5,5,2,6,6,2,4,2,4,3,5,2,1,4,5,2,4,2,3,2,6,4,6,6,6,2,6,2,5,3,3,5,3,5,6,7,7,5,6,6,7,6,6
R_6yqrAaK7UCdhZ5u,4,5,6,6,5,5,5,5,5,5,5,5,7,6,7,7,6,7,6,6,6,5,6,6,6,4,6,6,7,7,7,6,7,7,6,7,6,6,6,6,5,5,5,6,5,5,7,4,7,7,7,7,7,6,1,1,1,1,1,1,1,1,1,1,1,1,1,1,1,1,1,1,6,5,2,4,5,4,6,6,6,6,7,6,2,5,3,2,2,2,5,5,3,4,4,5,4,3,4,5,3,6,3,3,4,2,3,4,3,2,3,3,3,4,2,2,2,2,1,1,2,3,2,1,1,2,3,2,1,3,5,4,3,3,2,3,3,4,1,4,1,1,1,6,1,2,2,3,4,5,2,2,3,3,2,4,2,3,2,1,2,5,3,4,3,5,4,4,4,3,4
R_3aFS6j3n7Sywjk8,5,4,4,5,4,5,4,5,5,4,4,5,4,4,4,4,4,5,4,3,3,3,4,2,3,4,3,4,4,4,4,4,3,4,3,3,5,6,6,5,5,5,5,5,5,6,6,7,5,5,5,6,5,5,4,4,4,3,3,4,4,4,4,3,4,3,3,4,3,4,4,4,5,4,5,5,4,5,5,4,5,5,4,5,5,4,5,4,4,4,4,3,3,6,3,2,3,3,5,3,2,5,3,3,3,3,2,5,4,4,4,4,4,4,4,4,4,4,4,4,4,5,4,5,4,4,4,4,4,4,4,3,3,4,4,4,3,4,3,3,4,3,4,4,3,3,4,3,4,3,4,3,4,3,4,4,3,4,4,4,3,3,4,4,4,5,5,5,5,6,5
R_3WSBCu4aTQChYvx,1,4,2,3,5,3,1,1,1,1,5,1,7,4,6,6,7,7,6,7,6,5,6,6,6,5,6,7,6,6,5,5,5,5,6,6,6,6,7,7,6,6,6,6,6,6,6,6,6,6,6,6,6,5,1,2,2,2,1,1,2,1,2,1,2,2,2,1,2,2,1,2,7,4,6,2,5,5,7,6,6,6,7,7,2,3,2,6,1,1,1,6,7,5,6,7,2,7,7,5,4,7,1,5,5,5,1,7,4,4,5,6,5,4,2,1,1,1,1,1,2,2,2,2,2,6,3,4,4,5,5,4,2,1,1,2,1,1,2,2,2,2,7,6,1,2,4,3,3,3,3,2,2,3,2,2,3,2,1,2,4,5,7,5,5,4,6,2,2,3,4
R_8q833o80U6w1ehB,3,5,4,7,7,5,4,4,3,3,3,2,7,5,7,7,7,7,7,6,7,6,6,7,7,7,7,7,7,7,7,7,6,7,6,6,4,6,6,7,7,6,5,6,6,6,6,5,7,5,7,7,7,7,1,2,2,2,3,1,2,1,1,2,3,1,2,2,3,2,3,2,7,4,3,2,2,7,7,7,7,7,5,7,1,7,7,1,1,1,7,6,1,6,1,7,2,2,7,2,1,7,1,1,4,4,1,1,3,5,3,2,3,2,1,2,2,1,2,2,5,1,2,6,5,6,4,3,2,1,4,1,1,1,1,1,1,2,5,2,3,2,1,3,5,5,5,7,6,5,4,5,5,5,3,6,6,5,5,5,3,6,3,5,5,2,6,2,6,1,1
R_7d79kydTzc59Ci8,2,6,4,5,5,4,2,3,2,2,3,2,7,5,7,7,6,7,7,7,4,7,4,3,7,7,7,7,7,7,7,7,7,7,7,7,4,6,6,4,3,3,3,5,3,3,6,3,7,7,7,7,6,7,2,4,2,2,4,3,2,2,2,2,4,2,7,2,7,5,5,7,6,3,7,5,5,7,7,7,7,7,7,7,1,4,1,1,2,1,3,4,5,5,5,6,4,5,5,4,4,5,7,7,7,7,4,7,4,5,4,5,3,3,5,5,5,5,4,5,6,6,5,6,6,6,4,4,5,4,5,4,5,5,5,5,4,5,1,2,1,1,3,1,4,4,5,4,5,5,5,5,4,5,4,5,3,4,3,3,4,3,4,6,6,3,4,2,1,2,1
R_60JhznVJQyLZ4TX,3,5,2,4,5,5,3,3,2,3,3,3,6,3,6,5,5,6,5,5,6,5,5,5,5,5,5,5,6,6,6,6,6,6,6,6,3,4,3,4,5,5,3,3,3,3,4,4,5,4,5,5,5,6,2,3,2,2,3,2,2,2,2,2,3,3,2,3,2,2,3,2,5,4,5,5,5,4,5,5,4,4,5,5,4,3,3,4,4,3,6,3,5,5,4,5,4,3,6,4,2,5,3,3,3,3,2,5,2,4,2,4,4,3,4,3,4,3,3,3,3,4,3,3,4,4,5,3,5,5,4,3,5,5,4,5,4,5,3,4,3,3,3,3,4,3,5,5,3,5,5,4,5,5,4,5,4,4,3,4,4,4,2,5,5,5,5,5,6,6,3
R_7LxDRRvLzdKp2fL,2,4,2,4,4,2,2,2,3,2,3,2,5,5,5,3,3,6,6,6,7,6,6,6,6,7,6,6,7,7,6,6,6,6,7,6,4,4,7,5,3,4,5,5,6,6,5,4,5,5,6,4,6,6,4,6,6,4,3,5,6,6,6,6,5,3,5,5,6,6,5,6,7,3,2,6,5,5,6,6,6,6,5,5,2,6,4,2,4,2,6,5,3,5,5,6,5,4,5,5,5,7,5,4,4,6,6,4,1,1,1,1,1,1,1,1,1,1,1,1,1,1,1,1,1,1,3,2,1,2,2,2,1,1,1,1,2,2,4,4,4,3,2,4,3,3,3,2,4,2,3,3,2,3,3,2,3,2,3,3,3,4,1,4,2,4,3,6,6,4,6
R_6DSToD0Se8irUlm,6,7,7,7,7,7,5,5,7,5,7,4,7,7,7,7,7,6,7,7,7,7,7,7,7,7,7,7,7,7,7,7,7,7,7,7,5,5,5,6,5,5,4,5,6,6,7,4,6,5,6,6,6,6,2,4,3,3,3,2,3,3,4,4,4,4,3,3,3,3,3,3,6,3,2,4,3,7,5,3,5,6,3,4,4,3,2,5,3,6,5,5,4,5,6,7,5,7,4,4,6,7,6,5,4,5,4,6,2,2,1,2,1,2,1,1,2,1,3,1,1,2,2,2,1,2,6,6,5,4,6,5,5,6,5,4,5,6,6,5,5,4,5,4,2,2,2,2,2,2,2,2,2,2,2,2,2,2,2,2,2,2,1,2,2,1,3,1,3,1,3
R_1xSl7tKJWoTGlcR,4,4,7,4,4,4,5,5,6,5,4,4,7,7,7,7,7,7,6,6,7,6,6,6,7,7,7,7,7,7,7,7,7,7,7,7,7,7,6,6,7,4,7,6,4,5,7,7,7,6,7,7,7,7,1,1,1,1,1,1,1,1,1,1,1,1,1,1,1,1,1,1,4,4,1,4,4,4,6,4,4,4,2,4,1,1,1,1,1,1,7,3,3,7,5,7,7,7,3,7,7,3,4,7,4,7,2,7,1,1,1,1,1,1,1,1,1,1,1,1,1,1,1,1,1,1,7,1,4,7,1,1,1,1,4,4,1,4,7,7,7,7,7,7,4,4,2,4,4,4,2,2,2,2,3,2,3,3,3,3,3,3,1,3,5,4,3,3,4,1,4
R_6V3JrWCblRnkBrh,1,3,6,4,4,3,1,1,1,1,5,1,7,1,7,7,7,7,7,7,7,7,7,7,7,7,7,7,7,7,7,7,7,7,7,7,7,7,7,7,7,5,7,7,7,7,7,5,7,7,7,7,7,7,3,3,5,3,3,4,5,5,5,5,4,3,3,6,3,4,4,3,1,1,1,1,1,4,3,1,2,1,1,2,1,1,1,1,1,1,1,1,3,1,3,6,1,2,1,1,1,5,1,1,1,1,1,5,1,1,1,1,1,1,1,1,1,1,1,1,1,1,1,1,1,1,1,1,1,1,1,1,1,1,1,1,1,1,1,1,1,1,1,1,1,2,2,3,4,3,1,1,1,1,3,3,2,1,3,2,4,3,1,3,4,2,3,1,1,1,1
R_7eqvkjmFy3B9tNR,1,1,1,3,1,1,1,1,1,1,1,1,1,1,7,1,1,7,7,7,7,7,6,6,7,7,6,7,7,7,7,7,7,7,7,7,1,2,2,3,6,2,3,4,2,1,6,3,5,5,7,7,3,2,2,1,2,3,3,3,2,2,4,2,3,3,4,3,6,2,6,4,7,5,2,5,7,7,7,7,7,7,7,7,1,7,4,7,7,5,1,7,7,7,1,7,7,2,7,6,4,5,1,2,2,3,3,4,3,7,7,7,7,3,1,1,1,1,1,1,2,7,6,2,7,7,6,1,4,2,6,3,5,2,5,1,6,4,1,4,1,2,1,1,2,5,5,6,1,5,2,6,3,1,5,3,2,2,2,2,2,2,3,7,7,6,6,1,1,7,1
R_3AjlkYeLUgzdSmt,4,6,6,6,6,3,4,6,4,4,6,3,6,6,6,6,6,6,6,6,6,6,5,6,6,6,6,6,6,6,6,6,6,6,6,6,5,7,7,7,7,4,4,6,7,4,7,4,7,7,7,7,7,7,2,3,3,3,3,2,3,3,3,3,3,3,3,3,3,3,3,2,6,4,4,4,4,6,6,6,6,6,4,6,2,2,2,2,1,2,6,3,2,2,2,6,3,1,4,3,2,4,1,1,1,2,1,3,6,6,4,6,2,6,2,2,4,2,6,2,6,6,6,6,6,6,6,6,5,6,5,6,4,4,5,4,6,4,6,6,5,5,6,6,4,4,4,4,4,4,4,4,4,4,4,4,5,4,5,4,4,4,2,3,4,6,7,5,5,4,4
R_3pVIc8nt9jUASoF,3,4,3,3,5,3,2,2,2,2,5,1,6,7,5,5,6,3,5,5,4,5,5,5,5,5,4,5,4,4,5,6,4,3,5,3,3,3,3,4,4,3,3,5,5,3,4,2,3,5,5,3,5,1,3,2,1,2,3,2,2,2,3,2,3,1,2,4,2,2,3,1,5,5,3,4,4,3,5,6,6,5,5,7,6,4,4,6,5,3,5,6,7,7,5,7,7,5,6,5,3,7,4,2,3,5,3,2,2,3,2,5,7,5,2,2,2,2,2,2,7,2,6,5,2,7,5,2,7,1,6,1,1,2,2,2,6,1,6,7,6,6,7,1,5,6,5,6,6,6,3,4,3,4,3,7,5,4,5,5,4,7,6,5,6,6,7,7,5,6,7
R_3PUgLnx8yXzM6YH,2,5,1,5,6,5,3,2,3,2,3,2,6,1,6,5,4,7,6,7,6,5,6,7,7,7,7,7,7,7,7,7,7,7,7,7,4,7,6,5,3,2,7,6,6,4,7,6,7,5,6,6,7,4,6,4,5,7,7,6,5,5,3,4,7,7,7,6,6,7,7,6,2,2,7,6,2,3,6,6,6,7,6,6,2,7,2,3,3,1,4,3,3,5,5,6,4,2,3,4,2,3,2,2,2,2,2,5,4,2,1,3,4,3,1,3,4,3,2,4,2,3,2,2,1,4,5,6,5,4,2,4,4,1,2,2,3,2,2,4,2,2,2,2,2,1,1,4,1,3,3,1,2,1,1,5,1,1,1,1,1,4,3,2,3,3,5,2,4,5,3
R_1iEWhdTQcGSDiFh,1,3,4,5,1,3,2,2,1,2,5,1,7,7,7,7,7,7,7,5,4,5,5,7,6,7,6,7,4,4,4,3,4,5,5,5,6,6,6,5,4,4,7,5,5,7,6,3,5,7,5,6,6,3,4,3,3,3,2,2,4,3,4,3,4,2,4,4,2,3,3,1,7,3,7,6,6,7,5,6,7,6,5,7,4,6,3,3,2,2,1,2,4,2,5,7,3,6,5,2,3,7,3,5,4,2,3,7,3,3,2,2,7,4,2,2,1,2,1,3,4,3,4,3,3,7,1,1,2,2,3,4,1,1,1,1,1,3,2,1,2,2,1,4,3,3,2,2,4,2,1,1,1,1,2,2,3,1,2,3,2,5,2,3,3,3,6,1,2,1,2
R_7pOegfUXPR49pHH,1,1,1,4,1,3,1,1,1,1,1,1,7,1,4,1,1,7,7,7,7,7,7,7,7,7,7,7,7,7,7,7,7,7,7,7,2,5,7,6,4,2,4,4,4,2,4,1,7,3,7,7,7,7,1,2,2,3,1,1,1,1,2,4,1,1,4,1,4,4,4,3,4,4,4,4,4,3,4,4,4,4,4,6,5,5,4,2,2,4,4,4,3,5,7,5,4,4,4,4,5,7,6,6,5,3,1,4,1,1,1,1,1,1,1,1,1,1,1,1,1,1,1,1,1,4,1,1,4,2,1,1,3,3,3,3,4,1,2,1,1,4,5,5,4,4,5,4,3,4,5,5,4,4,4,3,5,5,4,4,3,4,4,4,7,4,7,1,1,1,1
R_1bIRujGHunXIsGz,1,3,3,3,3,1,1,1,1,1,2,1,7,7,7,7,7,7,7,7,7,7,7,7,7,7,7,7,7,7,7,7,7,7,7,7,1,7,1,7,7,7,1,1,1,1,1,1,7,7,7,7,7,7,1,1,1,1,1,1,1,1,1,1,1,1,1,1,1,1,1,1,7,3,7,7,3,7,7,7,7,7,7,7,1,1,1,1,1,1,7,7,7,7,7,7,7,7,7,7,7,7,7,7,7,7,7,7,1,2,1,1,7,2,1,1,1,1,1,1,7,6,6,6,7,7,4,4,4,4,4,4,4,4,4,4,4,4,4,4,4,4,4,4,2,2,2,2,2,2,2,2,2,2,2,2,2,2,2,2,2,2,3,4,5,6,6,4,6,6,6
R_6RsHyhlRBxrThX9,1,7,1,6,7,2,1,2,1,1,2,1,7,7,7,7,7,7,7,7,7,7,7,7,7,7,7,7,7,7,7,7,7,7,7,7,1,6,7,7,7,2,1,6,6,6,6,1,7,7,7,7,7,7,1,1,1,1,1,1,1,1,1,1,1,1,1,1,1,1,1,1,7,7,7,7,7,7,7,7,7,7,7,7,1,3,1,3,2,1,7,7,7,7,7,7,7,7,7,7,7,7,7,7,7,6,7,7,1,1,1,1,1,1,1,1,1,1,1,1,1,1,1,1,1,1,2,3,7,6,7,7,3,1,7,1,3,3,5,7,3,7,3,7,4,5,4,5,5,5,3,3,5,5,3,5,5,5,5,5,4,5,4,7,7,3,7,1,3,1,1
R_7GxMSgO8dnwXYlK,3,4,2,2,1,7,3,4,1,3,2,5,2,7,4,6,7,2,6,7,3,4,1,2,2,1,3,1,1,7,1,1,1,1,1,1,7,7,7,7,4,7,7,5,4,7,7,4,3,7,2,7,7,6,7,5,7,7,7,7,7,7,7,7,7,7,5,7,7,5,7,7,6,1,1,4,5,1,1,7,7,7,7,6,1,1,1,1,1,1,1,1,1,1,1,1,1,1,1,1,7,1,1,1,1,1,5,1,1,1,1,1,1,1,1,1,1,1,1,1,1,1,1,1,1,1,7,7,7,7,4,7,7,3,7,5,7,7,7,7,7,7,7,7,6,1,1,2,4,4,3,4,4,4,4,3,4,5,6,3,4,2,4,7,7,7,7,7,7,7,7
R_23dMHGvc1b2TH6q,7,7,6,7,7,6,4,6,5,6,5,6,6,6,6,5,6,6,5,7,6,1,3,6,6,7,7,6,7,6,7,6,6,6,6,3,1,2,5,1,2,2,6,6,2,5,5,2,1,1,5,2,1,1,1,1,2,2,1,1,1,1,2,1,1,1,2,2,2,1,1,1,7,7,3,7,7,7,3,6,2,5,7,6,7,7,7,5,6,7,6,6,6,6,5,3,6,6,6,6,6,7,6,6,6,5,6,6,1,1,2,2,2,3,1,1,1,2,1,1,2,1,3,1,2,2,2,6,2,4,3,5,1,1,5,1,1,2,1,5,2,5,2,3,6,6,7,3,6,3,6,6,6,6,2,2,6,6,2,5,6,7,6,6,7,6,7,6,7,7,7
R_665tYUkNUAL4mb2,3,4,5,4,4,4,2,3,2,2,5,1,6,4,7,6,4,7,7,7,7,7,7,7,7,7,7,7,7,7,7,7,7,7,7,7,6,6,6,6,5,6,6,6,6,6,6,6,6,6,6,6,6,6,2,3,2,3,2,2,2,2,2,2,2,2,2,2,2,3,2,3,7,7,6,7,7,7,7,7,7,7,6,7,7,7,7,7,7,7,7,7,7,7,7,7,7,7,7,7,7,7,7,7,7,7,7,7,1,1,1,1,1,1,1,1,1,1,1,1,1,1,1,1,1,1,1,1,1,1,1,1,1,1,1,1,1,1,1,1,1,1,1,1,1,1,1,1,1,1,1,1,1,1,1,1,1,1,1,1,1,1,1,3,4,5,5,4,4,2,2
R_6NmHkkVEuceqIAa,1,7,4,4,7,7,1,1,1,1,7,1,7,1,7,7,4,7,7,7,7,7,7,7,7,7,7,7,7,7,7,7,7,7,7,7,4,7,7,7,7,7,4,4,4,4,7,4,7,4,7,7,7,7,1,1,1,1,1,1,1,1,1,1,1,1,4,1,1,1,1,4,6,4,5,4,7,5,7,7,7,7,4,7,3,7,1,4,4,1,4,4,3,7,1,4,3,4,4,4,3,4,7,3,7,4,1,7,1,4,1,4,1,1,1,1,1,1,1,1,7,7,4,7,4,7,4,4,4,4,1,4,4,4,4,4,1,1,1,1,1,1,1,7,4,4,4,4,4,4,4,4,4,4,4,4,4,4,4,4,4,4,5,5,5,4,5,4,4,4,3
R_6CrHF48mYQgVN65,1,4,3,3,3,3,4,1,5,3,1,2,3,3,4,5,5,3,4,4,3,4,4,2,4,5,5,3,4,3,5,5,4,3,4,4,5,5,5,5,5,1,4,6,5,2,5,5,5,5,4,4,5,5,1,1,1,1,1,1,1,1,1,1,1,1,1,1,1,1,1,1,7,7,7,7,7,7,7,7,7,7,7,7,7,7,7,7,7,7,6,6,6,6,6,5,6,5,5,5,5,6,5,6,5,5,5,5,7,7,7,7,7,7,7,7,7,7,7,2,2,2,2,2,7,7,3,5,3,4,4,5,3,5,5,4,3,3,6,5,5,5,4,4,5,7,7,7,5,7,5,7,4,7,7,6,7,3,5,7,4,7,7,7,7,5,5,5,5,6,5
R_7xPicICq91ZKDzC,3,6,4,6,5,6,5,4,4,4,6,2,5,5,6,6,7,7,6,6,7,5,5,5,5,7,6,7,7,7,5,5,5,5,5,5,6,6,7,6,6,5,5,5,5,5,7,3,7,6,7,7,7,7,5,5,6,5,4,4,5,4,5,4,6,4,5,5,5,5,6,5,6,5,5,5,4,5,5,6,5,5,2,7,3,6,3,3,3,2,5,5,6,5,5,6,4,4,6,4,5,6,5,5,5,4,5,6,5,3,3,4,4,3,3,5,3,3,2,5,4,3,3,3,3,2,2,3,2,3,2,2,3,4,3,3,1,2,2,2,2,2,2,2,3,3,2,3,2,3,3,3,3,3,2,4,2,3,3,3,3,2,2,3,3,3,4,2,3,2,2
R_5eyHrBpsIRhSlga,5,6,7,6,6,6,6,6,5,5,5,5,6,6,6,6,7,7,6,6,6,6,6,5,7,6,6,7,6,7,6,6,6,6,6,5,6,6,7,6,7,6,7,7,6,5,7,7,6,6,6,6,7,6,2,2,2,1,1,2,2,2,2,2,1,2,2,2,2,3,2,2,1,1,2,1,1,1,2,2,2,2,1,2,2,2,1,2,2,2,4,4,3,4,5,5,3,4,4,3,5,3,3,3,2,3,3,2,3,3,2,2,3,3,2,2,2,2,3,3,2,2,2,2,2,2,3,2,2,2,5,2,2,2,2,2,2,3,3,2,3,2,2,5,2,2,2,2,4,2,2,2,2,2,2,2,2,2,2,2,2,2,3,3,3,2,6,2,2,2,3
R_7HozcZHcGrS2VFn,1,7,6,7,7,7,1,4,2,5,7,6,7,6,7,7,7,7,7,7,7,6,6,5,7,7,6,7,7,7,7,7,7,7,7,7,4,6,7,7,7,6,5,7,7,5,7,5,7,6,7,7,7,7,1,1,2,3,2,1,2,3,1,3,3,2,4,2,5,4,5,4,1,1,1,1,1,1,1,1,1,1,1,1,1,1,1,1,1,1,4,2,3,4,4,3,3,5,5,3,5,6,3,2,1,6,1,6,1,1,1,1,1,1,1,1,1,1,1,1,1,1,1,1,1,1,1,4,2,2,5,5,2,3,2,1,3,1,2,2,1,2,3,4,2,2,3,1,3,3,2,1,2,1,4,3,1,2,2,1,1,4,1,4,2,1,1,1,1,1,1
R_5f3wzd9ZJ7plgzf,4,6,3,7,7,3,4,3,7,6,6,5,7,4,7,7,7,7,6,7,6,7,6,6,7,7,7,7,6,7,5,5,5,5,7,3,3,5,6,7,7,2,3,7,7,7,7,5,6,7,6,6,7,4,2,5,6,5,3,2,5,6,4,5,6,3,3,5,3,5,5,3,7,4,5,3,4,2,6,6,7,7,3,4,5,5,6,4,3,2,7,1,3,3,1,7,5,1,7,3,1,3,3,4,5,4,1,2,6,6,4,6,5,7,4,5,1,3,2,3,2,2,3,1,1,1,2,3,3,3,4,2,4,2,4,3,4,5,4,4,2,1,4,5,2,3,3,5,5,4,4,3,3,4,4,5,6,5,5,4,7,7,5,5,3,5,6,2,1,3,2
R_1p9cGQFJycc3KW1,2,3,3,2,4,5,2,2,3,3,3,5,7,4,4,3,4,5,3,2,5,2,4,2,4,2,2,2,3,3,4,2,1,2,3,6,3,3,2,3,5,2,4,2,2,3,2,3,3,3,2,4,2,2,4,6,2,2,2,2,2,3,2,2,3,2,2,2,2,3,3,3,2,2,2,4,3,3,3,1,2,1,2,2,1,3,5,1,2,3,2,2,3,1,2,1,2,2,2,2,1,2,3,3,3,3,2,2,2,2,3,2,2,3,4,3,2,1,2,3,3,4,2,3,2,2,2,4,3,2,3,4,3,2,4,4,3,3,2,2,3,3,2,4,2,3,3,4,3,4,3,6,3,2,4,3,4,2,4,5,5,2,3,2,3,4,4,4,2,2,3
R_59jB06sCGEMs7EB,1,4,1,1,4,1,1,1,1,7,1,1,7,7,7,7,1,7,7,4,1,4,1,4,7,7,7,7,4,7,7,7,4,4,7,1,1,1,7,1,4,1,7,7,7,7,1,1,7,1,7,7,1,1,1,1,1,1,1,1,1,1,1,1,1,1,1,1,1,1,1,1,7,7,7,1,7,7,7,7,7,7,4,7,7,7,7,7,4,7,7,7,7,7,7,7,1,7,7,7,7,7,7,1,7,1,1,7,1,7,7,7,7,7,1,1,1,1,1,7,1,7,1,1,1,7,1,1,7,7,7,7,1,1,1,1,7,7,1,1,1,1,1,1,1,7,1,7,7,7,1,1,1,1,4,7,1,1,1,1,1,1,1,7,7,4,1,1,4,7,7
R_5v7wSSqI0zUc264,5,5,6,6,6,6,4,6,5,6,6,4,6,5,6,6,6,6,5,5,6,6,5,5,6,5,6,6,6,6,5,5,4,4,3,5,5,4,4,4,4,4,4,4,4,4,4,4,4,5,4,4,4,4,2,2,3,2,3,2,2,3,3,2,3,3,3,2,3,3,3,2,5,6,3,4,5,6,6,6,5,6,6,6,5,4,6,4,5,5,6,6,4,5,4,6,6,6,6,5,3,6,6,6,4,4,3,5,6,5,3,3,6,3,6,5,5,6,4,4,6,4,4,6,5,5,3,2,3,3,3,4,4,4,3,6,6,3,3,3,2,4,3,3,4,3,4,5,4,3,4,4,6,4,3,4,4,3,4,4,5,3,3,3,4,6,5,5,4,6,6
R_53YmNdo0adKoIVj,7,7,4,7,7,7,5,3,3,5,7,7,7,4,7,7,7,7,7,7,7,7,7,7,7,7,7,7,7,7,7,7,7,7,7,7,7,7,7,7,7,7,7,7,7,7,7,7,7,7,7,7,7,7,1,1,1,1,1,1,1,1,1,1,1,1,1,1,1,1,1,1,1,2,3,1,1,1,3,4,5,5,1,3,1,1,1,1,1,1,7,7,7,7,7,7,7,7,7,7,7,7,7,7,7,7,7,7,1,1,1,1,1,1,1,1,1,1,1,1,1,1,1,1,1,1,4,4,4,4,4,4,4,4,4,4,4,4,4,4,4,4,4,4,2,2,2,2,2,2,2,2,2,2,2,2,2,2,2,2,2,2,1,4,3,6,7,2,4,2,1
R_1D7AB4jyJjyAFRn,3,4,2,3,5,3,3,1,2,1,2,1,6,4,5,5,4,6,5,6,5,5,6,6,5,6,5,5,3,5,6,5,5,5,6,5,4,6,6,6,4,3,4,5,4,3,5,5,5,5,5,5,5,5,6,4,6,4,6,5,5,4,5,4,6,5,5,4,5,5,5,5,5,5,3,5,3,5,6,2,3,6,6,6,4,3,2,3,5,1,3,2,2,3,3,3,3,2,3,3,1,3,3,2,3,3,2,2,4,3,4,2,3,3,3,3,3,6,3,2,2,2,3,3,2,3,4,5,4,4,5,7,5,5,5,5,4,5,5,6,4,5,5,5,2,5,5,5,3,4,4,2,3,5,2,3,5,3,4,4,4,4,3,4,4,3,4,1,2,3,2
R_7jePo6gvKFJSvZv,4,5,6,5,5,5,5,5,6,4,2,3,6,4,6,6,6,7,7,7,7,7,7,7,6,7,7,7,7,7,7,7,7,7,6,7,7,6,7,5,6,7,6,6,7,5,7,5,6,7,6,7,6,7,2,1,1,1,4,1,1,2,1,1,2,3,1,3,2,3,3,4,3,7,4,4,5,3,6,6,7,7,6,7,4,5,5,6,5,1,7,5,7,6,4,7,5,1,1,4,1,6,1,2,4,5,5,7,1,1,2,1,1,1,1,2,2,3,3,3,2,2,1,1,3,1,1,1,1,1,1,1,1,1,1,2,4,1,3,1,1,1,4,1,2,1,2,1,1,3,1,2,2,1,1,1,1,1,2,2,2,1,2,6,6,5,6,4,6,5,4
R_5R2hCvrsksQAfR1,6,6,6,6,7,7,5,1,1,4,1,1,7,2,6,6,6,2,2,5,4,5,6,1,6,3,3,6,5,6,6,2,6,6,6,5,1,2,6,4,7,1,1,2,2,2,4,2,6,6,5,6,6,2,1,1,1,1,1,1,1,1,1,1,1,1,1,1,1,1,1,1,7,7,6,7,7,7,7,6,7,7,7,7,2,2,1,4,1,2,7,7,4,7,2,7,7,1,7,4,4,7,4,4,5,4,3,7,6,3,7,4,4,7,7,5,7,7,1,6,3,6,1,4,4,5,1,1,2,2,7,2,2,4,1,2,6,1,4,4,5,7,5,5,4,5,7,5,4,5,6,4,6,5,4,6,6,6,4,5,6,6,6,6,6,5,6,6,6,6,6
R_1LO30jSOHi3M7Tl,6,4,5,4,4,2,5,3,2,3,3,6,4,4,4,5,6,4,2,2,4,3,5,5,4,5,5,4,2,4,2,4,2,3,5,3,3,6,3,3,2,2,5,5,4,2,5,2,6,3,5,5,5,5,1,3,4,2,5,4,5,3,5,5,4,4,4,5,6,3,3,2,4,6,4,2,2,3,5,4,5,6,2,3,3,6,5,5,2,6,3,4,5,2,4,5,5,6,6,4,5,4,3,5,6,2,3,3,5,6,4,5,6,4,3,4,2,2,6,3,6,6,5,3,5,2,2,3,4,4,6,4,3,4,6,5,2,4,6,2,2,5,6,4,4,5,3,2,2,6,5,5,4,4,3,3,6,6,5,2,5,4,4,5,3,2,5,4,3,5,5
R_50Zq0hK1Usem0a7,5,3,3,3,6,3,2,4,5,6,5,4,4,5,4,5,6,3,6,3,4,3,2,4,5,6,6,3,5,3,5,4,2,3,6,4,3,3,4,3,3,5,1,5,2,6,3,6,4,5,5,5,6,7,3,3,2,5,6,4,4,4,6,3,3,3,2,3,6,6,6,5,4,2,3,3,3,4,6,5,6,5,4,5,6,5,5,6,2,6,6,2,5,6,3,3,2,4,6,2,4,4,6,5,4,5,3,4,4,5,7,6,6,2,4,3,4,5,3,6,4,3,5,5,5,2,2,3,4,6,5,5,6,3,5,2,3,5,6,3,4,6,6,3,6,2,6,2,4,4,5,4,6,6,5,6,2,3,4,5,5,4,4,2,4,4,3,3,6,5,3
R_1q11hWDERTtcdmV,2,2,6,5,4,5,2,2,3,2,5,2,6,1,6,6,6,6,7,7,7,7,7,7,7,7,7,7,7,7,7,7,7,7,7,6,6,6,7,7,7,5,7,7,7,7,7,6,7,7,7,7,7,6,2,2,2,2,2,2,2,2,2,2,2,2,2,2,2,2,2,1,6,4,4,3,6,4,6,6,5,5,3,5,4,5,4,3,3,3,6,6,5,5,4,6,4,5,5,4,5,5,5,4,5,5,5,6,1,1,1,1,1,1,1,1,1,1,1,1,1,1,1,1,1,1,1,1,1,1,1,1,1,1,1,1,1,1,1,1,1,1,1,4,1,1,1,1,1,1,1,1,1,1,1,1,1,1,1,1,1,2,3,5,5,4,4,3,5,3,1
R_1ROL4m2WMlgKHH8,1,1,1,1,2,1,1,1,1,1,6,1,6,6,6,6,6,6,6,6,7,6,6,6,7,7,7,7,7,7,6,6,7,6,6,6,6,3,6,3,4,3,4,5,6,3,4,6,3,3,3,3,3,3,6,6,6,6,6,6,5,6,6,6,6,6,6,4,4,4,4,4,2,5,6,5,5,6,6,6,6,6,4,6,2,2,2,3,3,3,7,5,7,3,4,7,3,5,7,2,4,7,3,4,3,2,2,4,1,1,1,1,1,1,1,1,1,1,1,1,1,1,1,1,1,1,2,2,1,2,4,2,2,1,1,2,3,2,3,3,3,4,2,5,3,2,1,2,4,2,1,1,1,1,2,1,2,2,2,2,2,5,2,3,5,4,4,4,4,4,1
R_3rHeTYB6QqvJLNj,2,2,7,6,6,6,1,2,2,2,2,1,5,2,2,6,6,6,5,2,1,2,6,2,2,3,2,2,5,4,6,2,6,2,2,5,2,2,2,2,6,2,2,2,2,2,6,2,5,6,2,5,4,3,2,2,2,3,6,2,2,2,2,2,6,2,2,6,5,2,6,2,6,6,6,6,2,6,6,6,6,6,6,6,4,2,6,3,3,2,6,7,7,5,1,6,6,6,7,6,4,6,4,6,6,6,6,5,2,2,2,2,7,2,2,2,2,2,4,2,7,6,7,6,6,6,3,2,2,2,7,1,2,2,2,2,4,2,6,3,5,5,5,2,4,6,7,6,7,6,6,5,6,5,3,6,6,7,7,7,7,7,7,7,7,6,6,6,6,6,6
R_6lk6seLp5iZj5rX,6,6,6,3,6,5,5,5,6,5,3,5,5,5,5,5,6,6,6,3,2,3,2,2,2,6,3,3,5,4,5,6,4,6,4,5,3,5,5,5,4,4,5,5,3,5,5,5,5,3,3,5,5,4,4,6,6,5,6,5,5,5,5,4,5,6,4,5,5,5,6,5,6,5,6,6,5,2,5,6,6,5,3,6,5,5,5,5,5,5,3,2,2,4,5,6,2,5,4,5,2,6,5,2,3,3,2,3,4,3,5,5,4,3,5,4,5,4,3,5,5,4,5,4,4,5,2,5,5,4,3,5,3,3,5,5,4,6,4,5,2,3,4,6,3,2,3,3,4,5,3,3,2,4,2,6,2,3,3,3,3,5,2,5,3,5,4,4,4,4,4
R_1BbL1kAatenkvuM,3,5,4,5,2,5,5,4,3,5,4,5,3,5,4,4,3,4,3,2,2,4,3,3,3,3,2,3,3,3,4,4,3,4,2,2,3,3,2,2,3,2,2,3,2,3,2,2,3,3,2,2,3,3,3,2,3,2,2,2,2,3,2,2,3,2,3,2,2,3,3,3,5,5,5,5,4,3,4,5,5,4,4,4,5,4,4,4,5,5,3,4,3,3,4,4,3,4,3,2,3,3,4,4,3,4,4,2,4,6,4,5,4,5,4,5,4,5,6,3,4,6,5,6,4,5,3,3,4,3,3,4,3,3,4,4,3,2,3,2,2,3,4,2,4,4,4,3,3,4,3,5,4,3,3,3,3,3,4,4,4,3,5,4,5,5,4,6,5,4,5
R_1PUDNJmu4ul2oCQ,5,5,5,5,5,5,5,6,6,6,5,5,6,5,5,7,5,5,5,4,5,5,5,4,6,5,5,5,5,4,5,6,5,5,5,5,6,6,6,6,6,5,6,6,6,6,6,6,6,6,6,6,7,6,5,5,5,5,5,5,5,5,5,5,5,5,5,5,5,5,5,5,4,4,4,4,4,4,4,4,4,4,4,4,4,4,4,4,4,4,4,4,4,4,4,4,4,4,4,4,4,4,4,4,4,4,4,4,3,3,3,3,3,3,4,3,3,3,3,3,3,3,3,3,3,3,5,5,6,5,5,5,5,5,5,5,5,5,5,6,5,5,5,5,5,5,5,5,5,4,5,5,5,5,5,5,5,5,5,5,5,5,5,5,5,4,4,5,4,5,5
R_65aSkMPoqCKaEDL,5,3,5,3,4,5,5,5,5,6,4,5,5,4,5,5,3,4,3,3,3,3,3,3,3,3,4,3,3,4,3,3,4,3,3,3,3,3,3,3,3,3,3,3,4,4,3,3,3,4,3,3,4,3,4,4,4,4,4,4,4,4,4,5,4,5,4,4,4,4,3,5,4,5,4,4,4,4,4,4,4,5,4,4,4,5,4,5,4,4,4,4,4,3,4,3,4,4,4,5,4,3,3,5,4,4,4,4,5,4,4,4,4,4,4,5,4,4,4,4,4,4,5,4,4,4,4,3,4,4,4,4,4,4,4,4,4,4,4,4,4,4,4,4,4,4,4,4,4,4,4,3,4,4,4,3,4,5,3,4,4,4,6,6,6,6,6,6,6,6,6
R_7v0vZZhj3dcNWO1,4,7,6,7,7,7,4,4,4,4,7,4,7,4,7,7,7,7,7,7,7,7,7,7,7,7,7,7,7,7,7,7,7,7,7,7,5,7,6,6,7,4,4,4,4,3,7,3,7,4,7,7,7,7,2,2,2,2,2,2,2,2,2,2,2,2,2,2,2,2,2,2,4,2,2,2,1,2,4,2,4,4,2,4,1,2,1,1,2,1,2,2,2,2,2,2,2,2,2,2,2,2,2,2,2,2,2,2,1,1,1,1,1,1,1,1,1,1,1,1,1,1,1,1,1,1,6,7,6,7,7,7,4,3,4,4,7,6,7,4,7,7,7,7,4,4,4,4,4,4,4,4,4,4,4,4,4,4,4,4,4,4,1,4,4,1,1,1,1,1,1
R_3mdRITMVIQnms2N,4,1,1,4,4,6,2,1,2,2,4,7,6,4,6,7,5,7,2,1,2,2,2,5,4,4,6,2,4,6,3,4,4,4,2,2,3,3,4,4,2,5,5,3,3,3,3,5,4,3,3,4,5,4,3,2,3,2,2,2,3,2,2,3,2,3,3,2,2,2,2,3,2,2,2,2,3,2,3,3,4,3,6,5,5,5,5,4,5,5,5,4,5,5,3,5,4,5,4,4,5,5,5,5,3,4,5,5,2,2,4,5,4,3,4,6,5,4,4,6,6,6,6,6,6,6,3,3,2,3,5,2,3,5,5,3,4,3,3,3,5,2,3,5,3,4,3,4,3,4,4,4,5,3,4,4,3,4,4,4,5,5,3,4,4,4,4,4,4,4,4
R_7D77ba6E5ZX2aJj,2,2,2,2,2,2,1,2,2,2,6,6,6,6,6,6,6,6,6,6,6,7,6,5,6,2,5,6,6,6,6,6,6,6,6,5,5,5,5,4,4,4,5,6,3,5,5,5,4,4,4,5,6,6,3,3,3,3,2,2,2,2,2,2,2,3,3,2,2,3,3,2,6,5,6,6,6,6,4,6,6,6,5,4,6,4,6,4,6,6,5,5,6,6,6,6,4,5,5,5,6,5,4,5,6,5,5,6,2,2,3,2,3,3,3,2,3,3,2,3,2,2,2,3,2,2,3,3,3,4,4,3,2,3,4,3,3,4,5,3,4,4,3,6,3,3,3,3,3,3,3,3,3,2,3,2,2,3,3,2,3,3,6,6,5,6,5,5,5,5,6
R_6qpz8kZLW83HCIU,2,6,2,6,6,3,6,3,3,5,6,2,6,6,5,6,6,5,7,7,7,7,7,7,7,7,7,7,7,7,7,7,7,7,7,7,6,7,7,7,7,6,7,7,7,7,7,6,7,7,7,7,7,7,3,3,4,3,3,4,4,4,3,3,4,3,3,4,4,4,3,4,1,1,1,1,1,1,1,1,1,1,1,1,1,1,1,1,1,1,3,2,1,1,3,6,2,3,1,1,3,5,2,2,3,1,1,6,1,1,1,1,1,1,1,1,1,1,1,1,1,1,1,1,1,1,1,1,1,1,1,5,1,1,1,1,1,4,1,1,1,1,1,5,2,2,2,2,2,2,2,2,2,2,2,2,2,2,2,2,2,2,1,5,3,7,7,1,1,1,1
R_3D5lJHP000iLLjN,4,4,4,4,4,4,1,1,4,1,4,1,7,7,7,7,7,7,7,7,7,7,7,7,7,7,7,7,7,7,7,7,7,7,7,7,7,7,7,7,7,4,7,7,7,7,7,4,7,7,7,7,7,7,4,4,3,4,3,3,4,3,3,3,4,3,4,4,4,4,3,3,1,4,4,4,7,1,7,7,4,7,4,7,1,1,1,1,1,1,3,3,2,2,5,7,2,2,2,2,2,7,2,2,2,3,2,7,3,1,1,1,1,1,1,1,2,1,1,3,3,3,3,3,3,3,1,1,1,1,4,1,1,1,1,1,1,1,1,1,1,1,1,4,1,1,1,1,2,2,1,1,1,1,1,1,1,2,2,2,2,3,1,3,2,6,6,1,1,1,2
R_6wnlDyZVW0P102o,5,3,7,6,6,5,7,6,6,7,6,7,7,6,7,4,7,6,5,4,3,3,4,5,7,3,6,4,4,4,7,3,4,5,3,3,5,5,5,4,6,2,4,5,6,2,6,6,3,5,3,6,5,3,7,3,4,4,5,2,6,3,2,3,5,5,3,6,6,3,6,2,4,4,3,4,5,4,2,7,5,6,7,4,6,5,7,7,2,6,6,5,5,4,3,4,6,6,5,3,3,6,4,4,1,4,6,6,4,5,2,2,2,6,4,6,5,3,2,5,2,5,4,4,5,5,4,3,5,5,6,6,3,5,6,4,4,4,5,4,5,3,5,4,1,4,4,5,4,5,5,4,2,3,3,3,2,7,3,5,6,2,5,6,5,4,2,2,3,3,3
R_7M3CX5B0Itu68Nh,1,1,1,1,1,1,1,1,1,1,1,1,7,1,7,7,7,7,7,7,7,7,7,7,7,7,7,7,7,7,7,7,7,7,7,7,1,1,7,6,5,1,2,1,2,2,6,1,7,1,7,7,7,7,1,1,1,1,1,1,1,1,1,1,1,1,1,1,1,1,1,1,7,7,2,7,3,7,7,7,7,7,7,7,1,1,1,1,1,1,7,7,1,6,3,7,5,6,3,1,1,7,1,1,1,1,1,1,1,1,1,1,1,1,1,1,1,1,1,1,1,1,1,1,1,1,1,1,1,1,1,1,1,1,1,1,5,1,7,1,7,7,7,7,2,2,1,1,1,1,1,1,1,1,1,1,1,2,1,2,1,1,1,5,5,7,7,1,1,1,1
R_5KBlLU15f6I9gOS,3,4,2,3,2,2,3,3,2,3,4,3,6,3,6,5,5,7,6,6,5,6,4,7,7,7,6,7,7,6,6,7,5,7,7,4,5,5,3,6,7,4,3,4,4,4,6,1,6,2,6,7,6,7,1,1,1,1,1,1,1,1,1,1,1,1,1,1,1,1,1,1,3,4,6,7,2,6,6,5,6,6,2,7,2,5,3,3,3,1,4,2,6,4,2,5,5,3,6,5,5,7,5,6,5,5,2,5,4,3,3,4,6,5,3,2,4,5,2,5,5,4,6,5,5,6,1,1,2,2,4,1,1,1,1,1,3,2,3,2,3,5,2,6,4,5,6,5,6,5,5,2,2,2,1,3,3,5,5,4,4,6,3,2,2,7,6,6,5,7,3
R_74MD4oYQswF4CmR,4,6,7,7,7,5,2,2,3,2,4,2,7,2,7,7,6,7,6,6,6,6,6,6,6,6,6,6,6,6,6,6,6,6,6,6,6,7,6,7,7,6,5,4,4,4,4,5,7,2,7,7,7,7,4,7,6,6,7,6,4,4,4,4,5,6,7,4,7,7,7,7,5,3,4,4,2,2,4,5,4,4,4,4,2,6,2,2,2,1,2,1,4,2,1,2,2,4,4,4,2,4,4,2,4,4,2,2,1,4,1,4,5,1,2,1,1,1,1,1,1,1,1,4,1,7,3,4,4,5,4,5,3,4,4,4,4,4,4,4,4,4,4,5,4,5,4,5,5,6,4,4,4,4,4,4,4,4,4,4,4,6,3,4,4,4,3,3,4,1,1
R_1khKt4kCszD3uxJ,5,3,3,3,4,5,5,5,5,5,5,5,2,6,3,5,3,2,7,7,7,7,7,7,7,7,7,7,7,7,7,7,7,7,7,7,5,6,6,6,6,6,6,6,6,6,6,7,7,6,6,7,6,6,2,3,3,2,3,3,2,3,3,3,2,2,3,3,3,2,2,2,1,1,1,1,1,4,4,4,4,4,1,1,1,1,1,1,1,1,4,5,6,5,5,6,6,5,3,5,5,6,4,5,5,5,5,6,4,4,3,4,3,4,2,2,2,2,4,2,3,4,4,4,3,4,1,3,2,3,3,2,2,2,1,1,2,4,2,3,2,2,3,4,1,2,2,2,2,2,1,1,1,1,2,2,1,2,1,2,2,2,1,4,5,3,4,3,3,5,3
R_3I5HtBBVibsA3W1,6,6,4,7,5,5,3,5,7,5,6,4,3,5,6,3,2,3,1,6,3,3,5,2,5,6,2,3,3,3,2,3,4,5,5,5,4,4,3,4,4,4,5,2,2,4,3,2,6,4,6,2,6,4,2,2,3,2,5,4,4,5,2,4,5,3,4,5,3,3,5,3,5,5,5,3,2,2,4,3,3,5,3,1,3,3,6,5,5,4,3,3,5,5,3,4,1,4,1,4,1,2,1,1,7,1,1,7,6,1,2,3,3,4,1,2,2,1,3,5,1,7,1,3,7,2,6,6,3,6,4,2,7,3,1,7,6,1,2,4,3,3,1,2,3,2,5,3,3,1,1,7,2,2,3,3,1,7,4,3,1,3,6,6,5,5,3,5,3,5,4
R_1g7wbAk2p64yq5b,1,4,1,3,3,3,1,1,1,1,1,1,7,6,7,7,7,6,4,4,3,3,5,7,5,6,7,5,5,4,7,5,7,7,6,5,3,6,1,3,2,2,5,1,1,2,5,1,7,7,7,7,7,7,1,1,1,1,1,1,1,1,1,1,1,1,1,1,1,1,1,4,7,1,6,6,7,6,6,7,6,7,4,7,1,2,2,1,3,1,7,7,7,7,7,7,7,7,7,7,7,7,7,7,7,7,7,7,3,4,3,5,2,3,4,5,3,3,3,3,3,2,3,3,4,3,4,2,3,2,2,2,3,2,3,3,6,2,2,3,2,5,5,5,3,1,5,3,1,3,3,2,2,2,3,1,1,2,1,2,3,3,5,4,5,3,5,1,4,3,3
R_6HCyBwIMqnv4SKB,3,4,3,4,5,1,3,1,4,3,3,1,4,3,7,7,5,5,4,4,4,4,4,4,2,4,5,3,3,4,4,3,4,4,4,4,5,5,5,5,5,6,4,6,4,4,4,5,6,6,5,4,5,5,4,4,5,4,4,5,4,4,5,5,4,6,6,5,4,5,4,4,7,7,7,6,7,7,6,6,7,7,7,7,5,6,5,6,6,6,6,5,6,6,5,5,6,6,6,5,5,5,6,6,5,6,6,5,4,5,4,4,4,4,4,4,4,5,4,4,4,4,5,4,4,4,1,2,2,3,4,3,2,2,2,4,4,4,3,4,3,3,5,3,2,3,3,3,3,3,3,2,4,3,3,2,2,3,2,2,3,2,4,3,4,3,4,1,1,1,1
R_4wF6ahdhtcuGAM6,6,6,4,5,6,2,3,3,3,3,5,3,6,3,6,6,5,6,5,4,2,3,6,4,3,4,3,3,4,4,6,3,4,3,5,2,3,4,2,5,5,2,3,3,3,3,4,2,3,4,4,5,5,5,2,3,2,2,2,3,2,2,2,2,3,2,2,2,3,2,2,2,5,5,5,5,5,5,5,5,5,5,5,5,2,2,2,2,2,2,6,5,5,4,6,6,5,3,6,5,3,5,3,4,4,2,2,5,6,5,2,4,6,6,2,2,2,3,2,4,4,3,5,6,5,6,2,2,3,2,2,2,5,4,2,5,5,5,3,4,4,4,2,2,2,2,5,3,4,3,3,3,2,3,2,5,2,3,4,3,3,4,4,5,5,5,5,3,5,5,5
R_62LwnAKZVIELqNB,7,7,7,7,6,6,7,7,7,6,7,6,7,7,7,7,7,7,7,7,7,7,7,6,7,7,7,7,7,7,7,7,7,7,7,7,6,7,7,7,7,6,7,7,7,7,7,7,7,7,7,7,7,7,1,1,1,1,1,1,1,1,1,1,1,1,1,1,1,1,1,2,5,3,2,5,1,3,2,3,3,3,4,3,1,4,4,2,2,2,4,5,5,4,5,6,4,4,5,2,5,4,5,5,5,5,4,4,1,1,2,1,1,2,1,1,1,1,1,1,1,1,1,1,1,2,3,1,2,1,3,3,1,1,2,2,1,1,1,1,1,2,1,2,4,4,4,4,4,4,4,4,4,4,4,4,4,4,4,4,4,4,2,4,4,4,6,2,4,5,2
R_774zqG4ZzF60NGx,4,6,6,7,6,7,6,6,4,5,6,3,4,4,4,6,5,5,4,4,5,5,6,4,3,5,4,3,3,3,3,4,3,4,4,4,6,6,6,6,6,6,4,3,6,6,6,6,3,5,6,4,3,3,2,2,2,3,2,3,3,3,3,2,3,3,2,2,2,3,2,3,5,6,5,6,4,2,4,4,6,6,5,6,3,4,3,2,2,3,5,6,3,4,2,4,4,6,3,3,3,6,4,4,3,4,5,5,5,5,5,5,5,5,5,5,5,5,5,5,5,5,5,5,5,5,4,6,3,4,3,4,5,6,3,4,3,6,6,6,5,5,5,5,5,6,5,4,4,5,4,5,4,4,5,5,5,5,5,6,6,5,5,5,5,6,6,3,6,5,3
R_58Gt3Emi2p36SWS,5,6,5,5,5,4,5,5,5,5,5,4,6,6,6,6,6,7,7,7,7,7,7,7,7,7,7,7,7,7,7,7,7,7,7,7,5,6,5,5,6,4,5,5,5,5,6,4,6,6,6,6,6,6,3,4,3,3,3,2,3,3,3,3,3,2,3,3,3,3,3,3,7,7,7,7,7,7,7,7,7,7,7,7,7,7,7,7,7,7,5,3,5,5,2,7,3,6,5,5,3,6,3,3,3,5,5,2,1,1,1,1,1,1,1,1,1,1,1,1,1,1,1,1,1,1,1,1,1,2,2,4,1,1,1,1,1,3,1,1,1,1,2,1,1,1,1,1,1,1,1,1,1,1,1,1,1,1,1,1,1,1,3,3,4,2,4,2,2,3,1
R_1F0zsm3gXd7zOOR,2,7,7,7,7,7,4,7,7,7,7,7,7,7,7,7,7,7,7,7,7,7,7,7,7,7,7,7,7,7,7,7,7,7,7,7,4,7,7,5,6,5,6,7,6,7,7,3,7,7,7,7,7,7,1,1,1,1,1,1,3,3,1,3,3,3,3,3,1,1,3,3,7,7,7,7,7,7,7,7,7,7,7,7,7,7,7,7,3,7,1,7,7,5,4,7,7,7,7,7,4,7,4,2,7,7,1,7,1,1,1,1,1,1,1,1,1,1,1,1,1,1,1,1,1,1,7,7,7,7,7,6,6,6,6,6,1,6,6,7,7,6,4,7,1,1,1,1,1,1,1,1,1,1,1,1,1,1,1,1,1,1,2,3,3,1,1,1,1,1,1
R_35iaHuF3YfEnVhD,3,3,3,3,6,3,3,2,4,2,4,4,6,6,6,6,6,6,5,5,5,5,4,4,5,6,5,6,5,5,6,5,6,5,5,4,5,5,5,5,4,4,5,5,5,5,5,4,5,5,5,5,5,5,3,3,3,3,1,3,3,3,3,3,3,1,3,3,3,3,3,2,2,2,2,2,2,2,2,2,2,2,2,2,2,2,2,2,2,2,7,7,7,7,7,7,7,7,7,7,7,7,7,7,7,7,7,7,1,1,1,1,1,1,1,1,1,1,1,1,1,1,1,1,1,1,4,4,4,4,4,4,4,4,4,4,4,4,4,4,4,4,4,4,5,5,5,5,5,5,5,5,5,5,5,5,5,5,5,5,5,5,5,4,5,2,3,2,1,2,3
R_6UYka0A1hi8J0aY,1,1,7,1,1,1,1,1,1,1,1,1,7,7,7,7,7,7,7,7,6,5,3,7,7,7,7,7,7,7,7,7,7,7,7,7,1,1,1,1,1,1,1,1,1,1,1,1,7,7,7,7,7,7,1,1,1,1,1,1,1,1,1,1,1,1,1,1,1,1,1,1,7,7,7,7,7,7,7,7,7,7,7,7,7,7,7,7,7,7,7,7,7,7,7,7,7,7,7,7,7,7,7,7,7,7,7,7,1,1,1,1,1,1,1,1,1,1,1,1,1,1,1,1,1,1,1,1,1,1,1,1,1,1,1,1,1,1,1,1,1,1,1,1,4,4,4,4,4,4,4,4,4,4,4,4,4,4,4,4,4,4,7,4,7,1,7,1,1,1,1
R_6CIA33aCleh9QIJ,3,6,6,6,6,2,3,6,3,2,4,1,7,7,7,7,7,7,7,7,7,7,7,7,7,7,7,7,7,7,7,7,7,7,7,7,4,6,6,4,7,3,6,6,5,4,7,2,7,7,7,7,6,7,1,1,1,1,1,1,1,1,1,1,1,1,1,1,1,1,1,1,6,5,1,4,3,6,6,6,6,6,1,7,1,1,1,1,1,1,4,4,4,4,5,7,6,6,5,6,4,7,1,1,1,2,1,2,1,6,5,5,6,5,2,1,1,1,1,2,5,1,5,5,5,5,2,3,1,5,3,1,1,1,1,1,1,1,4,2,4,5,5,6,1,3,1,1,4,1,1,1,1,1,1,1,2,2,3,1,1,3,2,5,3,3,6,4,4,3,2
R_1eKQ8AkXefiGgiU,6,7,5,7,7,6,6,6,6,6,7,7,7,7,7,7,7,7,7,7,7,7,7,7,7,7,7,7,7,7,7,7,7,7,7,7,5,7,7,7,7,6,7,6,6,6,7,5,7,7,7,7,7,7,1,1,1,1,1,1,1,1,1,1,1,1,1,1,1,1,1,1,6,4,1,2,1,6,6,7,7,6,1,7,1,7,1,1,1,1,7,1,2,2,3,7,1,2,3,1,2,7,1,3,1,1,2,3,1,1,1,1,1,1,1,1,1,1,1,1,1,1,1,1,1,1,5,1,1,4,2,4,2,1,1,3,1,1,1,1,1,1,1,4,3,2,1,4,3,2,4,2,1,4,3,2,3,4,3,4,3,5,6,4,4,1,7,1,2,1,1
R_53sepk3wXIZaLcu,4,4,5,5,5,3,5,5,4,4,5,4,7,5,7,7,7,7,7,7,7,7,7,7,7,7,7,7,7,7,7,7,7,7,7,7,5,5,7,5,6,4,6,6,6,6,7,5,7,7,7,7,7,7,2,2,2,2,2,2,2,2,2,2,2,2,2,2,2,2,2,2,7,7,7,5,6,6,7,7,7,7,7,7,5,6,5,4,5,2,7,7,4,5,4,7,6,7,5,5,6,7,6,5,6,7,4,4,1,1,1,1,1,1,1,1,1,1,1,1,2,1,1,2,2,2,2,1,1,1,2,2,1,1,1,1,1,1,1,1,2,2,1,3,2,2,2,2,2,2,2,2,2,2,2,3,2,2,2,2,2,2,1,2,3,5,5,3,3,4,3
R_6xxGsVzEAhqayDu,2,2,2,5,4,2,3,2,2,2,2,3,4,6,4,6,4,6,4,6,6,4,4,7,5,6,6,6,7,6,3,6,3,6,3,4,2,3,4,4,6,2,6,6,4,4,4,3,6,4,5,6,4,6,1,1,4,3,3,4,4,4,3,5,5,2,3,4,4,3,3,2,7,5,7,5,3,7,7,7,7,7,7,7,6,7,3,2,6,5,5,6,4,4,3,7,3,6,6,5,6,5,2,4,4,2,5,5,6,6,5,5,6,7,5,4,1,5,1,4,1,4,1,1,6,1,2,5,2,5,6,2,4,2,3,3,2,3,4,5,4,4,4,4,3,5,4,4,6,3,4,2,2,2,2,4,6,4,5,5,6,4,4,6,7,6,6,5,5,7,3
R_7VuH6NE2VulbN9D,2,4,4,3,5,3,1,2,1,2,2,1,7,7,7,7,7,7,5,6,3,4,4,3,4,4,5,4,4,5,6,6,7,6,6,7,4,4,4,4,4,4,4,4,4,4,4,4,4,4,4,4,4,4,4,4,4,4,4,4,4,4,4,4,4,4,4,4,4,4,4,4,4,5,5,4,5,5,5,5,5,4,5,4,4,3,3,3,4,3,4,4,4,4,4,4,4,4,4,4,4,4,4,4,4,4,4,4,5,5,5,5,5,5,5,5,5,5,5,5,5,5,5,5,5,5,5,5,5,5,5,5,5,5,5,5,5,5,5,5,5,5,5,5,4,4,4,4,4,4,4,4,4,4,4,4,4,4,4,4,4,4,4,4,4,6,6,3,4,4,3
R_7AwrSnnBYkcZgHf,6,6,6,6,6,6,6,6,6,6,7,6,7,6,7,7,6,7,6,6,6,6,6,6,6,6,6,6,6,6,6,6,6,6,6,6,2,4,6,5,6,4,6,6,6,6,6,3,6,5,6,6,6,6,3,5,6,5,6,3,6,6,6,6,6,2,6,6,6,6,6,6,6,3,2,2,2,2,2,4,6,2,2,6,2,2,2,2,2,2,2,2,2,2,2,2,2,2,2,2,2,2,2,2,2,2,2,2,4,4,4,4,4,4,4,4,4,4,4,4,4,4,4,4,4,4,2,3,4,3,4,2,4,3,3,4,4,2,4,4,4,4,4,4,4,4,4,4,4,4,4,4,4,4,4,4,4,4,4,4,4,4,2,6,6,3,3,2,2,2,2
R_12JdkdGsGotai5k,1,7,7,7,7,6,1,6,4,6,7,2,7,7,7,7,7,7,7,7,7,7,7,7,7,7,7,7,7,7,7,7,7,7,7,7,2,5,7,7,7,3,7,7,7,7,7,2,7,7,7,7,7,7,2,4,2,3,4,2,4,4,4,4,4,2,4,4,4,4,4,4,7,6,4,3,1,3,7,2,7,7,1,7,1,4,1,1,1,1,4,4,4,4,4,4,4,4,4,4,4,4,4,4,4,4,4,4,5,5,3,5,5,6,3,3,3,3,3,5,5,3,5,6,5,5,4,4,4,4,4,4,4,4,4,4,4,5,4,4,4,4,4,4,4,4,4,4,4,4,4,4,4,4,4,4,4,4,4,4,4,4,4,5,5,1,6,1,7,1,1
R_7MPXKEHJ9II2JCK,6,7,6,5,7,4,5,4,4,4,6,6,7,5,7,6,6,7,6,6,5,6,6,6,6,5,6,6,6,5,5,5,5,5,6,5,6,7,7,7,7,6,5,5,5,5,7,7,7,7,7,7,7,7,2,4,4,3,3,4,3,5,6,5,3,4,4,4,4,3,6,6,6,1,1,1,5,5,4,5,5,5,3,6,1,2,1,1,1,1,5,2,4,5,2,4,6,5,4,5,2,4,6,3,5,5,2,4,2,3,4,3,2,2,3,3,3,3,2,2,2,2,2,2,2,2,5,5,3,5,4,4,5,3,4,5,4,5,5,3,4,5,4,4,3,2,3,3,3,2,3,2,2,3,3,2,3,2,2,3,3,2,2,5,4,5,3,2,3,2,1
R_6LNwBoDoMREoWHv,5,6,6,5,6,5,5,4,5,6,5,5,5,6,6,6,5,5,5,6,6,6,6,6,5,6,5,6,6,6,5,6,6,6,6,6,6,7,6,6,6,6,6,6,6,5,6,6,6,6,6,6,6,5,3,2,2,2,3,2,3,2,2,2,2,2,2,1,2,2,3,2,4,6,5,4,4,4,4,5,6,5,4,5,5,5,6,5,4,4,6,6,5,6,5,6,6,6,7,6,4,5,6,6,6,6,5,6,2,2,3,1,2,2,3,2,3,2,2,3,3,3,2,3,2,2,2,2,2,3,2,3,3,3,2,3,3,3,3,2,2,3,2,3,2,4,3,3,2,2,4,4,3,3,3,3,3,3,2,3,3,4,5,5,6,6,6,5,6,6,6
R_71hryBjvcTSVq1n,1,2,1,1,4,1,1,1,1,1,1,1,6,1,6,6,1,6,7,7,7,7,7,7,7,7,7,7,7,7,7,7,7,7,7,7,2,3,6,4,3,2,2,4,3,3,3,2,7,3,7,7,6,6,2,2,2,1,2,1,1,1,2,1,2,1,2,2,2,2,2,2,6,6,6,6,6,6,6,6,6,6,6,6,6,6,6,6,6,6,6,6,6,3,4,7,6,6,6,6,6,7,4,4,2,4,2,6,1,1,1,1,1,1,1,1,1,1,1,1,1,1,1,1,1,1,1,1,1,1,1,1,1,1,1,1,1,1,1,1,1,1,1,1,1,2,2,2,2,2,2,2,1,2,2,2,3,2,2,2,2,4,1,2,2,5,6,2,5,5,2
R_6L0ycT5U50Ju6tr,4,3,4,5,5,5,4,3,4,4,3,3,5,2,6,5,4,6,6,6,5,5,5,6,6,6,6,7,6,6,4,5,4,5,4,4,4,4,6,6,6,4,5,5,4,5,5,4,6,5,6,5,6,5,2,3,3,4,2,2,3,4,3,3,4,2,4,3,4,4,4,2,6,5,5,3,4,6,6,6,6,6,2,6,4,6,2,5,2,6,5,5,3,3,2,6,3,3,5,6,5,6,5,4,3,5,2,6,3,3,3,2,4,4,2,1,3,1,3,3,2,2,2,2,1,4,2,2,3,2,6,5,2,2,3,3,3,3,3,4,2,2,2,6,4,3,2,3,5,5,3,2,2,2,2,3,2,2,2,2,2,5,1,1,2,6,5,6,6,6,6
R_5PiTwGhy6YhkhD1,3,6,2,6,4,6,3,3,3,3,3,3,6,6,6,6,6,6,6,6,6,5,6,5,7,6,7,6,6,6,4,5,5,5,5,5,6,4,2,6,6,6,3,4,4,3,5,2,6,6,6,6,6,6,3,3,1,3,3,2,2,2,1,2,4,3,2,2,3,2,3,2,6,3,7,2,2,1,7,7,7,7,5,7,4,6,4,2,3,4,5,5,7,4,5,7,6,6,7,6,4,6,5,4,7,4,2,5,2,2,6,3,2,6,6,6,6,5,2,3,5,3,6,3,2,5,2,4,6,2,2,4,6,5,6,5,2,2,5,6,6,6,3,6,2,3,3,3,2,3,3,3,2,2,2,3,3,2,2,2,2,3,4,3,4,5,5,5,5,5,4
R_3eVlE9kx54OqhEd,4,7,7,7,7,6,4,7,7,7,7,1,7,2,4,4,7,7,7,7,7,7,7,7,7,7,7,7,7,7,7,7,7,7,7,7,2,4,6,5,5,3,4,6,5,6,6,2,6,5,6,5,6,3,1,1,1,1,1,1,1,1,1,1,1,1,1,1,1,1,1,1,6,4,4,3,5,6,5,5,4,5,4,7,2,6,2,2,2,2,7,3,2,2,4,7,2,2,3,2,3,7,1,2,2,2,2,3,1,1,1,1,1,1,1,1,1,1,1,1,1,1,1,1,1,1,5,2,2,2,4,5,2,3,2,2,2,5,2,2,2,2,3,5,3,3,3,3,3,3,3,3,3,3,3,3,3,3,3,3,3,3,2,5,5,5,5,1,4,3,2
R_6ml3ZteR0dXMu1L,5,6,7,6,7,5,6,3,4,3,3,7,7,5,7,6,6,7,2,4,2,4,4,5,6,5,6,6,6,5,6,4,6,4,5,3,1,5,3,5,4,6,5,2,6,5,4,1,4,3,1,3,2,3,4,4,2,2,3,3,4,3,4,4,6,1,3,4,4,4,2,4,5,5,1,3,4,5,1,3,5,3,5,5,5,3,1,5,3,5,4,3,4,4,4,5,4,2,5,4,6,5,4,4,3,5,4,5,3,3,3,4,3,6,3,2,4,2,3,5,4,4,5,4,4,3,4,4,3,3,3,4,3,3,3,4,4,3,2,3,4,3,3,3,3,2,3,2,3,3,4,3,4,3,3,4,3,3,3,3,2,4,5,5,4,5,5,4,6,6,4
R_5R4rdpl6gRSI6LY,4,4,3,4,6,4,3,4,4,3,4,7,4,5,3,4,4,6,7,7,7,7,2,3,7,7,7,7,7,7,7,7,7,7,7,7,7,7,7,7,7,7,7,7,7,7,7,7,7,7,7,7,7,7,7,7,7,7,7,7,7,7,7,7,7,7,7,7,7,7,7,7,7,7,7,7,4,7,7,7,7,7,7,7,2,7,3,2,7,7,4,4,4,4,4,4,4,4,4,4,4,4,4,4,4,4,4,4,4,4,4,4,4,4,4,4,4,4,4,4,4,4,4,4,4,4,4,4,4,4,4,4,4,4,4,4,4,4,4,4,4,4,4,4,2,2,2,2,2,2,2,2,2,2,2,2,2,2,2,2,2,2,4,4,3,7,7,7,7,7,7
R_1lMIIFvbp1WjODs,2,5,5,6,4,5,5,2,3,4,4,4,4,5,5,4,4,4,3,4,3,4,5,3,4,5,3,3,4,4,2,4,5,4,5,3,3,5,5,3,2,4,3,4,4,5,4,5,3,5,5,4,3,4,4,4,4,3,4,3,3,5,3,5,2,4,4,5,4,2,5,4,5,5,4,3,6,4,5,3,5,3,5,3,6,4,4,3,5,4,4,5,3,4,5,3,4,3,6,5,3,4,4,3,6,2,3,5,4,5,5,4,3,4,5,4,4,5,3,5,4,3,3,3,3,5,3,5,5,3,4,3,4,5,3,4,4,3,4,5,4,4,3,5,4,3,5,5,5,3,3,3,5,3,4,4,5,5,3,5,4,3,5,5,4,5,3,4,3,3,3
R_7Ov4z62o0ofvCSE,2,6,2,2,7,6,2,2,2,2,3,2,5,5,5,5,6,7,7,7,7,7,7,7,7,7,7,7,7,7,7,7,7,7,7,7,4,6,6,6,6,3,6,6,6,6,6,3,6,6,6,6,6,6,2,2,2,2,2,1,2,2,2,2,2,2,2,2,2,2,2,2,7,4,4,4,4,5,7,7,7,7,4,7,1,7,1,1,1,1,6,6,4,6,4,7,6,6,6,6,3,7,4,4,4,4,3,7,4,1,1,1,6,6,1,1,1,1,1,1,3,4,4,6,1,7,1,1,2,1,5,2,1,1,1,1,1,3,4,1,4,3,1,6,2,2,2,2,2,2,2,2,2,2,2,2,2,2,2,2,2,2,2,3,3,5,6,5,6,6,5
R_1c5ZWLko6MpKGlP,7,7,1,1,7,7,1,7,7,1,1,1,7,7,7,7,7,7,7,7,7,7,7,7,7,7,7,7,7,7,7,7,7,7,7,7,4,7,4,7,7,6,2,7,7,3,7,7,4,7,7,4,7,7,1,1,1,1,1,1,1,1,1,1,1,1,1,1,1,1,1,1,7,4,7,7,7,4,7,7,7,7,7,7,1,7,1,1,7,1,7,1,1,1,1,7,5,1,7,1,1,4,1,1,5,1,1,1,1,1,1,1,1,1,1,1,1,1,4,1,1,1,1,1,1,1,1,4,4,4,4,1,4,1,1,4,4,1,4,4,4,4,4,4,4,4,4,4,5,4,4,4,4,4,5,4,4,4,4,4,4,5,4,5,6,7,7,4,6,7,5
R_5eFYRFtOqBlBzcl,2,4,2,2,7,2,3,2,2,3,3,3,7,6,5,6,6,7,6,4,4,3,3,3,3,3,2,2,7,7,6,4,6,6,7,7,2,6,4,3,3,1,2,5,3,4,5,2,5,4,4,4,6,4,1,5,4,4,2,2,2,2,2,3,3,2,5,5,5,4,6,5,7,7,5,3,4,7,6,6,5,7,6,6,2,6,2,2,1,1,7,1,7,1,6,7,7,7,7,5,7,7,1,4,5,4,1,4,3,1,2,4,4,5,5,2,2,2,2,4,3,4,3,4,5,5,4,1,4,4,7,1,2,2,2,1,4,1,6,4,4,5,6,2,2,1,4,4,5,2,2,4,2,4,4,3,4,4,3,5,5,3,1,4,3,5,4,2,5,3,3
R_1sDyXAoP59IYwvf,4,4,1,7,5,6,1,1,1,1,4,1,6,2,6,5,4,7,7,7,3,7,4,5,4,6,5,5,7,7,7,7,7,6,5,7,6,6,4,7,3,6,5,5,6,5,7,5,7,6,7,7,7,7,1,1,1,1,1,1,1,1,1,1,1,1,1,1,1,1,1,1,7,5,7,6,7,5,7,7,7,7,5,6,5,6,6,4,4,1,5,3,6,3,7,6,5,6,7,6,3,5,4,6,4,3,4,5,1,1,1,1,1,1,1,1,1,1,1,1,1,1,1,1,1,1,1,4,1,4,1,2,1,1,1,1,4,1,1,1,1,1,1,1,3,3,4,4,2,4,3,3,3,3,3,4,2,2,2,3,3,4,1,4,4,1,7,1,4,1,1
R_7rvjBov1XjLrsxZ,3,7,7,7,7,7,3,7,3,3,7,3,7,7,7,7,7,7,6,7,5,6,5,6,6,7,6,6,7,7,7,6,7,7,7,7,6,7,7,7,7,6,7,7,7,7,7,7,7,7,7,7,7,7,3,6,3,6,3,2,3,6,5,5,6,3,6,3,6,6,6,6,7,2,2,5,7,6,7,7,7,7,2,7,1,7,1,1,1,1,2,3,3,3,2,7,3,3,6,3,7,7,3,3,2,3,4,2,5,4,5,2,6,6,2,1,5,2,5,1,1,1,1,1,4,5,5,1,5,2,6,6,1,1,2,2,1,6,4,3,4,5,1,5,5,4,4,3,5,5,3,3,3,3,2,3,2,4,3,4,3,4,4,5,5,6,6,2,5,2,2
R_6NI2wIVuSYEdxz0,2,3,6,5,5,6,6,5,2,2,2,3,5,6,5,6,4,6,4,3,4,5,4,5,4,5,4,3,6,5,6,5,5,4,6,4,3,4,5,5,5,3,4,5,6,3,4,2,5,5,6,6,6,7,2,2,2,2,2,2,3,5,3,3,4,2,4,4,4,5,5,3,5,6,5,2,5,2,3,3,5,3,3,4,4,2,2,2,2,3,3,4,6,6,6,6,3,5,5,2,6,6,2,2,3,2,2,3,6,6,6,6,5,6,4,3,6,3,5,5,3,3,3,4,4,4,5,5,3,5,5,6,3,3,3,2,3,4,2,2,2,2,2,3,3,5,3,4,3,4,2,2,3,4,3,3,3,4,3,4,3,2,3,2,3,2,5,4,5,3,1
R_5XceXJXk0iqHWaR,2,4,2,4,6,4,3,2,2,2,3,2,6,3,7,6,6,7,5,4,6,3,2,4,5,5,5,5,5,6,5,5,5,5,6,5,3,5,3,4,6,5,4,3,4,3,5,4,6,6,7,6,6,7,1,2,2,2,2,1,2,2,3,3,3,3,3,1,2,1,3,1,7,4,5,5,3,4,5,6,6,6,4,6,2,4,1,2,2,1,5,6,5,4,3,6,5,4,5,5,5,4,6,4,5,5,3,6,3,5,4,5,5,6,3,2,2,3,3,2,6,4,6,6,4,7,3,4,6,5,5,5,3,3,2,3,5,2,6,5,7,6,6,7,2,3,4,6,6,5,2,3,3,2,3,2,5,5,5,5,4,6,6,6,6,3,6,1,3,2,2
R_5eaNQjFGauQ1fbE,1,3,3,4,7,2,3,1,2,2,1,2,2,2,7,3,7,6,7,6,1,5,1,2,6,4,7,6,7,7,3,4,1,1,7,1,2,7,7,7,7,3,7,3,4,7,7,5,7,7,7,7,7,7,2,6,6,4,1,2,5,3,5,4,4,3,4,7,6,7,6,6,7,3,5,4,7,6,7,7,7,7,7,7,1,5,2,3,5,1,4,1,5,6,7,7,5,6,3,5,7,7,3,3,3,3,7,5,3,2,1,2,6,6,3,2,2,5,2,5,3,7,3,6,6,2,3,6,3,3,6,2,5,3,2,2,3,3,3,4,2,4,1,5,2,1,1,1,2,2,1,2,1,2,2,1,2,2,1,1,1,1,2,6,6,3,4,5,5,5,4
R_3h9CoGPEIO4qLwo,6,5,2,3,6,2,3,2,2,2,2,1,7,6,7,7,7,7,6,6,6,6,5,6,7,7,7,7,7,7,7,7,7,7,7,7,7,7,6,6,7,6,6,6,6,6,7,6,7,7,7,7,7,7,1,1,1,1,1,1,1,1,1,1,1,1,1,1,1,1,1,1,1,1,1,1,1,1,1,1,1,1,1,1,1,1,1,1,1,1,7,7,7,7,7,7,7,7,7,7,7,7,7,7,7,7,7,7,7,7,7,7,2,7,2,2,2,2,2,7,7,2,7,7,2,7,1,1,1,1,1,1,1,1,1,1,1,1,1,1,1,1,1,1,4,4,4,4,4,4,4,4,4,4,4,4,4,4,4,4,4,4,4,5,6,5,6,1,5,1,2
R_1Kpi9XpQZw9DtLz,4,4,5,6,6,6,4,5,5,3,5,5,6,5,7,7,5,7,5,6,7,6,6,6,6,6,5,6,6,6,6,7,7,5,6,6,6,6,6,6,5,5,6,6,6,7,5,5,6,6,6,6,6,7,3,4,2,3,3,2,4,4,2,2,3,3,2,2,4,2,4,3,2,3,4,3,3,2,5,2,5,3,3,6,2,1,1,2,1,2,3,3,5,3,3,6,3,5,3,3,4,4,5,4,3,5,4,4,3,2,2,2,6,5,2,1,2,1,2,4,5,5,6,6,5,5,4,3,4,4,4,2,3,3,3,4,4,3,4,4,5,4,3,4,6,6,6,5,5,3,4,5,6,5,4,5,5,6,5,5,5,5,6,5,4,5,4,5,5,4,4
R_7mICS8Eh1T9xCgu,1,2,3,1,3,1,1,1,1,1,1,1,4,1,2,3,1,3,7,7,6,7,6,7,7,7,7,7,7,7,7,7,6,7,7,5,6,6,7,7,7,7,7,6,6,6,7,6,7,7,7,7,7,4,3,3,2,3,2,3,2,3,2,3,3,3,3,3,3,3,2,3,7,5,5,5,7,7,7,7,7,7,7,7,4,6,4,4,7,1,3,3,2,3,2,4,3,3,3,3,1,3,1,3,2,2,1,3,1,1,1,1,1,1,1,1,1,1,1,1,1,1,1,1,1,1,1,1,1,1,1,1,1,1,1,1,1,1,1,1,1,1,1,1,1,1,1,1,1,1,1,1,1,1,1,1,1,1,1,1,1,1,1,2,3,7,7,6,6,6,6
R_5hAUdcdDHlETRU8,3,4,2,2,3,3,2,2,2,3,2,6,5,5,3,5,6,5,6,5,3,5,5,3,6,6,6,6,6,7,6,5,6,6,6,6,5,5,3,5,3,3,5,7,6,5,7,3,7,6,6,6,6,5,2,2,1,1,3,3,2,3,1,2,5,3,3,3,3,3,2,2,5,3,5,3,3,3,5,2,5,3,1,5,3,2,3,5,3,2,6,6,6,6,6,5,5,5,6,3,3,6,6,6,6,3,5,6,2,6,5,6,6,5,1,2,1,2,2,1,1,2,2,2,2,2,2,2,2,2,2,1,2,1,2,2,1,2,1,2,2,2,2,2,5,5,6,5,2,6,3,3,2,3,1,5,3,2,2,3,3,3,2,2,2,5,5,5,2,5,3
R_52Dd4CfBkJL1FvE,2,3,3,3,3,3,2,2,2,2,1,2,7,2,7,7,6,7,6,6,7,5,6,5,6,7,7,7,7,7,7,7,7,7,7,6,2,5,6,4,4,6,6,6,6,5,7,3,6,7,7,7,7,7,1,2,3,1,2,1,2,3,2,2,3,3,3,2,3,2,4,2,6,3,3,2,3,4,4,4,3,4,2,2,1,4,1,1,1,1,5,3,3,3,3,4,2,3,3,3,4,3,6,3,6,5,1,6,4,3,2,6,5,7,2,2,2,2,2,2,6,3,6,5,7,6,4,3,3,5,5,3,3,3,3,3,4,5,4,3,5,4,6,7,5,5,5,5,5,5,3,3,3,3,4,4,4,3,4,5,3,6,4,6,7,5,4,1,2,2,1
R_7KPziFrY2FlEvYL,4,6,4,4,4,5,4,5,4,4,6,4,7,7,7,7,7,7,6,6,6,6,5,6,6,6,6,6,6,6,6,6,6,6,6,6,5,4,5,7,6,4,5,5,5,5,7,4,7,5,7,7,7,7,2,2,4,2,2,2,2,2,2,2,2,2,2,2,2,2,2,2,4,4,2,4,3,4,6,6,5,5,3,4,1,5,1,2,1,1,2,2,3,2,2,3,3,3,3,2,2,3,1,3,2,2,1,3,1,1,1,1,1,1,1,1,1,1,1,1,1,1,1,1,1,1,4,4,4,4,4,4,4,4,4,4,4,4,4,4,4,4,4,4,4,4,4,4,4,4,4,4,4,4,4,4,4,4,4,4,4,4,4,4,4,4,4,4,4,4,4
R_3dZjkn747coMPRZ,5,4,6,6,3,4,6,2,4,4,6,2,4,3,4,4,6,5,7,5,2,5,6,2,5,4,6,5,4,5,5,6,3,4,4,4,5,7,6,5,5,2,6,7,6,4,5,6,5,6,6,6,6,4,3,4,4,3,3,4,4,5,1,4,4,4,5,5,4,4,1,4,3,3,4,3,4,3,5,4,4,6,2,3,3,4,3,4,5,3,3,3,4,4,5,3,4,1,1,2,4,4,4,4,4,5,4,7,5,5,5,4,4,4,5,5,5,4,5,4,5,4,5,4,5,4,1,4,3,4,3,4,3,4,1,1,3,4,3,3,3,4,3,4,4,4,4,5,3,4,4,4,3,4,3,4,4,4,3,3,4,4,3,3,3,3,4,3,4,4,3
R_5PpVYV2R59TkrV1,1,7,7,3,7,5,1,4,2,1,6,1,7,2,4,7,7,7,7,7,7,7,7,7,7,7,7,7,7,7,7,7,7,7,7,7,4,7,7,6,7,6,3,4,6,3,7,2,7,5,7,7,7,7,4,7,7,7,7,6,3,7,5,4,7,1,7,7,7,7,7,7,7,4,3,6,2,7,7,7,7,7,3,7,1,7,1,1,1,1,4,2,3,2,2,4,7,3,3,7,5,7,6,2,7,4,2,3,1,1,1,1,1,1,1,1,1,1,1,1,1,1,1,1,1,1,3,1,1,1,1,2,1,1,1,1,1,3,1,1,1,1,1,1,1,1,1,1,1,1,1,1,1,1,1,1,1,1,1,1,1,1,1,2,3,3,5,3,4,4,2
R_7wNPHRk3N7upxzo,2,5,6,6,6,6,3,3,2,5,4,4,7,7,7,7,7,7,7,6,6,6,6,7,5,3,4,6,7,7,5,5,4,4,4,4,3,5,5,6,7,7,3,2,4,3,7,7,7,7,7,7,7,7,5,6,7,6,7,5,2,1,2,2,7,6,7,5,4,7,6,7,5,2,5,3,1,2,6,7,7,7,2,7,1,1,1,1,1,1,3,3,3,3,2,5,4,6,5,4,2,4,2,2,2,2,1,2,4,7,3,6,6,7,2,2,1,2,3,1,7,7,7,7,7,7,2,5,3,6,7,2,2,1,1,2,5,2,5,6,5,6,6,7,4,3,5,4,3,4,6,6,6,4,4,2,6,5,4,5,4,5,3,6,5,5,5,1,3,2,2
R_1nNt0YbdmaZ9fd1,2,6,5,4,7,2,6,1,7,7,6,1,7,6,7,7,7,7,3,4,4,5,3,4,6,5,6,5,5,5,6,4,6,5,3,3,2,5,2,4,3,2,5,3,4,5,7,2,6,6,7,7,6,6,1,4,3,3,2,1,2,3,1,2,3,1,4,2,3,3,3,3,4,5,1,6,1,2,7,6,6,5,3,7,2,3,2,3,2,1,7,4,4,5,6,7,2,3,3,2,3,6,5,3,5,3,3,2,1,1,1,1,1,1,1,1,1,1,1,1,5,4,1,3,2,7,6,3,4,2,7,6,3,2,3,5,3,6,3,3,3,2,4,3,6,3,3,2,5,5,3,2,4,5,3,5,2,3,4,2,3,5,1,5,4,2,5,2,3,1,2
R_7Q4qfDK2h9YXhLu,1,1,1,1,1,1,1,1,1,1,1,1,7,1,7,1,7,7,7,7,7,7,7,6,7,7,7,7,7,7,7,7,7,7,7,7,1,2,2,1,2,1,2,2,2,2,2,2,2,2,2,2,3,3,1,2,4,2,4,2,2,2,2,2,2,2,2,2,2,2,3,3,7,7,7,7,6,7,7,7,7,7,7,7,1,7,4,1,5,1,7,7,7,7,7,7,7,7,7,7,6,7,7,5,7,6,7,2,1,1,1,1,1,1,1,1,1,1,1,1,1,1,1,1,1,1,2,1,1,1,1,2,1,1,1,1,1,2,1,1,1,1,1,1,2,2,2,2,5,5,2,2,2,2,2,2,2,2,2,2,2,2,1,4,3,5,2,4,4,4,3
R_7Pjeg1ZfNpTUUaw,6,5,3,3,5,7,2,1,5,2,2,2,5,4,4,6,4,7,6,6,4,5,3,5,7,7,5,6,7,6,6,7,5,5,5,3,6,5,6,6,5,5,5,5,5,5,5,5,6,5,6,4,4,5,5,3,5,4,4,5,5,5,4,4,3,4,5,3,5,4,4,4,6,5,6,7,6,6,5,7,6,6,5,6,5,6,6,5,6,5,5,6,6,6,6,5,5,5,7,6,5,6,5,5,4,7,5,5,6,4,5,5,4,5,5,5,5,4,6,4,4,5,5,4,4,4,6,5,5,4,3,5,3,4,4,3,3,5,5,5,3,4,4,4,4,3,5,4,4,4,6,5,4,4,5,5,4,5,5,5,4,5,3,5,4,6,6,5,7,5,5
R_6BaWYD1Es9rSmqd,3,3,4,3,6,2,2,2,2,2,3,2,7,5,7,5,5,7,7,7,7,7,7,7,7,7,7,7,7,7,7,7,7,7,7,7,4,5,4,5,7,4,3,4,3,4,3,3,7,7,7,7,4,7,2,2,2,2,2,2,2,2,2,2,2,2,2,2,2,2,2,2,6,5,4,6,4,5,7,7,6,7,7,7,5,7,6,6,5,4,5,4,5,5,5,7,5,5,5,5,4,5,5,4,5,5,6,6,3,2,2,2,2,3,2,2,2,2,2,3,2,2,2,2,2,4,1,2,2,2,2,1,2,2,1,2,2,2,2,2,1,2,2,3,2,2,2,2,3,3,3,2,3,2,2,2,3,2,3,2,2,3,2,3,4,7,6,4,3,6,3
R_5ocq6l0X1xWf7Dj,2,4,4,5,4,5,1,2,2,1,4,1,7,7,7,7,7,7,7,7,7,7,7,7,7,7,7,7,7,7,7,7,7,7,7,7,7,7,7,7,7,7,7,7,7,7,7,7,7,7,7,7,7,7,1,1,1,1,1,1,1,1,1,1,1,1,1,1,1,1,1,1,3,1,3,1,1,1,6,7,7,6,3,7,1,6,6,3,1,2,4,4,4,4,4,4,4,4,4,4,4,4,4,4,4,4,4,4,1,1,1,1,1,1,1,1,1,1,1,1,1,1,1,1,1,1,1,1,1,1,1,1,1,1,1,1,1,1,1,1,1,1,1,1,2,2,3,3,3,3,2,2,2,2,2,2,3,3,2,3,3,2,1,3,3,4,5,3,5,3,1
R_6nugRRGuRRGMmJ0,4,5,7,2,7,2,1,2,6,1,2,5,6,4,7,2,7,7,7,7,7,7,7,7,7,7,7,7,7,7,7,7,7,7,7,7,6,7,7,7,7,4,7,7,7,7,7,4,7,7,7,7,7,7,3,3,3,3,3,3,3,3,3,3,3,3,3,3,3,3,3,3,1,1,1,1,1,1,1,1,1,1,1,1,1,1,1,1,1,1,6,6,6,6,6,6,6,6,6,6,6,6,6,6,6,6,6,6,1,1,1,1,1,1,1,1,1,1,1,1,1,1,1,1,1,1,2,2,2,2,2,2,2,2,2,2,2,2,2,2,2,2,2,2,2,2,2,2,2,3,2,2,2,2,2,4,2,2,2,2,2,3,1,3,2,5,4,7,5,2,3
R_776ifkRDnBFgIG5,5,5,4,5,4,5,2,4,2,5,4,4,6,4,6,5,4,7,6,5,4,5,4,5,5,5,5,6,5,5,5,5,4,5,5,4,5,5,4,5,5,4,5,3,3,5,4,4,6,5,6,5,6,6,4,4,4,3,5,2,3,3,5,4,4,4,3,4,3,3,4,5,4,2,4,4,6,4,5,5,6,5,3,4,2,4,1,2,5,2,4,5,4,5,5,6,4,4,4,3,4,2,5,2,7,4,3,5,3,4,2,4,5,5,2,3,2,4,3,3,6,4,4,5,3,5,4,4,3,5,4,3,3,3,3,4,5,2,5,5,5,6,3,6,4,4,4,4,5,4,3,3,3,3,5,4,5,5,5,5,3,5,4,4,5,4,5,2,3,2,3
R_5OyIx2edfZcTCSZ,3,3,3,3,2,3,3,3,3,3,3,3,3,3,3,4,3,4,3,3,3,3,3,3,3,4,3,3,3,3,3,3,3,3,4,3,3,3,4,3,3,3,3,3,3,4,3,3,3,3,3,3,3,4,2,2,3,2,3,2,3,3,3,2,2,2,2,2,2,2,2,3,4,4,4,4,4,4,3,5,4,4,4,4,4,4,3,4,4,4,4,5,5,4,4,4,4,4,4,4,4,4,4,4,4,4,4,4,4,5,5,6,5,5,4,3,3,4,2,5,4,3,2,6,3,6,4,4,5,4,4,4,4,4,4,4,5,5,4,4,4,5,4,5,5,5,5,4,5,4,5,5,5,5,5,5,4,5,5,4,5,4,5,4,5,5,6,5,5,5,5
R_17llboVR0cS0XqY,5,7,4,7,7,7,4,4,4,4,4,2,7,7,7,7,7,7,7,6,6,4,6,7,7,7,7,7,7,7,7,7,7,6,7,7,6,7,7,7,7,6,7,6,7,7,7,7,7,7,7,7,7,7,1,1,1,1,1,1,1,1,1,1,1,1,1,1,1,1,1,1,5,3,3,2,5,4,5,7,6,5,6,7,3,1,3,1,1,1,5,3,5,3,3,6,1,5,4,3,1,4,1,5,1,1,1,1,1,1,1,1,4,1,1,1,1,1,1,1,1,1,1,1,1,1,3,3,3,1,3,3,1,1,1,1,1,3,1,1,1,1,1,3,2,2,2,2,2,2,2,2,2,2,2,2,2,2,2,2,2,2,3,6,5,1,4,7,4,4,1
R_3p3ZKyEfGjCpwo9,1,5,7,7,6,6,3,4,6,3,7,1,7,5,7,7,7,7,7,6,7,6,7,6,6,6,7,5,7,7,7,7,7,6,7,6,6,7,7,6,7,5,5,5,6,5,7,5,7,6,7,7,7,7,1,1,1,1,1,1,1,1,1,1,1,1,1,1,1,1,1,1,7,6,1,4,5,6,7,7,7,7,1,7,2,6,2,1,1,1,6,6,6,7,7,6,5,5,7,3,6,6,7,5,5,7,2,7,1,1,1,1,1,1,1,1,1,1,1,1,1,1,1,1,1,1,5,3,2,5,1,6,5,5,6,5,1,1,1,3,1,1,1,2,4,3,2,4,3,4,3,4,5,3,2,3,2,2,2,2,2,3,1,4,4,5,6,2,4,1,3
R_3DkciEtQ9MvaZfc,6,6,5,7,6,6,5,7,5,6,6,6,6,5,7,7,6,6,5,5,5,5,5,6,5,6,5,5,4,5,5,6,4,5,4,5,5,6,4,6,7,5,4,4,6,5,6,5,7,5,6,7,7,7,3,3,2,2,2,2,2,3,1,2,2,2,2,2,2,2,2,3,6,2,5,5,3,5,5,5,5,5,4,6,4,3,2,2,3,2,5,3,2,4,5,5,5,5,6,6,5,6,2,2,2,2,5,2,2,1,2,1,2,2,2,1,2,1,1,2,2,1,1,2,2,1,4,2,4,4,3,3,3,2,2,2,2,3,3,3,4,2,3,2,3,4,3,3,4,3,3,4,3,4,3,4,3,4,3,4,3,3,3,4,4,4,3,3,4,4,2
R_1dqvYbCFVVi0SB3,6,7,7,7,7,5,7,7,7,6,7,2,7,7,7,7,7,7,5,5,4,3,3,3,6,5,6,6,4,4,4,3,4,4,5,3,2,4,5,2,2,2,6,6,6,6,3,2,5,6,6,7,7,2,1,2,2,1,1,1,2,3,3,2,1,1,2,2,2,2,3,1,7,6,1,7,7,7,7,7,7,7,6,7,5,7,6,6,4,2,2,3,1,2,4,7,5,3,5,5,3,7,5,4,4,4,2,6,6,6,6,7,7,6,3,2,2,3,3,7,3,2,3,3,2,7,6,6,3,7,7,7,1,3,6,1,5,6,5,2,5,5,2,7,6,6,5,7,7,7,4,4,5,3,6,7,5,3,5,5,3,7,2,5,2,2,6,1,5,2,1
R_1qnrzBXvv3DaRrP,6,6,6,6,6,6,6,4,6,6,6,3,6,2,6,6,6,6,4,4,4,4,4,4,4,4,4,4,4,4,4,4,4,4,4,4,6,6,6,6,6,6,6,6,6,6,6,6,6,6,6,6,6,6,2,2,2,2,2,2,2,2,2,2,2,2,2,2,2,2,2,2,2,2,2,2,2,2,2,2,2,2,2,2,2,2,2,2,2,2,4,4,4,4,4,4,4,4,4,4,4,4,4,4,4,4,4,4,4,4,4,4,4,4,4,4,4,4,4,4,4,4,4,4,4,4,4,4,4,4,4,4,4,4,4,4,4,4,4,4,4,4,4,4,4,4,4,4,4,4,4,4,4,4,4,4,4,4,4,4,4,4,4,4,4,4,5,1,2,1,1
R_7cd42kkydw60AJ9,5,5,5,5,6,4,4,5,4,4,5,5,7,7,7,7,7,7,6,5,5,6,5,6,5,6,6,6,6,6,3,3,3,3,3,4,2,2,2,2,2,2,2,2,2,4,4,2,2,2,2,2,2,2,2,2,2,2,2,2,2,2,2,2,4,2,2,2,2,2,2,2,4,4,6,4,4,4,6,6,6,6,6,6,2,2,2,2,2,2,5,5,5,5,6,5,5,6,5,4,4,6,6,6,5,6,6,6,3,3,4,4,4,4,2,2,2,2,2,3,3,5,4,3,4,4,2,3,4,2,3,2,3,2,3,4,2,2,2,2,2,2,2,2,3,3,4,3,3,3,2,3,3,2,1,2,3,4,4,3,4,4,2,3,3,4,3,4,3,2,4
R_1cvmpqZGdQpgxzM,2,6,6,6,7,3,1,2,1,1,7,1,7,2,7,6,4,7,6,7,5,6,6,7,7,7,7,7,5,6,6,6,6,6,7,6,4,6,7,2,4,3,6,6,7,6,7,5,6,7,4,6,6,6,2,3,3,2,1,2,3,4,3,3,3,2,3,4,3,4,4,4,6,2,3,5,3,6,7,7,6,6,3,6,2,6,2,2,2,2,7,3,5,3,7,7,7,4,7,4,6,7,2,5,4,4,3,5,6,5,5,5,5,6,3,3,2,3,3,6,5,2,5,5,5,5,1,1,1,2,1,1,1,1,1,1,6,1,4,4,4,5,4,4,4,3,4,5,3,4,4,4,4,3,4,4,4,3,4,4,4,4,1,4,4,5,6,4,2,3,4
R_1gIRLKa7ChmFhFm,7,7,7,7,7,7,6,6,6,6,7,7,7,7,7,7,7,7,7,7,7,7,7,7,7,7,7,7,7,7,7,7,7,7,7,7,4,5,7,7,7,7,5,5,6,6,6,7,7,7,7,7,7,7,1,1,1,1,1,1,1,1,1,1,1,1,1,1,1,1,1,1,3,2,1,2,2,3,3,2,3,3,2,2,1,1,1,2,2,1,7,6,7,7,6,7,5,7,7,7,7,7,7,6,7,7,7,7,1,1,1,1,1,1,1,1,1,1,1,1,1,1,1,1,1,1,2,2,1,2,2,3,2,1,2,2,2,3,1,2,2,2,2,2,4,5,4,5,4,4,5,4,5,4,5,5,5,5,5,4,5,5,3,7,6,2,7,1,1,1,1
R_3Ndch5EtvvGwLQZ,4,5,4,5,7,4,5,5,5,5,6,3,7,6,7,7,6,7,6,6,7,6,4,6,6,6,6,6,6,6,6,6,5,5,6,7,5,5,6,6,6,4,5,5,4,5,5,4,7,6,6,6,5,7,2,3,3,3,3,2,3,2,2,3,3,3,3,3,3,3,3,4,3,3,2,3,2,2,3,3,2,3,3,3,3,2,3,3,3,3,2,3,3,2,3,3,3,3,3,3,3,3,3,2,4,3,3,3,2,2,2,2,4,2,2,2,2,2,2,2,2,2,2,2,3,2,3,3,3,2,3,4,3,3,3,3,3,3,3,3,3,3,3,3,3,3,4,2,4,3,4,4,4,4,3,3,4,3,3,3,4,3,2,3,3,3,5,3,3,3,2
R_7dFR85B7oYuKUpI,3,3,3,3,5,3,2,3,2,2,5,3,6,3,6,5,5,6,6,6,6,6,4,3,6,6,6,5,5,6,6,5,6,6,6,4,5,5,5,6,5,4,4,5,4,4,5,5,6,5,6,5,5,3,5,5,5,4,5,5,5,5,5,5,5,5,5,5,5,5,5,5,5,4,5,5,6,5,6,6,6,6,5,6,4,6,4,6,5,2,6,3,6,6,3,2,3,3,6,6,5,3,5,3,6,6,6,2,3,5,5,5,6,6,4,4,4,4,3,4,5,4,5,5,4,6,2,2,4,2,4,4,2,2,3,2,3,2,4,3,4,3,2,3,4,5,5,5,6,6,3,3,3,4,3,4,4,5,5,5,5,5,5,5,5,4,5,4,4,4,4
R_1vcCweorxR3dmxY,3,5,4,5,3,5,3,3,3,3,4,1,6,6,6,6,6,7,5,4,6,4,3,3,5,6,5,6,6,6,5,5,4,5,5,3,5,4,3,4,3,5,6,3,3,4,5,1,4,6,4,6,5,7,3,3,2,2,2,1,3,3,2,3,2,1,3,3,3,3,2,1,4,4,2,2,2,2,6,5,5,6,6,7,2,3,2,2,3,1,4,4,4,5,7,4,2,2,3,2,5,6,4,2,4,6,1,6,1,2,1,2,3,3,1,1,2,1,1,4,6,6,5,5,4,7,1,3,4,3,4,6,2,2,2,2,2,7,5,3,4,2,2,7,3,2,5,2,3,6,3,2,2,2,3,7,4,3,5,5,3,7,6,4,5,5,6,2,3,3,2
R_5xWUCDBkiLqwRLk,2,3,6,5,7,6,3,2,4,3,3,3,7,1,6,5,5,7,7,7,7,7,7,7,7,7,7,7,7,7,7,7,7,7,7,7,3,3,4,6,7,3,5,4,3,5,5,3,7,4,7,7,6,7,1,1,1,1,2,1,1,1,1,1,1,1,2,1,2,1,2,2,6,3,3,3,2,5,4,6,6,5,3,4,5,4,5,4,4,1,7,6,6,5,2,7,5,6,7,6,7,5,3,4,4,3,2,4,5,6,3,6,6,7,4,3,3,3,3,3,6,4,6,5,3,6,3,3,6,3,6,3,3,2,3,3,5,3,6,5,7,5,7,7,3,2,3,3,3,3,1,2,2,2,3,2,3,3,3,3,2,2,3,3,4,3,5,4,2,3,4
R_30MPt9Sqjlmc3nm,5,5,5,5,5,5,5,5,5,5,5,5,5,5,5,5,5,5,5,5,5,5,5,5,5,5,5,5,5,5,5,5,5,5,5,5,6,6,6,6,6,6,6,6,6,6,6,6,6,6,6,6,6,6,6,6,6,6,6,6,6,6,6,6,6,6,6,6,6,6,6,6,3,3,2,3,2,3,3,3,2,3,2,4,2,4,2,2,2,2,3,3,3,3,3,4,3,4,3,3,3,3,3,3,3,3,3,3,3,3,3,3,3,3,3,3,3,3,3,3,3,3,3,3,3,3,4,4,4,4,4,4,4,4,4,4,5,4,4,4,4,5,4,4,4,4,4,4,4,4,4,4,4,4,4,4,4,4,4,4,4,4,3,5,5,3,3,3,3,3,3
R_6IFek84ba8jpDr3,7,7,2,2,5,5,1,1,1,1,3,2,6,2,6,7,6,6,7,7,5,7,7,6,7,7,7,6,7,7,4,5,3,6,4,3,7,4,4,7,2,7,2,7,2,4,7,3,5,5,5,3,5,5,2,2,2,2,2,2,2,2,2,2,2,2,2,2,2,2,2,2,6,5,6,5,2,2,6,5,6,6,5,6,5,5,6,6,6,6,2,2,5,2,5,6,2,4,2,2,2,4,2,2,6,3,2,2,2,2,2,2,2,2,2,2,2,2,2,2,2,2,2,2,2,2,4,4,4,4,4,4,4,4,4,4,4,4,4,4,4,4,4,4,3,5,5,5,5,3,5,5,5,5,5,5,5,5,5,5,5,5,4,6,7,2,4,2,4,4,2
R_6zOtknQT8tmlBYg,1,1,1,3,2,2,1,1,1,1,1,1,4,3,4,2,3,5,7,6,7,6,7,6,7,7,7,7,7,7,7,7,7,7,7,7,4,4,6,5,4,4,5,4,5,5,6,4,4,6,4,6,6,5,2,2,2,2,4,2,2,4,2,2,3,2,3,4,2,2,4,4,7,7,7,7,7,7,7,7,7,7,7,7,4,4,4,4,4,4,4,3,4,5,3,6,3,6,6,3,3,6,4,3,3,5,3,6,2,1,1,1,2,1,1,2,2,1,1,2,2,2,2,2,1,2,2,2,2,2,4,2,2,2,2,2,4,4,2,2,2,5,3,5,3,3,3,3,3,3,3,3,3,3,3,3,3,3,3,3,3,3,4,5,6,1,5,1,5,1,2
R_3fUBfE9899aVjuH,3,3,5,5,5,5,3,3,3,3,3,3,5,5,5,5,5,5,4,4,4,4,6,4,4,4,4,4,4,4,4,4,4,4,5,5,5,7,5,7,5,6,7,7,7,7,7,3,7,3,6,7,6,5,1,1,1,1,1,1,1,1,1,1,1,1,1,1,1,1,1,1,6,5,5,5,5,5,5,5,5,5,5,6,5,5,3,3,3,1,4,3,3,3,3,5,3,3,3,3,3,6,3,4,3,3,2,4,1,1,1,1,1,1,1,1,1,1,1,1,1,2,1,1,1,1,1,1,3,1,5,1,4,1,4,4,3,1,3,1,6,2,3,5,2,1,2,1,2,1,1,1,1,2,1,2,2,1,2,1,2,1,4,4,4,2,4,2,4,4,2
R_3d3IcG8SSqNDiuE,6,5,4,5,5,5,5,5,5,5,6,6,5,5,6,6,4,4,7,7,6,6,3,7,7,7,6,7,6,7,5,7,5,4,4,7,3,5,5,5,4,4,4,4,4,4,5,3,2,4,4,4,5,4,4,4,5,4,5,4,4,5,4,4,5,5,4,6,3,6,5,4,5,4,5,4,4,5,5,5,5,4,5,4,5,5,5,4,5,5,4,5,6,4,6,6,5,5,6,4,3,5,4,5,5,6,5,4,4,4,4,5,4,5,5,5,5,5,5,4,5,4,5,5,4,5,4,4,4,4,5,3,3,4,5,5,4,3,5,5,5,5,6,6,2,6,3,5,6,3,5,2,2,3,4,4,4,5,5,4,4,3,5,4,5,4,5,4,5,6,4
R_7pS6puz4W6Aj8Qw,2,5,5,1,6,5,2,1,2,1,3,1,7,4,6,6,7,6,3,6,7,4,2,3,5,6,6,3,5,5,4,5,4,4,4,3,3,4,6,4,3,2,2,2,4,3,5,4,6,6,6,6,6,4,2,3,3,2,2,1,1,1,2,1,3,3,3,2,2,3,4,3,6,3,5,6,4,4,7,6,6,7,5,7,2,5,1,2,3,4,2,1,2,1,3,5,4,3,2,3,2,2,3,1,2,2,1,4,5,5,4,6,5,6,3,4,5,2,3,2,3,2,5,3,5,4,2,3,4,2,2,2,1,2,1,3,4,1,5,3,5,5,1,5,4,5,3,6,5,5,4,3,4,5,4,4,4,4,3,3,4,3,2,7,7,3,6,1,2,1,1
R_5fyNVzfkFNOsuvT,2,2,2,3,3,3,3,3,4,3,2,4,2,3,2,2,2,1,5,6,4,6,5,5,5,6,4,5,6,6,5,5,5,5,5,5,6,6,7,6,7,6,6,7,7,6,7,6,7,7,6,6,6,4,2,1,1,1,1,1,1,3,1,1,2,1,2,3,3,2,2,2,2,2,2,3,3,2,2,2,2,2,3,2,3,2,3,2,3,3,4,3,3,3,2,5,4,2,4,2,2,4,2,3,4,3,2,3,4,3,3,3,3,4,3,2,3,2,2,2,2,2,2,2,2,3,4,2,2,2,3,2,3,2,6,3,2,4,3,3,3,3,2,7,6,6,5,6,6,6,5,5,6,5,5,6,6,5,5,6,6,6,2,3,5,3,4,2,2,1,3
R_3537o4XS7EtqBhv,5,5,7,6,6,6,4,5,6,6,7,6,7,5,7,7,6,7,7,7,7,7,7,7,7,7,7,7,7,7,6,6,6,6,7,6,6,6,6,6,6,6,6,6,6,6,6,6,4,4,4,4,4,5,6,5,6,4,6,6,5,5,6,6,6,5,5,6,5,5,6,5,7,7,4,4,4,6,6,5,5,6,5,6,4,4,4,4,6,4,5,5,5,4,6,7,4,4,4,4,4,5,4,5,6,5,6,6,1,1,1,1,3,1,1,2,1,1,2,2,1,2,1,1,1,1,5,5,2,4,6,1,2,4,3,3,4,4,6,5,6,6,6,6,3,2,1,1,1,1,1,1,1,1,2,1,4,4,3,3,4,3,2,3,3,2,5,1,1,1,1
R_7GoDFhNzX3raHex,3,5,5,6,6,4,2,2,1,1,3,1,7,2,6,6,7,7,5,5,6,6,6,5,6,7,6,5,6,6,7,6,7,6,6,4,4,6,5,5,4,6,3,4,4,3,5,2,6,4,5,6,5,3,2,2,3,1,1,2,2,3,2,2,3,1,3,2,3,3,2,2,7,3,4,5,5,5,6,7,7,6,5,7,3,6,2,3,2,6,7,3,2,2,6,6,3,4,7,2,4,7,2,5,2,3,2,7,6,5,5,5,5,4,2,5,2,2,6,6,6,2,3,5,5,7,1,2,2,2,3,3,2,1,2,2,1,2,3,2,2,2,3,6,4,3,3,3,3,5,2,3,2,2,3,5,3,2,3,5,2,5,3,5,3,6,7,2,2,2,2
R_7HjWlmcx78DwoXn,4,7,4,3,1,2,5,5,5,5,6,1,5,6,5,6,1,6,3,7,7,6,3,6,7,6,7,7,7,6,7,7,5,7,5,5,6,7,7,7,7,5,7,7,7,7,7,3,7,7,7,7,7,5,3,4,3,2,1,3,3,3,3,4,4,2,3,4,4,4,2,3,4,4,4,7,5,6,4,4,3,7,5,7,4,3,2,4,3,5,6,4,1,5,7,7,6,7,7,7,5,7,4,5,4,4,5,7,2,3,5,5,5,5,5,6,5,3,4,3,4,4,5,5,6,6,1,1,1,5,4,1,1,1,1,1,6,1,5,1,1,4,4,3,1,1,1,1,6,1,1,1,1,1,3,1,1,1,1,1,1,1,3,4,3,4,7,7,5,4,5
R_3D7wj1Y9zjQ0lro,5,7,1,5,7,2,5,1,1,1,1,1,7,2,7,7,7,7,7,7,7,6,7,7,7,7,7,5,7,7,7,7,7,7,7,4,4,7,4,7,7,1,7,7,7,7,7,1,7,7,7,7,7,7,1,5,1,1,3,1,5,3,3,1,5,1,6,3,6,3,4,3,7,3,7,7,2,7,7,7,7,7,6,7,3,7,3,3,2,3,7,7,7,3,4,7,7,7,7,3,3,7,4,7,7,4,3,5,7,7,7,7,7,7,7,7,5,5,4,5,4,4,5,7,4,7,1,4,1,5,4,1,1,1,2,5,7,1,6,2,3,5,5,6,3,4,2,5,5,2,3,2,2,5,3,3,4,2,3,5,3,5,3,6,7,3,7,3,4,3,1
R_6yorjDrbVi0DsMV,1,7,7,6,7,6,3,4,2,3,3,1,7,2,7,7,4,7,6,7,6,7,4,6,7,7,7,6,6,5,6,7,7,7,6,7,6,7,7,7,7,3,7,7,7,6,7,6,7,7,7,7,7,7,1,1,1,1,1,1,1,1,1,1,1,1,1,1,1,1,1,1,6,4,3,6,7,7,4,4,7,4,6,7,4,4,6,6,4,1,7,7,6,2,7,7,6,4,4,6,6,7,6,6,7,4,1,7,4,5,6,4,6,6,2,2,1,1,5,2,1,2,3,1,4,6,1,2,4,2,5,3,1,1,1,4,4,1,1,3,1,2,2,1,4,5,4,5,6,6,1,1,1,2,4,1,2,1,4,1,2,2,4,5,5,3,3,2,3,1,2
R_1pbUPaG91aidl8v,4,6,7,7,6,7,6,6,6,6,7,6,7,7,7,7,7,7,7,7,5,7,7,7,6,6,6,6,7,7,4,7,7,7,7,7,3,2,1,2,3,2,3,2,2,2,2,2,3,2,3,2,2,3,2,3,1,2,3,2,2,2,2,2,2,2,3,3,3,3,2,3,2,2,1,2,2,2,2,2,2,2,2,2,2,2,2,2,2,2,4,5,4,5,3,6,5,5,4,5,5,4,5,3,6,5,5,4,1,1,3,1,1,1,1,1,1,1,1,1,1,1,1,1,1,1,2,2,4,2,2,2,2,2,2,2,2,2,2,2,2,2,2,4,4,4,5,4,4,4,4,4,4,4,4,4,4,4,4,4,4,4,2,5,6,4,4,1,1,2,1
R_3cSn10LtuxZr88T,2,3,6,2,6,4,1,1,1,1,1,1,7,2,7,7,7,7,7,6,7,6,7,7,6,6,6,5,5,7,7,6,7,7,7,7,2,3,7,4,2,2,4,2,4,2,7,1,7,6,7,7,7,5,1,1,1,1,1,1,1,1,1,1,1,1,1,1,1,1,1,1,7,7,5,6,7,7,7,7,7,7,7,7,2,7,1,7,6,2,7,6,7,4,7,7,7,6,7,7,3,7,5,7,5,7,5,7,5,4,1,1,1,1,1,1,1,1,1,2,1,1,1,1,2,5,6,4,4,3,1,1,3,3,2,3,1,1,6,3,6,6,6,6,5,4,4,5,5,4,3,3,5,3,5,5,5,5,5,5,5,5,4,5,5,6,6,1,2,1,1
R_5IkSON5ohRaM7Id,4,6,5,5,6,4,3,2,2,3,6,3,6,3,6,6,6,6,7,7,7,7,7,7,7,7,7,7,7,7,7,7,7,7,7,7,5,6,5,6,6,6,2,3,3,3,5,4,6,3,6,6,6,7,4,5,4,4,5,5,5,5,5,5,5,5,4,5,5,5,5,4,4,3,3,4,3,6,7,7,7,7,4,7,2,4,2,2,3,2,5,5,5,4,5,5,4,5,5,3,4,5,5,4,5,5,3,6,2,3,1,3,3,2,1,1,1,1,3,2,4,2,4,3,2,4,3,2,3,3,3,3,2,2,2,1,5,2,5,2,5,4,4,5,3,2,2,3,3,2,1,1,2,1,2,2,4,2,3,2,2,4,2,4,3,5,5,3,3,4,2
R_4XO1U3Zi4zoNGKJ,6,7,5,7,6,6,2,3,5,2,3,1,7,4,7,7,6,7,5,6,3,6,3,3,6,6,4,6,5,5,5,3,5,7,7,5,2,6,1,5,6,1,2,2,2,1,7,4,7,6,7,7,7,7,1,3,3,3,4,1,1,1,1,1,5,2,2,2,4,4,6,5,7,3,7,2,7,7,6,6,6,7,5,6,2,4,1,2,2,3,7,6,6,2,1,7,6,7,7,3,1,6,5,3,5,3,1,5,2,1,5,4,2,5,1,2,2,1,1,2,3,2,2,1,1,3,2,4,1,3,4,7,6,4,6,6,1,5,4,3,2,2,1,3,3,2,6,4,4,5,3,3,2,2,1,2,1,5,1,4,2,2,3,6,4,7,6,3,1,6,5
R_3TKJmyRjo2DdJRQ,6,7,2,7,7,5,7,6,3,7,5,2,7,6,7,7,7,7,7,7,6,6,7,7,5,7,7,5,7,7,7,4,7,7,4,7,5,6,6,5,4,5,5,5,5,5,6,4,7,6,7,7,5,7,5,5,3,2,3,1,2,2,2,1,2,1,3,2,4,3,2,2,3,5,2,5,3,3,7,7,7,6,4,6,1,1,1,1,3,1,6,4,5,6,5,7,6,7,4,6,4,6,2,3,2,2,6,1,5,2,6,7,6,7,3,3,4,5,2,3,6,3,6,6,5,7,5,3,3,6,5,4,4,4,3,4,6,3,6,5,7,7,6,6,3,3,3,3,5,3,4,5,4,4,4,3,5,3,4,5,6,4,3,5,5,4,5,5,2,7,5
R_52LnDPJaUFzqutL,1,5,3,6,7,6,1,2,1,1,3,1,7,7,7,7,7,7,3,3,3,3,2,3,4,5,4,7,5,5,4,6,4,4,3,2,2,3,3,6,4,6,4,3,2,3,4,1,6,5,6,3,6,5,1,3,2,1,1,1,2,1,1,2,3,1,2,3,3,2,1,1,7,5,6,2,7,3,7,7,7,7,7,7,3,6,2,2,3,2,7,5,2,2,6,7,2,5,2,1,2,7,1,4,2,3,2,2,7,6,2,7,7,7,1,2,6,2,1,3,7,3,7,2,7,7,7,6,3,6,7,7,4,3,3,4,3,7,7,1,3,2,1,7,3,5,3,3,6,6,2,2,3,3,2,6,3,2,4,5,4,5,3,6,6,3,5,1,1,3,2
R_7jcISW1Ktg2cMoI,6,6,6,6,4,1,6,6,6,6,6,1,5,6,6,6,7,7,6,7,7,7,7,7,7,7,7,7,7,7,7,7,7,7,7,7,6,7,7,7,4,2,7,6,6,6,7,3,6,7,6,7,7,6,2,2,1,1,1,1,2,1,2,2,2,1,1,1,3,2,2,2,2,1,1,2,1,1,1,1,1,2,2,1,1,1,1,1,1,1,2,2,1,2,2,7,2,2,1,1,2,7,2,1,2,2,1,4,6,6,7,7,7,7,6,5,6,5,7,6,5,6,6,6,7,7,1,1,1,1,5,6,1,1,1,1,1,1,1,1,1,1,1,1,2,2,1,3,6,2,2,1,2,3,1,5,5,2,3,2,1,6,1,3,2,4,6,6,4,7,1
R_6fxEwbAqR84udEt,2,1,3,1,4,2,2,3,3,4,3,4,7,3,6,3,3,7,7,6,7,7,5,7,6,6,6,7,4,7,7,4,5,4,7,4,3,6,4,6,6,3,4,3,4,4,6,2,5,5,5,7,5,6,2,3,4,4,4,2,5,2,4,4,6,2,4,4,5,5,4,4,5,3,2,4,4,5,6,6,7,7,3,6,2,6,2,2,4,1,7,7,6,6,4,6,5,6,4,2,6,6,6,4,7,5,7,4,6,5,7,5,5,1,2,5,4,2,6,2,1,6,7,7,7,7,1,1,4,1,3,5,4,4,4,4,4,4,2,3,1,4,4,4,1,2,1,1,2,2,2,3,2,2,3,3,2,4,3,2,3,5,6,5,3,4,5,4,4,4,5
R_5TmGx79yOFqabtj,5,5,5,3,2,4,5,5,5,4,4,5,1,4,1,4,1,1,7,7,7,7,7,7,7,7,7,7,7,7,7,7,7,7,7,7,5,2,4,4,2,4,4,5,4,4,5,3,1,1,1,1,1,1,5,4,4,4,4,4,4,4,4,4,4,5,4,4,4,4,4,4,1,1,1,1,1,1,1,1,1,1,1,1,1,1,1,1,1,1,6,3,5,2,4,5,5,4,6,5,4,4,2,3,2,2,2,2,4,4,4,4,4,4,4,4,4,4,4,4,4,4,4,4,4,4,1,1,1,1,1,1,1,1,1,1,1,1,1,1,1,1,1,1,2,2,2,2,2,2,2,2,2,2,2,2,2,2,2,2,2,2,1,1,1,3,3,5,2,1,2
R_3BmuTV2OaOQOK9n,7,7,7,7,7,7,7,7,7,7,7,7,7,7,7,7,7,7,7,7,7,7,7,7,7,7,7,7,7,7,7,7,7,7,7,7,7,7,7,7,7,7,7,7,7,7,7,7,7,7,7,7,7,7,4,4,4,4,4,4,4,4,4,4,4,4,4,4,4,4,4,4,1,1,1,1,1,1,1,1,1,1,1,1,1,1,1,1,1,1,7,7,7,7,7,7,7,7,7,7,7,7,7,7,7,7,7,7,1,1,1,1,1,1,1,1,1,1,1,1,1,1,1,1,1,1,1,1,1,1,1,1,1,1,1,1,1,1,1,1,1,1,1,1,4,4,4,4,4,4,4,4,4,4,4,4,4,4,4,4,4,4,1,7,7,5,6,2,5,2,2
R_3TvNf6229wkxYDY,1,1,3,1,7,2,3,1,1,1,3,1,3,1,7,4,7,7,7,7,7,4,7,3,7,7,7,7,7,7,7,7,4,7,7,3,4,5,4,7,4,5,4,4,4,4,5,4,4,7,4,4,5,4,4,5,3,4,4,5,5,5,4,5,3,4,4,5,4,5,4,5,4,4,4,4,4,4,4,4,4,4,3,4,4,3,4,4,4,3,5,5,5,5,5,5,5,5,5,5,5,5,5,5,5,5,5,5,1,1,1,1,1,1,1,2,1,1,1,1,1,1,1,1,1,1,1,1,1,1,1,1,1,1,1,1,3,1,1,1,1,1,1,1,3,3,3,3,3,3,3,3,3,3,3,3,3,3,3,3,3,3,5,7,7,3,5,3,3,1,3
R_5pRm5e95NGBccJt,4,4,4,4,4,4,4,4,4,4,4,4,4,4,4,4,4,4,5,5,5,5,5,5,5,5,5,5,5,5,5,5,5,5,5,5,4,4,4,4,4,4,4,4,4,4,4,4,4,4,4,4,4,4,6,6,6,6,6,6,6,6,6,6,6,6,6,6,6,6,6,6,4,5,4,6,6,5,4,4,3,4,6,4,6,5,5,5,5,6,2,4,4,4,4,3,2,4,2,5,2,4,5,5,5,4,5,4,4,4,4,6,6,4,5,4,3,6,5,3,6,3,4,5,6,4,4,3,5,5,5,4,5,3,4,5,4,5,5,4,4,5,5,4,4,5,5,6,6,5,5,5,5,5,5,5,6,5,5,6,6,5,6,6,6,6,6,6,6,6,6
R_3t0dbsu0FU7aSAm,4,5,2,5,6,6,3,3,3,3,6,2,4,3,6,6,2,6,6,3,6,3,3,3,6,6,4,4,6,6,6,6,6,6,4,6,3,3,3,3,6,2,3,2,5,2,7,3,7,7,7,7,5,7,1,1,1,1,1,1,1,1,1,1,1,1,1,1,1,1,1,1,5,7,7,7,7,7,7,7,7,7,7,3,4,7,3,5,4,1,7,7,7,1,1,7,1,2,7,7,1,7,1,3,1,1,1,7,6,5,3,7,6,7,2,5,2,2,3,7,7,4,7,7,7,7,3,6,3,3,7,3,3,3,3,3,6,3,6,3,7,7,6,7,5,3,4,5,6,6,6,3,5,5,5,6,6,4,4,4,6,6,4,3,4,6,6,2,3,1,4
R_3UNBlQKIVCCAaaZ,7,7,6,6,6,5,7,5,5,6,6,7,7,5,7,7,7,7,6,6,6,6,6,6,6,6,6,6,6,6,6,6,6,6,6,6,5,7,7,5,7,5,7,6,7,7,7,6,7,7,7,7,7,7,1,2,2,2,1,1,1,1,1,2,2,1,2,1,2,2,2,2,7,6,6,6,7,6,7,7,7,7,7,7,5,5,3,5,4,2,7,5,2,4,4,7,6,4,3,5,1,6,1,1,3,1,1,5,2,5,5,5,2,2,2,5,2,2,5,2,2,4,3,2,2,5,7,3,4,5,5,6,5,5,6,4,3,5,1,2,2,1,1,3,3,3,3,3,3,3,3,3,3,3,2,3,2,2,2,2,2,4,5,5,6,6,7,5,6,4,5
R_3gymwJIBp9FOZwZ,3,5,4,5,5,7,6,2,5,2,4,2,6,2,4,2,3,3,3,6,5,2,4,5,4,5,3,5,4,6,3,5,4,5,6,6,7,6,7,7,7,6,7,6,7,6,6,5,7,6,7,6,7,7,6,4,6,6,6,6,6,6,5,5,6,7,6,6,7,6,5,6,6,6,5,5,5,5,5,5,5,5,5,5,5,5,5,6,6,5,5,6,5,5,5,5,5,5,5,5,5,5,5,5,5,5,5,5,6,5,7,6,6,7,6,6,6,7,6,6,5,6,6,6,7,6,2,2,3,3,3,2,2,3,3,2,3,3,2,3,2,3,3,3,4,4,4,4,5,4,4,4,4,4,4,4,4,4,4,5,4,4,3,6,5,4,4,3,4,3,3
R_5qy0Xo7ALXVLD3n,5,6,5,5,7,7,3,4,3,4,5,3,7,3,7,7,7,7,7,6,6,6,6,7,7,7,7,7,7,7,7,7,7,7,7,7,5,6,6,6,7,5,6,6,6,6,7,5,7,6,7,7,7,7,1,2,2,1,2,1,2,2,2,2,2,1,2,2,2,2,2,2,4,3,2,4,2,6,6,5,5,4,2,4,1,4,1,1,2,1,4,3,2,3,2,5,4,3,2,3,2,4,2,4,2,2,2,1,3,5,4,3,3,6,3,3,3,3,5,4,6,4,6,6,6,6,2,2,6,4,4,3,4,2,3,4,5,2,5,3,5,5,6,6,2,4,3,4,2,4,4,2,3,4,2,2,3,3,3,3,3,2,2,4,4,6,6,4,3,3,2
R_1f9UsIPjm1q3cFb,5,6,7,6,5,7,6,6,6,6,7,5,6,5,6,7,7,7,6,6,7,6,6,6,6,6,7,7,7,7,5,5,5,5,5,5,5,6,7,5,4,4,6,5,5,6,7,5,6,4,7,7,7,6,2,3,4,3,1,1,3,3,2,3,3,2,2,3,3,3,4,2,6,3,1,2,5,2,3,3,3,3,2,5,4,6,4,2,2,1,3,3,2,2,6,7,2,2,2,2,4,4,3,4,3,3,2,6,4,3,4,4,4,5,1,2,2,1,2,4,3,4,3,3,2,5,2,2,1,4,4,1,4,1,2,2,1,3,3,3,2,2,3,5,4,4,3,4,4,5,3,3,3,3,3,4,4,4,4,4,3,5,2,6,6,3,5,3,2,3,3
R_5HoSfmteSN3SMAV,2,6,2,6,7,5,2,2,2,2,5,5,4,6,5,4,7,7,5,6,5,5,5,5,6,6,6,6,6,6,6,6,6,6,6,6,3,3,3,3,3,3,4,4,4,4,4,4,4,4,4,4,4,4,3,3,3,3,3,3,4,4,4,4,4,4,4,4,4,4,4,4,3,3,3,3,3,3,4,4,4,4,4,4,4,4,4,4,4,4,6,6,6,6,6,6,4,4,4,4,4,4,4,4,4,4,4,4,5,5,5,5,5,5,2,2,2,2,2,2,2,2,2,2,2,3,4,4,2,4,4,4,2,2,2,2,2,2,2,2,2,4,2,4,5,5,5,5,5,5,4,4,4,4,4,4,5,5,5,5,5,5,3,6,7,5,6,4,3,4,4
R_7pPXhJxKRBN9S9Z,1,7,1,7,7,1,1,1,1,1,1,1,7,7,7,7,7,7,7,7,4,4,4,7,7,7,7,5,7,7,7,7,4,7,7,7,3,6,1,7,5,4,1,4,1,1,4,1,7,4,7,6,6,7,1,1,1,1,1,1,1,1,1,1,1,1,1,1,1,1,1,1,7,7,7,7,7,7,7,7,7,7,7,7,1,1,1,1,1,1,4,4,1,1,1,7,4,3,7,1,7,7,1,1,1,7,4,7,7,7,1,7,7,7,1,1,1,1,1,7,7,7,7,7,7,7,1,1,7,7,1,1,1,1,1,1,1,7,1,1,1,1,1,7,4,2,6,4,5,4,4,3,3,4,2,6,5,5,4,6,5,6,5,7,7,7,7,3,4,4,1
R_3AdpsqNTGGNdKyR,5,5,2,2,2,3,1,2,1,2,4,2,6,6,6,6,6,5,6,6,2,5,6,5,4,4,6,5,6,7,6,6,7,7,7,7,6,7,6,5,4,5,3,6,4,4,7,3,7,7,7,7,7,3,5,4,2,3,3,3,3,4,2,3,5,2,5,5,5,6,5,3,6,4,7,5,7,7,7,6,7,7,5,7,1,5,1,5,3,2,2,2,5,2,6,4,5,5,7,6,2,7,1,2,2,4,2,4,2,2,5,3,3,3,4,7,6,4,1,2,7,1,1,1,7,3,2,2,2,2,2,4,2,2,5,1,2,6,1,2,1,2,1,6,2,3,3,2,2,2,6,4,2,5,1,6,1,2,1,1,1,5,3,4,3,2,3,3,2,3,4
R_3jSk2lqpU8HlaN3,4,7,4,7,7,7,4,4,4,4,4,4,7,7,7,7,7,7,7,7,7,7,7,7,7,7,7,7,7,7,7,7,7,7,7,7,6,6,6,6,6,6,6,6,6,6,6,6,6,6,6,6,6,6,3,3,3,3,3,3,3,3,3,3,3,3,3,3,3,3,3,3,7,7,7,4,4,7,7,7,7,7,7,7,1,7,1,1,1,1,7,4,7,7,7,7,7,7,7,4,7,7,7,4,4,4,4,7,1,1,1,1,1,1,1,1,1,1,1,1,1,1,1,1,1,1,2,2,2,2,2,2,2,2,2,2,2,2,2,2,2,2,2,2,2,2,2,2,2,2,2,2,2,2,2,2,2,2,2,2,2,2,1,1,3,4,4,3,3,4,1
R_3PdgsxwriEIC4gh,7,7,7,7,2,7,5,3,1,2,6,1,7,2,7,6,7,7,7,3,6,5,4,5,7,4,5,2,6,4,6,5,7,5,5,1,6,3,3,4,7,6,2,5,5,6,7,1,1,3,2,7,6,1,7,6,6,3,5,3,7,6,5,6,7,1,3,6,2,6,7,1,1,1,2,1,1,1,6,7,6,5,7,7,1,5,1,6,2,4,3,7,2,6,5,6,1,6,3,4,2,4,7,3,7,6,1,5,7,7,5,7,2,7,5,1,2,2,5,3,1,5,7,3,6,7,1,5,5,2,1,6,1,3,3,1,1,6,1,4,1,2,1,6,1,2,3,2,5,7,5,3,3,2,3,5,2,4,3,3,4,7,6,5,4,7,6,4,5,6,3
R_7hYY9iDJn72XTW2,2,4,2,5,3,6,3,6,4,2,5,5,2,2,2,2,2,3,7,2,6,5,6,5,6,2,6,6,6,6,7,3,6,6,6,3,5,5,3,3,5,3,5,7,5,5,5,5,6,3,5,5,5,4,5,4,4,5,5,5,6,6,5,5,5,5,5,4,5,4,5,5,7,6,5,5,6,6,6,7,6,7,4,7,5,6,2,5,3,2,4,4,4,3,5,4,5,5,5,4,5,4,4,3,3,4,4,5,3,4,5,4,3,6,3,3,4,4,3,4,6,6,6,6,4,4,4,4,1,3,5,7,1,6,1,1,4,1,5,5,5,3,5,5,3,2,2,2,2,3,3,2,3,2,2,2,2,2,2,2,2,2,3,4,4,3,4,1,5,5,5
R_6wT47PysnFw2maZ,2,7,6,4,4,1,2,3,2,1,3,1,5,3,4,5,5,6,7,7,5,4,3,5,6,5,7,4,6,5,5,6,6,6,5,5,3,5,5,6,4,3,3,3,3,3,6,2,5,2,7,5,5,3,2,3,3,1,1,1,3,2,2,2,2,1,3,2,3,3,3,2,6,5,4,2,3,6,6,7,6,4,3,7,2,3,2,2,2,1,1,2,5,3,5,6,6,6,6,6,3,4,2,4,3,2,3,7,2,4,1,3,3,6,2,3,5,4,1,2,4,4,4,6,5,6,3,5,6,6,7,4,2,2,1,5,2,6,6,4,6,6,4,5,4,4,3,5,6,5,3,2,1,2,4,7,3,2,6,6,4,5,4,5,6,6,7,5,5,5,5
R_3Ic49N38edz3865,1,1,5,5,4,1,1,1,1,1,1,1,7,2,7,6,7,7,7,7,6,6,6,6,5,5,5,6,6,6,6,6,6,6,5,6,2,4,2,5,6,2,2,2,2,2,3,2,6,6,7,5,6,7,1,2,1,2,2,1,1,1,1,1,1,1,2,2,2,3,2,3,7,7,4,5,7,7,7,7,7,7,4,7,3,6,3,6,6,1,2,2,4,2,1,6,2,6,7,2,7,2,7,4,6,2,7,4,1,1,1,1,1,1,1,1,1,1,1,1,1,1,1,1,1,1,4,4,1,4,4,4,1,1,1,1,1,4,1,1,1,1,1,1,4,4,4,4,4,4,4,4,4,4,4,4,4,4,4,4,4,4,2,6,4,6,6,3,3,2,2
R_3mttCm6ZLx9XdZ2,2,4,5,6,7,4,2,2,4,3,6,2,7,2,7,5,6,7,7,7,7,7,7,7,7,7,7,7,7,6,7,7,7,7,7,7,5,4,7,7,7,4,4,4,7,4,7,3,7,4,7,5,7,7,4,4,4,4,4,4,4,4,4,4,4,4,4,4,4,4,4,4,7,5,4,3,5,5,7,7,6,6,5,7,3,7,3,3,2,1,3,3,3,2,2,5,3,3,3,2,3,4,3,3,2,3,2,2,1,1,1,1,1,1,1,1,1,1,1,1,1,1,1,1,1,1,5,4,3,3,3,5,3,3,4,3,4,4,4,4,3,3,3,4,2,3,2,3,2,4,2,3,3,3,3,4,3,4,3,3,3,3,4,4,5,2,2,1,1,1,1
R_7PvlVITrjCiIyMF,4,5,6,6,5,6,5,4,4,5,6,5,6,6,7,5,6,6,3,4,4,3,6,4,5,5,6,5,5,6,4,4,5,5,4,5,3,5,6,3,4,3,4,4,5,5,7,4,5,4,6,5,6,3,2,2,3,1,3,1,2,2,2,3,3,1,2,3,3,3,3,1,6,5,3,4,4,6,6,5,6,5,3,6,3,3,2,3,4,2,6,4,5,6,5,7,5,5,6,4,3,6,3,3,4,4,2,5,5,4,4,6,3,6,3,5,5,3,3,5,3,3,3,5,3,3,6,5,3,5,5,6,3,3,5,4,3,6,3,3,4,4,4,2,6,3,2,5,5,6,4,4,4,3,4,5,3,4,3,2,3,5,2,5,5,5,5,4,4,3,2
R_3nUZTOIKdApUo39,2,6,5,3,5,2,3,1,2,2,3,1,7,2,7,7,6,7,7,6,7,3,4,6,7,7,7,7,7,6,6,7,6,4,7,5,2,7,5,2,7,2,2,3,2,2,3,3,7,2,7,7,7,7,1,3,1,1,5,1,1,1,1,1,2,1,2,1,3,5,2,6,5,3,6,5,2,6,7,6,6,7,6,7,1,6,1,1,2,1,7,5,7,7,2,7,6,7,7,7,7,6,6,6,7,7,7,7,1,1,1,1,1,1,1,1,2,1,1,1,1,1,1,1,1,1,1,1,1,1,1,1,1,1,1,1,1,1,1,1,1,1,1,1,1,1,2,1,1,1,3,1,2,1,1,1,1,1,1,2,1,2,3,5,5,5,6,3,6,1,3
R_3ydo2sUwHk1uSul,2,5,5,5,6,3,3,3,3,3,4,3,6,4,5,5,4,5,4,4,5,4,4,3,5,6,5,6,5,6,5,4,5,5,6,5,3,3,4,5,3,3,5,5,4,5,6,3,3,5,4,5,6,4,3,2,3,1,2,2,4,1,3,2,2,3,3,4,2,1,2,2,7,5,5,4,4,6,7,5,5,5,3,6,5,4,5,5,3,6,6,5,4,5,5,5,6,4,4,4,3,4,5,3,5,5,2,5,3,4,3,3,5,6,4,2,2,4,2,3,3,2,4,4,5,4,5,3,5,4,4,5,4,4,4,3,4,6,4,5,4,5,5,4,3,3,5,5,3,5,3,2,2,4,3,5,4,3,4,3,3,5,4,5,5,3,4,4,3,2,3
R_74NIevI9ZXt2wQF,2,2,2,3,2,4,3,2,2,2,3,1,3,6,3,4,6,6,6,6,2,2,2,3,6,6,3,3,5,3,5,2,5,6,3,5,3,6,1,2,5,2,2,4,3,3,3,2,5,5,6,3,2,3,1,2,3,2,2,1,2,3,2,2,2,1,3,4,2,2,3,2,6,7,5,7,7,6,7,7,6,7,7,7,5,7,7,6,5,6,2,7,2,6,6,6,1,2,2,3,6,6,5,7,6,3,5,4,3,4,6,2,2,5,2,4,6,5,3,7,5,3,2,3,1,2,2,2,2,3,5,5,3,3,2,2,4,6,3,3,3,4,3,6,5,2,6,3,5,6,4,4,3,7,4,6,4,3,4,4,5,4,2,2,3,4,6,5,6,7,7
R_114QlKHXqdf6aRh,6,5,6,6,7,7,7,7,6,6,7,7,6,6,6,6,7,7,7,7,7,7,7,7,7,7,7,7,7,7,7,7,7,7,7,7,6,6,6,6,6,6,7,6,6,6,6,6,6,6,6,6,6,6,2,2,2,2,2,2,2,2,2,2,2,2,2,2,2,2,2,3,6,5,4,4,4,4,7,7,7,5,5,5,4,6,4,4,4,2,3,2,3,3,3,6,5,3,4,2,2,3,3,3,3,2,3,3,2,2,2,2,2,2,2,2,2,2,2,2,2,2,2,2,2,2,3,2,1,2,2,2,2,3,3,2,2,1,2,3,2,2,2,2,3,4,6,4,4,5,5,5,4,5,2,5,5,5,5,5,5,5,6,6,7,4,6,4,4,4,4
R_1OTsL7x1EtoSVYZ,6,6,6,6,6,6,6,6,6,6,6,6,6,6,6,6,6,6,1,1,1,1,1,1,1,1,1,1,1,1,1,1,1,1,1,1,7,7,7,7,7,7,7,7,7,7,7,7,7,7,7,7,7,7,4,4,4,4,4,4,4,4,4,4,4,4,4,4,4,4,4,4,4,4,4,4,4,4,4,4,4,4,4,4,4,4,4,4,4,4,5,5,5,5,5,5,5,5,5,5,5,5,5,5,5,5,5,5,6,6,6,6,6,6,6,6,6,6,6,6,6,6,6,6,6,6,6,6,6,6,6,6,6,6,6,6,6,6,6,6,6,6,6,6,7,7,7,7,7,7,7,7,7,7,7,7,7,7,7,7,7,7,4,4,4,6,6,6,6,6,6
R_5C1LqYBPGzdPl9T,1,6,1,7,7,4,1,1,1,1,1,1,7,7,7,7,7,7,7,7,7,7,7,7,7,7,7,7,7,7,7,7,7,7,7,7,6,6,6,6,7,5,6,6,6,6,6,5,7,6,7,7,7,7,1,1,1,1,1,1,1,1,1,1,1,1,1,1,1,1,1,1,7,4,6,2,2,5,7,7,7,7,7,7,1,4,1,2,1,1,7,7,7,6,5,7,7,7,7,7,6,7,6,7,7,6,6,7,6,7,4,7,7,7,5,4,3,5,2,3,7,4,7,7,4,7,1,3,1,5,4,1,1,1,1,1,1,1,6,6,6,6,5,6,2,2,2,2,3,3,2,2,2,2,2,3,3,2,2,2,2,3,2,5,4,6,6,3,3,4,3
R_7pbXRZrKvDRP2xu,6,4,5,5,4,3,7,2,2,3,5,1,1,6,7,7,5,7,7,7,7,7,7,7,7,7,7,7,7,7,7,7,7,7,7,7,5,5,2,5,5,2,1,1,5,1,5,1,7,5,7,5,5,7,1,1,1,1,1,1,1,1,1,1,1,1,1,1,1,1,1,1,6,5,4,6,4,6,7,7,7,7,7,7,1,7,1,5,2,1,6,3,3,5,4,7,7,6,7,7,6,7,1,3,1,2,3,1,1,1,1,1,1,1,1,1,1,1,1,1,1,1,1,1,1,1,3,2,3,3,7,7,3,2,3,2,2,6,3,3,3,1,2,6,3,1,3,3,4,4,1,3,2,1,3,5,1,3,1,1,3,4,1,1,1,6,5,2,2,1,1
R_3ASCDbtqMds1dXd,2,6,6,5,7,5,3,4,4,3,5,1,6,3,4,7,7,7,7,6,7,7,7,6,7,7,7,7,7,7,6,7,7,6,7,5,4,7,7,7,7,4,7,7,7,7,7,5,7,7,7,7,7,4,3,2,3,1,2,2,2,2,3,1,2,1,2,3,3,2,2,1,3,4,3,4,3,5,4,5,4,4,3,5,3,3,3,3,5,3,5,3,4,3,5,7,4,3,4,3,5,6,3,2,3,2,3,6,2,1,1,1,3,4,1,1,1,1,1,4,1,1,1,1,1,6,1,2,1,2,3,3,2,1,2,1,1,2,1,1,1,2,1,6,2,2,2,4,5,5,2,2,2,3,3,4,2,2,2,2,2,6,2,4,4,4,5,1,1,1,1
R_1vCx77e1uSt9aQ9,3,7,5,6,7,3,2,3,3,2,4,2,6,5,6,7,6,7,4,5,4,4,5,3,3,5,6,3,5,5,3,3,3,4,3,3,3,7,5,6,7,3,4,5,5,5,6,3,6,6,6,6,6,6,1,3,1,2,1,1,2,2,2,2,3,2,2,3,2,2,2,2,4,3,3,3,3,5,3,4,4,4,2,4,3,3,3,3,3,3,6,3,4,3,4,7,3,4,4,3,4,5,3,3,3,3,3,2,4,5,4,4,5,4,3,3,3,3,5,3,5,5,5,5,5,5,5,4,4,5,5,5,4,3,4,3,4,6,5,5,5,5,5,5,5,4,5,5,5,6,4,4,4,5,5,5,5,5,5,6,5,5,5,6,6,3,5,2,2,4,3
R_7dSpIESUjmeJhTW,1,2,7,1,1,2,1,1,1,1,4,1,5,4,7,1,6,7,4,3,6,2,2,3,6,6,6,3,6,6,3,7,3,2,3,4,6,3,5,3,5,3,2,2,2,3,2,4,6,6,6,6,6,7,2,2,2,2,2,2,2,2,2,2,2,2,2,2,2,2,2,2,1,1,6,2,5,2,7,5,3,4,4,6,5,1,2,2,1,4,1,1,4,4,6,6,2,4,2,2,5,5,3,2,7,3,2,5,3,2,3,3,5,5,3,4,3,3,3,3,3,4,4,5,5,6,2,4,2,2,6,4,3,1,3,2,2,3,3,4,4,2,5,5,5,5,5,4,5,5,3,4,4,3,4,4,4,3,4,4,3,5,1,4,5,1,5,1,1,3,1
R_1eQ2Ykx2H8sEfD7,5,5,3,2,2,2,2,1,2,1,3,2,7,3,5,3,2,2,5,5,5,6,5,6,6,6,6,5,6,5,5,5,6,4,6,5,5,5,5,5,5,6,5,4,5,5,4,5,4,5,5,5,4,5,6,4,5,5,5,6,5,3,4,6,5,5,5,5,5,5,5,4,3,4,5,4,3,4,2,5,5,4,5,5,2,3,3,3,2,2,4,4,4,3,5,5,4,5,5,5,5,4,3,4,3,4,3,3,4,3,4,3,3,3,4,4,3,4,2,4,3,3,3,3,4,3,2,3,3,3,3,3,4,4,3,4,3,3,4,3,4,3,4,3,4,5,5,5,5,5,4,5,5,4,4,4,4,4,5,4,4,5,4,5,5,4,5,5,5,4,5
R_11YIH8sCgcKeG4r,1,4,4,4,6,2,3,3,3,3,6,1,7,4,6,6,5,7,6,6,6,6,6,6,6,6,6,6,6,6,6,6,6,6,6,6,4,4,4,4,4,4,4,4,4,4,4,4,4,4,4,4,4,4,4,4,4,4,4,4,4,4,4,4,4,4,4,4,4,4,4,4,7,4,5,4,4,6,7,7,7,7,4,7,4,6,4,4,4,1,3,4,4,4,4,4,4,4,3,4,4,4,4,2,4,4,2,4,1,1,1,1,2,1,1,1,1,1,1,1,2,1,1,1,2,1,2,2,2,2,2,2,2,2,2,2,2,2,2,2,2,2,2,2,3,3,3,3,3,3,3,3,3,3,3,3,3,3,3,3,3,4,1,3,4,2,2,2,2,2,2
R_7VPAmal4OJSikAk,1,4,4,3,3,3,1,1,1,1,1,1,7,1,7,7,7,7,7,7,7,7,7,7,7,7,7,7,7,7,7,7,7,7,7,7,5,4,6,6,6,5,6,3,4,3,2,5,4,4,5,5,3,6,2,2,2,1,2,1,2,2,1,2,2,1,2,1,1,2,2,1,2,3,2,2,2,2,3,2,2,2,2,2,3,1,3,2,3,2,7,7,7,7,6,6,6,4,7,7,6,7,6,7,4,5,3,7,1,1,1,1,1,1,1,1,2,1,1,1,1,1,1,1,1,1,6,2,3,6,6,3,1,1,1,2,6,1,3,5,1,3,1,2,1,1,1,1,1,1,1,1,1,1,1,1,1,1,1,1,1,1,2,3,4,3,2,1,4,1,1
R_5MsUW1647sL636h,4,4,7,7,7,5,6,7,6,7,7,6,7,6,7,7,7,7,7,7,6,7,6,7,7,7,6,7,7,7,6,7,7,7,6,7,4,5,7,7,6,4,7,6,6,7,7,7,7,7,7,7,7,7,1,1,1,1,1,1,1,1,1,2,2,1,1,1,1,2,1,1,7,6,6,5,7,7,7,6,7,6,7,7,2,7,2,2,3,1,6,5,2,4,6,7,2,6,7,2,7,7,6,3,5,7,2,3,3,3,3,2,5,2,2,2,2,2,2,2,5,3,5,6,4,6,5,6,3,2,5,4,2,3,4,4,3,6,2,4,2,2,6,3,3,3,2,3,3,3,2,2,3,2,3,3,3,2,3,2,2,3,4,3,3,5,6,3,6,2,3
R_6eL7lbqM8fsVMvM,1,4,1,1,1,5,1,4,1,1,2,1,5,2,5,5,5,5,5,5,4,5,5,6,5,6,6,5,5,5,5,5,5,6,5,5,4,4,3,6,3,2,4,2,2,4,5,2,7,4,6,6,7,7,2,1,1,2,2,2,2,1,2,1,1,1,4,2,4,4,4,5,7,6,7,6,7,6,7,7,7,7,6,7,3,7,3,5,3,2,4,4,2,4,5,6,3,3,5,4,3,4,5,4,3,5,2,6,3,3,2,3,3,2,2,3,3,2,3,3,3,3,3,2,3,4,4,4,6,5,4,5,6,6,6,5,3,6,2,5,2,5,2,2,4,4,6,5,5,5,6,5,6,5,4,6,3,4,2,5,2,1,4,4,3,5,4,3,3,5,5
R_5DMTXmwFN1qb1GM,5,5,6,6,6,5,5,6,5,5,7,3,5,6,5,7,7,7,7,7,7,7,7,7,7,7,7,7,7,7,7,7,7,7,7,7,3,6,5,6,6,3,5,6,6,6,7,3,6,6,6,6,7,7,1,1,1,1,1,1,1,1,1,1,1,1,1,1,1,1,1,1,6,5,4,5,4,7,7,6,6,7,4,7,3,6,3,3,4,1,5,5,2,5,5,6,6,4,5,5,3,7,2,4,2,2,3,2,2,2,2,2,2,3,1,2,2,2,2,2,2,1,2,1,2,1,2,3,3,2,3,2,2,3,2,3,2,2,3,2,3,3,2,2,3,3,3,2,3,3,3,2,3,2,4,4,2,2,4,4,5,3,3,2,4,2,6,2,2,2,1
R_6fk7UVxJmucED1h,2,5,7,6,1,6,1,2,2,1,2,1,7,2,7,7,7,7,7,7,6,7,4,6,7,7,7,7,6,6,3,7,3,6,3,5,6,7,7,7,6,7,7,7,7,7,7,6,5,7,4,7,7,3,1,1,1,1,1,1,1,1,1,1,1,1,1,1,1,1,1,1,7,5,2,7,7,5,7,7,7,7,5,7,4,6,4,5,2,1,4,2,2,1,3,6,1,2,5,1,3,5,4,4,6,4,1,7,3,2,5,2,1,2,1,1,2,1,2,2,4,2,4,3,2,5,2,1,3,2,1,2,1,1,1,1,2,1,2,1,4,1,3,5,1,1,5,2,3,2,1,1,1,1,2,2,3,1,3,1,1,4,1,2,2,6,6,1,2,1,1
R_71gwJ6YmAuG9WBr,7,7,5,5,6,6,1,1,1,1,7,1,7,3,7,7,7,7,3,5,4,5,4,7,6,2,3,7,6,6,3,3,3,4,5,4,3,5,3,7,6,1,2,1,1,1,6,1,6,6,6,7,6,7,1,2,2,2,3,1,2,2,1,3,3,1,3,1,2,4,4,2,5,5,5,5,2,7,7,7,7,7,2,7,1,6,2,1,3,1,3,3,3,6,2,7,6,7,6,5,2,7,2,7,2,2,1,7,6,2,3,5,4,6,2,2,5,2,1,1,2,2,3,2,5,6,1,1,1,4,3,3,2,4,3,2,1,3,2,4,1,1,1,7,3,2,3,3,4,5,1,6,5,5,6,5,2,5,2,2,3,6,5,6,7,6,5,1,2,1,1
R_3gFub6FJwX66Sw5,2,6,7,7,7,2,3,2,2,2,2,1,7,6,7,7,7,7,6,6,5,6,5,5,7,7,6,7,6,5,7,7,6,6,7,7,2,5,6,7,5,2,4,4,2,2,6,2,7,7,6,7,7,7,2,4,2,3,4,2,2,2,2,2,3,2,6,3,6,4,5,5,7,4,1,2,5,7,7,7,7,7,3,7,1,2,1,2,1,1,5,3,3,4,4,6,5,3,4,5,2,5,2,2,3,2,2,2,3,4,5,3,4,3,3,4,2,2,4,5,4,4,3,2,2,3,5,4,2,3,3,5,2,3,3,2,2,4,2,2,2,2,2,2,2,2,2,3,3,4,2,2,2,2,2,2,1,2,2,2,3,1,3,5,4,5,5,2,4,4,5
R_65Ab5RaXmPIaE2Z,3,3,2,3,3,3,3,3,2,2,3,3,6,5,6,7,6,7,7,7,7,7,7,6,6,7,7,5,5,5,6,6,6,6,6,6,6,6,6,6,6,6,7,7,7,6,7,7,7,7,7,7,7,7,3,3,3,3,5,3,4,5,4,4,5,5,3,3,3,3,3,3,6,6,7,6,6,7,7,6,7,7,6,6,4,4,4,4,4,4,6,6,6,6,6,6,5,5,5,5,5,5,4,4,4,4,4,4,2,1,1,2,1,1,1,1,1,1,1,2,5,5,5,5,5,5,6,4,3,4,4,4,3,3,3,4,4,3,5,5,5,5,5,5,4,4,3,4,3,4,3,3,3,3,3,3,4,4,4,4,4,4,3,3,3,6,7,4,5,6,5
R_7Q48pUP7NDjbrKh,7,7,7,6,6,4,7,7,7,7,7,4,6,7,6,6,7,6,7,7,4,5,3,7,7,7,7,4,7,7,6,4,4,4,7,4,7,7,7,6,4,4,7,7,7,7,7,6,6,7,7,7,6,5,1,1,1,1,1,1,1,1,1,1,1,1,1,1,1,1,1,1,2,6,1,7,7,7,7,2,7,7,1,7,1,2,2,1,1,2,5,7,7,6,7,7,1,1,1,1,1,7,1,1,1,1,1,7,1,1,1,1,7,1,1,1,1,1,1,1,1,1,1,1,1,7,1,1,1,2,3,2,1,1,1,1,1,1,1,1,1,1,1,5,1,1,1,1,3,2,1,1,1,1,1,3,2,1,2,1,1,3,1,1,1,5,6,6,6,5,6
R_7pbS5N3VrPJxuOk,3,3,5,7,6,6,3,5,5,3,2,2,6,2,5,7,6,4,4,5,6,4,3,5,5,5,5,5,4,4,5,5,5,6,4,5,4,6,7,7,6,3,7,7,7,7,6,3,7,6,6,7,7,5,3,2,3,2,1,1,4,3,2,3,2,1,3,1,2,2,2,3,6,2,2,2,5,5,7,5,7,7,4,7,3,6,2,4,5,2,3,3,5,2,4,3,3,6,5,5,5,4,5,4,5,3,2,5,3,3,3,3,2,4,2,2,3,2,3,3,2,2,2,2,3,2,5,4,3,5,6,6,2,2,2,2,4,5,1,1,2,2,4,2,3,3,1,3,4,3,3,2,3,2,2,4,2,2,2,3,2,2,2,5,5,2,5,2,3,3,2
R_5EE7h72b9hbgvBn,3,5,6,2,4,3,5,6,2,3,2,3,6,6,6,6,6,6,4,6,6,5,6,4,4,6,5,4,5,6,5,7,6,6,6,6,4,4,5,5,5,4,6,5,6,4,7,5,6,6,6,6,7,6,3,4,5,3,4,4,5,5,3,5,6,5,6,6,5,5,7,6,6,3,1,5,3,6,5,5,6,5,2,6,2,5,2,2,3,5,5,2,3,4,2,6,5,4,5,5,2,3,2,2,3,2,1,2,1,1,1,1,1,1,1,1,1,1,1,1,1,1,1,1,1,1,2,2,2,2,5,4,1,2,4,2,2,1,1,2,1,2,2,3,3,3,2,2,3,5,3,2,3,2,2,2,2,2,1,2,2,2,2,3,2,5,4,4,4,4,3
R_16bxS7Qq3FaloKb,7,7,6,5,3,5,5,6,4,6,6,4,5,6,4,7,7,7,4,4,4,4,4,4,4,4,4,4,4,4,4,4,4,4,4,4,7,7,7,7,7,5,5,7,7,7,7,7,6,6,7,6,5,7,1,1,1,1,1,1,1,1,1,1,1,1,1,1,1,1,1,1,6,3,7,7,4,7,7,7,7,6,4,4,2,2,2,2,2,2,3,4,3,4,3,3,4,3,4,4,4,3,4,3,4,4,3,4,1,1,1,1,1,1,1,1,1,1,1,1,1,1,1,1,1,1,3,4,2,5,4,6,3,3,4,3,2,4,7,7,7,7,7,7,4,4,4,5,3,5,5,4,4,2,3,3,6,5,6,6,6,6,7,7,7,1,7,1,4,3,1
R_3QAtoJMhekOb6EM,1,1,1,1,1,1,1,1,1,1,1,1,1,1,1,1,1,1,7,7,7,7,7,7,7,7,7,7,7,7,7,7,7,7,7,7,3,5,5,5,5,5,5,5,3,5,5,2,5,5,6,5,5,6,2,2,2,2,2,2,2,2,2,2,2,2,2,2,2,2,2,2,5,5,5,5,5,5,5,5,5,5,5,5,5,5,5,5,5,5,6,3,6,4,6,6,4,6,3,5,4,7,5,3,6,4,3,6,1,5,1,1,7,5,1,1,1,1,1,1,3,7,1,5,7,7,2,2,2,2,6,7,2,2,2,2,2,2,2,2,2,2,2,6,2,2,2,2,2,2,2,2,2,2,2,2,2,2,2,2,2,2,2,5,3,5,5,5,6,6,6
R_72SieZVnaaDz3ga,2,5,5,4,1,5,1,1,2,1,5,2,7,3,6,7,7,7,5,6,4,6,7,6,4,6,6,3,6,5,6,3,5,6,5,7,3,6,5,5,5,2,2,1,1,2,7,2,6,3,7,6,6,5,1,3,3,1,3,3,1,2,2,1,3,2,1,2,2,5,4,1,6,3,4,2,7,3,7,7,6,7,1,5,2,6,2,2,2,3,3,3,2,2,5,6,7,6,3,5,2,5,5,3,3,2,1,5,6,3,5,5,3,5,1,1,2,1,2,2,7,2,6,6,5,7,3,3,3,3,2,2,7,6,6,6,2,6,4,5,1,1,3,2,5,5,2,3,3,3,7,7,6,7,5,6,6,7,6,7,6,7,2,6,6,3,6,3,2,3,1
R_3H8D6VMeKiZ21XY,7,7,7,7,7,7,7,7,7,7,7,7,7,7,7,7,7,7,7,7,7,6,7,5,7,7,7,6,7,7,7,6,6,7,7,7,6,6,6,6,6,6,6,6,6,6,6,6,6,6,6,6,6,6,1,1,1,1,1,1,1,1,1,1,1,1,1,1,1,1,1,1,2,2,2,2,2,2,2,2,2,2,2,2,2,2,2,2,2,2,7,7,7,7,7,7,7,7,7,7,7,7,7,7,7,7,7,7,5,5,5,5,5,5,5,5,5,5,5,5,5,5,5,5,5,5,6,6,6,6,6,6,6,6,6,6,6,6,6,6,6,6,6,6,4,4,4,4,4,5,4,4,4,4,4,5,4,4,4,4,5,4,4,5,6,5,6,1,2,1,1
R_31tt7A1q0S0CSe4,4,4,4,4,4,4,4,4,4,4,4,4,7,7,7,7,7,7,7,7,7,7,7,7,7,7,7,7,7,7,7,7,7,7,7,7,7,7,7,7,7,7,7,7,7,7,7,7,7,7,7,7,7,7,2,2,2,2,2,2,2,2,2,2,2,2,2,2,2,2,2,2,4,4,4,4,4,4,4,4,4,4,4,4,4,4,4,4,4,4,4,6,4,2,2,6,6,5,5,5,2,6,2,2,2,2,2,2,2,2,2,2,2,2,2,2,2,2,2,2,2,2,2,2,2,2,2,4,2,2,2,2,4,2,2,2,2,4,2,2,2,2,4,4,4,4,4,4,4,4,4,4,4,4,4,4,4,4,4,4,4,4,4,4,5,4,4,4,2,2,4
R_7CIIQCj0oIndqYX,7,7,4,4,5,6,4,3,6,7,5,6,6,6,6,5,5,5,6,6,4,4,5,6,3,3,3,2,3,4,5,7,6,5,5,6,6,5,5,6,6,5,3,4,3,3,4,5,6,4,6,5,7,7,5,6,5,5,5,5,3,6,3,4,4,5,5,6,4,6,5,6,5,2,5,5,6,6,5,5,4,5,6,4,1,1,5,1,2,2,5,1,2,2,4,4,1,4,4,3,4,7,3,1,4,6,1,1,5,7,6,5,5,4,6,5,3,4,6,5,6,6,6,5,5,5,3,4,5,4,4,5,4,3,3,5,2,3,5,5,4,5,3,3,4,3,2,2,4,1,3,2,3,3,3,2,3,3,5,4,4,3,2,4,3,5,6,5,4,6,5
R_6e9im3eqHWycZkI,6,7,6,6,7,6,5,3,1,5,7,1,7,7,7,7,7,7,6,7,7,6,7,6,7,7,7,7,7,7,7,7,7,7,7,7,5,6,7,6,6,5,7,7,7,7,7,4,7,7,7,7,7,7,2,2,2,2,2,2,2,2,2,2,2,2,2,2,2,2,2,2,7,6,4,5,6,7,7,7,7,7,7,7,2,7,4,4,3,2,2,2,1,2,2,4,1,2,1,1,1,3,1,1,2,2,2,1,1,1,1,1,1,1,1,1,1,1,1,1,1,1,1,1,1,1,5,5,1,4,5,5,1,2,1,2,1,4,1,1,1,2,2,1,4,4,4,4,4,4,4,4,4,4,4,4,4,4,4,4,4,4,4,4,4,6,7,3,5,5,3
R_7xDK60pCKkBIfga,6,7,6,6,6,5,5,6,5,6,6,5,7,6,7,7,7,7,6,6,6,6,6,6,6,6,6,6,6,6,6,6,6,6,6,6,5,6,5,6,6,5,5,5,5,6,6,5,6,6,7,6,6,6,2,3,2,3,2,2,2,2,2,2,3,2,3,3,3,3,3,3,5,3,4,3,3,5,6,5,6,6,4,5,4,4,2,4,3,3,3,3,4,2,4,6,4,4,4,2,5,5,3,4,2,2,4,5,3,3,3,3,2,3,2,1,1,2,1,3,3,2,1,2,1,3,4,2,2,5,4,5,4,3,4,2,3,5,3,3,3,4,4,5,3,3,3,4,4,5,3,3,4,4,3,4,3,3,3,4,4,5,3,6,6,3,2,3,5,2,2
R_3dGQ7K529oO3d4t,6,6,7,6,6,7,7,6,6,6,6,6,6,6,6,7,6,7,4,4,4,4,3,5,4,4,3,3,4,4,4,4,5,4,4,4,6,6,6,6,5,5,6,6,6,7,4,6,6,6,6,4,6,6,1,2,1,1,1,1,2,1,1,2,1,1,1,1,2,1,2,1,6,6,6,6,6,6,7,7,7,7,7,6,6,6,6,6,7,6,5,5,5,6,5,3,3,6,6,6,5,5,5,6,5,3,5,3,6,7,6,6,7,6,6,6,7,7,6,6,7,7,6,6,6,6,6,5,6,6,6,6,5,5,5,5,6,5,5,6,6,6,5,6,6,6,6,5,5,6,5,6,5,6,5,6,5,5,6,6,6,6,5,6,6,6,6,6,6,6,6
R_7VxQhvWvZR7iVRi,4,4,4,7,7,7,4,4,4,4,1,1,4,4,4,4,7,7,7,7,7,7,7,7,7,7,7,7,7,7,7,7,7,7,7,7,4,4,4,4,4,2,4,4,4,4,2,4,4,2,4,4,4,4,2,4,4,4,4,1,4,4,4,4,4,4,4,4,4,4,4,4,7,7,1,4,4,7,7,4,7,7,7,7,1,7,1,1,4,1,4,1,1,1,1,7,1,4,4,1,4,7,1,1,1,1,1,1,1,1,1,1,1,1,1,1,1,1,1,1,1,1,1,1,1,1,1,4,4,1,4,1,4,1,1,1,4,4,4,1,4,4,4,4,4,4,4,4,4,4,4,4,4,4,4,4,4,4,4,4,4,4,7,2,4,4,4,4,4,4,4
R_30nCsz1CNxCVHWx,4,7,7,3,6,3,6,6,6,3,7,3,7,6,7,7,7,7,7,7,7,7,7,7,7,7,7,7,7,7,7,7,7,7,7,7,2,7,7,5,4,2,6,6,5,5,6,2,7,7,7,7,7,7,1,2,1,2,2,1,2,2,1,2,2,2,2,2,2,2,2,2,7,3,6,4,7,7,7,6,7,7,2,7,1,6,1,1,1,1,6,2,5,2,4,7,2,6,6,3,4,6,2,3,2,2,2,1,2,1,1,1,1,2,2,2,2,2,1,1,1,1,1,1,1,1,4,2,4,3,2,4,2,3,3,2,3,4,2,4,2,3,2,3,2,2,3,2,3,3,2,2,2,2,2,3,2,2,2,2,2,2,2,3,5,1,1,1,1,1,2
R_6bTRKTBjiIvbK7F,2,6,5,6,2,2,2,2,4,2,6,2,6,6,6,6,6,5,7,5,6,5,5,7,7,7,7,6,6,7,7,7,6,5,7,7,6,6,6,6,6,6,6,6,6,6,5,6,5,6,6,6,6,6,3,2,3,3,2,3,3,3,3,3,3,3,3,3,3,3,3,2,6,6,6,5,3,5,3,6,6,3,6,6,3,5,3,6,4,6,2,2,2,2,2,6,2,2,3,3,4,2,3,2,2,6,2,2,2,2,2,2,2,2,2,2,2,2,2,2,2,2,2,2,2,2,3,3,3,3,3,3,3,3,3,3,3,3,3,3,3,3,3,3,3,3,3,3,5,3,3,3,3,3,3,3,5,3,3,3,5,3,5,5,5,6,6,5,5,5,5
R_50CV0NwoJpFVlWx,2,2,3,4,4,1,3,1,2,3,2,1,5,3,6,2,3,7,7,6,7,4,5,5,6,7,7,5,6,7,7,7,7,7,5,7,5,7,5,5,7,2,7,6,6,6,7,4,6,6,4,7,7,5,1,2,2,1,2,1,2,2,1,2,1,1,3,1,3,2,2,3,5,3,4,5,3,6,2,5,2,2,6,2,3,2,3,3,2,2,4,7,2,5,2,7,3,2,5,5,5,3,4,3,7,5,2,7,6,6,4,2,4,4,2,3,2,4,1,3,2,3,2,2,4,5,2,2,4,4,5,1,3,3,3,4,6,4,2,3,2,3,5,6,2,2,2,5,6,2,4,2,2,4,3,4,2,2,2,3,3,2,1,3,3,5,6,5,6,4,2
R_5AhhSc0J9syi9j3,5,5,6,4,7,7,3,3,3,3,7,3,7,7,7,7,7,7,7,7,7,7,7,7,7,7,7,7,7,7,7,7,7,7,7,7,6,6,7,7,7,7,7,7,6,7,7,7,7,7,7,7,7,7,1,1,2,1,2,1,2,2,2,2,2,1,1,1,2,2,2,1,5,5,5,2,4,2,5,5,5,5,5,5,2,2,2,2,2,4,4,4,3,3,3,4,4,3,4,4,3,4,3,4,4,4,3,5,2,2,2,2,2,1,2,2,2,2,2,2,2,2,1,1,1,1,4,4,1,6,7,7,2,4,2,2,1,2,1,4,1,1,2,7,4,4,3,4,4,4,4,3,3,3,4,4,4,4,4,4,4,5,4,4,4,1,6,2,1,1,1
R_6WMWqit77KtDpPf,5,6,6,6,6,4,6,6,5,6,6,5,6,6,6,6,6,6,3,4,4,3,4,4,5,5,5,5,4,4,5,5,5,5,5,4,5,7,5,5,4,3,5,6,5,6,5,3,6,6,6,6,6,5,1,4,2,3,1,1,3,2,2,2,3,2,4,3,4,3,3,3,6,3,5,6,5,7,6,4,6,6,6,5,3,3,3,3,3,3,2,2,3,2,6,7,3,3,3,2,3,6,2,2,3,2,2,2,3,2,3,2,4,6,2,2,2,2,3,3,2,3,2,2,2,2,2,2,3,3,3,2,3,3,3,3,3,4,3,2,3,4,3,5,5,3,3,3,5,6,2,3,3,3,4,4,2,3,3,3,2,4,2,6,3,6,6,5,5,7,4
R_3F2spE1mIl1bhvw,4,7,7,7,7,3,3,3,3,6,4,2,7,3,7,7,7,7,7,7,7,7,7,7,7,7,7,7,7,7,7,7,7,7,7,7,7,7,7,7,7,6,7,7,7,7,7,6,7,7,7,7,7,7,3,3,3,3,3,3,3,3,3,3,3,3,3,3,3,3,3,3,6,1,1,1,5,6,5,5,6,6,6,5,4,7,3,1,2,1,7,1,1,3,1,7,1,1,4,1,1,7,1,3,1,2,1,1,1,1,1,1,1,1,1,1,1,1,1,1,1,1,1,1,1,1,2,2,2,2,2,2,2,2,2,2,2,2,2,2,2,2,2,2,3,3,3,3,3,3,3,3,3,3,3,3,3,3,3,3,3,3,3,5,4,4,5,4,7,5,3
R_17VEV6ECoQCIyDx,4,6,4,4,6,4,3,3,3,3,3,4,7,4,7,3,4,6,6,6,6,6,6,6,5,5,5,5,6,6,7,6,6,7,6,6,7,7,4,6,6,6,4,4,4,4,6,3,7,6,7,6,6,6,3,4,3,3,3,3,3,3,2,3,3,2,3,3,4,3,2,3,5,2,5,3,5,4,5,6,6,6,3,6,3,2,4,3,3,3,3,2,3,3,4,6,4,4,4,4,2,4,3,3,3,3,3,3,6,6,5,5,6,6,5,4,6,5,3,4,4,5,4,3,3,4,5,6,4,5,4,4,4,5,4,5,3,5,5,5,5,4,5,5,4,5,5,6,5,5,5,5,5,5,5,6,4,5,4,4,4,4,2,2,3,6,7,5,6,6,4
R_3MOQHSgIaVbQyzv,1,6,1,5,4,4,1,1,1,1,3,1,5,1,6,4,4,5,7,7,7,7,7,7,7,7,7,7,7,7,7,7,7,7,7,7,1,6,7,6,7,4,6,1,2,2,2,1,7,3,7,7,7,7,1,1,2,2,1,3,2,1,2,2,1,1,2,1,3,2,1,4,7,2,6,4,4,6,7,7,7,7,5,7,2,6,2,4,1,1,7,5,1,6,1,7,1,4,3,1,1,7,1,1,1,4,1,1,1,1,1,1,1,1,1,1,1,1,1,1,1,1,1,1,1,1,6,4,2,2,2,7,1,2,6,1,2,7,2,2,2,5,3,6,4,1,2,1,4,2,1,2,1,1,1,2,1,1,2,1,1,4,1,2,2,1,5,3,4,1,1
R_7lNKyIQjqj7vpS1,4,4,7,7,7,4,7,7,7,7,7,1,7,7,7,7,7,7,4,4,4,7,7,7,4,4,4,7,7,7,4,4,4,4,4,4,4,7,7,7,7,4,7,7,7,7,7,7,7,7,7,7,7,7,1,1,1,1,1,1,1,1,1,1,1,1,1,1,1,1,1,1,1,1,1,1,1,1,1,1,1,1,1,1,1,1,1,1,1,1,7,7,7,7,7,7,7,7,7,7,7,7,7,7,7,7,7,7,1,1,1,1,1,1,1,1,1,1,1,1,1,1,1,1,1,1,4,4,4,4,4,4,4,4,4,4,4,4,4,4,4,4,4,4,7,7,7,7,7,7,7,7,7,7,7,7,7,7,7,7,7,7,7,7,7,7,7,1,1,7,1
R_72X4u9zTLUx8P8x,3,6,5,5,6,5,4,5,4,4,6,3,7,6,7,7,7,7,7,6,6,7,7,6,7,6,7,5,6,6,6,7,6,6,7,6,5,6,5,5,6,6,6,5,5,5,6,6,5,6,6,6,5,5,3,4,3,3,4,4,3,2,3,4,3,2,3,3,3,4,4,3,3,3,3,3,2,3,2,3,3,3,4,3,3,1,1,3,3,2,7,6,6,4,7,4,4,5,5,6,7,5,6,7,7,5,7,5,1,1,1,2,1,1,2,1,2,1,1,1,1,3,3,1,1,3,4,4,5,3,4,3,5,4,6,5,4,3,5,2,4,4,5,4,2,3,4,3,5,5,2,3,3,3,4,3,4,5,5,5,3,4,5,5,6,5,5,2,2,3,2
R_6ClajJNTi9GVswu,1,1,7,1,7,7,1,1,1,1,1,1,7,7,7,7,7,7,7,7,7,7,7,7,7,7,7,7,7,7,7,7,7,7,7,7,1,1,7,1,7,7,1,1,1,1,7,1,7,1,7,7,7,7,1,1,1,1,1,1,1,1,1,1,1,1,1,1,1,1,1,1,7,7,5,7,1,7,7,7,7,7,7,7,1,7,1,1,1,1,7,7,7,7,7,7,7,7,7,7,7,7,7,7,7,7,1,7,1,1,7,1,7,1,1,1,1,1,1,1,1,1,1,1,1,7,7,7,1,1,1,7,1,1,7,1,1,7,1,1,1,1,1,7,1,1,1,1,1,1,1,1,1,1,1,1,1,1,1,1,1,1,1,5,7,1,7,1,2,1,1
R_3uVwSZ44zRnXad8,7,7,7,7,7,7,6,6,6,6,7,6,7,6,7,7,7,7,7,7,7,7,7,7,7,7,7,7,7,7,7,7,7,7,7,7,7,7,7,7,7,7,7,7,7,7,7,7,7,7,7,7,7,7,5,5,5,4,5,4,4,5,5,4,5,4,5,5,5,5,6,5,5,2,3,1,1,1,5,6,3,4,2,4,1,4,1,1,1,1,4,3,4,4,3,7,3,4,4,3,3,7,5,3,4,3,3,7,1,1,1,1,1,1,1,1,1,1,1,1,1,1,1,1,1,1,1,1,1,2,1,2,1,1,1,2,1,1,1,1,1,1,1,1,4,4,4,4,4,4,4,4,4,4,4,4,4,4,4,4,4,4,3,5,5,3,4,2,2,5,1
R_3f9ckeXd7AN5PDw,1,4,4,4,1,4,1,1,4,1,4,4,7,1,7,7,7,7,7,7,7,7,7,7,7,7,7,7,7,7,7,7,7,7,7,7,4,7,6,7,4,4,4,7,4,4,3,4,7,4,7,7,7,7,3,4,4,3,3,3,4,4,3,4,4,3,4,4,4,4,3,4,7,4,4,4,7,4,7,7,7,4,4,4,1,7,1,1,1,1,7,1,1,1,7,7,7,1,1,1,1,7,1,7,1,1,1,1,1,1,1,1,1,1,1,1,1,1,1,1,1,1,1,1,1,1,1,4,4,4,1,1,4,4,4,4,1,1,4,4,4,4,4,4,3,2,2,2,4,2,2,2,4,2,4,2,2,2,2,2,2,2,2,4,3,3,7,3,5,3,4
R_7CH5YPbKMiX86S5,1,1,2,1,1,1,1,1,1,1,2,1,4,1,4,1,1,4,7,6,7,6,7,6,7,7,7,7,7,7,7,7,7,7,7,7,4,3,6,4,6,3,6,4,5,6,6,7,6,7,7,5,7,7,1,1,1,1,1,1,1,1,1,1,1,1,1,1,2,1,2,1,7,7,5,7,4,7,7,7,7,7,4,7,6,7,4,6,4,1,6,6,4,4,4,7,3,3,5,5,7,7,2,3,1,5,4,1,1,1,1,1,3,1,1,1,1,1,1,1,1,1,1,1,1,1,5,5,7,7,5,5,5,4,7,7,3,7,7,6,7,6,7,7,5,5,4,5,6,6,6,5,5,5,4,6,3,3,4,5,5,5,2,4,5,3,6,1,5,3,2
R_7hYzY4dLMnueKM9,1,3,7,7,4,7,2,1,2,1,6,1,7,5,7,5,5,7,7,7,7,7,7,7,7,7,7,7,7,7,7,7,7,7,7,7,1,3,7,7,4,1,3,3,3,3,5,1,7,4,7,6,6,7,1,1,1,1,1,1,1,1,1,1,1,1,1,1,1,1,1,1,7,2,1,7,2,3,7,7,7,7,1,7,2,7,1,2,1,1,7,2,1,1,3,7,3,4,5,7,1,7,1,2,1,3,1,1,1,1,1,1,1,1,1,1,1,1,1,1,1,1,1,1,1,1,1,3,7,5,5,1,3,3,1,1,4,1,5,2,5,5,5,6,1,1,1,1,1,1,1,1,1,1,1,1,1,1,1,1,1,1,1,1,1,5,7,1,7,7,1
R_7Kxxi3XQLPRDWVy,2,5,7,5,6,5,2,2,5,2,3,2,6,3,6,6,6,7,7,7,7,7,7,7,7,7,7,7,7,7,7,7,7,7,7,7,4,6,7,6,7,4,6,6,5,7,6,6,7,5,7,7,7,7,2,3,2,2,2,1,2,2,2,2,2,2,3,2,3,3,3,4,7,5,6,6,5,7,7,6,7,7,5,7,4,6,4,4,3,1,4,5,4,5,6,7,5,5,6,5,5,7,5,5,5,6,3,4,3,2,3,4,4,3,2,3,2,2,3,3,3,3,3,3,2,2,2,3,5,3,4,4,2,2,2,3,4,3,3,2,5,2,4,5,2,3,3,3,3,3,2,2,2,2,2,3,2,2,2,2,2,2,1,3,3,6,5,4,1,6,1
R_7KYzV4EUgiWCt7X,2,6,6,5,4,4,2,4,2,2,6,2,6,2,6,6,6,6,7,7,7,7,7,7,7,7,7,7,7,7,7,7,7,7,7,7,5,5,6,5,5,4,5,6,5,5,6,4,6,6,6,6,6,5,5,6,5,5,6,6,5,5,5,5,5,6,5,5,5,5,5,6,6,6,5,6,6,5,6,6,6,6,5,6,5,6,4,4,5,4,3,5,2,5,4,5,4,3,3,3,3,4,4,3,3,2,2,3,4,4,2,4,4,4,3,2,2,2,3,4,3,2,3,2,2,4,4,3,2,3,2,4,2,3,3,2,2,3,2,2,2,2,2,2,4,3,2,3,4,4,2,3,2,2,4,3,4,3,4,3,3,3,2,4,4,3,3,2,4,2,2
R_6mKjeKgAO37KAa3,1,1,1,1,1,1,1,1,1,1,1,7,7,1,1,1,7,7,7,7,7,7,7,7,7,7,7,7,7,7,7,7,7,7,7,7,2,3,2,2,4,4,3,3,3,3,3,2,7,1,7,1,7,7,1,1,1,1,1,1,1,1,1,1,1,1,1,1,1,1,1,1,7,7,3,7,7,7,7,7,7,7,7,7,1,1,1,1,1,1,7,7,1,7,7,7,7,7,7,7,1,7,1,1,1,1,1,1,4,4,4,4,4,4,4,4,4,4,4,4,4,4,4,4,4,4,1,5,1,5,5,5,1,5,5,1,4,6,6,4,4,1,6,6,1,1,4,1,1,1,1,1,1,1,1,1,1,4,4,1,4,5,2,4,4,6,6,4,6,6,4
R_6vYB0TrCfH3JBza,2,5,3,4,4,5,4,4,4,3,6,5,6,6,6,7,6,7,4,4,4,5,5,4,5,4,5,5,6,5,5,6,5,4,5,5,2,4,4,3,4,1,5,5,4,3,5,2,5,4,6,5,4,6,1,3,2,4,2,2,3,3,3,4,3,1,5,4,4,5,5,5,6,5,5,5,5,6,5,5,6,5,3,6,2,3,2,2,2,2,6,3,5,3,6,7,5,4,5,5,4,6,4,6,4,5,3,6,3,4,2,3,4,5,3,2,3,2,3,4,3,4,2,3,4,2,6,4,2,6,6,6,2,2,2,2,4,6,3,3,2,2,3,4,4,3,2,3,4,6,2,2,2,3,3,6,3,3,2,2,3,4,4,5,4,5,5,3,4,5,3
R_5JJCqQob71jgN3b,3,5,4,5,5,3,3,3,3,4,3,3,5,5,5,5,5,6,6,6,6,6,6,6,6,6,6,6,6,6,6,5,6,6,6,6,6,6,6,6,6,6,6,6,6,6,6,6,6,6,6,6,6,6,3,3,3,3,3,3,3,3,3,3,3,3,3,3,3,3,3,3,5,5,5,5,5,5,5,5,5,5,3,5,3,5,3,3,3,3,5,5,5,5,5,5,5,5,5,5,5,5,5,5,5,5,5,5,4,4,5,5,4,5,4,4,5,4,5,4,4,4,5,4,4,4,3,3,3,3,3,3,3,3,3,3,3,3,3,3,3,3,3,3,3,3,3,3,3,3,3,3,3,3,3,3,3,3,3,3,3,3,2,6,5,4,5,2,2,2,2
R_3BkOiuLdJpim6qt,3,4,6,4,5,6,7,1,6,7,6,7,7,7,7,7,7,7,6,7,5,7,5,6,5,6,6,6,7,6,7,6,7,7,7,4,2,5,5,6,7,4,3,5,4,3,6,5,7,6,7,7,7,6,1,1,2,1,2,1,2,2,2,1,1,1,2,1,2,2,1,1,7,3,2,3,4,5,5,5,7,7,4,7,1,3,2,2,4,1,4,3,3,4,7,7,5,3,6,4,4,6,3,3,3,4,4,7,1,1,2,1,1,1,1,1,1,1,1,1,1,1,2,1,1,2,2,1,4,1,6,2,2,2,2,2,2,2,2,2,2,2,1,7,3,3,4,3,4,5,3,3,3,3,4,4,4,4,4,3,4,5,2,5,7,6,7,1,1,1,1
R_6D752Q8cSLye60F,2,3,3,3,4,4,2,3,3,2,2,2,4,2,4,4,4,4,7,7,7,7,7,7,7,7,7,7,7,7,7,7,7,7,7,7,5,5,6,6,7,4,5,5,6,5,5,6,7,6,7,6,6,7,1,1,1,1,1,1,1,1,1,1,1,1,1,1,1,1,1,1,6,6,7,6,3,7,7,7,7,7,7,7,3,7,3,3,4,1,6,2,4,3,5,7,3,5,5,4,2,5,3,3,2,4,2,2,6,5,3,5,6,5,4,2,4,2,2,3,2,2,2,4,4,5,1,2,4,2,2,1,1,2,1,3,1,1,1,1,1,1,1,2,3,4,3,3,5,5,4,4,4,3,3,5,4,3,4,4,4,5,2,4,4,5,7,1,3,1,1
R_6ff6bQYPJLUesi0,2,6,5,5,4,3,2,2,5,3,4,2,6,2,6,6,6,6,6,7,6,6,5,6,4,6,6,5,6,6,6,5,6,4,7,5,4,6,6,6,3,4,4,4,5,4,4,4,6,3,4,5,6,3,3,4,3,2,4,2,3,3,3,2,3,2,3,3,2,4,3,2,7,5,4,7,7,7,7,4,5,6,6,5,6,6,5,6,4,2,2,3,2,2,4,5,3,2,4,7,3,6,7,3,6,4,1,3,2,2,4,5,6,5,3,4,4,4,3,4,4,2,3,2,2,5,3,2,2,3,4,2,4,4,1,4,3,4,4,4,3,2,2,5,2,1,2,4,2,4,2,2,2,2,2,3,2,3,3,1,2,3,1,2,2,1,2,2,5,2,4
R_5I41M0ejXneKbXj,7,7,7,7,7,7,7,7,7,7,7,7,7,7,7,7,7,7,4,4,4,4,4,4,4,4,4,4,4,4,4,4,4,4,4,4,4,4,4,4,4,4,4,4,4,4,4,4,4,4,4,4,4,4,2,2,2,2,2,2,2,2,2,2,2,2,2,2,2,2,2,2,6,1,1,1,6,6,6,6,6,6,7,1,1,6,6,1,1,1,7,7,7,1,1,7,7,7,7,7,1,1,1,7,1,1,7,1,4,4,4,4,4,4,4,4,4,4,4,4,4,4,4,4,4,4,4,4,4,4,4,4,4,4,4,4,4,4,4,4,4,4,4,4,4,4,4,4,4,4,4,4,4,4,4,4,4,4,4,4,4,4,4,4,4,1,4,3,2,3,3
R_50wnw0LYcLsASAh,2,5,3,2,2,3,2,2,2,2,3,2,2,4,2,6,6,7,7,7,7,7,7,7,7,7,7,7,7,7,7,7,7,7,7,7,7,7,6,6,7,5,6,6,5,4,6,4,7,6,7,7,7,7,2,2,2,2,2,2,2,2,2,2,2,2,2,2,2,2,2,2,7,4,7,5,2,7,5,7,7,7,4,7,2,5,3,2,4,2,7,7,7,6,2,7,7,7,7,7,5,7,2,3,2,3,2,5,1,1,1,1,1,1,1,1,1,1,1,1,1,1,1,1,1,1,2,2,2,2,4,2,3,2,1,2,1,2,2,2,1,2,2,2,2,2,2,2,2,2,2,2,2,2,2,2,2,2,2,2,2,2,2,5,5,3,5,2,2,2,3
R_2rUsARXdQuQchGv,2,3,2,4,3,3,1,2,1,1,2,1,7,6,7,5,7,7,6,5,6,5,5,4,5,6,6,6,7,7,6,6,6,6,7,7,5,7,5,6,6,6,3,5,7,3,6,2,7,5,7,7,7,7,5,4,3,4,2,1,3,3,3,3,2,2,5,4,5,4,5,6,5,2,6,2,2,6,6,5,7,6,4,7,1,3,1,2,1,1,2,1,2,3,3,6,3,2,4,3,3,6,1,5,1,2,1,1,1,1,1,4,4,3,1,1,1,1,1,1,6,6,5,6,6,7,2,2,4,3,5,5,4,4,5,4,4,7,1,3,1,2,1,1,2,2,2,3,4,5,2,1,4,3,3,5,1,2,2,3,1,2,2,3,2,3,4,3,4,3,4
R_5VjOm6sIRAzFl95,2,4,2,2,4,2,1,1,1,1,2,1,6,3,6,6,7,7,7,7,7,7,5,5,7,7,7,7,7,7,7,7,7,7,7,5,1,3,4,6,6,6,3,3,3,3,3,3,6,3,6,6,6,6,1,4,1,1,1,1,1,1,1,1,3,1,4,1,4,3,4,2,7,4,2,4,6,6,7,7,7,7,7,7,3,4,3,3,5,4,7,5,5,7,6,7,7,7,7,7,3,5,3,5,3,3,3,7,4,4,4,4,7,5,4,4,4,4,4,4,4,4,4,4,4,7,1,2,4,1,2,2,1,1,1,1,2,1,3,1,3,3,2,7,2,2,2,2,5,5,2,2,4,2,3,2,2,2,2,2,2,5,2,5,5,7,7,6,6,6,6
R_6Hqx0aLmzpUBBhX,4,5,6,5,6,5,4,5,5,4,5,2,6,6,5,5,5,6,6,5,5,5,5,5,6,5,5,6,6,6,6,6,6,6,5,6,4,4,7,7,7,5,6,6,6,6,7,6,7,7,7,6,7,7,1,1,2,1,3,1,2,1,2,2,2,1,2,3,3,3,3,2,4,4,4,3,2,4,4,3,3,4,4,3,1,2,1,2,3,1,6,5,3,3,4,6,4,4,4,4,4,6,4,3,4,3,3,5,1,1,3,1,4,2,2,2,2,2,2,1,2,2,2,1,2,2,4,1,2,3,5,2,2,2,2,2,3,2,1,2,2,1,3,3,2,2,2,2,5,3,2,3,2,2,2,2,1,1,1,1,1,1,2,2,3,3,5,2,2,2,3
R_6IAFz0tKwxHwMST,2,5,1,5,5,2,2,2,2,1,2,1,6,3,4,6,6,7,5,3,3,6,3,3,3,4,7,4,3,4,3,5,5,6,4,5,2,5,3,5,2,2,4,5,3,2,5,3,6,3,7,7,6,7,1,1,1,1,2,2,2,1,1,1,2,1,3,2,3,3,3,3,7,7,1,4,6,7,7,7,6,7,3,6,2,5,2,2,4,1,7,6,5,5,7,7,4,5,7,4,5,7,1,3,3,4,3,5,6,7,1,6,6,4,4,4,4,3,2,6,3,4,3,3,4,3,5,5,2,4,6,5,2,2,2,2,1,4,3,3,2,2,2,1,2,4,2,2,2,5,3,2,2,3,4,3,4,4,4,4,4,3,1,3,3,3,7,2,4,6,3
R_7EcIadIpgAUAKo5,3,3,3,6,5,6,4,3,3,3,4,3,6,3,6,6,6,6,5,5,6,5,4,5,5,5,6,5,5,5,5,5,5,6,5,5,6,6,6,6,5,6,6,6,6,6,6,5,6,6,6,6,6,6,6,6,6,6,5,5,6,6,6,5,6,4,6,6,6,6,6,6,7,7,7,5,7,5,7,7,7,7,7,7,5,7,5,4,4,5,6,5,5,4,7,7,4,5,7,5,5,7,2,5,2,5,3,2,3,4,3,3,3,4,3,3,3,3,3,2,4,2,4,2,4,4,2,4,2,4,4,4,2,2,2,3,3,5,2,2,2,2,2,4,3,4,3,5,5,5,4,4,4,4,4,5,3,4,4,3,5,5,1,5,4,3,4,3,5,2,7
R_68ILotlqeBsIzgo,2,5,6,6,6,3,5,5,5,1,5,6,3,1,5,6,6,7,5,6,6,6,5,5,7,5,7,7,6,6,7,7,7,6,6,4,3,5,6,7,3,3,4,6,4,6,7,2,7,5,6,7,7,7,1,1,1,1,1,1,1,1,1,1,1,1,1,1,1,1,1,1,7,5,3,4,4,6,7,7,7,6,7,7,2,7,1,2,2,1,4,4,5,3,2,6,3,2,5,6,2,6,7,3,7,7,4,6,4,1,4,4,4,3,2,3,2,1,2,3,2,1,2,2,1,5,1,1,1,1,4,1,1,3,2,1,1,2,1,2,1,1,1,5,3,4,2,3,4,3,2,3,3,4,3,5,5,3,4,5,3,5,2,5,4,2,7,2,1,1,1
R_75tkNPi3eDzT5Hp,2,4,7,4,4,3,3,2,2,2,7,1,7,3,7,7,7,7,7,7,7,7,7,7,7,7,7,7,7,7,7,7,7,7,7,7,3,4,7,7,7,2,6,3,3,6,4,2,7,4,7,5,7,7,3,3,3,3,3,3,3,3,3,3,3,3,3,3,3,3,3,3,7,4,1,2,4,5,7,7,7,7,2,7,3,3,2,3,2,2,7,7,1,4,3,7,7,7,7,4,7,7,3,7,3,4,2,2,1,1,1,1,1,1,1,1,1,1,1,1,1,1,1,1,1,1,1,1,1,1,1,1,1,1,1,1,1,1,1,1,1,1,1,1,4,4,4,4,4,4,4,4,4,4,4,4,4,4,4,4,4,4,2,6,5,5,4,4,2,2,2
R_1WUq8d3vb8Cy3qm,1,1,3,4,4,1,3,2,2,1,5,3,4,1,2,3,5,6,7,5,4,3,3,7,6,5,5,6,7,7,6,6,6,6,7,3,1,2,5,6,7,1,4,7,7,5,5,6,6,6,3,7,5,4,1,3,3,1,1,1,1,1,1,2,2,2,3,1,4,5,1,1,7,7,7,7,4,7,7,5,6,7,7,7,7,7,7,7,6,4,7,7,7,7,6,7,7,7,7,6,7,7,4,6,7,7,7,3,1,2,1,3,6,1,1,1,1,1,2,2,7,6,7,7,5,7,1,1,2,3,4,1,3,5,2,1,1,4,3,1,2,2,2,7,1,3,1,1,4,2,2,3,3,2,1,2,2,1,1,1,4,4,5,4,6,7,6,5,5,5,3
R_5tSlXrCN8GWjKiR,2,5,6,6,2,6,2,2,1,2,6,3,6,4,6,6,6,7,6,6,6,6,6,6,6,6,6,6,6,6,6,6,6,6,6,6,4,4,6,5,2,6,2,2,3,2,5,3,6,3,6,6,6,6,3,3,3,3,3,3,3,3,3,3,3,3,3,3,3,3,3,3,6,5,2,3,6,5,6,6,6,6,4,5,3,6,3,3,3,1,6,6,6,6,6,6,6,6,6,6,6,6,6,6,6,6,6,6,1,1,1,1,1,1,1,1,1,1,1,1,1,1,1,1,1,1,3,3,3,3,3,3,3,3,3,3,3,3,3,3,3,3,3,3,4,4,4,4,4,4,4,4,4,4,4,4,4,4,4,4,4,4,1,5,5,7,6,5,6,6,6
R_7an7TGZq8d6P7dE,3,5,5,5,7,3,1,3,2,2,6,3,6,3,6,6,6,7,7,7,6,7,5,6,6,6,6,6,6,6,5,7,7,6,6,7,6,7,7,5,6,5,6,6,7,6,7,6,7,6,7,7,7,7,1,3,2,1,1,2,2,2,2,2,3,2,2,2,2,3,3,2,2,3,1,1,3,4,2,2,2,2,1,3,1,3,1,2,1,1,6,5,6,7,6,6,6,7,6,7,5,7,3,5,3,7,2,2,3,2,1,2,4,2,3,3,3,2,4,3,3,2,3,4,2,1,2,1,1,4,5,2,1,1,1,2,2,4,3,3,2,5,3,1,6,5,5,6,7,4,4,5,4,4,6,4,6,5,6,6,6,6,3,4,5,4,5,2,1,2,1
R_5OT1dj1C9x1F1Qd,2,6,2,2,7,1,1,1,2,2,6,2,7,7,7,7,7,6,5,2,2,2,2,5,2,6,6,6,6,7,6,6,3,6,6,6,1,7,1,1,7,5,1,1,1,1,7,6,7,7,7,7,7,3,1,7,2,1,7,2,1,1,1,1,7,7,7,7,7,7,7,7,7,2,7,7,3,7,7,7,7,7,6,7,3,2,3,3,2,2,6,7,7,7,7,6,6,7,6,6,7,6,6,6,7,7,7,7,2,1,1,2,2,1,2,2,2,2,2,1,1,1,2,2,2,2,2,6,6,7,7,3,5,6,6,7,2,6,2,2,1,2,1,2,7,6,6,6,7,7,6,6,6,6,6,7,6,7,6,7,6,5,6,6,7,6,5,6,6,7,7
R_1iHY0u8FDCKgwU5,1,1,5,7,7,5,1,1,1,1,7,1,7,3,7,7,2,7,7,3,5,2,7,3,6,7,7,5,6,3,3,4,7,7,5,3,1,2,4,3,1,2,4,4,4,2,5,2,7,2,1,7,7,7,2,2,3,1,1,1,2,1,2,1,3,1,2,1,2,1,3,1,7,7,7,7,7,7,7,7,7,7,5,7,1,7,1,5,3,1,2,2,5,3,7,7,3,2,7,2,2,7,2,2,1,1,3,7,1,1,1,2,2,2,1,7,1,1,1,3,7,4,7,2,7,7,2,4,4,5,1,1,1,1,1,1,2,1,5,3,4,4,5,2,4,4,5,4,4,6,6,1,3,5,5,6,5,7,5,4,5,5,5,6,7,7,6,1,3,1,2
R_8ANCyiBT0dd2jUv,1,5,2,6,6,6,5,6,1,4,2,1,6,6,6,6,2,7,7,7,7,7,7,7,7,7,7,7,7,7,7,7,7,7,7,5,6,7,7,7,7,7,7,7,7,7,7,6,7,7,7,7,7,7,2,4,3,3,3,4,3,3,2,3,3,2,3,3,3,3,3,3,1,1,1,1,1,1,1,1,1,1,1,1,1,1,1,1,1,1,3,1,1,1,1,6,1,1,3,1,1,5,1,1,3,1,1,6,1,1,1,1,1,1,1,1,1,1,1,1,1,1,1,1,1,1,1,1,1,1,1,2,1,1,2,1,1,4,1,1,1,1,1,5,1,1,1,1,1,2,1,1,1,1,1,2,1,1,1,1,1,3,1,2,2,4,5,3,2,3,1
R_1NUf3ypwg8j1bpL,1,2,6,5,7,4,1,1,1,1,4,1,7,6,7,5,6,7,7,7,7,6,7,5,7,7,7,7,7,7,7,7,7,7,7,7,2,5,7,6,7,2,4,6,5,3,7,1,7,3,7,7,7,7,1,1,1,1,1,1,1,1,1,1,1,1,1,1,1,1,1,1,7,5,1,5,5,7,7,7,7,7,4,7,3,7,3,6,1,2,7,6,4,6,2,7,7,6,7,7,6,7,4,7,3,4,1,2,1,4,1,2,5,6,1,1,1,3,1,1,1,4,2,1,1,3,2,1,1,3,5,7,1,2,1,1,1,5,1,2,1,7,1,1,3,3,1,4,5,7,5,3,3,1,5,5,4,5,4,4,2,6,2,5,4,1,2,1,1,3,1
R_5LL8nUZa5tbtHDb,5,5,3,5,4,5,3,3,4,4,3,3,6,5,6,5,3,7,6,6,6,6,5,6,6,6,6,6,6,6,6,6,5,6,7,7,3,4,6,4,4,2,5,5,5,5,5,5,4,5,6,4,7,5,2,3,1,2,2,1,3,3,3,4,3,2,2,3,3,4,5,1,2,3,4,5,2,7,6,5,5,6,6,4,2,6,6,4,1,1,6,6,3,5,7,7,5,4,4,3,4,6,6,4,5,6,2,6,2,2,3,2,3,2,2,2,2,2,1,1,1,2,2,2,1,1,1,2,2,2,1,1,2,2,2,2,2,2,1,2,1,1,1,1,1,2,2,3,3,1,2,2,1,2,2,2,1,3,2,2,1,3,3,5,4,6,7,5,2,6,5
R_5qqTXXoYPXJfZJW,1,1,1,1,1,1,1,1,1,1,1,1,7,1,7,1,6,7,6,7,7,6,7,7,7,7,7,7,6,6,7,7,7,7,7,7,1,2,3,5,5,1,1,3,3,2,1,1,7,1,7,7,7,7,2,4,6,6,3,2,3,2,3,6,2,2,7,4,6,7,6,7,5,4,2,5,5,6,6,6,6,6,5,7,1,5,1,1,1,1,7,1,1,6,7,7,2,2,4,2,6,7,1,3,1,6,1,4,1,1,1,1,1,1,1,1,1,1,1,4,1,1,1,1,1,1,7,1,1,3,4,6,1,1,1,1,2,6,1,4,1,1,1,4,4,2,1,4,4,5,1,1,1,1,2,5,1,2,1,1,1,1,1,5,4,1,1,1,2,1,1
R_1zBV8GDuBRYgbq1,7,7,7,7,6,7,7,6,6,7,7,6,6,6,7,7,7,7,7,7,7,7,7,7,7,7,7,7,7,7,7,7,7,7,7,7,7,7,7,7,7,7,7,7,7,7,7,7,7,7,7,7,7,7,2,3,3,2,3,2,2,3,2,2,2,2,2,2,2,2,3,2,4,3,3,3,4,5,3,4,6,4,5,6,2,3,2,2,4,2,4,4,4,4,4,7,5,5,4,4,5,5,4,4,7,1,5,7,1,1,1,1,1,1,1,1,1,1,1,1,1,1,1,1,1,1,1,1,1,1,2,1,1,1,1,1,1,1,1,1,1,1,1,1,3,3,3,3,3,3,3,3,3,3,3,3,3,3,3,3,3,3,2,5,2,7,7,2,1,1,1
R_5LifAZV2TO79XkB,6,7,7,7,6,6,6,6,6,6,7,5,7,7,7,7,7,7,7,7,7,7,7,7,7,7,7,7,7,7,7,7,7,7,7,7,6,7,7,7,6,6,6,6,5,6,7,5,7,7,7,7,7,7,3,4,3,4,3,3,4,3,3,4,4,3,5,4,4,4,4,3,6,5,4,5,6,6,6,5,6,6,6,6,3,6,3,3,3,3,5,4,3,4,4,6,4,5,4,5,3,6,3,3,4,3,4,5,2,2,2,2,2,2,2,2,2,2,2,2,2,2,2,2,2,2,2,2,3,2,3,2,2,2,2,2,3,2,3,3,2,3,3,3,3,3,3,4,3,4,3,3,2,3,4,4,4,3,4,3,4,4,2,3,2,2,3,2,1,2,2
R_70U4XLh26xQTE9u,1,2,3,2,7,1,1,1,1,1,2,1,7,5,7,7,7,7,7,7,6,7,7,7,7,7,7,7,7,6,6,7,6,6,6,6,6,6,5,6,7,6,6,6,6,6,6,6,7,7,7,7,5,7,2,2,1,2,2,1,2,2,2,2,2,2,2,1,2,2,1,2,6,6,4,6,1,5,6,6,6,6,5,6,1,1,1,2,3,1,3,3,7,2,3,5,3,3,3,5,5,5,7,3,7,3,2,7,1,1,3,1,1,1,1,1,1,2,1,1,1,1,1,1,3,1,1,1,1,1,1,1,1,1,1,1,1,1,1,1,1,1,1,1,5,5,5,5,3,5,5,5,5,5,5,5,3,3,3,3,7,3,1,5,2,2,6,1,1,1,1
R_8e5X7MHe8fOktTH,3,2,3,6,7,7,3,2,2,3,3,2,7,2,7,7,4,7,6,7,7,6,6,7,7,6,7,7,7,7,6,6,6,7,6,6,5,6,7,7,7,5,6,7,7,6,7,5,7,7,7,7,7,7,4,5,5,4,3,3,4,5,4,4,5,3,5,5,5,5,5,5,7,7,4,4,7,4,7,7,7,7,7,7,2,7,1,2,4,1,4,2,3,2,2,7,2,3,4,2,4,7,2,1,1,1,2,5,1,1,1,1,1,1,1,1,1,1,1,1,1,1,1,1,1,5,2,2,2,2,2,1,1,2,1,2,2,1,2,2,2,2,2,5,1,1,1,1,1,1,1,1,1,1,1,1,1,1,1,1,1,3,1,2,4,1,5,2,1,1,1
R_70Uv1rliJCJ9IVc,4,4,2,5,7,4,6,4,2,3,3,2,7,3,6,5,6,3,7,5,6,5,5,4,6,5,4,6,6,6,5,5,6,5,4,4,7,5,5,4,3,5,4,6,5,4,6,5,7,6,6,6,7,5,2,2,1,2,1,1,1,3,1,1,1,1,2,2,2,2,2,3,7,7,6,7,6,6,7,7,7,7,7,7,7,7,7,7,7,6,5,6,6,6,6,7,7,5,5,7,6,7,5,5,6,5,1,6,3,2,1,5,6,4,1,1,2,1,1,3,2,2,3,3,2,3,3,5,5,4,6,3,4,3,2,3,4,2,3,3,3,4,4,3,2,3,3,3,5,4,2,2,2,2,3,2,2,3,3,3,2,4,2,3,2,5,6,5,4,5,3
R_5ghVuCKjdI37V8I,1,5,3,4,1,3,1,2,2,2,3,2,6,7,6,3,5,7,7,7,6,5,3,7,7,7,7,7,7,7,6,6,2,6,7,2,6,6,7,7,7,2,7,7,7,6,3,6,7,7,7,7,7,4,1,1,1,1,3,1,1,1,1,1,1,1,1,1,1,1,1,3,7,6,6,4,1,4,7,7,7,7,6,7,1,7,1,1,4,1,3,3,2,3,2,6,3,5,6,5,5,6,3,5,5,2,3,6,1,1,2,3,5,2,1,1,1,1,1,1,4,4,5,3,2,6,1,1,7,2,7,1,2,2,1,3,1,2,2,2,5,2,3,7,2,1,2,1,7,1,1,1,2,2,1,2,3,4,4,1,1,5,2,5,4,2,6,3,2,3,2
R_3FDNDXy9CcBtGRA,3,6,6,6,6,4,3,3,3,3,5,1,6,7,7,6,7,7,7,7,7,7,7,7,7,7,7,7,7,7,7,7,7,7,6,7,5,7,7,7,6,5,7,6,7,6,7,6,7,7,7,7,7,7,3,6,4,5,4,4,5,5,5,5,5,4,6,5,5,4,6,5,5,4,3,3,4,5,6,5,6,5,5,6,2,4,2,3,2,1,5,4,3,4,5,5,4,4,5,5,5,4,3,3,3,3,2,3,2,2,3,2,1,2,3,2,2,2,3,2,2,2,2,3,3,2,3,3,3,3,3,1,3,3,3,4,3,2,3,2,3,3,4,3,2,2,2,2,2,2,2,2,2,2,2,2,2,2,3,2,3,3,2,4,3,5,5,5,4,5,3
R_716WcVrykFV2S7R,5,6,6,6,7,6,5,3,6,6,7,1,6,5,7,7,6,7,7,7,7,7,6,7,7,7,7,7,7,7,6,6,6,6,7,6,5,6,6,6,5,5,6,5,5,6,5,3,7,4,6,6,4,5,3,3,2,2,2,1,3,4,3,3,2,2,3,3,4,4,2,2,6,6,6,6,6,6,6,6,6,6,6,6,6,6,6,6,6,6,3,3,5,3,5,5,4,4,5,3,3,4,3,3,5,4,2,5,1,1,1,1,1,1,1,1,1,1,1,1,2,2,2,1,1,3,1,1,2,1,2,2,1,1,1,1,1,1,1,1,1,1,1,2,2,2,2,2,2,2,2,2,2,2,3,3,2,3,2,2,2,3,2,4,3,5,5,3,3,4,2
R_5DUOz4MIAOXWU2z,6,5,4,5,5,6,4,4,6,2,6,1,7,7,6,7,5,7,7,4,6,7,6,6,5,6,5,5,4,7,6,5,6,6,6,4,7,7,7,6,7,7,6,7,5,6,6,2,6,6,6,6,7,7,2,2,1,2,2,2,1,1,1,1,2,1,1,1,1,2,2,1,6,3,3,5,5,4,6,6,6,6,4,7,4,5,1,4,1,1,5,3,3,4,4,4,4,3,6,6,3,7,6,4,4,4,3,7,1,1,2,1,1,1,1,1,1,1,1,1,1,1,1,1,1,4,1,3,1,1,1,4,6,2,5,6,2,6,1,1,1,2,1,7,3,2,3,4,4,4,3,4,4,4,2,5,3,5,3,3,3,6,4,3,3,3,2,2,4,4,2
R_1zdUrXJPjINfVKN,7,7,4,7,7,7,1,1,1,1,1,1,7,7,7,7,7,7,6,6,6,6,2,6,6,6,6,6,6,6,6,6,6,6,6,6,7,7,7,7,7,7,7,7,7,7,7,7,7,7,7,7,7,7,1,1,1,1,1,1,1,1,1,1,1,1,1,1,1,1,1,1,1,1,1,1,1,1,1,1,1,1,1,1,1,1,1,1,1,1,4,4,4,4,4,4,4,4,4,4,4,4,4,4,4,4,4,4,1,1,1,1,4,1,1,1,1,1,1,1,1,1,1,1,1,1,4,4,4,4,6,4,4,4,4,4,4,4,4,4,4,4,4,4,3,3,3,3,4,3,3,3,3,3,3,3,3,3,3,3,3,3,2,3,4,5,7,1,1,1,1
R_1obwi7NTw6nf19k,1,3,7,2,4,2,1,1,1,1,3,1,3,3,6,7,7,6,7,7,7,7,7,7,7,7,7,7,7,7,7,7,7,7,7,7,7,7,7,7,7,7,7,7,7,7,7,7,7,7,7,7,7,7,1,1,1,1,1,1,1,1,1,1,1,1,1,1,1,1,1,1,7,3,1,2,3,3,7,7,7,7,7,7,1,3,1,1,2,1,7,4,7,5,7,7,4,7,5,7,7,7,1,5,1,1,2,1,1,1,1,1,1,1,1,1,1,1,1,1,1,1,1,1,1,1,3,6,1,4,3,3,3,2,3,5,3,4,3,3,4,3,3,5,4,4,4,4,4,4,4,4,4,4,4,4,4,4,4,4,4,4,4,4,5,3,4,1,1,1,1
R_5elEnH3k39H7gXO,3,3,3,3,6,3,2,3,2,1,3,2,3,3,3,3,5,6,7,7,7,7,7,7,7,7,7,7,7,7,7,7,7,7,7,7,4,6,7,6,7,4,6,6,5,6,7,5,6,7,7,7,7,7,1,1,1,1,1,1,1,1,1,1,1,1,1,1,1,1,1,1,3,3,1,3,4,6,6,6,6,6,3,7,2,6,2,2,7,1,3,3,5,6,4,6,6,7,5,6,5,5,5,6,6,6,1,1,6,4,5,2,2,2,2,5,2,2,3,5,6,3,5,3,5,2,7,5,5,3,4,3,5,6,3,6,3,6,5,5,6,5,2,6,5,2,2,2,3,2,3,2,3,3,2,3,2,2,2,3,2,1,2,3,2,1,7,2,5,1,1
R_1Vbqe8mPAXOJwxX,1,6,3,6,2,5,1,1,1,1,2,1,6,1,4,4,1,7,7,7,7,7,7,7,7,7,7,7,7,7,7,7,7,7,7,7,4,6,3,4,6,5,2,2,1,3,4,2,7,4,7,6,3,4,1,4,2,2,3,2,1,1,2,3,6,1,2,3,2,2,1,3,4,5,5,5,7,4,5,5,7,5,7,6,5,5,6,5,4,5,7,3,4,6,4,7,5,6,6,5,1,7,5,1,5,2,6,6,4,3,4,3,3,3,1,2,1,2,1,1,2,1,3,2,1,5,3,5,3,3,4,2,1,3,2,2,1,4,1,2,1,1,4,7,2,3,4,5,2,4,1,2,1,1,1,3,1,1,1,1,5,4,1,2,2,4,5,5,5,4,4
R_3Xo0xx9OQFyNg2J,5,4,5,5,5,5,5,5,4,5,5,4,4,4,5,5,4,4,4,4,4,4,4,3,5,4,4,3,4,4,4,3,4,4,3,3,4,4,4,5,4,5,4,5,3,4,4,5,4,4,5,4,6,4,4,4,5,4,4,4,4,5,5,5,4,5,5,5,4,4,4,4,4,4,5,4,4,4,4,4,5,5,4,4,3,4,3,5,5,5,4,5,5,4,4,4,5,5,5,5,5,4,5,5,4,5,4,5,5,5,4,6,6,6,3,3,4,3,3,2,2,5,3,4,3,5,4,5,5,4,5,3,5,4,5,5,5,5,5,5,4,4,4,4,5,5,5,4,5,5,5,4,4,5,4,4,4,4,5,4,4,5,5,5,5,5,5,5,5,5,4
R_1knzQDCVwBx1z06,1,4,2,5,6,5,1,1,1,1,3,1,5,4,6,6,4,7,6,5,6,5,5,6,7,5,7,6,7,7,5,5,5,5,5,5,5,5,5,5,4,4,5,4,4,5,6,3,5,5,6,7,6,7,2,3,2,3,2,2,2,2,2,3,3,2,3,2,3,3,3,3,7,7,6,7,5,7,7,7,7,7,7,7,6,7,6,3,2,1,6,5,4,2,5,7,2,5,5,3,2,5,2,4,2,2,2,2,3,5,7,1,7,5,1,5,1,1,1,1,1,1,1,1,1,7,1,2,1,3,6,7,2,1,5,2,2,6,2,3,3,2,3,6,2,3,3,3,4,3,3,3,2,2,3,2,2,2,2,2,3,4,5,3,4,3,3,3,5,1,2
R_7dMJp5hMtKhNkUK,1,1,1,1,7,1,1,1,1,1,1,1,7,7,7,7,7,7,4,4,4,4,4,4,4,4,4,4,7,7,7,7,7,7,7,7,1,1,1,1,4,1,1,1,1,1,1,1,7,7,7,4,7,7,1,1,1,1,3,2,1,2,1,1,3,1,6,4,7,5,5,7,7,6,7,7,4,7,7,7,7,7,7,7,1,3,1,4,3,1,1,2,2,2,4,3,2,2,2,1,2,2,6,4,4,2,2,2,7,7,7,7,7,7,7,7,7,7,1,7,1,3,1,1,1,2,6,6,7,6,5,6,7,7,6,6,2,6,3,4,2,2,4,3,5,5,6,6,5,6,6,6,6,6,4,5,4,6,4,4,3,4,2,5,5,7,7,4,4,6,4
R_6kB9k6BO5jlJ80T,3,6,7,6,6,5,1,2,1,1,6,1,6,4,6,6,7,7,7,5,7,5,5,5,6,7,7,7,7,7,7,7,7,7,6,7,5,5,7,6,4,4,7,6,7,5,7,3,5,6,5,6,7,4,2,2,2,1,2,1,2,1,1,2,3,1,1,1,2,2,2,1,7,2,6,4,5,5,7,6,6,7,4,7,1,3,1,3,3,1,1,1,2,2,3,4,1,1,1,1,3,3,7,1,7,3,1,7,7,5,4,6,7,7,1,1,1,1,2,1,2,3,1,1,3,6,1,6,2,3,5,5,2,1,2,1,2,3,1,1,1,1,1,6,1,3,2,3,3,4,1,2,2,2,3,3,2,3,1,3,2,2,1,6,5,1,6,1,2,1,1
R_3Y7SiFMRZTeLkJj,1,6,4,5,6,5,5,5,5,5,6,1,5,4,6,5,6,6,4,4,3,4,3,3,4,5,4,4,4,4,3,6,4,3,3,5,4,4,7,7,5,4,5,3,4,3,7,5,3,5,7,7,7,7,4,3,4,3,3,2,3,3,5,4,4,3,4,4,3,4,5,5,6,2,3,4,3,5,5,5,5,6,4,5,4,4,2,3,3,4,2,2,2,4,5,6,3,5,3,3,5,6,3,2,4,3,1,3,1,1,2,1,1,1,1,1,1,1,1,1,1,1,1,1,2,1,1,1,4,4,2,1,2,2,2,3,3,1,4,2,4,3,3,5,4,4,4,4,4,4,3,3,2,2,3,3,4,2,3,4,4,4,3,5,6,4,5,3,2,4,4
R_7t2UP7sjw88RwF6,3,5,5,4,5,3,3,3,3,3,5,3,6,3,5,6,6,6,6,6,6,6,6,6,6,6,6,6,6,6,6,6,6,6,6,6,6,6,6,6,5,5,6,6,6,6,6,5,6,6,6,6,6,6,3,3,2,2,2,3,3,3,2,3,3,2,3,3,3,3,3,3,6,4,5,4,5,5,5,6,6,6,5,6,3,6,3,4,4,3,3,4,4,4,4,5,4,4,5,4,4,5,4,4,4,5,4,5,1,1,1,1,1,1,1,1,1,1,1,1,1,1,1,1,1,1,2,3,2,3,3,2,2,2,2,2,3,2,2,3,3,3,3,4,3,3,4,3,3,4,4,4,4,4,3,4,3,4,3,3,3,3,2,4,5,5,6,5,5,5,4
R_5uEVLg7klTV0MQF,2,3,5,2,3,3,2,2,1,2,3,7,4,6,7,7,7,4,5,5,5,5,5,4,5,6,5,5,5,5,5,5,5,4,6,4,3,2,3,3,2,2,2,3,3,3,3,4,2,2,3,3,3,3,4,4,3,4,3,3,3,4,3,3,3,3,4,4,4,4,3,2,5,5,4,5,5,4,6,5,5,4,6,5,5,5,5,3,5,4,3,4,6,6,4,4,3,5,4,4,5,5,5,4,5,5,5,4,5,4,5,5,5,5,3,4,4,5,5,5,4,5,5,4,5,4,5,5,4,5,4,5,4,5,4,4,5,5,4,5,5,5,5,5,5,4,4,5,5,4,5,5,5,4,6,5,4,5,5,4,4,6,6,5,4,4,6,5,5,5,5
R_5HHSHVBCDcKcrqa,1,5,3,3,4,2,2,5,5,5,4,4,5,3,3,5,2,2,5,6,6,6,3,5,3,4,6,3,7,7,5,3,4,6,7,5,4,2,6,2,6,3,4,5,3,5,4,1,6,5,4,6,7,6,3,2,3,4,4,4,4,4,3,3,5,2,4,5,4,4,4,3,7,5,5,2,3,3,6,6,5,7,7,6,1,4,2,1,2,2,4,4,4,4,3,3,6,4,5,4,3,2,4,3,5,2,3,5,1,4,5,2,4,2,3,1,2,2,1,3,6,5,6,5,6,7,6,6,6,3,3,4,2,3,3,2,3,6,7,5,7,3,5,5,4,3,4,4,2,1,2,1,3,1,2,4,6,5,6,5,6,6,2,4,3,3,5,3,3,4,2
R_7i3fbF9FkKyRbKQ,2,4,4,2,6,2,2,1,2,1,3,1,7,5,7,7,7,7,6,3,3,3,4,3,4,5,3,3,7,7,5,5,5,4,5,4,4,6,6,6,6,2,7,6,6,4,7,2,5,7,6,7,7,7,3,6,4,4,5,2,4,6,2,4,7,2,6,6,6,6,6,6,6,5,6,4,5,6,7,7,7,7,4,7,1,5,1,2,1,1,7,6,5,2,5,6,1,4,7,2,6,7,1,1,2,2,2,7,1,1,1,4,6,1,1,1,1,1,1,1,6,6,6,6,6,6,1,4,4,5,5,3,1,1,4,1,1,1,2,1,5,5,7,5,6,3,4,4,4,4,5,3,3,3,4,5,2,2,4,2,4,4,2,5,5,2,4,2,1,1,2
R_6Y6dRbPJFEYiQeR,5,5,6,5,4,5,2,2,2,6,4,2,6,5,5,6,6,6,5,5,5,4,4,4,4,5,5,5,5,5,3,4,3,5,5,5,3,4,3,3,4,4,3,4,3,4,4,4,4,3,5,3,4,5,4,3,5,4,4,4,4,4,5,4,4,4,4,4,4,5,6,4,4,4,4,4,5,4,4,5,5,4,4,5,4,5,5,4,4,4,5,2,5,5,5,4,4,4,3,4,4,4,4,5,4,4,4,4,4,4,3,4,3,3,4,4,3,3,4,4,3,5,4,4,2,3,4,3,3,3,4,3,4,3,3,3,3,4,2,3,4,3,2,2,4,4,3,4,4,3,3,3,4,3,4,4,4,4,4,3,4,4,4,4,3,3,3,4,4,4,4
R_1OL6HmGHSGWVpHH,4,5,6,6,5,3,2,2,2,2,4,1,7,5,7,7,7,7,3,4,2,3,4,3,4,4,4,4,2,2,3,4,3,2,3,3,4,5,6,6,5,3,3,3,3,3,5,2,7,5,7,7,7,6,1,1,1,1,1,1,1,1,1,1,1,1,1,1,1,1,1,1,6,6,5,5,5,7,7,7,7,7,6,7,1,2,1,1,2,1,5,3,6,5,6,3,6,5,6,6,5,6,3,5,4,3,2,3,5,5,5,5,3,2,2,2,2,3,5,2,6,5,6,6,5,6,3,2,3,3,3,3,2,2,3,3,3,2,3,4,3,2,4,5,5,5,5,5,4,4,3,4,3,4,5,4,5,4,5,4,3,6,7,6,7,2,5,1,2,2,2
R_1s0qYrP9SdiHpx8,1,7,7,1,1,1,3,1,1,1,1,1,7,4,7,7,7,7,7,7,7,7,7,7,7,7,7,7,7,7,7,7,7,7,7,7,1,1,1,1,1,1,1,1,1,1,1,1,4,4,4,4,4,4,1,1,1,1,1,1,1,1,1,1,1,1,1,1,1,1,1,1,4,4,4,4,4,4,4,4,4,4,4,4,4,4,4,4,4,4,1,1,1,1,1,1,1,1,1,1,1,1,1,1,1,1,1,1,1,1,1,1,1,1,1,1,1,1,1,1,1,1,1,1,1,1,1,1,1,1,1,1,1,1,1,1,1,1,1,1,1,1,1,1,2,2,2,2,2,2,2,2,2,2,2,2,2,2,2,2,2,2,1,1,1,4,5,3,1,2,2
R_1JeYuQtyIFw0GkN,6,6,4,5,5,4,6,4,5,5,4,6,3,6,6,3,6,2,2,3,5,4,4,2,2,3,2,2,4,3,4,4,2,5,5,5,7,7,6,6,7,6,6,7,7,7,7,5,7,7,7,6,6,5,2,2,2,3,3,3,2,1,2,2,1,1,2,2,3,1,2,2,7,4,6,5,6,6,7,7,7,7,5,7,2,6,3,2,3,3,4,3,6,2,6,2,5,4,2,5,2,6,2,5,3,2,2,4,6,4,2,6,3,6,3,6,6,3,2,3,5,6,5,4,6,4,6,4,4,7,3,4,4,6,5,2,2,7,2,2,2,2,7,6,4,6,7,6,7,6,2,3,2,2,2,4,2,3,2,4,4,4,6,6,7,1,7,2,5,5,1
R_5grFV3kMpQVN4A1,2,2,3,2,4,3,2,2,2,2,4,2,4,2,4,4,5,4,7,7,7,7,7,7,7,7,7,7,7,7,7,7,7,7,7,7,6,6,6,6,6,6,6,6,6,6,6,6,6,6,6,6,6,6,2,2,2,2,2,2,2,2,2,2,2,2,2,2,2,2,2,2,5,5,5,5,5,5,5,5,5,5,5,5,5,5,5,5,5,5,5,5,5,5,6,5,5,5,5,5,5,5,5,5,5,5,5,5,2,2,2,2,2,2,2,2,2,2,2,2,2,2,2,2,2,2,2,2,2,2,2,2,2,2,2,2,2,2,2,2,2,2,2,2,2,2,2,2,2,2,2,2,2,2,2,2,2,2,2,2,2,2,4,4,4,2,6,2,2,1,2
R_3HptkxDz5ZGhknS,3,4,4,4,4,4,2,2,2,2,2,1,6,5,6,5,6,6,6,6,6,6,6,5,6,6,6,6,6,6,6,6,6,6,6,6,5,5,6,6,6,6,5,6,6,6,5,6,6,6,6,6,6,6,3,3,3,3,3,3,3,3,3,3,4,3,3,3,3,3,3,3,4,4,4,4,4,4,6,4,3,6,5,6,2,4,2,4,4,2,3,3,3,2,3,4,3,3,3,2,3,4,3,3,3,3,3,4,2,2,2,2,2,3,2,2,2,2,2,3,2,2,2,2,2,2,2,2,2,2,2,2,2,2,2,2,2,3,2,2,2,2,2,2,2,2,2,2,2,2,2,2,2,2,2,3,2,2,2,2,2,2,2,2,2,3,3,3,2,2,2
R_5zeQz0vpsRkNJGp,2,3,2,4,3,5,1,2,2,1,4,1,5,5,5,4,4,7,6,6,6,6,5,5,6,6,6,6,6,6,6,6,6,6,6,5,6,7,7,5,7,4,7,7,7,6,7,7,7,7,7,7,7,6,3,3,2,3,3,2,2,3,2,3,3,2,3,3,3,3,3,2,1,1,1,1,1,1,1,1,1,1,1,1,1,1,1,1,1,1,2,2,4,2,3,5,2,4,4,2,2,5,2,2,3,2,2,5,1,1,1,1,1,2,1,1,1,1,1,1,1,1,1,1,1,2,1,1,1,1,1,3,1,1,1,1,1,2,1,1,1,1,1,2,4,4,3,4,4,4,4,3,4,4,4,3,5,4,4,4,5,5,3,4,4,4,4,2,3,3,1
R_5tfeAtNTiozoTKx,3,5,1,3,5,6,1,1,2,1,2,4,7,7,7,7,7,7,5,3,4,2,5,3,6,7,5,4,7,7,2,6,3,5,3,2,4,6,5,3,5,2,3,6,4,2,6,2,3,7,7,7,7,3,2,3,3,1,2,1,1,2,1,1,2,1,5,1,2,2,2,1,5,6,5,3,2,4,7,7,7,7,7,7,1,3,1,2,2,1,6,3,5,2,4,7,3,5,5,5,7,7,6,4,7,5,6,6,7,5,5,5,6,7,1,5,2,1,3,1,7,3,7,7,7,6,5,5,2,3,3,6,1,1,3,2,2,6,2,2,2,2,2,7,3,4,5,4,5,6,2,1,2,2,2,6,3,1,2,3,2,6,3,5,6,5,6,2,1,1,1
R_3o54DnwYEG2rHYt,4,3,7,6,6,7,3,2,3,7,7,5,7,6,6,7,4,6,5,7,5,6,5,7,5,7,6,7,6,7,5,6,6,6,6,6,3,5,5,4,5,5,5,3,4,5,3,4,4,3,4,3,3,3,1,1,1,1,1,1,1,1,1,1,1,1,1,1,1,1,1,1,7,7,7,7,7,7,7,7,7,7,7,7,7,7,7,7,7,7,3,6,3,4,6,7,6,1,3,4,6,6,4,5,6,3,1,5,6,5,6,6,7,7,1,1,4,1,1,5,2,2,2,2,5,4,1,1,3,2,2,1,2,2,2,2,3,1,3,3,2,3,4,3,3,2,3,3,3,4,2,3,2,2,1,2,2,2,3,3,2,3,2,3,3,7,7,5,6,6,4
R_5QVQ7VAtDiIxyCT,4,4,4,4,4,4,4,4,4,4,4,4,4,4,4,4,4,4,7,7,7,7,7,7,7,7,7,7,7,7,7,7,7,7,7,7,5,5,5,5,5,5,5,5,5,5,5,5,5,5,5,5,5,5,4,4,4,4,4,4,4,4,4,4,4,4,4,4,4,4,4,4,7,7,7,7,7,7,7,7,7,7,7,7,1,3,3,3,3,3,1,1,1,1,1,1,1,1,1,1,1,1,1,1,1,1,1,1,1,1,1,1,1,1,1,1,1,1,1,1,1,1,1,1,1,1,3,3,3,3,3,3,3,3,3,3,3,3,3,3,3,3,3,3,4,4,4,4,4,4,4,4,4,4,4,4,4,4,4,4,4,4,1,1,1,1,3,1,1,1,1
R_52myWOZjoEBaflQ,5,6,5,5,1,7,7,2,3,3,7,3,7,2,7,7,4,7,3,6,6,5,3,2,4,6,4,4,3,3,5,2,6,4,7,6,2,3,3,1,3,1,2,2,2,2,2,6,2,2,1,5,3,1,3,4,4,4,4,2,3,3,3,5,5,6,3,5,2,6,3,3,5,2,4,5,7,2,6,4,6,6,6,5,3,2,5,2,6,1,5,5,2,2,4,3,3,3,5,6,1,6,6,4,3,2,4,2,3,2,2,1,1,1,2,2,3,1,2,5,6,1,4,2,7,6,3,3,4,4,3,3,5,2,5,6,4,4,6,4,5,4,4,5,2,5,5,5,3,3,4,2,5,6,5,6,3,4,4,5,7,6,4,6,5,6,5,6,6,4,3
R_7NCgqq4rn5BuHpH,3,6,7,6,7,5,6,5,6,6,6,4,7,6,6,7,7,7,7,7,7,7,7,7,7,7,7,7,7,7,7,7,7,7,7,7,7,3,7,3,7,5,5,6,6,6,2,7,7,7,7,7,7,7,2,2,2,2,2,2,2,2,2,2,2,2,2,2,2,2,2,2,4,4,3,2,1,2,5,5,5,5,1,5,1,2,1,1,1,1,4,1,2,4,1,6,3,4,4,3,4,6,2,1,1,1,4,1,1,1,1,1,1,1,1,1,1,1,1,1,2,1,2,1,1,3,5,5,3,3,4,6,2,3,4,4,2,6,3,4,3,2,2,3,1,1,1,1,3,2,1,1,1,1,1,3,1,1,1,1,2,1,1,4,4,2,5,2,3,2,2
R_3KNNPM5oUUsgzCL,1,2,4,5,1,1,3,1,1,1,6,3,7,1,7,7,6,6,7,7,7,7,7,7,7,7,7,7,7,7,7,7,7,7,7,7,4,7,7,7,3,2,6,6,7,5,7,5,7,7,7,7,7,3,2,2,2,3,2,2,3,2,2,2,4,3,3,3,3,3,4,4,4,6,2,3,2,3,3,3,2,2,5,6,3,2,2,2,2,3,7,6,2,1,6,7,5,2,2,1,1,2,4,2,6,3,1,2,1,1,1,1,1,4,1,1,1,1,1,1,1,1,1,1,1,2,2,3,1,1,1,2,1,1,1,1,1,1,1,2,1,1,2,1,5,5,5,5,5,5,5,5,2,3,2,5,5,2,5,4,4,3,1,1,1,3,4,2,2,4,5
R_3D25ZPBXTPQ3ICX,7,7,7,7,7,4,7,7,7,7,7,7,7,7,7,7,7,7,7,7,7,7,6,7,7,7,7,7,7,7,7,7,7,7,7,6,2,2,4,1,2,1,6,4,4,6,4,2,6,4,6,5,6,1,2,2,4,2,2,1,4,4,4,4,4,1,4,4,4,4,4,1,1,1,1,1,1,1,1,1,1,1,1,1,1,1,1,1,1,1,4,4,5,3,4,6,3,3,4,4,3,6,3,4,3,3,3,6,3,5,3,5,6,6,3,3,3,3,3,5,3,3,3,5,3,6,6,6,6,6,6,3,6,6,6,6,6,3,6,6,6,6,6,3,4,4,4,4,4,4,4,4,4,4,4,4,4,4,4,4,4,4,2,5,5,6,7,2,4,1,1
R_1yOtoy1ognIEnHH,4,7,7,7,7,5,7,5,7,7,7,4,7,7,7,7,7,7,4,4,5,4,4,5,7,7,7,7,7,7,4,7,4,4,7,4,4,4,6,5,4,3,7,5,5,5,7,3,7,5,6,7,7,4,2,4,3,3,4,2,4,3,4,4,4,3,4,4,4,4,4,4,6,2,4,3,5,5,4,5,5,5,1,5,4,5,3,2,1,2,7,6,4,5,7,7,4,4,4,4,4,7,4,5,4,4,4,6,4,4,4,4,4,4,4,4,4,4,4,4,4,4,4,4,4,4,3,3,4,3,5,1,3,3,3,3,4,1,4,4,4,4,4,5,4,4,4,4,4,4,4,4,4,4,4,4,4,4,4,4,4,4,4,4,4,4,5,3,4,3,2
R_5RfonKHwe6yoQbG,2,6,7,7,7,7,6,7,5,5,7,6,7,2,7,7,7,7,7,7,7,7,7,7,7,7,7,7,7,7,7,7,7,7,7,7,4,3,5,7,7,2,5,7,7,5,7,2,7,3,7,7,7,2,4,4,6,6,6,4,6,6,4,6,6,4,6,6,6,6,6,4,7,6,4,7,6,5,6,6,6,6,4,6,3,4,2,2,3,3,3,1,5,1,4,7,4,4,4,5,5,6,4,4,4,4,4,7,1,1,1,1,1,1,1,1,1,1,1,1,1,1,1,1,1,1,2,2,2,2,2,6,3,5,5,5,2,3,2,2,1,1,2,5,1,1,1,1,1,1,1,1,1,1,1,1,1,1,1,1,1,2,1,3,4,3,4,2,3,2,2
R_1n4qqZJ4XVS6zOp,4,5,5,7,7,3,5,5,5,5,3,3,7,5,7,6,6,7,6,5,6,5,5,6,6,6,6,6,6,5,6,6,6,6,5,5,4,6,7,7,7,4,7,6,6,6,4,4,7,7,7,7,6,5,1,3,2,1,2,2,3,3,3,2,1,1,2,2,4,4,2,1,7,4,4,3,4,5,7,7,7,7,5,7,3,5,3,4,2,1,7,4,6,3,3,6,3,5,6,3,7,7,3,3,2,5,3,6,5,3,5,5,5,2,2,2,1,2,6,3,2,2,2,5,6,6,2,1,2,2,6,2,2,1,2,2,1,1,2,5,1,2,4,4,3,5,3,3,4,2,2,3,2,3,2,5,4,3,2,3,3,5,1,4,3,4,5,2,1,1,1
R_3oZN1hZpGXYkbSD,3,7,7,6,7,7,7,7,2,7,3,7,7,7,7,7,7,7,6,4,4,4,3,6,6,6,6,6,6,3,5,6,4,6,6,6,7,7,7,7,7,7,7,7,7,4,7,1,7,7,2,7,7,7,1,1,1,1,1,2,1,1,1,1,2,1,1,1,1,1,1,1,1,1,1,7,1,6,6,6,5,5,5,2,5,1,5,2,1,1,4,2,6,4,6,3,2,3,1,2,4,2,6,3,6,6,5,3,7,1,7,1,6,5,1,1,1,1,1,7,2,7,7,7,1,6,2,5,2,4,6,5,2,3,2,2,2,6,3,3,2,5,2,2,3,7,7,5,7,5,7,7,7,7,3,5,7,7,7,7,7,7,6,7,7,4,5,3,5,3,3
R_7IZ7f5tJti0SKqO,1,2,1,4,5,2,1,1,1,1,1,3,2,3,4,3,4,5,5,5,6,5,5,3,6,6,6,5,6,4,4,4,5,5,6,4,5,5,1,5,2,2,6,2,4,5,4,6,4,4,6,4,5,5,2,2,2,2,2,1,3,1,2,2,2,1,1,3,2,2,2,3,6,5,5,5,6,5,5,5,5,5,6,6,2,2,2,2,3,1,3,3,3,4,4,4,4,4,4,4,5,4,3,5,4,3,3,3,6,4,1,1,1,6,4,2,1,3,2,2,6,5,5,5,5,7,4,2,3,3,2,2,4,3,3,3,3,3,4,3,5,3,4,5,3,4,4,2,4,3,3,1,3,4,3,3,4,3,4,5,3,3,4,5,5,4,4,1,3,4,2
R_7jUv5ORGVlZ1MiD,2,2,2,2,7,7,1,1,2,2,7,1,7,3,7,6,6,7,7,6,7,5,7,5,7,7,7,7,7,7,7,7,7,7,6,7,5,6,5,4,7,7,4,3,3,3,5,3,7,5,5,6,5,7,3,3,2,2,2,1,2,3,3,2,4,2,3,1,3,4,2,1,7,5,5,7,7,4,7,5,6,7,4,7,2,7,4,3,4,1,3,2,2,3,3,6,3,2,4,3,3,3,6,3,6,5,1,6,3,3,3,3,5,6,2,2,3,3,3,5,5,3,5,4,3,5,1,1,1,1,1,3,1,1,1,1,1,3,1,1,1,1,1,3,2,2,2,2,4,4,1,2,2,2,2,2,3,2,3,2,3,4,2,3,5,2,6,3,4,4,3
R_3D11ZfKxU7oKqKk,5,6,5,6,7,7,5,5,5,5,6,5,7,6,7,7,7,7,7,7,7,7,7,7,7,7,7,7,7,7,7,7,7,7,7,7,4,4,6,6,6,5,5,5,5,5,7,5,7,6,7,7,6,7,2,3,4,4,3,2,3,4,4,4,4,3,4,4,4,5,4,4,6,1,6,2,4,2,6,6,6,6,4,5,1,1,1,1,1,1,5,5,4,4,4,6,5,4,4,4,4,6,5,5,4,4,3,6,3,3,3,3,3,6,3,3,3,3,3,3,5,5,5,6,5,7,5,2,3,2,5,2,3,2,3,3,5,6,3,4,3,3,4,6,2,2,2,2,3,3,2,2,2,2,3,4,2,2,2,2,2,3,1,5,4,5,5,2,3,1,3
R_60xe770zf3BWBsV,2,2,4,1,4,4,2,2,1,2,6,1,5,5,4,4,4,6,6,3,3,6,3,3,6,6,6,5,5,3,3,3,3,3,3,3,4,3,4,4,4,5,6,3,5,4,4,4,4,4,6,6,6,3,2,3,3,2,2,2,2,3,2,3,3,3,3,3,3,3,3,3,7,6,5,5,5,4,7,6,7,6,4,7,4,4,5,4,5,4,7,7,4,7,7,7,5,6,6,6,7,5,7,7,6,5,5,5,3,2,1,2,1,2,2,2,1,2,2,1,1,2,2,2,2,2,4,1,3,3,2,1,1,3,1,1,2,1,3,3,4,4,2,4,2,1,2,2,2,1,2,2,1,1,2,3,2,2,2,2,2,1,1,2,2,6,6,5,5,4,6
R_7m9u2k4y473FY6u,2,2,2,4,6,6,2,3,3,2,4,1,6,4,6,6,5,6,7,7,4,6,6,6,6,7,7,6,6,6,6,7,6,7,6,6,3,4,2,5,2,4,5,3,3,4,4,3,4,3,4,2,5,2,3,3,2,3,3,4,5,2,4,5,5,3,2,2,2,2,3,2,4,4,2,4,5,5,6,5,3,5,3,4,2,2,2,2,2,2,4,4,3,3,4,3,4,4,4,2,3,3,5,5,5,5,2,4,6,4,6,4,5,4,4,4,3,4,5,5,5,5,5,5,5,5,3,4,3,4,4,4,2,3,4,2,4,2,6,5,5,5,5,5,6,5,6,5,5,4,3,4,4,3,4,5,5,5,5,3,5,5,2,4,3,6,5,3,5,5,2
R_3OV99KqROkbJIk9,1,4,2,7,7,3,1,4,2,1,4,1,4,1,7,6,4,7,7,7,7,7,6,7,7,7,6,6,7,7,7,7,7,7,5,4,1,4,7,7,6,7,2,4,3,2,6,2,5,2,6,7,4,7,1,2,4,2,2,1,3,1,1,1,2,1,2,1,2,2,4,3,7,3,2,2,2,7,7,7,6,7,4,7,6,7,6,5,3,1,1,3,5,1,4,7,4,2,7,3,3,7,4,5,4,3,1,1,7,4,6,1,5,6,7,5,7,6,5,1,4,3,2,3,4,7,1,1,1,4,6,1,1,3,1,4,2,1,4,2,4,5,4,6,4,3,5,5,4,3,3,2,3,1,5,1,4,4,2,4,4,6,2,4,4,1,4,1,2,1,2
R_5CPVguWVnKbpIIJ,7,7,4,7,7,7,2,3,4,3,2,2,7,7,7,7,2,7,7,7,7,7,7,7,7,7,7,7,7,7,7,7,7,7,7,7,4,5,5,7,7,5,6,4,4,4,7,2,7,6,7,7,7,7,1,2,3,4,1,2,3,2,2,3,4,2,3,3,4,4,2,5,1,1,5,1,3,1,5,3,2,3,3,2,1,2,1,1,6,1,7,6,7,7,5,7,7,5,7,5,5,7,7,7,7,6,3,7,1,1,1,1,1,1,1,1,1,1,1,1,1,1,1,1,1,1,7,4,1,4,1,7,5,5,7,4,1,5,1,1,1,1,1,5,1,1,1,1,1,1,1,1,1,1,1,1,1,1,1,1,1,1,1,3,4,7,6,5,2,5,1
R_77HwSWpF9b4GtWt,5,6,4,2,1,6,1,1,1,1,1,2,7,5,7,5,6,7,6,5,3,6,5,7,7,6,4,4,6,6,6,5,6,7,3,7,4,7,2,7,3,7,4,5,6,6,4,5,5,5,6,7,3,3,2,2,3,3,2,3,3,3,1,3,3,2,2,4,2,3,4,5,5,3,2,4,3,3,7,5,6,6,6,6,3,3,1,3,6,3,5,4,1,1,4,6,5,5,5,3,2,7,3,6,6,3,1,2,3,3,1,1,3,2,1,2,2,1,1,3,5,6,6,5,2,6,5,5,5,2,5,1,1,2,2,2,1,4,6,3,5,5,2,6,5,4,6,5,5,5,2,3,3,3,2,4,6,6,6,6,6,5,5,6,5,3,5,2,1,6,2
R_72sAMPnc0zMxKOm,2,7,7,7,3,6,1,2,1,2,7,1,7,7,7,7,7,7,7,7,7,7,7,7,7,7,7,7,7,7,7,7,7,7,7,7,7,7,7,7,7,7,7,7,7,7,7,7,7,7,7,7,7,7,3,3,3,3,3,3,3,3,3,3,3,3,3,3,3,3,3,3,1,1,1,1,1,1,1,1,1,1,1,1,1,1,1,1,1,1,2,2,2,2,2,2,2,2,2,2,2,2,2,2,2,2,2,2,1,1,1,1,1,1,1,1,1,1,1,1,1,1,1,1,1,1,2,2,2,2,2,2,2,2,2,2,2,2,2,2,2,2,2,2,5,5,5,5,5,5,5,5,5,5,5,5,5,5,5,5,5,5,3,6,7,6,6,1,1,1,1
R_5WqGPnhkMRIcFtD,1,7,3,7,7,7,3,7,2,3,3,2,7,5,7,7,7,7,7,6,5,6,4,5,6,6,6,5,7,7,7,5,5,4,6,4,6,7,7,7,7,6,6,6,6,7,7,4,7,7,7,7,7,7,3,6,3,4,3,3,5,4,4,5,5,4,3,5,4,3,6,3,1,1,1,1,1,1,1,1,1,1,1,1,1,1,1,1,1,1,7,2,4,5,4,6,5,4,6,5,2,7,4,5,4,4,2,3,7,5,5,6,6,7,7,6,6,5,4,7,6,5,6,6,7,7,1,4,4,4,7,3,1,1,1,1,3,3,3,2,6,5,5,2,2,2,2,3,3,3,1,1,1,3,2,4,3,3,4,3,3,3,1,2,2,4,6,5,6,3,4
R_3lxKQlHp2Y3p03O,2,3,4,5,5,4,1,2,2,2,2,2,6,4,6,6,6,7,5,5,6,4,6,5,6,7,5,6,6,6,5,6,6,5,7,6,3,6,6,5,5,3,3,4,4,4,3,4,7,5,7,6,7,7,1,5,4,2,3,1,2,4,3,3,3,2,4,5,5,2,6,4,7,6,4,3,6,6,6,6,6,6,6,6,2,5,2,3,2,2,6,4,5,5,5,7,3,3,4,5,5,6,4,3,5,5,1,6,2,2,4,2,4,3,1,2,2,2,1,1,4,2,3,3,2,4,6,4,1,6,3,2,5,2,3,5,2,2,4,3,4,4,2,3,4,3,2,3,3,2,4,2,2,4,2,3,3,2,3,3,1,4,2,4,5,4,5,3,3,4,3
R_7RwdjuUamcPOnLP,7,7,5,7,7,7,1,1,1,1,7,7,7,7,7,7,7,7,6,6,7,7,7,7,6,6,7,7,7,7,6,7,7,7,7,7,6,6,7,7,6,7,7,7,6,7,7,6,7,7,7,7,7,6,1,2,1,2,2,1,1,2,2,2,1,2,1,2,2,2,2,2,2,1,1,1,2,2,2,1,1,2,1,2,1,1,1,1,1,1,7,7,6,6,6,7,7,7,6,6,6,6,7,7,6,7,7,6,1,2,1,2,1,2,2,1,2,1,1,1,2,2,1,1,2,2,1,2,2,1,3,3,1,1,1,1,1,1,2,2,2,1,1,2,3,3,2,2,2,4,2,2,2,3,2,3,3,3,2,2,2,3,2,2,2,6,7,5,3,6,3
R_3CwP9GOpCJ12AKj,2,3,3,3,5,3,2,2,2,2,2,2,5,4,5,5,4,6,3,3,3,3,3,3,2,3,2,2,3,3,5,5,5,5,5,5,3,3,3,3,4,3,2,2,2,2,2,2,5,5,5,6,5,6,3,3,3,3,3,3,2,3,2,2,2,2,5,5,5,5,5,6,3,3,3,3,3,3,2,2,2,2,3,2,5,3,5,5,3,5,3,2,3,3,3,3,2,2,2,2,3,2,5,5,5,5,3,5,3,3,3,3,5,3,2,2,2,2,3,2,5,5,5,3,5,5,3,3,3,3,3,3,2,2,2,2,3,3,5,5,5,5,5,5,3,3,3,3,3,3,2,2,2,2,3,2,5,5,5,5,5,5,1,3,3,2,5,1,1,1,1
R_7DHlc4tT09ElMU9,7,4,4,6,5,6,7,5,7,5,5,3,5,4,5,7,7,5,7,6,6,7,7,7,6,6,7,6,6,7,6,6,7,7,6,6,4,5,6,5,5,5,4,5,5,5,4,4,4,5,5,5,5,5,3,3,3,2,3,3,2,3,3,3,2,3,2,2,3,3,3,2,4,3,4,3,3,4,5,5,6,4,5,6,1,3,1,4,1,3,3,3,3,3,4,4,4,4,4,3,5,4,3,4,3,4,4,3,1,2,1,1,1,1,1,2,2,2,2,2,1,2,2,2,2,2,2,3,3,2,3,3,2,2,3,3,4,3,3,2,3,3,2,3,3,3,4,3,3,2,4,4,3,3,3,2,2,3,3,3,3,3,3,6,4,4,4,5,5,5,5
R_1M2x26c9cxFIkMh,7,7,7,7,7,7,7,7,7,7,7,7,7,7,7,7,7,7,7,7,7,7,7,7,7,7,7,7,7,7,7,7,7,7,7,7,5,7,7,6,6,5,7,6,6,7,6,7,7,7,7,7,7,7,1,1,1,1,1,1,1,1,1,1,1,1,1,1,1,1,1,1,1,1,1,1,1,1,1,1,1,1,1,1,1,1,1,1,1,1,3,3,1,1,3,4,1,3,1,1,1,2,1,3,1,1,1,2,1,1,1,1,1,1,1,1,1,1,1,1,1,1,1,1,1,2,1,3,1,1,3,3,3,3,1,3,1,3,3,1,3,3,1,1,2,3,1,3,3,3,2,1,3,2,1,3,3,2,1,2,2,3,4,5,7,1,7,1,2,1,1
R_7Sbu5BNWR9xW6l3,2,3,3,5,5,3,3,3,2,3,3,2,7,3,7,7,7,7,5,6,6,6,5,6,7,7,7,7,7,7,7,7,5,7,7,5,7,7,7,7,7,7,7,7,7,7,7,7,7,7,7,7,7,7,4,4,4,4,3,3,4,3,5,4,4,3,4,5,4,5,5,5,6,6,4,6,2,3,6,6,6,6,2,6,2,6,2,3,2,1,7,7,6,6,6,7,5,4,5,4,1,4,1,1,1,1,1,1,3,3,1,3,3,3,1,1,1,1,1,1,3,3,3,3,3,3,3,2,1,1,1,3,1,1,1,1,1,1,3,1,4,1,3,3,1,1,2,1,4,3,1,1,1,1,1,2,1,1,1,1,1,3,1,2,4,5,7,3,2,6,1
R_79NNR0lIAzWjD9v,1,4,5,3,4,5,1,2,3,1,4,3,5,4,5,3,6,7,3,5,4,5,5,4,3,5,4,4,3,4,5,5,4,3,4,4,4,3,4,4,3,3,3,3,4,3,4,4,5,3,4,3,4,4,4,3,4,5,4,5,5,4,4,4,4,4,4,5,5,5,4,3,4,4,4,4,5,5,3,3,4,3,4,5,3,3,3,4,3,5,3,4,3,4,5,4,3,4,3,4,5,3,3,4,6,4,4,3,5,5,4,3,2,3,4,2,2,3,4,5,4,3,3,3,4,3,3,3,5,3,4,2,4,4,5,5,3,4,2,2,3,4,2,5,3,3,3,3,3,3,4,3,3,3,3,4,2,3,3,3,3,4,4,4,4,3,4,5,4,5,4
R_1NCdwcX7RoKvDKi,1,3,3,4,2,1,1,1,1,1,3,1,7,6,7,7,7,7,7,7,7,7,6,7,7,7,7,7,7,7,7,7,7,7,7,7,2,3,3,5,6,2,2,2,2,2,4,2,6,7,7,7,6,7,1,1,1,1,1,1,1,1,1,1,1,1,1,1,1,1,1,1,7,7,5,7,7,7,7,7,7,7,3,7,1,4,1,1,1,1,7,7,6,7,6,7,5,6,6,6,7,7,4,2,3,5,2,5,1,1,1,1,1,1,1,1,1,1,3,1,7,2,7,7,3,7,2,2,2,1,2,1,2,2,2,1,2,1,1,1,1,1,2,1,5,5,5,5,6,5,5,4,5,5,5,5,4,4,4,4,5,4,2,5,7,6,7,6,1,6,3
R_3EvE4pjHwVE2ONr,2,5,2,3,5,2,3,3,2,3,5,3,6,6,7,4,5,6,5,5,6,6,5,6,5,5,6,6,6,5,4,6,6,5,5,5,7,7,6,6,7,7,6,7,6,7,7,6,7,7,7,6,7,7,1,2,2,2,2,2,2,1,2,2,1,2,1,2,1,2,1,2,6,6,5,5,6,5,5,6,5,6,5,5,3,5,3,5,5,6,2,3,2,3,3,3,2,2,3,2,3,2,2,3,3,2,3,2,6,5,6,6,7,6,6,5,6,5,6,6,6,5,6,5,6,6,4,3,4,4,4,5,2,5,2,5,4,5,3,4,4,3,4,3,6,4,5,5,5,6,4,5,5,5,4,5,4,6,5,5,5,3,2,5,5,5,5,3,2,2,2
R_6jdr4BCOwvoyHQp,5,7,7,7,5,7,3,3,4,3,6,1,7,7,7,7,7,7,6,4,7,4,3,5,7,7,6,7,6,6,5,6,6,6,7,5,4,6,7,7,5,3,3,3,3,4,7,3,4,7,6,7,7,7,2,2,4,2,2,2,1,1,1,1,3,1,3,3,4,3,4,4,5,4,3,2,6,5,7,7,7,7,6,7,1,7,2,1,1,2,3,4,1,5,1,7,3,4,4,5,2,7,1,1,1,2,1,2,1,1,1,4,2,3,1,1,1,1,1,4,3,2,4,3,1,3,4,4,4,6,5,6,2,2,3,1,4,2,7,3,6,7,6,7,4,4,4,4,5,5,2,3,3,3,4,6,5,4,5,5,5,6,3,4,7,2,5,1,3,1,1
R_3KxAHa0GZqtLr7r,1,1,2,4,2,1,1,1,1,1,1,4,7,7,7,6,5,6,6,6,3,4,4,6,6,6,6,6,5,6,2,4,2,3,3,3,6,6,2,6,5,6,6,5,5,5,7,2,2,2,2,1,3,2,1,2,1,1,2,1,2,2,2,2,3,1,1,1,1,1,2,1,7,7,7,7,7,7,7,7,7,7,7,7,7,7,7,7,7,7,7,2,2,3,1,7,3,2,2,5,2,6,3,2,2,4,2,5,1,1,4,1,2,1,1,1,1,1,1,6,6,5,6,5,5,6,1,1,2,1,1,1,1,1,1,1,2,1,4,3,1,3,3,5,1,1,3,1,2,1,1,1,1,1,1,5,5,5,5,5,3,5,1,2,1,6,6,6,5,6,6
R_1MCxF6y75s3s8g1,2,5,4,4,4,4,4,2,3,2,6,2,6,6,6,6,7,7,6,5,6,5,5,5,6,6,5,6,6,6,6,7,6,6,6,6,2,3,4,3,4,3,3,3,3,3,5,4,7,5,7,7,7,7,2,2,4,3,2,2,2,2,3,2,5,2,5,4,6,6,5,6,6,5,4,5,4,6,6,6,6,6,4,6,2,4,2,2,2,1,7,6,4,5,5,7,6,6,5,5,4,6,3,2,2,2,1,3,5,4,4,4,4,5,2,3,2,2,1,2,4,6,5,6,5,6,2,5,4,4,4,1,2,1,2,2,4,4,4,4,5,5,5,5,2,3,4,3,3,2,2,2,2,2,3,2,3,3,4,4,4,3,3,4,4,4,5,3,3,4,4
R_5qrzaH4UeEZ9yXj,4,4,4,4,4,4,4,4,4,4,4,4,4,4,4,4,4,4,4,4,4,4,4,4,4,4,4,4,4,4,4,4,4,4,4,4,4,4,4,4,4,4,4,4,4,4,4,4,4,4,4,4,4,4,4,4,4,4,4,4,4,4,4,4,4,4,4,4,4,4,4,4,4,5,4,4,4,4,4,4,4,4,6,4,4,4,4,4,4,4,4,4,4,4,4,4,4,4,4,4,4,4,4,4,4,4,4,4,4,4,4,4,4,4,4,4,4,4,4,4,4,4,4,4,4,4,4,4,4,4,4,4,4,4,4,4,4,4,4,4,4,4,4,4,4,4,4,4,4,4,4,4,4,4,4,4,4,4,4,4,4,4,4,4,4,4,4,4,4,4,4
R_6qJ0DILrwhlVise,2,2,2,2,2,2,6,6,2,6,2,2,2,6,6,6,2,6,3,3,5,4,5,5,3,5,5,3,5,3,4,3,4,3,4,5,4,3,3,3,5,4,3,5,5,5,5,4,4,4,3,3,4,3,2,3,2,2,2,2,2,2,3,3,2,2,3,2,3,2,2,2,4,5,3,5,3,4,3,4,4,3,5,5,4,3,4,3,4,4,4,4,3,4,3,4,3,5,5,4,3,5,5,4,4,4,5,5,3,3,4,4,4,4,3,3,3,3,4,3,4,4,3,3,3,3,4,3,3,3,3,3,3,4,3,4,4,3,3,3,3,3,3,3,3,3,3,3,3,4,4,4,3,3,4,3,4,4,3,4,3,4,4,4,6,7,7,7,7,7,7
R_3V9JwGkWrqGVc6i,2,6,7,2,6,4,2,2,2,2,6,2,7,4,7,4,7,7,7,7,7,7,7,7,7,7,7,7,7,7,7,7,7,7,7,7,6,6,7,6,7,5,3,3,3,3,6,5,7,7,7,7,6,7,3,3,3,3,3,3,3,3,3,3,3,3,3,3,3,3,3,3,1,1,1,1,1,1,1,1,1,1,1,1,1,1,1,1,1,1,3,2,1,1,2,5,1,2,2,1,2,5,4,5,4,4,2,5,1,1,1,1,1,2,1,1,1,1,1,1,3,1,3,1,3,3,1,1,1,1,1,1,1,1,1,1,1,1,1,1,1,1,1,1,3,3,3,3,3,3,3,3,3,3,3,3,3,3,3,3,3,3,1,7,2,5,7,5,5,7,4
R_6YAkGsZchAGwZtT,7,7,7,7,7,7,7,7,7,7,7,7,7,4,7,7,7,7,6,7,6,7,6,6,7,7,7,7,7,7,7,7,7,7,7,6,3,3,4,4,3,2,7,5,6,7,7,4,7,4,7,7,7,7,1,1,1,1,1,1,1,1,1,1,1,1,1,1,1,1,1,1,7,7,7,7,4,7,7,7,7,7,7,4,3,7,2,5,3,1,7,7,1,7,3,7,1,7,1,4,1,7,4,4,1,1,1,1,7,4,1,1,7,7,1,1,1,1,1,1,1,1,1,5,1,7,7,7,7,7,7,7,7,7,7,7,7,7,7,7,7,7,7,7,6,5,6,5,6,7,5,3,3,2,2,4,3,4,3,4,5,5,1,1,1,4,7,1,1,1,1
R_5HnwxtePf4JoyPi,4,6,6,6,6,6,3,3,3,3,6,3,6,4,6,6,6,7,6,6,6,6,6,6,6,6,6,6,6,6,6,6,6,6,6,6,6,7,7,7,7,5,7,7,7,7,7,7,7,7,7,7,7,7,2,2,2,2,2,1,2,2,2,2,2,2,2,2,2,2,2,2,5,4,4,4,5,4,5,5,5,5,5,5,5,4,4,4,5,4,6,3,4,3,4,6,3,3,4,3,3,5,3,3,3,3,3,5,1,1,1,1,1,1,1,1,1,1,1,1,1,1,1,1,1,1,1,2,1,2,1,3,1,1,1,1,1,1,1,1,1,1,1,1,4,4,4,4,4,5,4,4,4,4,4,4,4,4,4,4,4,4,1,4,5,6,4,5,2,3,1
R_1aqPxf9586PvtWa,4,7,7,7,7,4,4,3,3,4,4,1,7,3,7,6,5,7,7,5,5,7,4,6,7,7,7,7,7,7,7,7,7,7,7,7,3,7,7,7,7,1,5,3,4,5,6,1,7,7,7,4,7,7,1,1,1,1,3,1,1,1,1,1,1,1,3,2,2,1,1,4,7,5,3,7,1,6,6,5,6,7,5,7,1,7,1,4,4,7,3,5,4,3,5,7,5,7,7,5,5,7,7,5,4,3,2,5,1,1,1,1,1,1,1,1,1,1,1,1,1,1,1,1,1,1,1,3,1,3,3,1,1,1,1,2,2,2,3,4,2,3,3,3,1,1,1,1,1,1,2,2,1,1,1,1,2,1,1,2,1,2,7,5,7,1,7,1,1,1,1
R_60GwT2f5OGtCdie,6,5,5,6,5,5,3,3,3,3,2,3,5,2,5,5,6,6,6,5,4,5,6,6,5,7,6,5,7,6,5,4,5,6,7,7,3,4,5,4,5,5,4,4,4,5,5,2,6,6,6,6,6,6,2,2,2,2,6,2,1,1,1,1,2,1,2,3,3,3,3,4,5,4,3,2,3,5,5,4,7,6,5,7,3,6,3,3,3,3,4,7,4,4,1,7,6,6,7,6,2,7,2,3,3,2,2,2,1,1,1,1,1,1,1,1,1,1,1,2,4,4,4,4,1,6,2,4,2,3,4,3,2,4,3,2,1,6,2,2,2,2,1,1,5,5,4,5,4,5,4,5,5,5,3,5,5,5,5,5,4,6,2,6,6,6,6,4,2,5,2
R_1pPS4sQQdgr2tYp,1,3,6,2,2,3,3,1,1,4,2,3,5,4,5,5,6,7,7,7,6,7,7,7,7,7,7,7,7,7,7,7,7,7,7,7,5,6,5,5,5,6,6,5,5,5,5,5,6,5,6,5,6,7,5,6,5,5,6,5,3,3,5,5,5,5,6,7,5,5,5,6,5,4,2,5,5,5,7,6,6,6,6,5,3,3,3,3,1,1,2,3,3,2,2,2,4,3,3,3,2,3,2,2,3,3,2,2,1,1,1,1,1,1,1,1,1,1,1,1,1,1,1,1,1,1,6,7,7,6,7,7,7,7,7,7,4,7,1,1,1,1,1,1,4,4,3,4,5,5,3,3,5,3,3,5,3,5,3,3,3,5,1,2,2,1,1,1,1,1,2
R_3uUsiM7ecN1mAgR,7,5,4,2,4,6,7,7,5,7,7,7,1,1,1,1,1,1,7,7,7,7,7,7,7,7,7,7,7,7,7,7,7,7,7,7,2,1,1,2,2,3,2,2,2,2,2,4,1,4,2,1,1,2,7,7,7,7,7,7,7,7,7,7,7,7,7,7,7,7,7,7,1,1,1,1,1,1,1,1,1,1,1,1,1,1,1,1,1,1,6,6,6,5,6,7,5,7,7,5,7,7,7,6,7,7,5,7,1,1,1,1,1,1,1,1,1,1,1,1,4,4,4,4,4,4,5,5,6,5,4,6,5,6,6,5,6,5,7,7,7,7,7,7,2,3,3,3,3,3,2,3,4,3,4,3,4,6,3,3,3,4,4,5,7,1,6,1,1,1,1
R_1zBxsiD4hDoI14m,2,6,5,4,6,6,2,2,2,2,3,3,7,7,7,6,7,7,3,6,4,5,4,6,5,6,5,5,3,4,5,2,2,2,3,3,7,5,5,6,7,5,6,6,6,5,5,6,5,5,5,6,7,6,1,1,2,1,1,1,2,2,1,1,1,2,1,2,1,1,2,1,4,3,4,3,2,5,3,3,3,3,3,3,4,4,2,5,3,4,3,5,4,3,4,6,3,3,5,3,4,5,5,5,4,4,6,5,5,5,4,6,3,6,4,3,5,3,2,4,3,3,4,3,4,6,7,3,3,4,6,4,3,3,4,5,5,5,5,4,4,6,4,3,5,6,4,5,5,7,5,5,4,5,6,3,3,4,2,4,4,3,3,4,4,6,4,4,5,6,5
R_7q4kGHLdPFQ9LD2,2,2,3,3,3,3,1,2,2,1,4,2,2,1,2,5,5,7,6,7,6,7,6,6,6,7,6,6,6,6,6,6,5,6,6,7,4,5,5,6,6,5,6,6,6,5,6,5,5,5,6,5,5,6,1,2,3,3,2,2,1,2,3,3,3,2,2,2,3,3,3,3,6,5,5,5,5,6,5,5,5,5,6,6,5,5,5,6,5,5,6,3,5,3,3,6,3,3,2,2,2,5,5,4,3,3,2,3,3,3,3,2,2,3,3,2,2,3,2,2,3,2,3,2,3,2,2,2,2,3,3,4,2,3,2,3,3,3,3,2,5,3,2,4,5,3,3,3,3,4,3,4,3,4,3,3,3,4,3,4,4,4,1,5,2,7,7,6,2,5,2
R_71Go6cgbEbIZEDc,2,2,1,1,7,2,1,1,1,1,1,1,7,6,7,7,6,7,7,6,6,6,5,6,7,6,6,6,7,7,7,7,7,7,7,7,4,4,5,7,7,3,5,6,6,5,3,5,7,7,7,7,7,7,1,1,1,1,1,1,1,1,1,1,1,1,1,1,1,1,1,1,7,7,7,6,2,6,7,7,7,7,7,7,1,1,1,1,1,1,2,2,1,1,1,7,1,1,1,1,1,1,1,1,1,1,1,6,1,7,1,7,7,7,1,1,1,1,1,7,7,7,7,7,7,7,1,1,2,2,6,2,1,1,1,1,1,2,6,1,1,6,1,2,3,2,2,2,7,4,3,3,3,3,3,4,3,3,3,3,3,3,2,3,3,7,7,7,7,7,2
R_5EEJFDdETAgM2Ei,5,5,5,5,5,5,5,5,5,5,5,5,5,5,5,5,5,5,6,6,6,6,6,6,6,6,6,6,6,6,6,6,6,6,6,6,5,5,5,5,5,5,5,5,5,5,5,5,5,5,5,5,5,5,3,3,3,3,3,3,3,3,3,3,3,3,3,3,3,3,3,3,5,5,5,5,5,5,5,5,5,5,5,5,5,5,5,5,5,5,5,5,5,5,5,5,5,5,5,5,5,5,5,5,5,5,5,5,4,4,4,4,4,4,4,4,4,4,4,4,4,4,4,4,4,4,3,3,3,3,3,3,3,3,3,3,3,3,3,3,3,3,3,3,2,2,2,2,2,2,2,2,2,2,2,2,2,2,2,2,2,2,2,2,2,3,4,3,5,3,3
R_5hziOknY8rivq9Z,5,6,4,5,7,4,3,3,2,3,1,1,7,6,7,7,6,7,7,6,7,7,5,4,7,7,6,7,7,7,7,6,6,7,7,6,5,5,7,5,7,2,6,5,5,6,6,5,6,6,5,7,7,7,1,1,1,1,1,1,1,2,1,1,2,1,2,1,1,3,1,2,6,3,3,3,3,6,6,7,7,7,7,7,1,5,3,2,1,1,7,5,5,4,3,6,6,5,7,6,3,7,3,4,3,2,4,6,5,6,5,5,6,5,1,1,1,1,2,2,6,5,4,4,4,4,3,3,2,4,5,4,4,3,5,3,3,6,5,3,4,4,3,4,3,2,3,3,4,3,3,3,3,3,2,4,3,3,3,3,2,2,5,5,5,2,5,3,2,2,3
R_7gnXcy2bBi382HI,5,5,6,5,6,5,5,6,5,6,5,4,5,5,5,5,6,5,7,6,6,6,4,6,6,6,6,6,7,7,7,7,7,7,6,6,7,7,7,7,7,7,7,7,7,7,7,7,7,7,7,7,7,7,6,6,6,5,5,5,6,6,6,6,6,6,6,6,6,5,5,6,5,4,6,5,5,6,5,6,6,6,5,5,5,5,5,5,5,5,2,2,2,2,3,4,2,2,3,2,2,2,2,2,3,2,2,2,2,2,2,1,1,4,1,1,2,2,2,2,3,2,4,3,3,4,4,2,4,4,5,3,4,5,3,4,4,4,5,4,5,5,5,4,3,3,3,3,3,4,3,3,3,3,3,3,3,3,3,3,3,3,5,5,5,3,3,3,3,3,3
R_7CDcn7TYro1lstl,4,7,5,5,5,3,4,4,5,4,5,4,5,5,5,6,5,7,7,7,7,7,7,7,7,7,7,7,7,7,6,7,6,7,6,6,5,5,7,6,7,6,6,5,5,5,6,4,7,7,7,7,7,7,2,5,3,4,6,4,4,3,3,4,4,4,5,6,6,6,5,5,5,6,6,2,3,6,7,7,5,5,6,5,1,1,1,1,1,1,6,2,5,2,4,7,2,3,5,3,6,7,3,3,4,5,2,7,2,2,2,5,2,6,1,3,2,2,1,2,6,5,6,6,6,6,2,2,3,3,2,5,1,2,2,2,1,1,2,1,1,2,3,1,5,4,1,4,3,4,3,2,2,5,3,2,3,3,2,2,4,5,2,3,3,1,2,2,2,3,1
R_3aP6vZu9p4xxxZp,5,2,4,4,2,6,2,4,3,6,5,3,3,4,5,2,5,5,4,2,3,4,3,6,6,2,2,6,5,6,3,4,2,4,6,4,4,2,5,6,7,1,2,2,6,2,4,5,6,4,2,5,4,3,5,6,2,5,2,3,3,5,6,4,3,1,4,6,4,6,3,5,5,6,4,5,5,2,6,2,4,6,2,2,6,6,2,4,5,2,6,4,2,6,3,5,2,5,7,1,4,6,2,2,6,4,4,2,5,6,1,4,4,4,5,1,5,6,3,2,4,2,6,2,4,2,6,3,4,3,6,4,2,6,7,4,1,6,5,6,2,2,1,2,5,5,6,2,2,5,6,2,6,6,6,2,4,3,4,2,6,4,4,3,5,4,5,5,4,6,3
R_7MRj244v4pu0nnq,4,7,3,5,7,6,3,2,2,2,2,1,5,4,6,6,6,7,7,7,3,6,5,6,6,7,6,6,7,7,4,4,4,6,6,4,7,5,4,5,7,4,2,6,6,4,7,3,7,7,7,7,7,6,3,4,3,4,5,3,3,4,3,3,7,2,4,4,3,4,7,2,4,3,6,4,1,6,7,6,7,7,5,7,2,6,1,2,2,1,4,4,6,4,2,7,6,4,3,7,1,6,2,3,5,3,1,5,5,5,1,7,6,6,1,1,1,6,1,1,2,2,3,2,2,7,3,5,7,4,7,1,6,6,5,5,7,6,1,2,3,4,2,7,4,3,5,4,4,2,5,3,5,5,3,5,3,3,3,3,3,6,1,5,2,6,5,5,2,3,1
R_7kiVKHW29yh0nO2,1,7,7,3,7,4,1,1,3,3,4,1,7,7,7,7,7,7,7,4,7,4,2,7,4,4,7,7,7,7,7,7,7,7,7,7,4,4,2,3,7,1,4,3,3,3,7,1,7,6,7,5,7,7,4,4,2,4,2,2,3,3,1,4,7,4,7,5,4,7,7,3,7,4,2,4,4,7,7,7,7,7,4,7,1,7,1,1,2,1,3,3,4,3,5,7,1,1,7,7,1,4,7,1,4,7,1,1,3,1,1,5,7,7,1,3,2,1,2,4,1,1,1,1,4,7,1,3,1,1,7,1,1,1,1,1,2,1,1,1,5,5,6,5,4,4,4,5,6,4,4,3,2,3,2,5,4,2,4,4,5,4,1,5,4,1,7,1,3,1,1
R_1AF0ejA1ykUO9B7,6,6,4,7,7,7,4,6,3,6,6,5,7,7,7,7,6,7,7,7,7,4,7,7,7,7,7,7,7,7,7,7,7,7,7,6,4,4,4,7,4,4,6,3,4,4,6,4,4,4,4,4,4,5,2,1,1,2,1,1,2,4,4,2,6,2,3,1,2,3,2,4,7,5,7,4,4,6,7,7,7,7,7,7,7,7,2,7,7,1,7,7,7,4,7,7,7,7,7,7,6,7,7,7,7,6,7,7,1,1,4,1,1,1,1,1,1,1,1,1,2,3,4,2,1,6,4,4,1,4,5,5,1,1,1,1,1,1,1,1,1,1,1,3,4,4,4,5,3,4,4,3,4,4,4,4,4,4,4,4,4,4,4,4,3,6,5,5,5,5,2
R_1x0ruauNsLcFYmR,4,5,3,6,5,5,2,3,2,2,7,3,7,4,5,6,7,7,7,7,4,6,5,7,7,7,7,7,6,6,7,7,6,5,6,7,5,5,5,7,6,5,6,4,5,4,7,6,7,6,7,7,7,7,1,1,2,1,1,3,2,1,1,2,1,1,4,1,2,2,1,1,2,5,5,3,7,4,6,6,6,6,3,7,1,4,1,2,1,1,5,5,7,7,3,5,6,5,7,6,7,6,5,6,6,4,2,3,1,2,4,3,1,1,2,1,1,1,2,2,2,2,1,1,1,2,1,2,3,1,2,1,2,1,2,4,1,2,6,2,5,1,4,3,2,2,6,3,3,2,4,4,3,5,3,4,5,4,4,3,3,5,5,5,6,3,6,1,1,1,1
R_3AMdlvo6PH3DF4P,2,1,1,2,3,1,1,1,1,1,1,1,7,1,6,7,6,7,7,7,7,7,6,7,7,7,7,7,7,7,7,7,7,7,7,7,4,4,4,6,6,4,4,4,4,4,4,4,7,7,7,7,7,7,1,1,1,1,1,1,1,1,1,1,1,1,1,1,1,1,1,1,5,5,5,5,5,5,5,5,5,5,5,5,1,2,1,1,2,1,3,3,3,3,3,3,3,3,3,3,3,3,3,3,3,3,3,3,1,1,1,1,1,1,1,1,1,1,1,1,1,1,1,1,1,1,2,2,2,2,2,2,2,2,2,2,2,2,2,2,2,2,2,2,4,4,4,4,4,4,4,4,4,4,4,4,4,4,4,4,4,4,4,4,4,4,5,3,5,3,3
R_5jepg7xE1xPrLwX,1,7,5,3,7,7,1,1,1,1,5,1,7,1,7,7,7,7,7,7,7,7,7,7,7,7,7,7,7,7,7,7,7,7,7,7,5,6,5,5,7,2,4,3,3,3,7,2,7,7,7,7,7,7,1,1,1,1,1,1,1,1,1,1,1,1,1,1,1,1,1,1,7,1,3,5,1,7,7,7,7,7,5,7,1,7,1,1,1,1,7,3,2,4,1,7,5,7,7,4,1,7,4,1,3,3,1,3,1,1,1,1,1,1,1,1,1,1,1,1,1,1,1,1,1,1,4,1,1,5,1,6,1,1,1,1,1,6,1,1,1,1,1,1,4,5,5,4,4,6,7,5,7,6,3,7,3,5,3,3,5,7,2,5,6,1,7,1,5,1,1
R_7whKk8asCJPKfYC,6,7,4,5,7,6,3,1,4,2,2,4,3,6,7,6,7,7,7,6,7,5,4,5,7,7,7,7,7,7,7,7,7,6,7,7,1,7,6,4,6,3,3,5,4,3,7,5,7,7,6,7,7,7,4,6,6,3,3,3,3,3,3,3,5,3,5,5,4,4,5,5,7,2,4,6,4,7,7,6,7,7,5,7,1,3,2,1,1,2,7,4,6,6,5,6,5,5,5,3,4,4,2,2,5,2,5,2,3,1,2,1,2,3,1,1,2,1,1,2,1,1,2,1,1,2,5,1,2,3,3,5,2,2,1,2,1,2,3,1,2,2,1,1,2,1,2,1,3,2,1,1,1,1,1,2,1,1,1,1,1,1,1,1,1,3,2,2,1,4,2
R_72SvWaa57wF0thL,7,7,7,4,5,5,5,4,6,7,7,3,7,5,7,7,5,7,7,7,7,7,7,7,7,7,7,7,6,6,6,7,7,6,6,5,7,7,7,7,7,7,7,7,7,7,7,3,7,7,7,7,7,7,6,6,5,5,5,6,6,6,6,5,5,4,5,5,6,5,6,6,6,6,6,6,6,6,6,6,6,6,6,6,6,6,6,6,6,6,3,5,5,5,3,3,3,5,4,3,3,5,3,4,5,3,3,5,1,1,1,1,1,1,1,1,1,1,1,1,1,1,3,1,1,5,1,1,1,1,1,3,1,1,3,1,1,1,1,1,1,1,1,1,2,2,2,2,2,2,2,2,2,2,3,3,2,2,3,3,3,2,3,3,2,5,6,5,5,3,5
R_1svXo3HXV9vbftn,3,4,3,3,5,3,3,4,3,3,5,3,6,6,5,5,6,6,6,6,6,6,6,6,6,6,6,6,6,6,6,6,6,6,6,6,3,3,3,4,4,3,3,3,4,3,5,3,6,5,5,5,5,5,2,2,2,2,2,2,2,2,2,3,2,3,3,3,3,3,3,3,6,5,5,5,4,6,6,6,6,6,4,6,3,4,3,4,4,3,6,5,5,5,5,6,5,4,6,5,4,6,6,4,5,4,6,4,3,4,3,4,4,5,2,2,2,2,2,2,5,5,5,5,3,5,3,4,4,3,3,3,2,2,3,3,5,3,5,4,5,5,5,3,2,2,3,2,2,3,3,2,3,3,4,3,3,3,2,2,3,4,5,4,4,3,6,4,4,5,3
R_76VHmTkp1fCyq89,2,5,7,3,7,2,3,3,1,2,1,1,6,1,6,4,5,7,7,7,7,7,5,4,7,7,7,7,7,7,7,7,7,7,7,7,1,4,5,5,4,1,4,7,6,7,6,2,7,6,7,7,7,5,1,3,3,3,1,1,2,2,2,3,4,1,4,3,3,4,3,1,7,5,5,1,7,7,7,7,5,1,7,7,1,4,2,1,3,1,7,7,7,6,3,7,5,6,7,6,4,7,6,4,4,5,3,2,1,5,1,1,2,6,4,2,4,1,1,3,4,4,4,1,1,4,6,4,7,6,5,7,3,2,2,2,2,7,2,4,4,4,4,7,1,1,4,1,4,3,1,1,2,1,1,4,1,1,1,2,2,5,1,2,2,7,7,6,5,1,3
R_7JJziUsHzk6JoaU,3,5,5,4,3,3,3,2,2,2,3,1,5,4,5,5,5,7,6,5,6,6,6,5,6,6,6,6,6,6,6,6,6,6,6,6,1,2,3,4,6,2,3,3,2,2,3,1,4,2,4,7,4,5,1,2,1,2,2,1,1,2,1,1,1,1,3,2,3,3,2,3,6,5,5,5,6,6,6,6,6,6,6,7,2,4,3,2,2,1,7,6,5,5,4,7,5,6,7,5,5,7,4,6,4,3,4,5,3,4,3,3,3,3,3,3,3,3,3,3,4,3,4,4,5,6,3,5,4,2,3,5,3,2,5,3,5,5,3,4,2,1,2,3,3,5,4,3,4,3,4,5,3,4,5,5,5,3,5,4,4,4,2,4,5,5,4,2,5,5,2
R_1bZyqdOub8S7UU1,2,3,6,4,6,2,1,1,1,1,1,1,2,3,3,6,6,6,6,6,7,6,6,6,6,6,7,6,7,7,6,6,6,6,6,6,7,7,7,7,7,7,7,7,7,7,7,7,7,7,7,7,7,7,6,7,3,6,5,4,6,7,6,7,5,4,7,7,7,6,6,7,7,5,4,6,6,7,7,7,7,7,7,7,6,6,5,4,2,6,5,1,1,2,4,7,2,4,3,2,3,5,1,1,1,1,1,3,1,1,1,1,1,1,1,1,1,1,1,1,1,1,1,1,1,1,3,2,3,3,2,1,2,1,1,1,3,1,1,1,1,1,1,1,1,1,1,1,1,1,1,1,1,1,1,1,1,1,1,1,1,1,1,2,2,6,4,6,2,5,3
R_7wcYPKaGk4xZfwV,3,7,4,6,6,6,6,5,6,5,5,2,7,6,7,6,7,7,6,7,7,6,6,6,7,7,7,6,5,5,7,7,7,7,7,6,3,5,4,4,5,3,6,6,6,5,5,3,7,6,7,7,7,6,3,4,4,4,5,3,3,4,3,5,2,1,5,4,5,4,6,5,3,2,2,2,2,3,1,2,2,1,1,3,1,1,1,1,1,1,5,2,5,4,3,6,5,4,5,2,3,7,3,5,3,3,3,4,2,3,2,5,2,5,3,3,3,2,3,1,5,3,6,5,5,6,1,3,2,3,5,1,3,2,1,5,5,1,6,6,4,4,5,4,3,2,3,2,4,5,2,3,3,2,4,3,5,4,5,3,3,4,2,4,3,5,6,3,2,5,2
R_3hB4BLPHvUWN2Ol,3,5,4,5,7,6,5,4,4,5,5,5,6,4,6,6,7,7,7,7,6,7,7,6,7,7,7,7,7,7,6,6,6,6,5,6,5,7,7,7,7,6,7,7,7,7,7,7,7,7,6,7,7,7,1,2,1,2,1,1,2,3,2,1,2,1,1,2,2,6,2,1,7,5,4,4,3,4,7,4,6,7,5,7,3,6,3,3,4,2,7,6,4,3,5,6,4,5,5,4,4,7,3,5,4,4,2,6,4,5,2,4,4,6,2,2,2,2,2,2,4,2,4,4,4,5,2,3,2,4,4,4,2,2,1,3,3,4,4,2,3,4,4,6,2,2,3,3,4,4,2,2,2,2,2,2,3,4,4,2,4,4,4,5,5,4,6,2,3,3,2
R_7b4dysgQQhAyckw,4,5,5,5,5,5,3,5,5,4,5,3,5,5,5,4,4,5,3,3,3,3,3,3,5,4,4,4,5,4,3,3,3,4,4,2,4,5,4,5,4,4,5,5,5,4,4,4,4,4,5,4,5,5,2,3,2,2,2,2,2,2,2,3,2,2,2,2,2,3,3,2,5,2,6,5,2,4,5,6,6,6,3,6,2,3,5,2,3,4,4,4,4,4,3,4,4,4,3,3,4,4,3,4,4,4,4,3,6,6,5,6,4,5,5,2,2,2,6,6,6,6,6,6,6,6,4,3,3,4,3,4,4,4,4,3,4,5,4,4,3,3,4,4,5,5,5,4,4,5,4,5,5,5,5,5,5,4,5,4,5,4,5,4,4,4,4,4,4,5,5
R_1HGKt0baOonQ8DQ,5,6,3,6,4,5,3,2,2,3,7,2,7,6,7,7,7,6,7,7,7,7,6,7,7,7,6,7,6,6,6,7,7,7,7,7,2,3,5,2,7,2,3,3,3,3,6,5,7,6,7,7,7,6,2,2,2,2,1,1,3,2,2,3,3,1,3,3,3,3,3,3,4,4,5,3,2,2,4,6,5,4,5,3,5,3,5,4,5,4,6,4,4,3,7,7,5,4,4,3,5,7,3,3,4,3,3,6,1,1,1,1,2,2,1,1,1,1,2,1,1,1,1,1,1,1,4,2,1,2,6,5,2,3,4,2,1,2,2,2,2,2,2,5,1,1,1,1,3,2,1,1,1,1,2,2,1,1,1,1,1,1,1,2,2,4,5,2,1,3,1
R_533XYHCJ78DuVwm,4,7,5,5,3,7,2,7,4,2,7,1,7,5,5,7,7,7,2,3,3,1,1,2,1,4,5,3,2,4,5,2,6,4,6,1,5,2,1,3,7,3,1,3,7,2,5,2,7,3,4,6,6,7,1,2,1,1,1,1,1,2,1,1,1,1,1,2,1,2,3,1,7,7,7,7,3,7,7,7,7,7,7,7,3,3,1,1,1,3,3,5,6,7,7,6,2,4,3,2,6,5,7,2,6,6,3,7,2,5,6,2,4,3,3,5,1,3,1,7,7,7,7,7,6,7,2,5,7,1,6,7,2,2,5,4,5,4,5,1,1,1,3,1,2,2,1,5,7,6,2,4,2,2,2,6,3,2,1,1,1,3,2,5,5,1,7,1,4,3,5
R_6OUamuAxXg1U6Zz,3,3,3,7,3,3,2,1,1,3,5,1,5,2,6,7,7,7,7,7,7,7,7,7,7,7,7,7,7,7,5,6,5,7,7,6,3,7,7,7,6,2,5,3,6,6,6,3,5,6,6,7,7,3,3,6,4,3,3,2,5,6,5,5,4,2,6,2,6,4,4,3,5,5,6,2,3,7,3,3,5,5,5,5,5,3,5,5,5,3,6,3,6,2,5,7,6,7,7,2,6,7,6,5,7,2,7,7,1,1,1,1,1,1,1,1,1,1,1,1,1,1,1,1,1,1,1,3,3,2,4,1,1,2,2,5,1,1,5,3,5,5,3,4,1,1,1,1,1,1,1,1,1,1,1,1,1,1,1,1,1,1,1,3,2,6,4,5,2,6,1
R_6JLEsw4vfWwpwVb,1,1,1,1,1,1,1,1,1,1,1,1,7,4,7,4,7,7,7,7,7,7,7,7,7,7,7,7,7,7,7,7,7,7,7,7,2,3,7,3,3,3,3,2,3,3,3,3,7,3,7,7,7,4,1,1,1,1,1,1,1,1,1,1,1,1,1,1,1,1,1,1,7,7,4,4,7,7,7,7,7,7,7,7,3,4,3,1,1,1,4,4,4,4,4,4,4,4,4,4,4,4,4,4,4,4,4,4,1,1,1,1,1,1,1,1,1,1,1,1,1,1,1,1,1,1,7,7,4,7,6,7,6,7,7,5,5,5,7,6,7,7,4,7,4,4,4,4,4,4,4,4,4,4,4,4,4,4,4,4,4,4,3,5,6,1,7,1,1,1,1
R_1mgRDF54EiILUFE,4,6,5,4,6,3,1,1,1,1,4,1,4,6,4,7,7,7,7,6,7,6,5,7,7,7,7,7,7,7,6,5,6,7,5,6,5,5,6,3,6,3,6,5,5,6,7,5,6,4,4,7,7,6,3,3,5,3,5,2,5,3,2,4,5,2,3,3,3,4,4,4,7,3,7,7,6,6,7,7,7,7,4,7,2,6,1,5,3,2,5,4,3,5,5,6,3,3,3,5,5,6,4,3,4,5,5,6,4,1,1,6,2,2,1,1,1,1,1,1,5,4,5,1,3,4,6,5,4,5,6,4,3,2,2,2,3,2,6,3,5,5,3,6,4,4,2,4,5,5,2,3,3,2,3,3,5,3,4,3,5,5,1,5,6,1,5,1,3,3,2
R_5KpRcSPsIdKqsAj,5,6,6,3,1,4,7,1,1,2,1,3,7,7,7,6,7,2,2,6,7,7,6,7,7,7,7,7,6,7,7,7,7,5,6,7,3,6,6,5,7,6,4,5,6,2,5,6,6,5,7,6,6,6,1,1,1,1,1,1,1,1,1,1,1,1,1,1,1,1,1,1,5,6,6,3,1,5,4,6,6,6,5,6,2,1,2,2,1,2,6,5,7,4,4,7,5,2,2,6,6,3,6,2,6,2,6,2,2,2,6,1,5,1,1,2,6,5,1,1,2,2,2,2,2,3,1,1,1,1,1,1,1,1,1,2,1,1,2,1,1,1,1,1,6,5,4,5,7,4,5,6,6,6,4,5,5,6,6,5,6,7,5,6,2,6,6,7,6,6,6
R_7cqlRd6orpelK1M,3,3,2,4,4,3,3,3,3,3,7,3,7,7,7,7,7,7,7,7,7,7,7,7,7,7,7,7,7,7,7,7,7,7,7,7,3,3,3,3,6,3,3,4,5,3,6,3,7,7,7,4,7,7,3,3,3,4,7,3,3,3,3,3,7,3,7,7,7,7,7,7,5,5,5,5,5,5,5,4,4,6,1,4,1,1,1,1,1,1,1,6,2,1,1,7,1,4,7,1,7,7,1,2,7,7,1,1,1,1,1,1,1,1,1,1,1,1,1,1,1,1,1,1,1,1,3,1,3,5,3,1,3,1,2,2,1,1,1,1,1,1,3,4,1,1,1,1,1,1,1,1,1,1,1,1,1,1,1,1,1,1,1,1,1,3,5,3,5,5,3
R_1LBe6Pz5VsPUluh,1,2,4,3,1,1,1,1,1,1,4,1,4,3,6,3,4,4,7,5,3,7,4,5,4,6,7,3,5,5,3,6,4,7,4,4,4,4,6,4,7,4,4,4,4,4,7,5,6,5,6,7,6,6,1,1,2,1,2,1,1,2,1,1,3,1,2,2,2,2,2,2,6,7,5,6,6,7,7,7,7,7,7,7,3,2,2,3,3,3,7,7,7,7,7,7,7,7,7,7,7,7,7,4,4,7,4,7,1,1,1,1,1,1,1,1,1,1,1,1,5,1,1,5,1,1,3,1,3,1,1,1,2,2,2,3,4,3,4,4,4,4,4,4,4,4,5,4,4,4,4,4,4,3,4,4,5,5,5,5,7,5,2,5,4,5,5,4,4,4,4
R_3JeZHUMDkrxLXav,3,5,5,5,6,3,3,3,3,3,3,4,6,3,6,6,6,7,3,6,5,4,6,4,3,3,3,4,3,3,6,3,6,6,6,7,4,6,4,4,6,3,3,3,3,3,3,6,6,3,6,6,6,7,2,2,2,2,2,1,2,2,2,2,1,2,2,2,2,2,2,2,6,2,4,4,2,4,6,6,5,6,5,6,1,5,1,2,2,2,4,2,6,3,4,6,5,5,5,5,3,6,3,5,6,6,2,4,5,6,6,6,5,6,4,3,4,4,4,4,3,3,4,3,6,5,6,4,4,3,4,3,3,3,2,4,2,2,3,4,3,3,3,6,5,6,6,5,5,5,3,4,3,3,3,3,4,4,4,4,4,6,5,6,5,6,3,4,4,6,2
R_6b1TdYhNv7abcYN,5,6,4,3,4,4,5,3,4,5,4,5,4,2,2,3,4,5,7,6,6,6,6,7,6,6,6,6,6,4,6,6,6,6,6,5,5,5,6,5,5,5,5,4,5,4,4,5,5,4,5,5,5,5,6,6,6,6,6,6,6,6,5,5,6,6,5,6,5,5,6,5,5,5,4,5,5,5,5,6,6,5,6,6,2,6,5,6,5,5,5,4,5,5,6,4,5,6,6,5,5,3,4,3,6,6,6,5,6,5,5,4,5,5,5,6,5,6,6,6,6,5,5,5,6,5,5,5,5,5,6,5,6,5,4,5,5,5,4,5,5,6,5,4,5,5,5,5,5,4,5,5,6,3,5,5,5,3,4,5,5,5,4,3,4,5,6,5,5,4,4
R_1XhCKKGFK56A6Vb,1,1,1,1,5,1,1,1,1,1,1,1,7,3,7,7,7,7,7,7,7,7,7,7,7,7,7,7,7,7,7,7,7,7,7,7,4,7,5,4,7,4,4,4,4,4,5,4,7,5,7,7,7,7,4,4,4,4,4,4,4,4,4,4,5,4,5,4,5,5,4,6,2,1,1,1,1,3,3,3,2,2,4,2,1,2,1,1,1,1,5,6,4,4,3,7,3,4,4,4,3,4,3,2,4,7,3,6,1,1,1,1,1,1,1,1,1,1,1,1,4,1,4,4,4,7,1,1,1,1,4,1,1,1,1,1,1,1,1,1,1,1,4,5,3,3,3,3,4,3,3,3,3,3,4,3,3,3,3,3,4,3,1,4,4,2,2,2,4,2,3
R_1b3NdcEFSj37483,2,3,5,2,2,2,2,1,2,2,3,1,4,4,4,7,6,7,7,6,6,6,7,7,6,6,6,6,6,6,5,5,6,6,7,5,2,2,5,3,7,2,3,2,2,3,5,1,7,1,6,7,7,6,3,1,2,1,2,2,1,2,1,2,2,1,3,2,2,2,3,2,7,7,4,7,7,7,7,7,7,7,7,7,4,7,4,4,2,3,6,5,6,4,5,7,7,5,6,5,2,7,6,7,5,4,1,6,3,3,4,1,4,1,1,1,1,1,1,1,4,3,4,4,7,5,1,4,5,1,2,5,1,1,1,2,1,1,5,1,1,1,6,6,2,2,2,4,4,2,2,2,2,2,2,2,4,5,6,6,5,6,4,5,5,2,5,1,3,5,1
R_6XdMMU2SGrhnFfD,4,7,4,4,4,4,4,4,4,4,4,4,7,4,7,7,7,7,7,7,7,7,7,7,7,7,7,7,7,7,7,7,7,7,7,7,7,7,7,7,7,6,6,6,6,6,7,6,6,7,6,7,7,7,7,6,6,7,7,4,7,6,6,6,6,5,7,7,6,6,6,6,7,2,4,2,2,5,6,7,6,7,4,4,1,5,1,2,4,2,1,1,4,2,1,6,1,2,1,1,4,6,1,1,4,4,1,1,7,7,7,7,7,7,7,7,7,7,7,7,7,7,7,7,7,7,1,1,1,1,1,4,1,1,1,1,1,4,1,1,1,1,1,1,1,1,1,1,1,1,1,1,1,1,1,1,1,1,1,1,1,1,1,1,1,1,1,1,1,1,1
R_5DPHfvmLRpO4tXP,1,5,3,5,5,2,1,1,1,1,5,1,7,3,6,6,7,7,7,7,5,7,4,7,7,7,7,7,7,7,7,7,7,7,7,3,3,5,5,5,5,3,5,4,4,4,6,5,7,6,5,7,7,3,2,2,2,2,2,2,2,2,2,2,2,2,2,2,2,2,2,2,6,5,6,5,5,4,7,7,6,6,5,7,5,5,3,3,3,3,7,5,3,2,1,7,5,6,6,3,2,5,3,3,5,3,2,7,6,7,3,7,2,7,3,5,6,3,1,6,6,6,6,4,6,6,2,2,2,2,6,2,2,2,2,2,2,2,1,2,1,2,3,6,4,6,4,5,6,6,4,3,3,4,3,3,3,3,4,3,3,5,2,6,6,5,6,2,3,2,3
R_3mFxAPtjwqrqVSE,3,7,5,6,6,4,2,3,1,2,3,4,5,3,6,5,6,7,6,5,4,3,6,7,6,7,5,6,7,3,7,7,7,5,4,7,7,7,7,7,7,6,7,7,7,7,7,4,7,7,7,6,7,6,5,5,4,2,3,3,3,4,4,5,3,4,3,5,3,3,2,2,6,6,6,6,1,6,7,6,7,6,2,7,6,7,7,2,1,1,3,3,4,3,3,6,4,6,3,5,3,3,7,2,7,5,1,7,1,4,3,4,3,4,2,2,3,2,2,2,1,2,2,2,5,7,1,1,1,1,1,1,1,1,1,1,1,1,1,1,1,1,1,3,1,2,1,1,3,1,1,1,1,1,1,1,1,3,2,1,1,4,1,3,2,7,7,7,7,6,6
R_6eyM7BJLUrxHe6D,7,7,7,7,7,7,7,7,7,7,7,3,6,7,7,7,7,7,6,7,7,7,4,4,7,6,7,6,6,6,6,5,7,7,3,4,7,7,7,7,7,7,7,7,7,7,7,6,7,7,7,7,7,7,2,2,2,2,2,2,2,2,2,2,2,2,2,2,2,2,2,2,5,5,5,5,5,5,5,5,5,5,5,5,5,5,5,5,5,5,3,3,2,3,2,2,3,3,2,3,2,2,3,2,3,2,2,3,1,1,1,1,1,1,1,1,1,1,1,1,1,1,1,1,1,1,1,1,1,1,1,1,1,1,1,1,1,1,1,1,1,1,1,1,4,4,4,4,4,4,4,4,4,4,4,4,4,4,4,4,4,4,1,1,1,5,5,3,4,3,3
R_3ZijQjoUpxfKqv7,4,4,4,4,4,4,4,4,4,4,4,4,7,7,7,7,7,7,7,7,7,7,7,7,7,7,7,7,7,7,7,7,7,7,7,7,5,5,6,6,3,6,6,6,5,5,7,3,5,7,5,5,7,5,3,3,4,4,4,3,4,3,4,3,4,2,3,5,3,2,3,2,6,3,5,5,6,7,6,4,3,6,6,5,3,6,3,5,1,1,3,5,3,3,1,1,5,2,5,5,3,5,7,1,7,7,1,3,4,4,4,7,4,4,1,4,4,1,4,4,7,1,7,7,7,7,5,6,7,7,4,4,4,3,2,4,4,7,7,4,7,7,4,7,4,5,4,5,4,4,5,4,4,5,4,6,5,4,5,5,5,5,6,7,7,1,7,1,4,1,1
R_5PJzksMcJv4YJ0t,3,5,5,6,5,5,4,4,4,5,5,6,6,5,6,6,6,6,7,6,7,6,7,6,7,7,7,7,7,7,7,7,7,7,7,7,7,7,7,7,5,6,7,7,5,7,7,5,7,6,7,7,7,7,4,5,5,4,2,2,5,4,5,5,5,2,5,5,5,3,5,4,5,3,5,5,6,1,6,5,5,5,1,5,1,1,1,1,3,1,3,4,3,3,4,4,3,4,3,2,3,4,1,1,1,1,1,4,5,6,5,5,6,5,2,2,6,2,2,6,3,2,2,2,2,6,1,5,3,4,6,1,3,1,2,1,1,5,1,1,1,1,1,4,3,5,2,4,6,5,1,1,4,1,2,4,1,2,2,2,1,3,2,3,4,1,1,1,1,1,1
R_15eQdspGXZ10Ew1,2,6,2,3,4,4,2,2,2,2,6,1,7,6,7,6,6,7,6,6,6,5,6,6,7,7,6,6,6,7,5,5,4,5,5,5,2,6,6,3,3,1,6,4,5,3,6,4,6,6,6,6,7,5,3,4,1,2,2,1,3,2,2,3,2,2,2,4,1,2,2,1,6,4,6,3,6,5,7,7,7,6,6,7,1,5,2,2,2,1,5,5,3,4,5,7,3,6,3,2,6,7,6,4,6,6,1,7,1,5,1,4,4,6,1,1,1,1,1,6,6,4,6,5,6,7,2,4,6,7,2,7,1,2,1,2,4,7,5,5,7,6,2,7,2,2,4,2,4,5,2,2,2,2,2,3,4,2,3,4,1,3,2,3,4,2,6,3,2,2,2
R_6GOlJPOxpMsEq7U,4,3,4,6,6,4,4,4,4,4,5,4,6,4,7,5,6,6,6,6,5,5,5,5,6,6,6,6,6,6,6,5,5,5,6,6,5,4,5,6,4,4,4,5,3,4,6,3,5,6,6,5,3,6,3,3,4,3,3,2,3,3,3,3,4,3,3,3,3,4,3,3,5,6,4,4,4,4,6,5,6,5,3,5,4,5,4,3,2,1,4,4,4,5,4,4,3,4,4,4,6,4,4,4,4,4,5,4,4,4,5,3,3,4,4,4,4,3,3,4,4,4,4,4,3,4,4,4,4,4,4,3,4,4,4,4,3,5,4,4,4,4,4,4,4,4,4,4,4,4,4,4,4,4,4,3,4,4,4,4,3,4,2,2,3,4,3,4,4,4,4
R_5irolFtWsPhZQpC,3,5,2,3,5,3,2,2,2,2,3,1,5,3,5,5,5,6,6,5,5,6,6,6,5,6,5,5,6,6,5,6,6,6,6,5,4,4,3,5,6,3,5,4,5,5,6,4,6,5,6,6,6,7,2,2,2,2,4,2,2,2,2,2,3,1,3,3,3,3,3,3,7,6,7,5,5,7,7,7,7,7,6,7,3,7,3,5,4,1,4,3,6,3,3,5,5,5,5,5,4,6,2,4,3,2,4,2,1,2,2,2,1,3,2,2,2,2,1,2,1,1,1,1,1,1,2,3,3,3,3,4,3,4,2,3,3,5,2,2,2,2,1,1,3,3,5,5,4,2,3,2,4,4,3,3,2,2,2,3,3,3,3,3,5,4,6,2,3,2,2
R_3VZz8GBJVTu2c6Z,1,2,1,1,1,1,1,1,1,1,1,1,7,7,7,7,7,7,5,5,5,5,5,5,5,5,5,5,5,5,5,5,5,5,5,5,7,7,7,7,7,7,7,7,7,7,7,7,7,7,7,7,7,7,1,1,1,1,1,1,1,1,1,1,1,1,1,1,1,1,1,1,7,7,7,7,7,7,7,7,7,7,7,7,6,6,7,5,6,1,7,7,7,7,7,7,7,7,7,7,7,7,7,7,7,7,7,7,1,1,1,1,1,1,1,1,1,1,1,1,1,1,1,1,1,1,1,1,1,1,1,1,1,1,1,1,1,1,1,1,1,1,1,1,3,3,3,3,3,3,3,3,3,3,3,3,3,3,5,3,3,5,6,6,6,2,7,1,1,1,1
R_1IfJ4XfEOTDLdMB,2,2,2,2,6,2,2,2,2,2,3,2,7,3,6,7,7,7,6,6,6,6,6,6,6,6,6,6,6,6,6,6,6,6,6,6,4,6,5,6,6,4,5,5,5,5,5,4,5,4,6,3,6,6,2,2,2,2,2,2,2,2,2,2,2,2,2,2,2,2,2,2,7,6,6,6,6,7,7,6,7,7,6,7,5,6,5,5,5,5,5,4,4,5,4,6,5,5,5,4,4,5,4,4,4,4,4,3,1,1,1,1,2,3,1,1,1,1,1,1,1,1,1,1,1,4,1,1,1,1,3,1,1,1,1,1,1,1,1,1,1,1,3,4,4,4,4,4,4,4,4,4,4,4,4,4,4,4,4,4,4,4,3,3,5,1,5,1,1,1,2
R_7vYwNRid5yNgV3e,7,7,7,7,7,7,7,7,7,7,7,7,7,7,7,7,7,7,7,7,7,7,7,7,7,7,7,7,7,7,7,7,7,7,7,7,4,6,6,5,4,3,6,6,5,6,6,3,5,6,6,6,6,4,2,2,2,2,2,2,2,2,2,2,2,2,2,2,2,2,2,2,6,6,6,6,6,6,6,6,6,6,6,6,6,6,6,6,6,6,3,4,2,3,6,5,3,4,2,3,2,6,6,6,6,5,2,6,4,4,4,4,4,4,4,4,4,4,4,4,4,4,4,4,4,5,1,1,1,1,3,3,1,1,1,1,2,2,1,1,1,1,1,1,2,2,2,2,2,2,2,2,2,2,2,2,2,3,2,2,2,2,2,4,3,5,5,4,4,3,2
R_5aH20m1BEceDaUN,2,4,2,3,3,3,2,1,1,1,2,1,6,1,6,6,6,7,7,7,7,7,7,7,7,7,7,7,7,7,7,7,7,7,7,7,2,3,4,4,4,3,4,3,3,4,3,2,5,4,5,6,6,5,1,2,3,2,3,1,2,2,3,2,2,3,2,3,2,2,2,3,7,4,7,5,4,3,7,7,7,7,7,7,4,7,3,2,3,6,5,6,5,4,4,7,5,5,5,4,6,7,3,4,6,6,2,4,4,3,5,3,3,7,3,3,3,3,4,3,3,3,2,3,2,1,3,4,2,4,4,2,3,3,4,3,5,6,5,4,5,4,5,5,3,3,4,3,3,3,3,3,3,2,2,4,3,3,3,3,2,2,2,3,4,1,1,1,1,1,1
R_13B9kDfRdY9Bx0A,3,4,5,1,7,1,1,1,1,1,7,1,7,1,7,7,7,7,5,7,7,5,7,5,7,6,4,5,7,7,7,4,7,7,7,4,7,7,7,7,7,5,4,6,5,3,7,5,7,7,7,7,7,7,1,2,1,1,4,1,1,1,1,1,4,3,4,3,3,4,2,4,3,3,5,5,5,6,7,7,5,5,7,6,1,1,1,1,1,1,3,5,3,4,4,5,5,3,6,5,5,3,1,1,1,2,1,2,3,3,1,4,3,4,2,3,1,2,2,3,7,7,7,7,7,7,5,4,2,5,1,4,3,2,3,2,2,3,7,7,7,7,7,7,5,3,3,3,4,3,2,3,4,1,1,3,2,5,5,5,5,5,2,1,2,2,5,1,6,7,2
R_3ZPmruHEM3TeJOx,1,7,6,3,4,6,1,2,1,1,4,3,7,3,6,7,7,7,5,5,6,4,4,3,6,7,7,4,5,5,5,7,5,6,6,3,4,5,6,4,7,3,6,5,6,5,6,3,7,3,7,7,7,7,3,2,2,3,2,1,2,2,1,2,3,2,3,3,3,2,3,2,5,5,4,5,4,7,7,7,7,7,4,7,1,2,2,2,1,1,3,4,5,5,2,6,3,3,5,4,2,7,2,2,3,2,2,6,3,3,2,3,6,5,2,2,2,1,2,2,6,4,4,5,2,7,2,7,4,6,4,1,3,5,6,3,4,7,5,6,3,6,4,7,4,5,5,5,6,6,5,5,6,6,5,5,4,4,4,5,5,5,4,5,4,3,6,3,4,3,1
R_6kRKj9xcZhjFzMJ,3,6,2,6,6,5,2,3,3,2,6,3,6,3,6,6,6,6,5,4,4,6,3,3,6,4,6,4,3,2,3,3,4,2,6,3,4,4,3,5,6,4,3,4,5,6,6,3,6,6,6,6,7,6,2,5,2,2,2,2,2,2,2,2,3,2,4,4,3,3,4,2,3,3,1,2,2,2,6,6,7,6,3,5,1,6,1,1,1,1,5,6,4,5,6,6,6,6,5,6,2,6,2,6,2,5,2,2,5,5,3,5,5,5,5,5,5,5,5,5,5,5,5,5,5,5,2,3,3,1,2,1,3,2,2,2,4,3,6,3,6,2,6,6,1,1,1,1,1,1,1,1,1,1,1,1,1,1,1,1,1,1,2,4,5,4,6,1,4,5,1
R_727zmUHDe9WEbpn,2,3,4,3,4,3,2,1,2,2,2,1,3,1,3,4,2,7,7,7,7,7,7,7,7,7,7,7,7,7,7,7,7,7,7,7,3,5,5,6,4,4,5,4,3,4,7,4,5,5,6,6,7,6,3,3,3,3,2,2,4,2,4,3,4,2,4,2,4,4,3,4,7,5,2,5,5,3,7,7,7,7,5,7,1,7,1,2,2,2,6,2,3,3,4,7,4,6,6,4,5,7,3,6,4,5,3,3,2,2,3,3,3,4,2,2,2,2,2,2,3,2,2,2,2,4,3,2,2,4,2,4,2,3,3,3,3,4,2,2,2,2,2,2,2,2,2,3,3,3,2,2,2,2,2,3,2,2,2,2,2,4,3,5,6,4,4,3,3,2,3
R_3rTcUS322abqMPm,2,5,3,3,4,3,2,2,2,2,5,2,5,6,5,7,7,7,7,7,7,7,7,7,7,7,7,7,7,7,7,7,7,7,7,7,2,4,3,4,5,3,2,3,3,2,4,2,7,7,7,7,7,7,1,1,1,1,1,1,1,1,1,1,1,1,1,1,1,1,1,1,6,4,4,4,4,4,5,5,5,5,5,5,3,3,3,3,3,3,4,4,5,4,5,5,5,5,5,5,4,5,5,5,5,4,3,5,4,3,5,4,4,4,4,4,4,4,4,5,3,4,3,4,3,3,6,2,2,3,4,2,3,3,3,3,3,3,4,4,4,4,4,4,3,3,4,3,3,4,3,3,3,3,3,3,4,4,4,4,4,4,4,3,3,5,6,2,5,2,2
R_3DvidTMRJsvCSuQ,1,1,2,2,2,1,1,3,1,1,3,2,6,7,5,5,5,6,6,4,5,5,5,4,6,6,6,6,6,6,6,6,6,6,6,6,6,4,6,4,7,2,5,6,5,4,7,4,7,7,7,7,7,7,3,3,3,3,2,1,3,4,4,3,4,2,5,5,5,6,6,4,2,3,4,2,3,4,6,5,6,5,5,6,3,5,2,3,1,2,4,3,3,4,4,7,2,4,6,5,1,7,2,3,1,3,1,1,1,1,1,1,1,1,1,1,1,1,1,1,1,1,1,1,1,1,1,2,1,3,2,1,2,1,1,1,1,1,2,2,2,2,3,3,1,2,1,2,2,3,2,1,1,2,2,2,2,1,1,2,2,2,2,5,3,1,3,1,1,1,1
R_7AQdCgaC1E0MibH,4,4,1,1,1,1,1,1,1,1,6,1,7,5,7,6,6,6,5,6,5,4,4,7,6,5,5,7,7,7,7,7,7,7,6,6,2,3,2,1,1,1,1,2,3,1,3,3,3,4,4,4,6,6,2,2,2,1,1,1,3,2,2,2,2,2,1,2,2,2,2,3,7,6,7,7,7,7,7,7,7,7,7,7,3,3,2,3,4,1,7,7,3,7,7,7,7,7,7,7,7,7,4,3,4,7,3,5,3,2,2,2,2,4,2,2,1,2,2,2,4,4,4,4,5,7,7,5,3,5,7,5,3,6,5,5,7,6,2,2,1,1,2,6,5,4,6,4,5,4,4,4,5,4,4,4,3,4,4,4,4,4,2,2,2,3,5,3,2,1,4
R_6VeV9VqioBdVxTa,3,7,7,7,7,7,3,2,3,3,5,1,7,3,7,7,7,7,7,7,5,7,6,7,7,6,6,6,5,7,7,7,7,7,5,7,2,2,5,3,6,4,2,2,2,3,6,1,7,4,7,7,3,7,1,1,1,1,1,1,1,1,1,1,1,1,1,1,1,1,1,1,6,4,2,4,3,4,6,7,6,6,5,7,2,3,2,3,2,1,3,3,4,5,5,5,5,5,5,4,4,5,5,5,3,3,4,4,2,3,3,4,4,2,2,1,1,2,1,4,1,2,4,1,2,2,5,7,7,7,7,7,2,2,2,2,7,1,7,4,5,7,2,7,5,5,5,6,6,6,6,5,4,5,5,7,5,6,3,5,7,6,3,5,5,6,6,1,2,1,2
R_6WOyktZVTc2UW5r,2,5,5,2,6,2,2,3,4,4,5,1,7,2,7,7,2,7,7,5,5,3,3,5,2,6,4,3,6,5,4,7,3,6,4,5,1,2,3,3,7,1,2,3,4,2,6,1,4,5,3,5,5,3,6,5,4,1,2,1,1,3,3,3,4,1,5,5,5,3,3,2,6,6,5,5,1,7,7,5,7,7,3,7,2,2,2,2,4,1,6,2,7,2,2,7,7,6,6,7,4,7,5,4,5,5,2,6,2,2,5,3,6,2,2,3,4,3,2,7,5,3,4,5,6,6,2,5,3,6,6,1,3,2,4,3,4,2,5,3,3,4,4,7,6,3,5,4,3,3,2,6,3,2,3,6,4,3,3,4,6,5,2,1,4,3,5,1,2,1,3
R_1NdeSNLaQvU1G5r,3,4,2,3,5,2,1,2,1,1,4,1,6,1,6,6,4,6,7,7,7,7,7,7,7,7,7,7,7,7,7,7,7,7,7,7,1,3,2,1,3,1,2,3,2,2,4,2,2,3,3,2,4,3,1,2,2,1,3,1,2,2,1,2,2,1,2,3,3,2,3,2,6,4,7,4,5,6,7,7,7,7,6,7,2,6,2,2,2,2,5,2,3,4,2,6,4,3,6,4,4,6,5,3,5,4,1,4,2,2,2,2,2,2,2,2,2,2,2,4,2,2,2,2,2,2,5,2,2,4,2,6,2,2,2,2,2,6,2,2,2,2,2,2,3,3,3,3,3,3,3,3,3,3,3,3,3,3,3,3,3,3,4,4,4,6,6,3,5,2,3
R_54Pi4z2dZzP4wrF,1,3,5,3,6,2,1,1,2,1,2,1,6,4,6,3,5,7,7,7,7,7,7,7,7,7,7,7,7,7,7,7,7,7,7,7,2,2,7,6,6,1,6,3,6,6,2,6,7,2,3,2,3,3,1,1,1,1,1,1,1,1,1,1,1,1,1,1,1,1,1,1,7,7,7,7,7,7,7,7,7,7,7,7,7,7,7,7,7,7,3,2,2,3,5,6,4,4,5,4,5,6,3,6,3,2,1,5,3,2,5,2,5,4,2,2,1,1,2,1,5,6,6,5,2,6,2,2,2,2,4,5,1,2,1,1,2,2,2,3,3,2,2,3,2,2,3,2,3,1,2,2,1,1,1,1,2,2,2,2,2,2,3,5,4,6,6,2,2,6,1
R_5mjkuAO16rb8X6x,1,1,1,1,7,1,1,1,1,1,1,1,1,1,1,4,1,7,7,7,7,7,5,7,7,7,7,7,7,7,4,4,7,4,4,4,1,1,1,1,5,1,1,1,1,1,1,1,4,3,1,3,1,6,1,1,1,1,2,1,1,1,1,1,1,1,1,2,2,1,1,1,7,7,7,7,2,2,7,7,7,7,7,7,7,7,5,7,7,1,2,1,3,1,7,7,1,1,4,1,1,7,1,3,3,3,3,7,1,2,1,1,4,4,1,1,1,1,1,3,1,1,1,1,2,4,2,3,1,3,7,4,1,1,1,1,1,1,1,2,1,2,2,7,1,1,3,1,4,4,1,1,2,1,1,2,1,1,1,1,1,4,3,5,3,7,7,1,2,1,1
R_6It1oVLuhFPE1w9,7,7,7,3,7,7,4,5,7,4,7,4,7,7,7,7,7,7,5,3,2,6,5,3,6,4,3,3,4,4,4,4,3,3,5,2,6,7,3,3,4,4,5,5,5,4,7,3,7,4,7,7,7,7,3,3,1,1,1,1,3,3,3,3,5,1,3,1,3,1,2,1,5,4,4,3,1,3,5,7,7,6,5,7,1,5,1,1,1,1,2,3,3,3,3,7,1,6,6,6,3,7,1,1,1,5,1,7,5,4,5,7,5,7,5,5,5,4,4,5,4,5,4,4,3,3,4,1,5,5,7,7,4,5,5,5,1,1,3,3,1,4,1,7,5,4,6,5,7,7,4,4,4,4,4,6,4,5,3,4,5,7,4,5,7,6,6,1,4,1,1
R_7S9OVPoZx0CCDsZ,4,5,7,6,6,4,2,5,2,2,5,2,7,7,7,7,7,7,6,6,6,6,6,6,6,7,7,6,7,7,6,6,7,6,6,6,7,7,7,7,7,7,7,7,7,7,7,7,7,7,7,7,7,7,4,4,3,4,5,4,5,5,5,5,4,5,4,4,4,4,6,4,7,7,7,7,7,7,7,7,7,7,7,7,7,7,7,7,7,7,1,1,1,1,1,3,1,1,1,1,1,3,1,1,1,1,1,1,1,1,1,1,1,1,1,1,1,1,1,1,1,1,1,1,1,1,1,1,1,1,1,1,1,1,1,1,1,1,1,1,1,1,1,1,2,2,2,2,2,2,2,2,2,2,2,2,2,2,2,2,2,3,1,2,2,6,5,4,1,5,2
R_5Jmkir3Wwx2675d,2,6,7,6,7,2,2,2,6,2,4,1,7,2,7,7,7,7,6,6,6,6,6,5,7,7,7,7,7,7,7,7,7,6,7,6,2,5,7,3,4,1,3,3,3,3,5,2,7,3,7,7,7,7,1,2,2,1,1,1,2,2,2,3,2,1,2,2,3,2,2,1,7,5,3,6,5,7,7,7,7,7,6,7,4,7,1,5,7,1,6,5,4,4,2,7,4,4,4,3,2,7,2,4,2,2,2,7,6,4,6,4,7,6,2,2,2,2,2,2,5,2,5,7,5,7,1,5,5,4,7,1,1,4,1,4,4,7,7,4,4,7,4,7,5,4,4,2,5,5,3,2,2,2,2,4,4,2,4,1,4,5,4,6,5,4,6,2,1,1,3
R_7isaveXEuq8LZyP,2,5,5,3,3,3,2,1,2,2,4,2,6,6,6,3,6,6,2,2,6,3,3,2,5,2,2,3,6,5,6,5,5,5,6,4,4,6,3,2,6,2,3,2,2,3,6,6,6,6,5,6,6,6,5,5,5,5,4,4,4,2,3,4,4,3,2,4,5,4,2,2,6,6,3,5,4,6,5,7,5,4,3,5,2,2,2,2,2,2,6,2,4,2,4,5,4,5,5,3,4,6,5,4,5,5,2,6,5,2,5,2,4,3,3,2,2,2,3,2,3,4,5,3,3,3,2,3,4,5,4,2,3,2,2,4,4,2,3,3,4,4,5,4,3,2,2,2,5,2,2,2,2,2,3,5,4,5,4,5,6,5,2,3,3,5,5,3,3,4,4
R_6uHWdjO9rBcDiCo,1,5,1,1,1,1,1,1,2,1,2,1,6,6,6,1,6,6,1,5,2,5,5,6,2,1,4,5,6,5,1,2,1,2,2,1,1,1,1,1,1,1,1,1,1,1,1,1,6,6,6,6,6,6,1,1,2,1,1,1,1,1,1,1,1,1,6,6,6,6,5,6,6,6,6,6,6,6,6,6,6,6,6,6,1,1,1,1,1,1,4,4,4,5,4,4,4,5,3,5,5,5,4,5,5,4,5,4,4,6,4,4,5,4,4,4,4,4,5,5,4,5,4,4,4,4,6,4,5,4,3,5,4,4,4,5,4,4,4,3,3,6,2,4,5,4,4,4,3,4,4,5,5,4,5,3,4,6,5,3,6,3,6,6,6,6,6,6,6,6,6
R_7NI2DwvWsS0WAx8,1,1,1,1,1,1,1,1,1,1,1,1,6,6,6,6,6,6,6,6,6,6,6,6,6,6,6,1,6,6,1,1,1,1,1,1,1,1,1,6,1,1,1,1,1,1,1,1,6,6,1,6,6,6,1,1,1,1,1,1,1,1,1,1,1,1,6,6,6,6,6,6,6,6,6,6,6,6,6,6,6,6,6,6,1,1,1,1,1,1,4,4,4,3,5,5,5,4,4,5,4,6,3,4,3,3,4,5,5,5,6,4,5,5,5,4,6,4,4,4,4,5,5,4,5,5,4,3,2,1,2,1,1,2,1,2,2,2,6,6,6,6,5,5,4,4,4,5,4,3,4,5,4,4,6,5,6,3,3,4,4,5,6,6,6,6,6,6,6,6,6
R_5j80omRQRaSHyG8,3,5,5,3,4,3,1,3,2,2,5,1,3,3,5,5,2,2,6,6,6,6,5,6,5,6,5,4,6,5,5,5,5,5,6,6,2,3,6,5,4,4,5,4,2,5,5,3,2,6,6,3,2,5,5,5,3,3,5,5,5,3,5,3,3,3,5,3,5,5,3,5,6,6,5,6,5,6,6,5,5,5,6,6,5,5,5,6,6,6,5,5,7,7,3,7,7,7,7,7,7,7,7,7,7,6,6,7,1,1,1,1,1,1,1,1,1,1,1,1,1,1,1,1,1,1,3,3,2,2,4,3,3,4,3,2,2,5,3,2,3,3,3,3,1,1,1,1,3,1,1,1,1,1,1,1,1,1,1,1,1,1,2,3,2,3,5,5,5,3,5
R_6R9sybPVZibInsy,1,1,1,1,1,1,1,1,1,1,1,1,7,7,7,7,7,7,7,7,7,7,7,7,7,7,7,7,7,7,3,3,3,3,3,3,6,6,6,6,6,6,4,3,3,6,4,4,3,3,3,3,3,3,2,3,3,3,3,3,2,3,2,2,2,2,2,2,2,2,2,2,6,5,6,5,5,5,7,7,7,7,7,7,2,2,2,2,2,2,1,4,7,1,1,4,1,7,1,7,7,7,7,7,7,7,7,4,1,5,2,5,1,1,1,5,1,2,1,1,5,5,5,5,5,5,5,4,4,4,4,4,7,4,1,3,4,1,7,7,7,7,7,7,4,4,3,6,4,3,5,3,3,5,4,4,6,6,5,5,6,6,1,5,3,5,6,2,6,6,5
R_7VctJ5GzOSNaUE1,4,2,4,4,3,5,1,1,1,1,1,1,6,1,6,4,6,7,5,5,5,5,5,5,5,5,5,5,5,5,5,5,5,5,5,5,4,4,4,4,4,4,4,4,4,4,4,4,4,4,4,4,4,4,2,2,2,2,2,2,3,2,2,2,3,2,2,2,2,3,2,2,6,6,6,6,6,6,6,6,6,6,6,6,6,6,6,6,6,6,4,4,4,4,4,4,4,4,4,4,4,4,4,4,4,4,4,4,1,1,1,1,1,1,1,1,1,1,1,1,1,1,1,1,1,1,4,2,1,1,1,1,1,1,2,1,2,1,1,2,2,1,1,2,4,4,4,4,4,4,4,4,4,4,4,4,4,4,4,4,4,4,4,4,5,4,5,3,2,3,4
R_3ydspEiLjWZImtv,3,7,6,7,7,4,4,4,4,4,6,3,6,5,6,7,6,7,7,7,7,7,5,6,7,7,7,7,6,6,4,4,3,7,7,4,4,7,7,7,7,4,5,6,6,6,7,4,5,5,5,7,7,7,2,3,5,3,4,2,4,5,3,4,5,3,3,3,2,5,4,3,6,3,2,3,3,4,4,6,5,6,3,6,6,4,5,2,2,2,4,2,2,3,4,6,3,3,4,3,3,4,4,3,6,2,1,5,2,2,3,2,4,3,1,1,1,1,3,2,1,1,1,2,4,3,1,4,4,4,5,5,2,1,2,2,3,2,1,1,1,2,4,3,2,3,3,2,4,3,2,3,3,2,3,3,2,2,2,3,4,3,3,4,5,4,5,2,2,1,6
R_6PvgOqk4wz9aryj,7,7,7,7,7,7,7,7,7,7,7,7,7,7,7,7,7,7,5,5,5,5,5,3,7,7,7,7,6,6,6,6,5,6,5,6,5,6,6,3,3,3,6,6,6,5,5,2,5,5,6,6,5,6,3,2,6,2,2,2,6,5,6,6,5,2,3,5,5,3,5,3,7,7,3,7,5,1,7,7,7,7,7,7,2,2,2,2,2,2,7,7,7,7,7,7,7,7,7,7,7,7,7,7,7,1,7,7,1,1,1,1,1,1,1,1,1,1,1,3,5,5,1,5,5,5,3,5,1,5,5,5,1,1,1,1,2,5,5,5,5,5,5,5,1,3,3,3,3,3,1,1,1,1,1,3,1,3,3,3,3,3,3,5,5,7,7,5,6,7,5
R_6agWI5KJT7nb7EB,1,6,5,6,6,5,4,5,3,1,6,2,7,5,7,7,7,7,7,7,6,6,7,7,6,6,7,6,7,7,7,7,7,7,7,7,6,6,5,5,7,6,5,6,6,6,6,5,7,6,7,7,7,7,2,2,2,1,1,4,2,2,2,2,3,4,2,2,2,2,2,2,7,6,6,4,7,7,7,7,7,7,7,7,3,7,3,4,3,3,3,2,2,4,2,3,3,2,2,3,2,3,2,2,2,2,2,3,4,4,4,4,3,3,2,2,2,2,2,3,2,3,2,3,3,4,2,2,5,2,3,2,2,2,2,2,2,2,2,2,2,2,2,5,2,2,2,2,2,2,2,2,2,2,2,2,2,2,1,2,2,2,1,4,5,3,4,2,2,2,1
R_3oHevFzKQpEWEXx,1,2,2,2,5,4,1,3,2,2,3,1,7,2,6,7,6,6,6,6,7,5,6,5,7,7,6,6,7,6,7,7,6,6,6,5,1,2,7,6,7,4,4,4,4,5,5,2,6,2,6,7,6,7,2,2,4,4,4,2,4,4,4,4,4,1,4,4,3,4,3,3,7,7,2,4,3,6,7,5,7,7,2,6,4,6,2,2,1,1,6,5,4,4,4,6,4,4,5,4,6,6,4,4,4,4,2,6,3,3,5,4,6,4,3,1,2,2,6,2,4,3,4,6,5,3,2,3,2,3,4,4,3,2,1,3,2,3,2,2,2,2,3,3,2,2,2,3,3,4,2,2,2,2,2,4,2,3,2,2,2,3,3,4,4,4,6,4,4,3,3
R_3rj7giHoGEDajMf,1,4,7,6,7,3,1,3,1,1,7,1,4,3,7,5,7,7,7,7,7,7,7,7,7,7,7,7,7,7,7,7,7,7,7,7,3,6,7,6,7,4,5,7,6,5,7,3,7,6,7,7,7,7,1,1,1,1,1,1,1,1,1,1,1,1,1,1,1,1,1,1,7,5,1,1,1,5,7,6,7,7,1,7,1,1,1,1,1,1,7,7,7,7,7,7,7,7,7,7,7,7,7,7,7,7,7,7,1,1,1,1,1,1,1,1,1,1,1,1,1,1,1,1,1,1,1,1,1,1,1,1,1,1,1,1,1,1,1,1,1,1,1,1,3,3,3,3,3,3,3,3,3,3,3,3,3,3,3,3,3,3,1,3,4,5,7,1,1,4,1
R_7rHleKs4cFjJ5X8,2,6,1,1,4,2,2,3,1,2,3,1,6,6,6,6,7,7,7,7,7,7,7,6,7,7,7,6,7,7,6,7,6,7,6,6,3,6,6,4,6,5,5,5,6,6,6,5,6,5,7,6,7,7,2,4,3,3,3,3,2,3,3,2,3,2,3,2,3,5,3,3,5,1,4,1,2,7,3,1,5,4,1,2,1,1,1,1,1,1,2,3,4,3,5,7,3,3,6,3,2,7,3,3,3,3,2,5,1,1,1,1,3,2,1,1,1,1,1,1,2,3,2,1,3,3,3,4,4,3,3,5,2,3,3,2,4,2,3,3,3,2,3,3,1,1,1,1,1,1,1,1,1,1,1,1,1,2,2,1,4,2,1,1,2,3,5,1,3,1,1
R_56CfOwkkNvUVTYl,1,5,3,3,5,4,2,2,6,3,5,2,2,4,5,4,5,2,6,7,5,5,7,7,5,5,5,4,6,7,6,7,7,6,4,5,5,4,5,6,5,5,5,5,4,4,6,6,7,7,7,7,6,5,2,3,2,2,3,1,3,2,2,3,5,2,4,4,4,3,5,5,6,6,5,6,5,6,6,7,6,6,4,5,1,2,2,3,2,6,7,6,6,7,6,7,6,7,7,7,5,6,7,6,7,7,5,7,2,5,2,5,3,1,4,5,3,1,5,1,2,6,4,5,4,4,5,4,3,1,4,3,6,6,3,5,5,3,2,5,6,5,5,5,5,6,6,3,3,2,2,5,5,3,5,3,5,2,2,2,5,2,4,6,7,1,1,1,2,1,1
R_5f1ASiocrYmo5Hb,2,5,5,5,3,1,2,2,2,2,3,1,6,3,6,6,7,7,5,5,5,7,4,7,5,5,6,6,5,5,6,5,6,6,3,5,2,4,7,3,7,1,3,4,2,4,6,1,7,6,7,7,7,7,1,3,4,2,1,1,3,3,2,3,3,1,2,4,2,2,2,2,6,2,4,2,1,1,7,7,7,7,2,7,1,7,1,1,1,1,7,7,5,3,3,7,6,4,4,5,5,7,7,3,4,3,4,7,1,1,3,1,5,4,1,1,1,1,1,1,1,1,1,1,1,5,1,1,3,3,7,1,3,3,3,3,3,1,1,3,4,4,4,7,2,2,4,3,5,1,1,1,1,1,4,1,2,1,2,2,6,5,4,3,4,5,5,2,3,6,3
R_7qvEbQy1BlmsON2,2,4,3,4,4,3,3,3,2,2,3,2,3,2,4,3,3,5,6,6,6,5,6,6,6,6,6,6,6,6,4,6,6,6,6,6,4,5,5,4,4,2,4,5,4,4,5,4,5,5,5,5,5,5,2,2,2,2,2,2,2,2,2,2,3,2,2,2,4,2,2,2,6,2,5,4,5,5,5,6,5,5,6,6,5,6,2,5,3,5,6,4,5,4,6,6,3,3,5,6,2,5,3,2,3,3,2,7,1,1,1,1,1,1,1,1,1,1,1,1,1,1,1,1,1,1,2,4,3,3,2,2,3,2,3,3,3,2,2,3,3,2,2,3,2,2,2,2,2,2,2,2,2,2,2,2,2,2,2,2,2,2,4,4,4,5,5,4,3,5,3
R_5wagDRtXrPoiYSO,5,6,6,6,6,6,5,6,6,6,5,5,6,6,6,6,6,7,7,6,6,6,6,7,7,7,7,7,6,6,6,7,7,6,7,7,5,7,7,6,5,4,6,6,6,6,6,4,7,6,6,7,7,5,4,6,5,5,5,3,6,5,5,5,6,3,5,5,5,5,6,3,4,4,3,4,3,2,6,5,6,6,4,6,1,5,2,3,3,1,3,3,4,3,3,4,3,4,3,2,2,4,2,3,3,2,2,4,1,1,2,1,1,3,1,2,2,1,1,4,2,1,1,2,2,4,1,1,1,1,1,2,1,1,1,1,1,2,1,1,1,1,1,2,2,3,3,3,3,5,3,3,3,3,3,4,3,3,3,3,2,4,2,4,2,2,4,2,2,2,2
R_6Y9wRZQIUAxswi5,4,4,4,5,5,4,5,4,4,4,4,4,5,4,4,5,5,7,6,6,6,6,6,6,6,6,6,6,6,6,6,6,6,6,6,6,6,6,6,6,6,6,6,6,6,6,6,6,6,6,6,6,6,6,3,3,3,3,3,3,3,3,3,3,3,3,3,3,3,3,3,3,2,2,2,2,7,3,4,4,4,5,2,4,2,4,2,2,3,2,4,4,4,3,4,4,4,4,4,4,3,4,5,5,5,4,4,4,4,5,5,4,4,4,5,4,5,3,5,4,3,5,3,4,3,3,2,2,2,2,4,3,2,2,2,2,2,3,2,3,2,3,2,2,4,4,4,4,4,4,4,4,4,4,4,4,4,4,4,4,4,4,4,4,4,4,4,3,4,4,3
R_55sfbuE9J7X792D,3,2,6,5,4,3,5,3,5,6,5,5,3,2,4,3,5,5,2,5,5,3,2,3,5,4,5,5,5,5,3,3,3,3,3,5,2,3,3,4,2,3,5,5,5,5,6,3,4,4,3,5,4,5,2,3,2,3,5,2,6,3,2,5,5,5,5,4,5,4,4,6,5,5,6,5,6,5,5,5,5,6,5,6,5,3,3,3,4,4,5,5,4,3,3,5,3,2,3,2,4,2,3,3,3,3,4,2,5,5,4,6,5,5,2,2,3,2,2,3,3,3,2,3,3,5,2,2,5,3,6,3,4,3,3,5,3,5,4,4,5,4,4,3,6,6,6,5,4,6,5,5,5,5,6,5,6,5,5,5,5,5,1,5,5,5,6,6,5,5,5
R_3nVoB0SLUqhMye8,2,5,3,3,6,6,2,3,3,3,5,3,6,4,5,6,5,6,6,6,5,5,5,6,7,5,5,6,6,6,5,6,5,5,5,6,5,5,4,6,5,5,5,4,4,4,5,4,6,6,6,5,5,6,4,4,4,4,4,4,4,4,4,4,5,5,4,5,5,5,5,5,5,6,5,5,3,3,5,5,5,5,6,6,5,5,4,6,5,2,5,5,4,3,4,4,5,5,5,5,5,5,5,4,6,5,2,4,1,1,1,1,5,5,1,1,1,1,1,1,5,4,4,4,5,6,4,1,1,1,1,1,1,1,1,1,1,1,1,1,1,1,1,1,4,4,4,4,4,4,4,4,4,4,4,4,4,4,4,4,4,4,3,5,5,1,1,1,1,1,1
R_7QWYAF0sIHfa39g,4,6,6,6,7,6,4,5,6,7,7,6,6,2,6,6,6,7,6,6,7,6,5,6,7,6,7,7,7,7,7,5,6,6,6,6,7,4,4,6,7,4,5,5,5,6,7,1,7,2,7,6,7,7,1,1,1,1,1,1,1,1,1,1,1,1,1,1,1,1,1,1,2,6,1,1,1,4,1,1,5,4,1,6,1,5,1,1,1,1,3,3,6,2,4,6,4,5,5,5,2,5,2,5,3,2,3,3,5,5,5,2,5,6,3,2,3,3,2,3,3,2,5,6,5,5,3,2,2,2,2,4,2,2,3,2,2,2,2,2,2,2,2,2,3,2,2,2,2,5,2,2,2,2,1,2,2,2,2,2,2,5,1,2,2,3,5,3,2,3,2
R_7KvYBbJf0JFF58Z,3,6,6,3,6,5,2,5,3,2,5,5,6,5,5,5,6,6,6,6,5,4,3,3,5,4,5,5,4,4,5,4,5,4,5,4,3,4,5,4,4,4,4,2,2,4,5,3,4,3,4,5,5,5,2,2,1,1,1,1,2,1,1,2,1,1,1,1,1,2,1,1,6,2,5,4,4,2,6,5,5,5,5,6,5,4,3,2,2,2,3,4,3,4,5,6,3,4,4,5,5,6,4,6,4,5,5,4,6,6,2,6,6,6,2,2,2,2,5,6,4,2,6,2,2,2,2,5,2,4,5,5,5,2,2,5,5,6,5,5,5,5,5,5,5,5,4,6,6,6,4,4,4,4,6,6,6,5,5,6,6,6,3,6,6,5,5,1,5,1,3
R_7SCQZluGTnh6q6n,7,7,1,7,6,1,1,1,2,1,2,1,7,7,7,7,2,7,6,6,6,6,6,6,6,6,6,6,6,6,6,6,6,6,6,6,7,7,7,7,7,7,7,7,7,7,7,7,7,7,7,7,7,7,2,2,2,2,2,2,2,2,2,2,2,2,2,2,2,2,2,2,7,7,7,7,7,7,7,7,7,7,7,7,7,7,2,1,2,2,7,6,7,1,1,7,7,7,7,7,1,7,1,1,1,1,1,1,1,1,1,1,1,1,1,1,1,1,1,1,1,1,1,1,1,1,1,1,1,1,1,1,1,1,1,1,1,1,1,1,1,1,1,1,4,4,4,4,4,4,4,4,4,4,4,4,4,4,4,4,4,4,1,5,5,5,6,1,3,1,1
R_7KjcHxhFnmQMAEr,6,2,3,5,5,2,3,5,6,4,5,3,3,2,5,4,6,2,2,2,3,3,4,6,5,5,4,6,5,5,3,4,5,4,3,3,3,3,4,5,3,5,2,4,5,4,6,4,5,5,3,3,3,2,3,2,5,3,4,4,5,4,2,3,4,5,4,4,4,2,3,2,4,6,5,3,4,3,3,6,4,4,6,6,4,6,5,5,5,3,5,5,6,3,5,5,2,4,4,3,4,4,6,2,6,2,4,2,6,6,5,5,5,5,3,3,3,5,4,6,5,5,4,3,5,6,5,5,4,3,4,5,4,3,3,5,3,4,4,2,6,2,6,3,5,6,5,5,3,3,6,6,5,4,6,4,4,3,5,5,5,6,5,3,5,3,5,4,5,6,7
R_6nTQ3g0jY3fizCx,6,6,6,7,7,6,6,6,6,6,7,6,7,6,7,7,7,7,7,7,7,7,7,7,7,7,7,7,7,7,7,7,7,7,7,7,7,7,7,7,7,7,7,7,7,7,7,7,7,7,7,7,6,7,2,3,3,3,3,2,3,3,4,3,2,3,3,3,3,3,3,3,7,5,2,2,7,7,7,7,7,7,7,7,2,7,2,2,2,1,6,5,6,7,6,7,5,5,5,6,7,7,5,5,5,5,5,6,2,2,2,2,2,3,2,2,2,2,2,3,2,2,2,2,2,5,4,4,4,4,6,6,4,4,5,4,4,6,4,4,4,4,4,6,2,2,2,2,3,4,2,2,2,2,2,2,2,2,2,2,2,2,2,7,7,1,2,1,1,1,1
R_7kStL2OthSFqWIh,7,3,6,3,3,7,4,4,3,3,3,3,6,4,7,7,7,6,6,6,6,6,6,6,6,6,6,6,6,6,6,6,6,6,6,6,5,4,4,4,4,3,5,4,5,4,4,4,4,4,4,4,4,3,5,4,4,4,4,3,4,4,5,4,4,4,4,4,4,4,4,4,7,1,1,4,7,3,7,3,3,7,1,7,3,7,1,1,1,2,3,2,4,3,3,3,3,3,5,6,2,4,3,7,3,7,3,3,2,2,4,4,2,5,2,2,2,3,2,4,4,2,2,2,2,2,1,1,1,1,1,1,1,1,1,1,1,1,1,1,1,1,1,1,5,5,5,6,6,5,1,3,4,3,4,3,3,5,1,4,6,6,7,4,4,3,5,5,4,4,4
R_6q25KN7BGTQUX7H,5,4,2,3,2,5,1,2,2,2,4,2,5,3,6,6,5,5,6,6,4,6,4,5,6,5,6,5,5,7,4,6,6,5,5,7,2,4,5,5,3,5,3,2,2,2,5,3,6,3,6,6,5,5,2,4,5,2,2,2,2,2,2,2,2,3,6,2,5,5,4,6,5,7,7,6,6,6,7,7,7,6,6,7,2,3,2,2,2,2,7,7,4,7,7,7,7,7,7,7,6,7,1,1,1,1,5,1,2,2,2,2,1,2,1,1,1,2,1,2,1,2,2,2,1,1,1,1,3,1,1,1,1,1,1,1,1,1,4,1,3,1,4,4,4,4,4,4,4,4,4,4,4,4,4,4,4,4,4,4,4,4,2,3,6,4,4,3,4,2,2
R_7pAmfc19No1a8kX,2,3,4,2,2,2,2,2,2,2,2,2,5,2,4,4,4,5,7,7,7,7,7,7,7,7,7,7,7,7,7,7,7,7,7,7,3,6,4,3,2,2,3,3,3,3,4,2,6,2,6,6,6,5,2,2,2,2,2,2,2,2,2,2,2,2,2,2,2,3,3,3,7,4,7,7,7,7,7,7,7,7,7,7,4,7,4,4,4,4,4,4,6,5,5,5,4,3,5,4,3,5,6,4,6,6,2,4,2,4,2,4,2,3,1,1,1,1,1,1,4,3,3,2,1,4,2,3,3,2,4,1,2,2,2,2,4,3,3,2,2,3,2,4,1,2,3,2,2,1,1,2,1,1,2,1,3,2,3,2,2,3,3,4,3,5,6,4,4,3,3
R_7p8papMALDu6yad,5,4,4,5,6,4,3,2,2,2,4,2,7,4,7,7,5,7,6,7,6,4,6,6,6,7,6,4,6,6,6,6,7,6,6,6,4,4,4,4,5,4,3,3,3,3,4,3,7,4,7,7,6,6,1,1,1,1,2,1,1,2,1,1,3,2,2,2,2,3,3,2,4,4,4,3,3,4,5,4,5,4,3,4,1,4,1,1,4,1,5,4,5,5,4,5,4,5,5,5,4,5,4,5,6,4,4,6,5,5,4,5,4,4,3,3,3,3,4,3,3,3,4,4,3,6,4,4,4,5,4,4,4,3,3,4,5,4,3,3,3,3,3,6,4,4,4,4,5,5,4,4,3,4,3,4,4,4,4,4,4,7,4,6,6,4,5,4,5,4,4
R_7NUP7GEgjdGKfkK,1,1,7,3,5,6,1,1,1,1,1,1,7,7,6,7,7,7,7,7,7,7,7,7,7,7,7,7,7,7,7,7,7,7,7,7,6,6,6,6,6,6,6,6,6,6,6,6,6,6,6,6,6,6,2,2,2,2,2,2,2,2,2,2,2,2,2,2,2,2,2,2,5,5,6,6,6,6,5,6,6,6,5,5,6,6,5,5,5,5,1,1,1,1,1,1,1,1,1,1,1,1,1,1,1,1,1,1,1,1,1,1,1,1,1,1,1,1,1,1,1,1,1,1,1,1,2,3,2,2,3,3,3,2,3,3,2,2,3,3,3,2,3,3,2,2,2,3,2,3,2,2,2,2,2,2,2,2,2,4,4,3,2,6,5,7,7,6,4,7,4
R_1fbQ6ZlbTaoUKtj,5,7,6,6,5,4,6,4,5,5,7,4,7,6,6,7,6,7,6,5,3,7,3,7,7,7,6,6,4,5,5,6,7,7,6,5,4,4,6,5,6,5,6,5,6,6,7,3,7,6,5,7,6,3,2,3,1,2,1,1,1,2,3,2,2,1,1,1,2,1,2,1,6,5,6,7,7,5,6,5,5,6,6,6,6,4,6,6,7,5,5,6,6,5,6,6,6,5,6,4,6,5,6,5,5,7,7,7,6,3,6,5,4,6,6,2,7,2,2,6,6,3,3,5,4,3,4,1,2,1,3,2,1,2,2,2,1,2,4,1,1,2,1,2,3,3,2,2,6,2,2,2,2,2,5,2,2,2,1,3,6,5,1,2,5,2,6,1,2,1,1
R_5Opn9CXoZHCdWQ1,3,3,2,2,2,2,3,3,2,3,5,2,7,3,7,7,7,6,6,5,5,6,6,6,6,6,6,6,6,6,7,6,7,6,6,6,7,6,4,6,6,6,6,6,6,6,6,6,7,7,7,7,7,7,2,2,2,2,2,3,1,2,1,1,2,1,3,1,1,1,2,3,6,6,6,6,3,6,7,6,7,7,6,7,6,4,2,4,5,2,3,2,6,6,6,3,6,5,7,6,6,7,7,6,6,1,2,6,3,2,2,3,2,2,2,2,2,3,2,2,2,2,2,2,3,2,1,1,1,1,1,1,1,1,1,1,1,1,1,1,1,1,1,1,2,2,2,3,3,2,2,2,3,2,2,2,2,3,2,3,2,3,1,1,2,3,6,2,4,7,5
R_6E6ShqxHIro2K3t,3,6,7,6,7,6,2,5,3,2,4,2,7,4,7,7,6,7,6,6,6,5,6,7,6,6,6,6,6,6,4,7,4,6,3,5,6,6,7,5,3,5,4,7,7,5,7,4,7,6,7,7,3,6,3,4,2,3,1,1,2,3,2,1,2,1,3,3,2,3,1,3,6,6,5,6,5,4,6,6,6,6,5,7,1,1,1,1,1,2,4,4,7,3,5,5,4,2,5,4,3,5,4,4,5,3,3,3,1,1,1,1,1,1,1,1,1,1,1,1,1,1,1,1,1,1,2,2,1,2,4,3,2,1,2,2,2,2,2,2,3,2,4,3,1,1,2,1,2,1,1,1,1,1,1,2,1,1,2,1,3,2,2,4,3,4,6,2,1,4,2
R_6po0O2AQ5SKa1Ft,5,5,5,6,5,4,3,5,5,5,5,5,4,5,5,4,5,4,5,4,5,5,4,5,4,4,4,4,4,5,5,5,5,4,5,3,5,6,4,5,6,6,6,5,6,5,5,6,5,6,6,5,5,6,3,2,2,2,2,2,2,2,3,2,2,2,3,2,3,2,2,2,2,5,3,4,5,3,3,3,4,5,4,4,2,3,3,3,3,5,4,5,5,5,5,4,5,4,4,4,4,4,4,4,5,5,5,4,5,5,5,5,5,4,5,5,4,4,5,4,5,4,4,5,5,4,4,5,4,5,5,4,5,5,5,4,4,5,5,5,5,4,4,5,4,5,5,4,5,5,5,5,4,5,5,4,4,5,4,5,5,4,5,4,5,5,3,6,5,5,4
R_6gT95ibmnQwTvk9,1,1,1,4,1,1,1,3,1,1,1,1,7,2,7,1,4,7,5,5,6,5,4,6,6,7,4,6,7,7,6,5,7,7,5,5,2,3,4,3,1,2,4,6,6,4,7,2,6,5,6,7,7,7,1,1,2,2,1,1,1,4,1,1,6,1,1,4,2,2,1,2,4,4,1,2,4,6,5,4,6,6,4,6,2,4,4,2,2,2,2,6,1,4,7,7,7,7,2,7,7,6,4,2,7,7,1,7,5,4,4,6,5,7,3,5,4,2,3,7,4,2,7,3,4,7,1,1,2,1,3,1,1,1,2,1,1,1,1,1,1,1,2,1,6,5,4,4,6,5,5,4,5,5,4,6,6,6,6,4,6,6,7,5,6,6,6,1,1,1,1
R_75ZA3qXNxxzQUfX,3,3,3,3,4,2,6,6,5,6,5,3,7,3,6,6,7,3,7,3,3,3,2,2,7,6,7,7,7,7,4,3,4,6,7,6,3,1,6,6,6,1,5,5,5,4,3,4,5,6,7,6,5,2,2,4,5,5,2,1,5,5,4,6,4,5,6,5,5,7,5,4,7,4,5,3,4,2,3,7,6,6,1,4,6,7,5,1,1,6,7,7,5,6,2,7,6,4,5,4,1,5,6,3,2,3,6,2,6,7,5,6,3,3,7,5,5,7,5,6,7,7,6,5,5,6,3,4,3,7,6,4,2,5,3,2,2,3,6,5,2,6,4,3,5,2,3,6,7,3,3,2,3,2,2,1,2,5,5,2,2,2,2,6,5,5,3,1,3,3,5
R_1HPXSRKxtNuaUal,2,4,4,4,6,4,2,2,2,2,2,2,6,2,5,4,4,6,5,5,5,5,5,5,5,5,5,5,5,5,5,5,5,5,5,3,2,4,3,5,3,2,4,3,3,5,4,2,6,4,6,6,5,6,3,4,4,3,4,3,4,4,4,4,4,2,4,4,4,4,4,3,6,5,3,5,5,5,6,5,5,6,3,5,2,5,2,2,4,2,3,3,4,3,3,6,4,3,5,2,4,6,4,4,4,3,4,3,5,3,3,3,4,3,3,3,3,3,4,3,3,3,3,4,3,6,5,5,3,6,6,3,5,4,5,4,3,5,5,4,5,5,5,6,4,3,4,3,5,4,4,3,4,3,4,4,4,4,4,4,4,2,4,5,5,4,4,2,2,2,2
R_3U9FoyyhZWasGM9,3,5,4,3,5,4,2,3,2,2,5,5,6,5,6,5,6,5,4,3,4,4,2,3,4,5,4,5,4,5,5,3,6,4,6,3,5,4,4,4,4,4,3,4,5,3,5,4,5,4,5,5,5,6,2,3,2,3,2,3,4,4,4,5,3,3,3,4,3,4,3,3,6,6,6,6,6,6,6,6,6,6,5,4,2,2,3,2,2,2,6,4,5,4,4,6,3,4,3,4,4,4,6,4,5,4,4,4,2,2,2,5,2,2,2,2,2,2,2,2,4,4,4,5,5,4,5,4,5,4,6,5,4,3,3,4,3,3,4,5,4,4,5,4,5,4,5,4,5,5,3,3,5,4,3,4,4,5,5,5,4,4,4,5,4,3,5,4,4,4,2
R_1fHU08HjYG5J8Bz,3,4,4,4,6,4,1,1,2,1,3,1,7,2,7,5,6,7,6,6,6,6,6,6,6,6,7,6,6,6,6,6,6,6,6,6,5,6,6,6,6,5,6,6,6,6,4,5,6,6,5,7,6,4,3,4,4,4,3,3,3,4,4,4,4,4,4,4,4,4,4,2,7,6,5,4,4,7,7,7,7,7,6,7,3,6,3,3,4,3,3,2,3,2,2,5,3,2,3,2,2,6,3,3,2,2,3,6,3,2,2,2,4,3,2,3,3,2,2,3,2,2,2,2,2,5,2,2,2,2,3,2,2,2,2,2,2,2,2,2,2,2,2,5,4,4,3,4,5,5,4,3,4,3,4,2,3,4,4,4,4,6,2,5,5,2,5,2,2,6,2
R_6ZbQa749fNt2Xbr,5,6,6,6,2,5,7,5,4,4,2,5,6,5,7,6,7,7,7,7,4,7,4,4,7,7,7,7,7,7,4,7,7,7,7,7,4,5,4,2,2,3,3,4,3,4,2,1,4,5,4,4,2,7,2,6,5,4,2,1,2,4,2,2,3,1,4,6,4,4,5,7,3,3,4,6,6,7,5,6,5,3,4,7,4,4,4,4,4,1,3,4,3,4,7,7,4,3,2,1,7,4,4,3,4,4,7,7,2,3,2,3,2,2,2,2,4,4,3,2,4,6,4,4,3,6,6,3,6,4,3,4,4,3,6,4,4,6,4,6,4,3,3,6,4,5,6,4,5,6,4,4,4,4,2,7,4,4,4,4,3,6,4,3,3,6,4,3,4,1,2
R_6TYoVH89k8cnIPp,1,1,1,1,1,1,1,1,1,1,1,1,7,7,7,7,7,7,7,7,7,7,7,7,7,7,7,7,7,7,7,7,7,7,7,7,4,3,3,5,7,1,4,3,2,3,7,1,7,7,7,7,7,7,1,1,1,1,1,1,1,1,1,1,1,1,1,1,1,1,1,1,7,7,6,7,3,7,7,6,6,7,4,7,2,7,1,3,3,1,4,6,7,4,1,7,6,7,3,4,1,7,5,6,1,6,1,1,1,3,3,2,1,1,1,1,1,1,1,1,1,1,2,1,2,1,3,4,5,3,1,5,4,4,4,2,1,3,2,1,1,1,4,1,2,2,3,2,2,3,2,1,2,2,1,2,2,2,2,2,1,2,1,3,3,2,4,1,2,2,1
R_5hEHBpJrTVmTkUZ,5,6,6,7,6,6,7,7,7,7,6,6,7,6,7,7,7,7,6,6,6,5,5,5,6,6,7,6,6,6,7,6,7,7,7,6,4,5,6,6,6,6,6,6,6,6,6,6,7,6,7,7,7,7,2,3,2,3,2,2,3,4,3,3,3,2,3,3,3,3,4,3,4,4,3,3,2,3,4,3,3,3,4,4,2,4,1,1,1,1,6,4,5,3,3,5,4,3,4,5,4,5,3,3,2,2,2,3,4,4,3,4,4,4,2,2,3,1,2,2,3,2,4,4,1,4,5,1,2,3,2,3,3,1,2,1,2,4,2,1,2,2,2,2,3,3,3,3,3,4,2,2,2,2,3,3,2,2,2,3,2,3,2,5,5,2,3,1,1,1,2
R_7aiaQLsSDWwVbnr,6,4,3,4,7,7,1,2,1,1,4,1,7,1,7,7,7,7,7,7,6,7,5,5,7,7,6,7,6,6,6,6,6,6,5,5,6,3,4,5,3,3,5,6,6,6,5,4,7,6,7,6,6,3,3,4,5,4,3,4,2,2,2,3,4,2,4,3,4,3,5,3,5,4,3,3,6,7,7,6,6,7,2,6,2,4,2,2,5,1,6,4,5,4,6,6,5,4,5,4,4,6,4,4,7,5,2,3,4,1,2,1,5,3,1,1,2,1,3,1,6,6,1,3,4,7,2,5,1,3,5,3,1,2,2,2,4,1,4,4,4,2,4,7,2,1,3,3,4,3,1,1,1,1,3,4,2,1,3,2,2,5,2,5,4,4,7,6,5,4,2
R_1UbmBH5iy015PQx,2,4,3,3,4,2,2,2,4,2,5,3,6,3,5,6,5,6,6,6,5,5,5,5,6,5,6,6,6,7,6,6,6,6,6,6,3,6,4,5,6,3,4,4,4,4,7,6,6,4,6,6,6,7,2,2,1,2,3,1,3,2,2,2,3,2,4,3,4,4,4,4,3,2,3,2,3,2,2,2,2,2,3,2,4,3,3,3,2,3,5,6,5,5,2,6,5,5,6,5,2,6,3,4,2,3,2,2,3,2,3,2,3,1,2,2,2,2,2,1,2,2,3,2,2,3,4,4,3,5,4,4,4,5,5,5,2,5,2,2,2,2,1,3,3,3,3,5,4,4,3,5,5,5,3,3,4,4,3,3,4,3,4,5,5,4,5,2,3,2,2
R_3E9YeD7HxhKgfZc,1,2,3,1,1,2,1,2,2,1,1,2,7,7,7,7,3,7,7,6,4,4,7,7,7,6,7,7,5,5,3,7,5,5,4,5,2,6,5,6,6,2,1,4,4,1,4,5,7,7,7,7,6,7,1,1,1,1,6,5,1,1,1,1,2,7,3,5,3,5,2,5,5,5,7,7,6,7,7,7,7,7,5,7,1,1,1,1,6,1,2,3,7,1,3,7,2,7,7,2,5,7,4,1,7,2,1,6,2,2,6,5,3,4,1,2,2,1,1,3,7,7,7,7,7,7,6,5,2,2,1,1,2,2,2,1,5,2,6,6,6,6,7,5,4,3,6,2,1,2,2,1,1,2,7,2,5,7,7,7,7,7,7,6,5,1,7,2,2,2,2
R_5OlDCjLYcPdZBRJ,2,6,5,4,6,2,2,6,5,2,3,6,7,3,7,7,4,7,6,7,5,6,5,7,6,6,6,5,7,7,7,7,7,7,7,7,3,6,5,5,7,3,2,4,3,4,5,3,7,5,7,7,7,7,1,2,3,1,5,1,1,1,1,1,4,1,1,3,3,5,1,4,7,5,5,6,5,6,7,6,7,7,4,7,1,2,3,3,1,3,7,7,4,7,1,7,7,5,7,7,1,6,2,2,2,1,1,2,5,5,2,3,5,6,3,3,3,2,2,3,3,5,3,5,5,5,6,1,4,1,2,7,5,2,5,5,1,6,3,2,2,3,5,6,2,3,3,3,4,5,4,3,4,4,2,5,3,3,5,3,2,3,3,3,3,4,6,3,2,3,5
R_6hzBshkNYe47vIy,3,5,3,4,6,4,2,2,3,2,6,2,7,6,7,7,7,7,7,7,7,7,7,6,7,7,7,7,7,7,7,6,7,7,7,6,5,5,4,6,6,5,5,5,5,6,6,6,7,6,7,7,7,7,4,6,5,6,5,4,5,5,5,6,5,4,6,6,7,6,6,7,7,5,5,5,5,5,7,7,7,7,3,6,4,5,4,4,3,2,6,5,6,4,5,7,4,5,6,3,5,7,4,5,3,3,4,2,1,1,1,1,1,1,1,1,1,1,1,1,1,1,1,1,1,1,4,4,4,4,5,4,3,3,4,4,5,5,4,4,3,4,4,5,2,2,1,2,3,3,1,1,2,2,2,2,2,2,2,2,3,3,4,6,6,4,5,3,3,4,3
R_10uvtOlUSbRTwOt,1,3,4,4,6,2,2,2,2,2,2,1,6,3,6,5,6,5,7,7,7,7,7,7,7,7,7,7,7,7,7,7,7,7,7,7,3,3,3,5,6,3,3,3,3,3,3,3,7,6,7,6,7,6,2,3,3,3,3,3,3,2,3,3,4,3,4,4,4,4,4,4,6,6,5,3,4,6,6,6,6,5,5,6,3,3,3,3,3,3,6,6,4,4,3,7,4,7,6,5,4,6,3,3,3,3,3,5,2,2,2,2,2,2,2,2,2,2,2,2,2,2,2,2,2,2,1,1,2,3,3,1,1,1,1,1,3,1,4,3,4,4,4,4,3,3,3,3,3,3,2,2,2,2,2,2,3,3,3,3,3,3,4,5,5,5,5,1,2,2,2
R_3F3sZHg1Unlnivc,1,1,7,7,7,1,1,1,1,1,7,1,7,1,7,7,7,7,7,7,7,7,7,7,7,7,7,7,7,7,7,7,7,7,7,7,7,7,7,7,7,7,7,7,7,7,7,7,7,7,7,7,7,7,1,1,1,1,1,1,1,1,1,1,1,1,1,1,1,1,1,1,7,1,1,1,1,7,7,7,7,7,1,7,1,1,1,1,1,1,7,7,1,1,7,7,7,7,1,7,7,7,7,1,7,7,7,7,1,1,1,1,7,1,1,1,1,1,1,1,1,1,1,1,1,1,6,1,1,1,1,1,2,5,2,3,1,1,1,7,7,7,1,1,1,1,1,2,5,3,1,1,1,1,1,1,1,3,1,1,1,7,4,4,4,1,1,1,1,1,1
R_5OVDzdp7F24L9h8,6,6,4,7,5,5,6,4,3,6,5,5,7,7,7,6,5,7,7,7,7,6,7,7,7,7,7,7,7,7,7,5,7,7,7,7,5,6,5,6,4,5,6,6,6,6,6,4,6,6,6,5,5,6,4,4,4,4,4,4,4,4,5,5,4,5,5,4,4,5,5,5,1,1,1,1,1,1,1,1,1,1,1,1,1,1,1,1,1,1,7,7,7,7,1,7,7,5,7,6,4,7,3,3,3,5,3,4,4,4,4,4,4,4,4,4,4,4,4,4,4,4,4,4,4,4,1,1,1,1,1,1,1,1,1,1,1,1,1,1,1,1,1,1,4,4,4,4,4,4,4,4,4,4,4,4,4,4,4,4,4,4,3,3,3,6,6,3,6,3,3
R_5bQJ8O3Vpdrk9hv,1,1,1,1,1,1,1,1,1,1,2,2,7,2,7,7,3,7,7,7,6,7,5,6,7,7,7,7,7,7,7,7,7,7,7,6,6,5,6,6,6,6,6,7,6,6,7,4,7,7,7,7,7,5,4,4,3,5,4,3,5,5,4,5,5,3,4,6,4,3,5,3,6,5,5,5,5,5,6,6,6,6,6,6,1,6,1,1,2,2,6,6,2,5,5,6,5,6,6,5,5,6,7,5,7,7,3,7,1,1,1,1,1,1,1,1,1,1,1,1,1,1,1,1,1,4,1,1,1,2,1,2,1,1,1,1,1,1,1,1,1,1,1,6,2,2,2,3,3,3,2,2,2,2,3,3,2,2,2,2,2,4,1,2,3,2,4,2,3,4,3
R_67li3bqFNfp3BV2,2,4,3,4,4,4,1,1,2,1,3,2,6,5,6,6,5,6,5,5,5,5,2,5,5,5,5,5,3,3,5,5,6,3,3,5,5,5,5,5,4,2,5,5,5,3,5,3,7,7,7,7,3,7,1,3,1,3,1,1,3,3,3,3,3,1,3,3,3,3,3,3,6,6,6,6,6,7,5,6,6,6,6,6,3,2,2,2,3,2,4,4,1,4,4,7,4,1,1,1,1,4,4,1,7,1,4,7,1,3,3,2,3,4,2,1,2,2,2,2,6,5,6,5,5,7,4,5,2,3,4,5,1,1,2,1,2,2,6,3,5,3,6,6,4,4,4,4,4,4,3,4,3,3,4,3,5,5,5,5,5,6,3,4,4,5,7,5,4,6,5
R_75ZyS4PQlpps2Qi,2,2,3,5,6,3,2,2,2,2,3,2,5,5,5,5,5,5,7,7,6,7,7,4,7,5,7,7,7,7,7,6,7,7,7,7,3,3,3,4,2,4,3,4,4,3,3,4,2,4,4,3,3,4,4,3,4,3,2,4,3,4,4,3,3,4,4,4,4,3,3,4,3,4,4,3,3,4,3,4,4,3,3,4,4,4,4,3,3,4,6,5,5,4,4,5,3,6,3,3,2,6,3,4,5,5,3,5,2,2,2,3,2,2,2,2,2,2,2,3,2,2,2,3,2,2,2,3,2,3,3,1,3,2,3,2,3,2,3,3,3,3,2,3,2,1,2,2,2,2,1,2,1,2,2,2,2,2,2,2,3,2,1,4,2,3,3,2,2,4,2
R_3F4VDxyIbVtF3XR,2,4,1,4,7,3,1,1,1,1,1,1,7,2,7,7,7,7,7,7,7,7,7,7,7,7,7,7,7,7,7,7,7,7,7,7,4,4,4,4,4,4,4,4,4,4,4,4,4,4,4,4,4,4,2,2,2,2,2,2,2,2,2,2,2,2,2,2,2,2,2,2,1,1,1,1,1,1,1,1,1,1,1,1,1,1,1,1,1,1,6,4,1,1,1,7,2,2,1,1,4,7,2,1,1,1,2,7,1,1,1,1,4,1,1,1,1,1,1,1,1,1,1,1,1,4,1,1,1,1,3,2,1,1,1,1,3,1,1,1,1,1,1,4,4,4,4,4,4,6,4,4,4,4,4,4,4,4,4,4,4,4,1,7,7,5,5,3,2,2,4
R_3uKYztvQrhyhzY4,6,6,6,4,4,5,3,5,3,3,2,7,6,5,7,6,6,7,7,7,4,6,3,6,4,7,6,6,6,7,7,4,4,6,4,7,3,6,4,6,5,2,3,4,3,3,5,3,7,6,6,7,7,7,1,4,4,2,4,1,1,2,1,4,4,2,3,3,3,4,4,4,7,6,6,6,2,7,6,6,7,6,3,5,7,5,6,6,3,6,7,6,5,5,2,7,6,6,7,6,2,6,6,4,6,6,2,5,2,3,3,3,6,5,3,2,2,4,5,6,2,2,2,3,6,3,6,2,3,3,5,6,5,4,4,3,5,6,5,4,3,2,4,3,2,3,3,1,6,5,2,2,2,2,5,6,2,1,1,1,5,2,2,5,4,3,3,1,2,2,5
R_6f9HxZy08HsyGU2,2,6,6,4,5,3,2,2,2,2,6,2,6,3,6,6,6,7,7,7,6,6,6,6,6,7,6,6,7,7,7,6,6,6,6,6,4,5,7,4,7,3,6,5,5,5,7,3,6,5,6,6,7,6,3,3,2,2,2,2,2,3,2,2,2,2,3,2,4,3,2,4,7,3,2,3,5,7,7,7,7,7,6,7,2,5,3,4,2,3,3,4,4,3,5,7,4,6,5,3,6,7,4,3,4,3,4,7,1,1,1,1,1,1,1,1,1,1,1,1,1,1,1,1,1,5,2,2,2,2,2,2,2,2,2,2,2,2,2,2,2,2,2,5,3,2,4,3,6,4,3,3,2,3,6,2,3,2,3,2,2,5,1,3,4,2,5,1,4,1,1
R_1rMK9lh75QL0S4m,3,3,7,5,7,7,6,6,4,4,4,4,7,6,7,5,6,7,6,6,6,6,5,7,7,7,7,6,6,6,7,6,5,5,7,7,4,4,4,4,7,6,5,3,5,3,6,3,6,6,6,6,6,7,1,1,1,1,1,2,1,1,1,1,1,2,1,2,2,1,2,1,7,2,7,7,3,5,7,7,7,7,7,7,2,5,7,5,3,2,7,5,3,6,3,6,6,6,6,3,6,5,6,6,2,3,4,3,2,1,1,1,3,1,1,1,1,1,1,1,1,1,1,2,2,2,1,1,1,2,1,1,1,1,1,1,2,1,1,1,1,1,3,3,1,2,3,2,2,2,2,1,1,2,2,1,2,2,2,3,2,2,3,5,3,5,6,3,3,2,4
R_6CAcDkkU9rdRH3z,3,7,7,7,4,3,3,2,3,2,3,3,7,7,7,7,7,7,7,7,7,7,7,7,7,7,7,7,7,7,7,7,7,7,7,7,5,5,6,5,5,5,5,5,5,5,5,5,5,5,6,5,5,5,3,3,3,3,3,3,3,3,3,3,3,3,3,3,3,3,3,3,2,6,2,6,5,6,6,3,6,3,6,6,6,6,6,6,6,2,3,3,4,5,5,6,4,4,4,4,4,5,3,3,3,4,4,6,1,1,1,1,1,1,1,1,1,1,1,1,1,1,1,1,1,1,1,1,1,1,1,1,1,1,1,1,1,1,1,1,1,1,1,2,2,2,2,2,2,2,2,2,2,2,2,2,2,2,2,2,2,2,1,1,1,7,4,7,7,7,7
R_3nPCjTWuYalNAQR,6,7,6,1,6,7,1,6,1,6,4,6,7,6,7,6,7,6,7,7,7,7,7,7,7,7,7,7,7,7,7,7,7,7,7,7,3,7,7,7,7,4,7,3,7,6,7,3,7,7,7,6,6,7,1,1,1,1,1,1,1,1,1,1,1,1,1,1,1,1,1,1,6,6,7,6,6,7,6,7,7,6,7,5,2,2,2,2,2,2,7,7,7,7,7,7,7,7,7,5,7,7,7,7,6,7,7,5,1,1,1,1,1,1,1,1,1,1,1,1,1,1,1,1,1,1,1,1,1,1,3,1,1,1,1,1,1,1,3,3,3,1,1,3,6,6,6,6,5,6,5,3,6,5,3,3,2,6,6,5,2,5,5,6,7,7,6,6,6,6,5
R_1Xjp3rrrxU44C69,1,1,1,2,4,2,1,1,1,1,2,4,1,1,3,2,2,5,6,6,6,5,6,5,7,7,7,7,6,6,5,5,5,5,4,5,2,3,4,3,6,4,2,4,2,2,2,2,3,2,2,4,3,3,2,3,3,3,2,4,2,2,3,2,3,2,2,3,3,3,3,6,7,5,6,4,3,6,7,7,7,7,7,7,3,3,3,5,3,2,6,6,5,5,7,6,6,6,6,6,5,7,5,6,5,6,6,4,2,2,3,2,4,5,1,1,2,2,2,5,6,4,4,5,4,6,1,2,2,3,3,2,1,1,2,2,2,1,3,2,3,4,3,2,1,2,2,1,2,1,1,1,1,1,1,3,3,3,3,1,3,3,1,3,2,6,6,5,5,6,5
R_1glWswFIOoLEhpf,2,6,7,7,6,7,6,7,7,7,7,7,6,7,7,7,7,7,7,7,7,7,7,7,7,7,7,7,7,7,7,7,7,7,7,7,3,5,7,6,7,7,7,7,6,7,7,7,7,7,7,7,7,7,2,2,4,4,4,4,4,4,4,3,4,4,3,4,3,4,4,4,1,1,1,1,1,1,1,1,1,1,1,1,1,1,1,1,1,1,6,6,5,6,6,6,6,6,6,6,6,7,6,6,6,6,6,6,4,4,4,4,4,4,4,4,4,4,4,4,4,4,4,4,4,4,4,4,4,4,4,4,4,4,4,4,4,4,4,4,4,4,4,4,4,4,4,4,4,4,3,3,4,3,4,3,3,3,4,3,4,3,4,4,4,4,4,4,4,4,4
R_7wNPtpNq46b35P2,3,3,3,4,6,5,4,3,3,3,5,2,5,2,6,6,6,6,5,6,5,5,5,6,5,7,5,5,4,4,6,4,5,5,5,5,4,6,4,5,6,4,5,5,4,6,6,3,6,6,6,6,6,6,2,2,3,2,2,3,2,2,2,3,3,1,2,2,3,3,2,2,5,5,4,4,4,6,5,4,6,6,3,6,3,5,4,2,3,3,5,5,7,4,4,7,4,5,7,4,6,7,4,4,4,4,3,5,3,4,4,4,5,1,2,4,3,2,4,3,5,3,5,5,2,6,4,4,3,5,3,1,3,4,3,3,4,1,4,4,4,3,4,5,4,4,4,4,5,5,5,4,4,4,6,6,6,5,5,4,6,5,4,5,6,5,5,2,4,2,1
R_69QA0ZAvMqkX6V3,7,7,6,6,6,6,6,6,6,5,6,6,6,6,6,6,6,7,7,7,6,7,7,7,6,6,7,7,6,6,7,6,6,6,6,7,7,6,7,7,7,6,6,6,6,6,7,7,6,6,6,7,7,7,6,6,6,6,7,6,6,7,7,7,6,6,6,7,6,6,7,6,2,2,2,2,2,3,2,3,2,1,2,3,1,2,2,3,2,1,4,4,5,4,5,4,3,5,3,5,5,3,5,3,4,4,4,3,5,4,6,4,5,3,6,3,5,3,6,4,3,6,5,5,5,5,2,2,6,5,4,5,4,6,3,2,4,6,5,2,6,4,3,5,4,2,3,5,5,6,2,6,5,6,6,3,3,6,4,5,6,5,7,7,7,5,6,6,6,6,7
R_7TZ7sLW41Wfdfsn,4,6,6,5,7,7,5,3,4,4,5,3,7,4,6,5,7,7,7,7,6,7,7,6,7,6,7,7,6,7,7,5,7,7,7,6,3,3,4,3,2,3,3,3,4,3,3,3,3,4,4,4,3,3,2,2,3,3,2,1,3,3,2,2,3,1,2,3,3,3,2,4,5,2,2,1,2,3,5,4,4,5,4,4,1,1,1,1,3,1,3,3,4,4,5,3,3,3,3,3,3,5,3,3,5,4,5,4,5,4,5,6,6,5,5,4,6,4,4,6,4,5,6,4,4,5,7,7,7,7,7,7,6,7,7,6,6,7,6,7,7,7,6,7,4,4,5,5,5,5,5,4,4,5,5,6,5,5,4,4,4,4,2,5,6,6,6,1,4,1,3
R_5awMQtZCS46GK1O,5,6,5,3,6,4,2,4,2,2,6,3,6,5,6,5,6,6,6,6,5,5,5,5,6,6,6,6,7,7,6,7,6,4,6,5,4,5,6,5,6,3,3,4,3,3,3,3,6,5,6,6,6,6,4,2,3,6,5,1,3,4,5,2,3,2,4,3,4,3,5,5,5,3,4,4,2,5,6,6,6,6,5,7,3,4,4,3,3,6,5,6,6,4,4,7,5,2,6,3,2,6,3,3,3,3,2,6,4,5,5,6,6,6,2,3,3,2,3,3,3,2,3,2,4,6,3,4,4,2,1,5,3,2,4,3,5,2,3,4,5,4,2,6,3,3,5,4,5,5,3,2,4,5,3,4,3,2,3,4,2,4,3,3,4,3,3,2,4,3,2
R_7lMkVZj8gpmu8If,5,6,6,7,5,5,6,7,6,6,6,2,7,6,7,7,7,7,7,7,6,7,7,6,7,7,7,7,7,7,7,7,7,7,7,5,5,6,6,7,7,5,7,7,7,7,7,6,7,6,7,7,7,7,1,3,3,2,2,2,3,3,3,3,2,2,3,2,2,3,3,3,7,6,5,5,5,7,7,7,7,7,7,7,6,6,5,5,5,6,4,3,2,3,4,5,3,3,3,3,3,4,2,3,3,3,2,2,5,3,2,4,2,5,4,2,3,1,2,3,3,2,3,3,3,3,2,3,3,4,3,2,3,3,2,3,4,2,5,3,5,5,4,6,2,2,3,3,2,3,2,2,2,2,2,2,2,2,2,2,2,3,1,3,2,3,6,1,2,1,1
R_6J3nQaZf9A2CHep,2,3,2,2,3,2,2,2,2,2,2,3,7,2,7,3,3,4,7,7,7,7,7,7,7,7,7,7,7,7,7,7,7,7,7,7,5,5,5,5,5,5,5,5,5,5,5,5,5,5,5,5,5,5,2,2,2,2,2,2,2,2,2,2,2,2,2,2,2,2,2,2,7,7,7,7,7,7,7,7,7,7,7,7,7,7,7,7,7,7,4,4,4,4,3,4,4,3,4,3,4,4,4,4,3,4,5,3,1,1,1,1,1,1,1,1,1,1,1,1,1,1,1,1,1,1,2,2,2,2,2,2,2,2,2,2,2,2,2,2,2,2,2,2,1,1,1,1,1,1,1,1,1,1,1,1,1,1,1,1,1,1,1,1,1,2,2,2,2,2,2
R_3HIAFBZc6fKLXp4,5,5,3,4,5,2,3,5,2,1,5,2,5,5,7,7,5,7,5,5,4,5,5,4,5,5,7,4,5,5,5,5,6,5,4,6,6,3,3,3,3,3,4,3,3,3,5,4,4,3,3,4,7,3,1,2,2,2,2,2,2,3,2,2,2,2,2,3,2,2,2,3,3,4,5,4,4,4,4,3,4,4,5,4,4,5,5,3,3,3,6,5,6,6,5,5,5,5,5,4,6,5,5,5,5,5,5,5,3,2,3,3,2,3,3,2,2,2,2,2,2,3,2,2,2,2,2,2,3,3,3,3,2,3,3,3,2,2,3,3,2,2,3,3,4,4,3,4,5,5,4,4,5,4,4,4,4,4,4,5,5,5,2,4,4,5,5,5,5,6,3
R_3uyMiK0xjJVTIwT,3,7,4,6,6,6,3,5,4,4,4,4,7,6,7,7,6,7,7,7,6,7,6,6,6,6,6,6,7,7,7,7,7,7,7,7,6,6,7,4,5,4,4,6,6,4,6,3,7,4,7,7,7,7,1,1,1,1,2,1,1,1,1,1,1,1,2,1,2,2,1,2,7,6,2,6,7,6,6,7,6,6,6,7,1,3,1,1,2,1,6,3,2,6,2,6,6,6,6,6,2,6,2,6,2,3,1,1,1,1,1,1,1,1,1,1,1,1,1,1,1,1,1,1,1,1,2,2,4,3,3,5,1,1,3,3,3,4,1,2,1,1,1,4,2,2,2,2,4,2,2,1,2,2,1,3,1,2,1,1,1,2,2,2,2,5,7,1,2,1,2
R_3G0v8fMHAMsiTXM,7,7,7,7,7,7,7,7,7,6,7,5,7,7,7,7,7,7,7,7,7,7,7,7,7,7,7,7,7,7,7,7,7,7,7,7,6,6,5,7,7,7,5,6,6,6,7,6,7,7,7,7,7,7,2,2,2,2,2,2,2,2,2,2,2,2,2,2,2,2,2,2,5,1,6,1,1,1,6,6,6,6,2,6,1,1,1,1,1,1,5,3,3,3,3,3,3,4,5,3,3,5,3,3,3,3,3,3,1,1,1,1,1,1,1,1,1,1,1,1,1,1,1,1,1,1,5,3,3,5,5,5,3,3,3,3,3,3,5,5,5,5,5,5,5,4,4,4,5,4,4,4,4,4,2,4,4,4,4,4,4,4,3,5,5,3,7,1,3,1,1
R_13vGnqatn392Sw6,4,2,4,4,3,2,6,4,6,6,3,5,2,5,2,2,4,2,6,6,6,6,6,6,6,6,5,5,6,6,4,5,4,4,4,5,7,7,6,7,7,7,6,7,7,7,7,4,7,5,7,7,7,6,4,5,3,3,3,3,4,4,4,4,4,2,3,3,5,4,3,5,3,3,3,3,3,3,4,5,5,5,3,3,3,3,3,5,5,2,3,3,5,3,4,3,3,5,5,2,5,5,3,5,5,3,2,3,1,1,1,1,1,1,2,1,1,1,2,1,1,1,1,1,1,5,2,2,2,2,1,2,2,2,2,1,2,2,2,2,2,2,2,5,2,2,4,3,2,2,2,2,2,2,2,6,3,2,2,3,3,5,2,2,3,1,1,1,1,1,1
R_3NyYCJzhJsgp5KJ,2,6,5,5,1,2,1,5,2,2,6,1,6,6,7,6,6,7,7,5,6,6,6,7,6,6,3,7,6,7,4,4,5,5,6,5,3,6,5,6,7,2,5,3,4,6,6,2,7,7,7,7,7,7,1,1,1,2,2,2,1,3,3,1,4,2,1,2,1,1,2,2,5,3,7,4,3,7,6,6,6,6,2,7,2,2,2,4,2,2,2,3,5,4,4,3,2,5,6,5,4,7,3,2,4,3,3,3,6,5,7,4,6,2,4,2,2,1,2,2,6,5,6,6,6,6,2,2,6,4,4,1,2,1,2,3,1,1,4,6,6,5,5,5,2,3,3,3,2,3,4,1,2,3,4,3,1,2,2,2,2,2,3,3,3,5,5,4,4,3,2
R_7Vsvu8zqXGUlpAD,6,6,4,2,6,7,4,4,2,4,2,4,6,6,7,4,4,6,6,6,6,6,6,6,6,7,6,6,5,5,6,6,5,6,6,5,5,6,6,5,6,4,6,7,7,7,7,4,6,6,7,6,7,7,7,6,7,6,6,6,7,6,6,6,6,6,7,6,6,6,6,6,7,5,7,5,5,7,7,7,7,7,5,6,6,4,5,4,4,2,6,6,6,2,7,6,5,6,6,4,5,6,6,7,5,2,5,2,1,1,2,1,1,1,1,2,1,2,1,1,1,1,2,1,1,1,4,3,3,6,5,4,4,4,4,6,5,1,4,4,4,6,5,7,1,1,3,1,2,1,1,1,2,1,1,1,2,3,2,1,1,3,4,5,6,3,6,4,4,3,2
R_77qxIA261lhflzp,5,7,3,5,7,7,1,1,3,1,4,1,7,1,7,7,7,7,7,7,7,7,7,7,7,7,7,7,7,7,7,7,7,7,7,7,4,7,3,7,7,3,1,3,3,1,7,1,7,2,7,7,7,7,1,1,1,1,1,1,1,1,1,1,1,1,1,1,1,1,1,1,1,1,7,1,1,1,7,7,7,7,1,7,1,1,1,1,1,1,7,7,7,7,7,7,7,7,7,7,7,7,7,7,7,7,7,7,4,7,1,7,7,6,1,4,1,1,7,7,7,7,5,1,7,7,1,1,1,1,6,2,3,1,4,1,1,3,1,1,1,1,1,7,5,4,4,3,4,4,4,3,4,4,4,4,4,4,4,4,4,4,4,7,7,5,7,1,1,1,1
R_5MXsG9UfhZBra5w,2,7,7,7,7,2,7,7,7,7,7,7,7,4,7,7,7,7,7,7,7,7,7,7,7,7,7,7,7,7,7,7,7,7,7,7,3,3,7,5,7,3,3,6,6,3,6,3,6,7,6,6,7,7,3,6,7,6,7,3,7,6,6,6,6,6,6,6,6,7,6,7,6,6,7,6,7,6,6,1,6,6,1,6,6,1,7,1,6,6,5,1,1,1,1,5,1,1,1,1,1,4,1,1,4,1,1,1,1,1,1,1,1,1,1,1,1,1,1,1,1,1,1,1,1,1,1,1,1,1,1,1,1,1,1,1,1,1,1,1,1,1,1,1,1,1,1,1,1,1,1,1,1,1,1,1,1,1,1,1,1,1,1,6,6,1,7,1,1,1,1
R_1LSUYzKcMEpqy8o,1,7,7,4,7,4,1,4,2,1,7,1,7,5,7,7,7,7,5,6,4,3,4,4,4,6,3,5,7,7,7,5,7,7,7,5,3,6,7,4,7,1,2,4,4,2,5,1,7,6,7,6,7,7,1,1,1,1,1,1,1,1,1,1,1,1,1,1,1,1,1,1,7,7,1,7,7,7,7,7,7,7,7,7,1,7,1,4,1,1,7,4,7,7,7,7,7,5,7,7,4,7,7,7,7,7,7,4,4,1,7,4,4,4,1,1,1,1,1,1,1,1,1,4,1,7,1,1,4,4,4,1,1,1,1,1,1,4,1,1,1,1,1,7,6,4,7,4,4,6,4,4,4,4,4,6,4,4,2,1,2,6,2,7,7,1,7,1,1,1,1
R_7ttiBU0mmK27rnK,1,4,3,4,3,1,1,1,1,1,4,1,4,4,4,4,4,7,7,7,7,7,7,7,7,7,7,7,7,7,7,7,7,7,7,7,3,3,3,3,4,3,3,3,3,3,4,4,4,4,4,4,4,6,1,1,1,1,1,1,1,1,1,1,1,1,1,1,1,1,1,1,7,6,6,6,6,7,7,7,7,7,5,7,4,4,4,4,4,3,7,7,7,7,7,7,7,7,7,7,7,7,5,4,7,5,6,1,2,2,2,2,2,2,2,2,2,2,2,2,2,2,2,2,2,2,1,1,1,1,4,1,1,1,1,1,1,1,1,1,4,1,1,3,3,3,3,3,3,3,3,3,3,3,3,3,3,3,3,3,3,3,4,5,5,6,7,4,5,1,2
R_7GZg4hByjwtYujY,2,4,3,5,4,4,2,2,3,2,4,2,6,2,6,6,6,6,7,7,7,7,7,7,7,7,7,7,7,7,7,7,7,7,7,7,2,2,2,4,5,2,4,2,2,5,6,3,6,4,6,6,6,6,2,2,2,2,2,2,2,2,2,2,2,2,2,2,2,2,2,2,2,2,2,2,2,2,1,2,2,2,2,2,2,2,2,2,2,2,7,6,6,3,3,7,4,4,6,4,4,7,2,3,2,2,3,2,3,3,2,3,2,3,2,2,2,2,2,2,3,2,3,2,3,2,6,5,5,4,6,6,4,2,5,3,5,5,4,4,4,4,4,5,2,2,2,2,2,2,2,2,2,2,2,2,2,2,2,2,2,2,1,4,2,4,6,3,5,5,2
R_5R95FPXE6REF5O0,2,5,6,2,6,4,1,3,3,1,4,1,5,3,5,6,4,7,7,7,7,7,7,7,7,7,7,7,7,7,7,7,7,7,7,7,2,7,6,7,7,3,5,3,5,7,7,1,7,6,7,7,7,7,2,2,2,2,2,2,2,2,2,2,2,2,2,2,2,2,2,2,7,2,2,6,4,4,7,7,4,7,3,7,2,4,2,2,4,1,3,1,3,1,1,6,2,1,2,1,1,7,2,1,2,1,1,4,1,1,1,1,7,1,1,1,1,1,1,1,2,2,2,2,2,7,1,1,1,1,1,1,1,1,1,1,1,1,1,1,1,1,1,1,2,2,2,2,2,2,2,2,2,2,2,2,2,2,2,2,2,2,2,6,3,7,6,2,2,2,2
R_6Pd5lEqXWKzDoS7,5,4,2,2,3,5,4,4,2,3,2,4,1,5,2,1,2,1,4,4,5,4,4,4,3,3,3,3,4,4,4,3,4,3,5,5,3,2,2,3,3,3,1,1,2,1,2,2,2,3,1,2,3,1,3,2,3,2,3,2,2,1,1,1,2,3,2,2,2,3,3,1,4,1,4,1,4,2,2,2,3,4,4,5,3,3,3,1,2,1,6,5,4,7,4,7,4,5,3,3,2,4,3,5,3,6,5,3,2,2,2,1,3,3,2,2,1,2,1,4,1,1,1,3,2,4,3,3,4,4,5,3,2,4,2,2,4,4,4,4,5,5,5,5,5,5,3,5,4,6,4,4,4,4,5,4,6,5,6,6,5,6,2,2,4,6,6,1,4,2,1
R_1952x4hOAtGDH4T,3,5,3,5,3,2,1,2,2,1,4,4,6,3,6,6,5,6,7,7,7,7,7,7,7,7,7,7,7,7,7,7,7,7,7,7,5,4,4,6,3,4,4,5,4,4,4,2,6,5,7,7,7,6,2,3,3,4,1,3,2,3,3,2,3,2,3,4,4,4,4,4,3,3,6,5,7,6,7,6,7,6,4,7,3,6,3,3,3,4,5,5,4,4,7,6,5,5,4,4,4,6,4,3,3,3,5,3,1,1,1,1,3,2,1,1,1,2,1,3,1,1,1,1,1,1,6,5,2,3,5,3,3,4,4,3,4,6,5,4,3,3,3,4,1,1,2,2,4,2,3,1,2,3,2,4,2,1,1,2,3,1,1,2,2,5,6,3,3,5,3
R_55tO9fGRO5hbpTv,6,6,6,6,5,6,5,6,6,4,6,6,7,5,7,7,7,7,7,7,7,7,7,7,7,7,7,7,7,7,7,7,7,7,7,7,4,4,7,5,4,3,4,6,6,6,6,3,7,7,7,7,7,7,2,2,2,2,2,2,2,2,2,2,3,2,3,3,3,3,3,3,7,7,2,7,7,7,7,7,7,7,5,7,3,5,3,2,2,1,7,6,1,4,6,6,6,4,6,4,4,7,2,2,2,3,1,1,1,1,1,1,1,1,1,1,1,1,1,1,1,1,1,1,1,1,1,5,6,6,2,5,2,5,3,2,6,2,6,5,6,7,7,7,4,4,4,4,4,4,4,4,4,4,4,4,4,4,4,4,4,4,1,5,6,5,5,1,2,1,1
R_68NZHMrLwg91g7J,4,4,5,4,6,4,4,4,4,4,4,4,7,4,7,7,7,7,7,7,7,7,7,7,7,7,7,7,7,7,7,7,7,7,7,7,6,7,7,7,7,6,6,7,5,7,7,5,7,5,7,7,7,7,3,3,3,3,3,3,3,3,3,3,3,3,3,3,3,3,3,3,6,5,5,5,5,6,5,5,5,5,5,5,5,5,5,5,5,5,4,4,4,4,4,4,4,4,4,4,4,4,4,4,4,4,4,4,1,1,1,1,1,1,1,1,1,1,1,1,1,1,1,1,1,1,1,1,1,1,1,1,1,1,1,1,1,1,1,1,1,1,1,1,6,6,6,6,6,6,6,6,6,6,6,6,6,6,6,6,6,6,2,3,3,6,6,5,5,5,4
R_1wahmYAfk67hcgR,1,2,1,6,5,1,1,1,1,1,2,1,7,3,7,4,4,7,4,7,5,6,3,5,6,6,7,6,7,5,5,7,5,7,7,3,5,5,6,6,3,2,6,6,7,6,4,5,5,7,7,7,7,3,3,6,5,5,3,2,6,6,6,6,5,3,7,7,5,5,7,2,4,6,4,6,4,7,6,6,6,7,5,7,7,6,4,6,3,7,4,2,5,3,6,7,2,3,7,2,2,7,3,5,5,3,3,7,4,1,1,1,3,4,1,1,1,1,1,3,1,1,2,1,2,5,5,2,2,1,7,5,1,1,2,1,1,3,3,1,4,1,1,7,4,2,2,2,4,4,1,1,1,1,1,1,3,2,3,1,1,4,1,2,2,2,6,1,6,4,1
R_62ONTTGzwlqFt9Y,1,2,2,3,3,2,2,1,1,1,1,1,6,2,7,7,4,7,7,7,7,7,7,7,7,7,7,7,6,7,7,7,7,7,7,7,4,4,5,4,5,5,4,5,5,4,4,4,3,4,5,5,5,4,5,3,4,4,4,5,5,5,4,4,4,4,4,4,4,4,4,4,4,4,3,4,3,4,5,4,5,3,5,6,4,5,4,4,5,3,4,4,5,2,4,5,2,5,4,3,4,5,3,3,4,5,3,4,4,4,4,4,4,5,4,4,1,4,5,3,4,4,3,2,5,4,4,2,3,4,4,6,4,5,5,4,5,5,4,5,5,5,2,4,5,1,3,4,5,4,4,4,4,4,4,5,4,4,3,5,2,4,4,4,4,2,3,5,4,3,4
R_5rpGe7HIO5bwIvz,4,5,3,6,5,5,4,5,3,3,3,4,7,4,7,7,7,7,7,6,4,6,6,5,7,7,6,6,5,7,6,7,6,7,6,6,7,6,6,7,7,7,7,4,4,6,7,7,7,7,7,7,7,7,1,2,1,2,3,2,2,1,1,1,1,2,2,1,1,4,2,2,4,4,1,2,6,4,6,5,6,7,6,2,4,6,2,3,2,2,4,3,3,2,3,7,5,7,4,3,5,6,6,3,5,5,4,7,7,7,6,6,6,6,3,5,4,2,3,3,6,4,5,3,5,7,4,1,1,7,6,6,2,1,1,6,3,4,4,1,3,3,1,7,4,3,2,6,5,5,2,1,1,2,2,5,2,2,4,2,2,5,2,6,3,4,6,6,2,3,4
R_1njVCeF4p0GlGI9,1,2,5,5,6,2,2,2,2,2,2,6,2,2,2,3,2,6,2,6,2,2,2,2,5,5,3,6,3,3,3,3,2,4,5,2,2,2,3,2,3,2,3,3,3,3,3,2,3,2,2,3,3,1,1,1,2,2,1,1,2,2,2,2,2,1,2,2,2,1,2,1,2,2,3,2,1,2,2,2,2,3,3,2,2,3,2,2,3,3,7,7,7,6,7,6,6,7,7,7,6,7,6,7,7,6,6,6,1,2,6,2,2,2,2,6,2,2,2,4,2,2,2,2,2,2,6,5,5,6,6,4,7,5,6,6,6,6,6,6,6,6,6,5,5,7,6,6,7,6,6,6,5,6,6,6,6,6,5,6,6,6,3,5,6,4,4,4,4,4,3
R_1eX5Z76sOHWe7iB,2,5,6,7,5,6,1,4,1,1,3,1,6,3,7,7,7,7,7,7,7,7,7,7,7,7,7,7,7,7,7,7,7,7,7,7,7,7,7,7,7,7,7,7,7,7,7,7,7,7,7,7,7,7,5,5,7,3,3,5,3,4,2,3,3,5,5,6,7,5,6,4,7,5,3,5,4,6,7,7,7,7,7,7,4,5,1,1,4,1,1,4,2,1,3,5,1,3,4,3,4,7,1,1,1,3,1,5,1,1,1,3,4,4,1,1,1,1,1,1,3,3,2,4,3,4,1,4,4,4,4,1,1,2,1,1,1,1,4,4,2,4,4,4,3,3,3,4,4,3,3,3,3,4,4,4,3,4,3,4,4,5,4,5,7,6,6,2,1,1,4
R_5Spoo4QRhGJCvOB,3,7,7,6,2,3,3,2,4,3,6,1,7,3,7,7,6,7,6,5,7,7,5,6,6,7,7,6,5,5,5,7,6,6,6,4,6,6,7,6,4,2,7,6,6,7,6,3,7,6,7,5,7,7,4,5,4,6,3,4,5,6,6,6,6,4,5,5,7,5,6,6,6,4,2,5,7,4,6,7,6,5,2,5,1,5,1,1,1,1,6,5,3,4,6,7,3,3,5,3,5,7,4,3,4,5,2,3,5,5,2,5,5,6,2,3,4,2,3,4,4,4,7,5,5,7,4,1,1,2,5,5,1,1,1,1,1,2,2,1,2,1,2,5,4,3,2,3,5,6,2,3,2,2,3,5,4,3,3,4,2,6,2,4,4,5,5,4,2,4,2
R_55KGTITKNV8mjTd,1,2,1,2,4,2,1,1,1,1,1,1,2,2,2,2,2,4,7,7,7,7,6,7,7,7,6,6,7,7,7,7,7,7,7,7,4,6,6,6,6,2,5,4,4,5,4,2,6,6,6,6,7,6,5,5,5,5,5,5,5,5,5,5,5,5,5,5,5,5,6,6,7,7,7,7,7,7,7,7,7,7,7,7,7,7,7,7,7,7,3,4,4,4,4,6,4,4,4,5,3,5,4,3,4,4,3,5,1,1,1,1,1,1,1,1,1,1,1,1,1,1,1,1,1,1,2,2,2,2,2,3,3,3,3,3,3,3,3,2,3,1,1,1,6,6,6,6,6,6,6,6,6,6,6,6,6,6,6,6,6,6,1,3,2,2,4,2,3,1,4
R_5ir43cPYsk7pRYv,1,7,3,6,7,3,1,2,1,2,1,1,7,7,7,7,6,7,5,7,5,5,7,6,6,7,6,5,7,7,6,7,7,7,7,5,3,7,6,7,7,3,4,4,7,5,4,7,7,7,7,7,7,7,3,3,2,2,3,1,2,3,4,2,1,3,1,4,3,3,4,3,7,4,7,4,3,6,7,7,5,7,6,5,3,5,4,3,4,1,7,4,4,1,1,7,1,6,6,1,7,6,2,4,1,2,1,4,1,1,3,4,2,1,1,1,1,1,1,1,3,2,4,3,2,3,4,3,5,4,5,6,6,5,5,6,2,3,5,4,3,2,2,4,4,5,5,4,4,6,4,5,6,5,3,6,6,4,4,4,3,4,2,4,5,3,7,1,4,1,2
R_7ec5o3wZpdKVC37,1,1,1,1,1,1,1,1,1,1,1,1,7,7,7,7,7,7,7,7,7,7,7,7,7,7,7,7,7,7,7,7,7,7,7,7,5,3,5,5,5,5,5,5,6,5,4,4,5,4,4,5,4,5,4,3,5,3,4,5,4,4,5,4,5,5,4,3,4,3,4,5,4,3,4,4,3,3,4,4,4,3,4,3,4,4,4,4,3,4,4,5,4,4,4,5,5,4,5,4,4,5,5,4,5,3,5,4,5,3,5,4,3,4,4,3,3,5,6,4,4,5,4,3,5,5,4,4,5,3,5,6,4,4,3,3,4,5,5,3,5,4,3,4,6,4,5,6,5,6,5,5,5,5,4,5,5,6,4,5,6,3,3,1,3,4,4,3,2,3,3
R_62NgDlRJH3csV3P,4,6,7,4,7,7,2,4,2,3,4,4,7,7,7,7,7,7,7,7,6,6,6,6,6,7,6,6,7,7,7,7,7,6,7,6,6,7,6,6,6,6,5,6,5,5,7,5,7,7,7,7,7,6,2,2,3,2,3,2,2,2,2,2,4,2,4,4,4,4,4,2,1,1,1,1,1,1,1,1,1,1,1,1,1,1,1,1,1,1,6,6,6,6,4,7,6,6,7,6,1,7,2,2,1,1,1,4,1,1,1,1,1,1,1,1,1,1,1,1,1,1,1,1,1,1,2,2,2,2,2,1,2,1,1,2,1,2,1,2,1,1,1,1,2,2,2,2,2,3,2,2,3,3,1,2,1,1,1,1,1,2,1,2,2,5,5,5,5,5,5
R_3lxChReWPjFNdcd,5,5,4,4,5,3,4,5,6,3,3,3,5,5,4,5,5,6,5,3,4,4,5,4,5,4,5,5,3,2,5,5,5,5,4,5,3,2,3,1,2,2,3,3,3,2,2,3,2,2,2,2,2,3,2,1,1,1,2,1,1,1,2,1,1,2,2,2,1,1,1,1,3,5,4,4,3,5,6,5,5,5,2,3,3,7,4,4,2,3,3,4,2,5,2,5,5,5,6,5,2,5,2,5,2,2,2,4,2,2,2,2,2,2,2,2,2,2,2,2,2,2,2,2,2,2,6,4,5,3,4,2,2,2,2,2,5,2,5,2,5,5,4,3,4,4,4,4,4,4,4,4,4,4,4,4,4,4,4,4,4,4,2,4,4,5,5,5,5,5,5
R_1g8skMFesPcBxCe,5,7,5,7,7,4,1,1,1,1,6,1,2,1,5,3,6,2,7,7,7,7,7,7,7,7,7,7,7,7,7,7,7,7,7,7,2,7,7,6,7,1,3,1,4,7,6,2,3,3,6,7,7,7,1,1,1,1,1,1,1,1,1,1,1,1,1,1,1,1,1,1,6,6,4,4,1,7,1,7,7,7,1,1,3,1,2,1,1,7,7,2,6,2,5,7,7,3,2,2,7,7,3,3,1,6,2,2,1,1,1,1,1,1,1,1,1,1,1,1,1,1,1,1,1,1,1,1,1,1,1,1,1,1,1,1,1,1,1,1,1,1,1,1,1,1,1,1,3,4,1,1,1,1,1,4,1,1,1,1,1,1,2,5,5,5,7,1,2,1,3
R_3k0AyT7GwPQU4i5,1,3,3,6,7,2,5,1,2,1,1,1,7,5,7,7,7,7,7,7,7,7,3,7,7,7,7,7,7,7,7,6,6,7,7,7,3,3,5,5,7,5,3,3,3,3,2,3,7,7,7,7,7,7,2,2,2,2,2,2,2,2,2,2,2,2,2,2,2,2,2,2,7,5,6,7,1,7,7,7,7,7,7,7,1,5,1,1,1,1,4,3,6,5,6,7,3,6,7,4,6,6,3,3,7,6,3,3,1,1,1,1,7,5,1,1,1,1,1,1,6,1,6,6,7,7,7,7,3,3,5,5,4,2,4,3,2,5,1,2,1,2,2,2,5,4,4,4,5,5,4,4,4,4,4,4,5,4,4,4,4,5,3,6,6,3,6,1,1,1,4
R_6wajDDS0n8LfsRt,5,1,6,7,5,4,1,1,2,1,3,1,7,4,6,5,6,7,4,5,7,3,4,6,4,7,7,4,6,6,5,6,6,7,5,5,6,7,6,6,6,6,5,6,4,6,5,4,7,5,6,6,6,5,1,1,1,1,1,1,1,1,1,1,1,1,1,1,1,1,1,1,7,5,1,5,4,6,7,7,7,7,3,7,3,6,2,3,3,2,7,3,7,5,3,7,3,7,7,5,7,7,3,4,5,4,2,6,1,1,1,1,1,1,1,1,1,1,1,1,1,1,1,1,1,1,1,1,1,1,1,1,1,1,1,1,1,1,1,1,1,1,1,1,5,5,2,4,5,4,5,2,2,2,3,2,6,3,2,4,3,5,2,4,3,2,7,3,6,3,3
R_1O8qkWjyx8WZ626,6,6,4,5,7,5,6,5,5,5,5,5,6,4,4,3,6,6,4,5,5,6,4,5,4,5,4,3,4,3,4,6,5,4,3,5,4,5,4,5,5,3,4,3,4,4,5,5,6,5,3,4,4,5,5,5,5,4,3,3,4,4,3,3,5,4,6,3,4,5,4,5,3,6,5,5,3,4,4,3,3,4,4,5,5,6,6,5,3,4,5,6,5,5,5,5,4,4,3,5,4,4,5,5,5,4,4,3,5,5,3,5,5,6,4,6,3,4,3,5,6,4,4,6,6,5,4,3,5,4,5,5,3,5,4,5,6,6,4,4,3,4,3,3,4,4,5,4,5,4,3,6,5,3,3,5,5,5,5,4,4,3,2,4,3,6,3,5,4,5,6
R_3wnaQzV28x7p0Gw,3,4,5,5,5,4,1,3,1,1,4,2,6,5,7,6,6,7,5,5,5,5,6,5,6,6,6,5,6,5,5,4,5,6,5,5,5,5,5,5,5,5,5,5,5,5,5,6,5,5,5,5,5,5,3,3,3,3,3,3,3,3,3,3,3,3,3,3,3,3,3,3,6,5,3,4,4,5,6,6,6,6,6,6,2,2,2,2,2,2,6,6,6,6,6,6,6,6,6,6,6,6,6,6,6,6,6,6,3,3,3,4,3,3,3,3,3,3,3,3,2,3,3,3,3,4,2,2,2,2,2,2,2,2,2,2,2,2,2,2,2,2,2,2,4,4,4,4,4,4,4,4,4,4,4,5,4,4,4,4,4,4,3,3,3,4,5,3,2,3,1
R_5hL6XsDXzkqR0sr,2,2,6,1,7,7,1,3,2,2,7,2,6,6,7,6,7,7,7,7,7,7,7,7,7,7,7,7,7,7,7,7,7,7,7,7,7,7,7,7,7,7,7,7,7,7,7,5,7,7,7,7,7,7,1,1,1,2,1,1,1,1,1,1,1,1,5,3,5,4,5,5,7,7,7,7,2,7,7,7,7,7,7,7,1,1,1,1,3,1,7,7,7,7,7,7,7,7,7,7,7,7,7,7,7,7,7,7,1,1,1,1,1,1,1,1,1,1,1,1,1,1,1,1,1,1,5,1,1,1,1,1,2,1,1,1,1,1,1,1,1,1,6,5,1,1,1,1,1,1,1,1,1,1,1,1,1,1,1,1,1,1,1,5,5,7,7,7,7,7,7
R_5EMR5Yc0R7YI94G,1,3,6,4,7,6,5,4,2,4,6,3,6,7,6,6,7,7,6,5,6,5,6,5,7,7,6,7,6,5,6,7,6,6,6,4,4,7,7,6,6,6,7,7,6,7,7,6,6,6,6,7,6,6,3,3,4,4,4,2,3,5,3,5,3,2,5,4,4,3,5,3,6,5,5,5,4,3,6,7,6,7,4,7,6,4,6,6,3,2,6,5,3,5,3,5,2,2,4,2,4,5,3,5,4,5,2,4,4,4,2,2,2,3,2,1,2,1,1,3,2,2,1,2,2,4,3,4,5,2,4,5,5,3,5,5,3,4,4,5,5,4,5,6,5,3,3,3,5,2,2,3,2,3,4,5,3,2,3,4,3,5,2,4,5,6,7,5,1,6,2
R_1rCLT30VCMXSkMC,4,5,5,5,5,3,2,5,4,2,5,3,2,4,7,6,5,7,7,4,2,4,5,4,7,6,5,7,7,7,7,2,7,4,6,3,3,4,3,6,4,6,4,4,3,3,7,3,7,3,6,6,7,5,3,5,1,3,3,1,3,4,2,3,7,1,3,2,5,2,7,4,1,2,5,2,5,1,7,4,7,4,5,5,1,7,1,1,1,1,3,4,5,4,6,7,5,4,5,5,1,7,6,3,1,2,1,7,6,5,1,1,1,1,3,2,4,5,1,1,5,6,6,5,3,6,5,2,1,2,3,3,2,3,2,2,1,3,1,2,1,2,4,7,2,3,4,5,5,5,2,3,4,4,2,6,2,5,3,3,3,5,2,5,4,3,6,3,1,1,2
R_1Po1raO98eKy7oT,3,4,4,5,5,4,3,3,3,3,4,5,6,3,6,6,5,7,6,6,7,6,5,6,6,6,6,6,7,7,5,5,5,5,5,5,4,6,6,6,4,4,5,5,5,5,6,4,6,6,6,6,6,6,3,3,2,3,2,2,3,3,3,3,3,2,3,3,3,3,3,2,6,4,6,4,6,4,6,6,6,6,6,6,2,2,2,2,2,2,7,6,6,6,6,6,6,6,6,6,6,6,6,6,6,6,6,6,1,1,1,1,1,1,1,1,1,1,1,1,1,1,1,1,1,1,2,2,4,2,3,2,2,2,3,2,2,4,4,4,4,5,4,5,4,4,4,4,4,4,4,4,4,4,4,4,4,4,4,4,4,4,3,5,4,3,3,1,1,2,1
R_79ofk6ZxOfJaZ0n,1,2,2,4,6,4,1,2,1,1,3,2,7,4,6,7,5,7,7,7,5,7,7,7,7,7,7,7,7,7,7,7,7,7,7,7,1,4,3,1,1,4,1,2,1,1,4,1,3,1,4,1,1,1,2,1,2,1,1,1,1,1,1,1,2,1,1,2,1,1,2,1,7,7,4,7,1,7,7,7,7,7,1,4,1,7,1,1,1,1,7,7,7,7,5,7,7,7,3,3,3,7,7,5,7,7,1,7,4,4,4,1,6,4,1,1,1,1,1,4,7,4,5,7,4,7,1,1,1,1,4,1,1,1,1,1,1,1,1,1,1,1,1,1,2,2,2,2,3,2,2,2,2,2,3,2,3,3,3,3,2,5,2,4,4,3,6,1,1,1,1
R_5KZLKMHJ0DYhoKu,4,3,4,4,6,2,2,1,3,2,2,2,6,6,6,6,5,6,5,6,4,5,5,6,5,7,6,5,7,6,7,7,7,7,7,7,4,3,2,3,3,3,3,4,4,5,7,4,5,6,6,6,6,6,3,5,4,3,3,2,3,4,3,3,7,3,6,6,6,6,6,7,7,7,7,7,4,7,7,7,7,7,7,7,5,5,3,3,5,3,7,1,4,7,7,7,1,7,7,1,1,7,7,4,7,7,1,7,4,4,4,1,2,5,1,1,1,1,1,4,3,5,5,4,4,5,1,1,1,1,2,1,1,3,1,1,1,1,3,6,4,6,6,4,3,3,4,4,5,4,2,1,1,2,1,1,3,2,3,2,2,4,1,3,3,1,3,5,1,1,1
R_5KSDjCJqe4chiS7,5,3,2,5,6,7,7,6,5,4,6,5,3,6,7,5,6,6,3,4,3,2,3,4,4,5,5,5,6,6,3,3,3,3,3,3,5,3,4,3,3,2,3,5,5,3,5,3,5,3,4,4,5,3,3,2,1,3,1,1,2,2,1,2,4,1,2,2,2,2,3,3,6,3,5,2,5,7,6,5,5,5,6,7,3,5,4,2,4,4,4,5,7,1,5,7,4,4,4,3,1,6,1,2,4,1,2,4,6,2,2,3,6,4,2,2,2,2,4,2,7,6,7,6,6,7,5,3,2,5,3,2,3,2,3,3,3,4,5,5,4,5,5,5,4,3,3,5,5,3,3,2,4,4,3,5,4,5,4,5,5,5,3,6,5,5,5,5,5,5,4
R_6WUMJ4Iv84NbfQ5,5,5,5,5,5,5,3,3,3,5,5,3,5,5,5,5,5,5,6,6,6,6,6,6,6,6,6,6,6,6,6,6,6,6,6,6,6,6,6,6,6,6,6,6,6,6,6,4,6,6,6,6,6,6,3,4,4,4,6,4,3,3,3,4,5,3,4,4,5,5,5,3,5,5,5,5,5,5,5,5,5,5,5,5,5,5,5,5,5,5,4,2,2,2,2,5,4,3,3,2,2,5,3,2,2,2,2,2,2,2,2,2,2,2,2,2,2,2,3,2,2,2,2,2,2,2,4,3,4,3,4,3,3,3,3,4,3,4,4,4,3,4,4,4,2,2,2,2,2,2,2,2,2,2,2,2,2,2,2,2,2,2,1,3,3,3,5,4,3,5,5
R_638XMxeAn9imYem,4,4,3,4,4,4,5,5,5,5,5,5,4,4,4,3,4,3,3,3,3,3,3,3,4,3,3,3,3,3,3,3,3,4,5,5,3,3,3,3,3,3,3,3,3,3,2,4,3,3,4,4,3,3,5,5,5,5,5,5,5,5,5,5,5,5,5,5,5,5,5,5,4,4,5,5,4,5,5,5,5,5,5,5,5,5,5,5,5,5,5,5,5,5,5,5,5,5,5,5,5,5,5,5,5,5,5,5,2,2,2,2,2,3,2,2,3,2,2,2,2,2,2,2,4,2,5,3,5,5,5,5,4,5,5,5,5,5,4,3,5,5,5,4,2,2,2,3,3,4,2,2,3,2,2,3,2,2,2,3,3,3,3,3,3,2,2,2,2,2,2
R_17dsmweh6bDnPr5,4,4,5,5,5,6,5,5,5,3,6,4,6,4,6,3,3,5,4,2,3,5,6,5,6,5,4,4,3,3,5,5,6,4,5,3,4,5,6,3,3,5,6,5,5,3,3,4,5,4,3,5,4,6,5,5,2,5,5,4,4,5,4,6,6,3,5,3,6,5,3,4,4,5,4,5,4,5,6,3,6,3,5,5,4,5,5,6,3,5,4,5,3,4,3,2,5,4,5,4,5,5,6,3,4,3,6,5,3,3,4,5,5,5,6,6,4,5,6,5,4,4,4,3,4,3,3,6,3,4,6,5,4,3,5,4,3,5,6,4,5,6,5,5,3,6,6,5,5,5,5,4,5,3,5,6,3,3,3,4,4,5,5,4,6,6,5,3,4,5,5
R_6LRkNJ5m97eBDE5,2,4,3,4,6,5,2,2,2,2,4,2,5,3,4,4,6,7,7,7,7,7,7,7,7,7,7,7,7,7,7,7,7,7,7,7,4,4,6,5,5,4,5,5,5,5,5,3,5,5,5,5,5,4,2,2,2,2,2,2,2,2,2,2,2,2,3,2,3,2,2,3,6,4,4,4,5,4,6,5,5,5,4,6,3,5,3,3,3,3,4,4,4,5,5,6,5,5,4,4,4,5,4,4,4,5,4,4,2,2,2,2,2,2,2,2,2,2,2,2,2,2,2,2,2,2,4,2,2,4,5,6,3,2,3,2,2,4,2,2,2,2,2,4,2,2,2,2,3,4,2,2,2,2,2,2,3,2,2,2,2,4,2,5,5,6,6,1,2,1,1
R_3SpG9cTi9HXAqVm,6,6,7,7,6,7,6,6,5,5,7,3,7,6,7,7,7,7,7,7,7,7,7,7,7,7,7,7,7,7,7,7,7,7,7,7,5,6,7,7,5,4,5,7,6,5,7,4,7,6,7,7,7,7,2,2,2,2,2,2,2,2,2,2,2,2,2,2,2,2,2,2,6,5,5,5,5,5,6,5,5,6,5,6,5,5,5,5,5,5,3,5,4,3,4,3,4,4,5,5,4,5,3,3,4,3,4,3,1,1,1,1,1,1,1,1,1,1,1,1,1,1,1,1,1,1,4,3,3,3,3,4,4,3,3,3,3,3,3,3,3,3,3,3,2,3,3,3,3,3,3,3,3,3,3,3,3,3,3,3,3,3,4,5,4,6,6,6,5,6,5
R_6PYn17xvyjvLY4U,2,4,4,5,4,4,2,2,2,2,4,2,7,7,7,7,7,7,7,7,7,7,7,7,7,7,7,7,7,7,7,7,7,7,7,7,4,7,7,7,7,5,7,7,7,7,7,7,7,7,7,7,7,7,4,6,6,6,6,5,6,6,6,6,6,6,6,6,6,6,6,6,6,3,4,3,4,7,7,6,7,7,7,7,4,4,3,3,2,3,3,3,2,2,2,4,2,2,2,2,2,5,2,2,2,2,1,3,1,1,1,1,1,1,1,1,1,1,1,1,1,1,1,1,1,3,2,3,6,5,4,2,5,5,6,6,4,1,6,5,5,6,5,4,4,4,4,4,4,4,4,3,4,3,3,5,4,4,4,4,4,5,1,5,4,3,2,4,6,4,3
R_3jIamMLsgUUn2w1,4,4,3,6,3,6,1,2,1,1,5,1,6,4,6,5,5,7,4,3,5,3,2,3,6,6,6,6,3,4,4,5,4,5,3,3,5,6,6,7,6,4,3,2,2,2,6,2,3,4,4,5,4,3,1,2,4,3,2,1,2,3,1,3,5,2,4,3,3,5,3,3,3,2,2,2,2,2,5,5,5,6,3,5,4,5,4,4,4,4,6,5,3,4,6,7,5,5,6,4,3,6,4,3,3,2,4,3,6,4,2,6,5,6,2,2,2,2,1,3,2,4,4,5,5,7,3,5,2,5,5,6,3,2,2,3,5,3,6,4,2,5,4,4,6,4,3,5,6,5,3,2,4,2,2,4,3,3,3,3,3,4,2,3,2,6,6,4,4,2,2
R_3NgAbEGkVdHN4uj,5,3,3,2,3,5,3,3,3,2,2,3,3,2,3,2,3,3,1,1,1,2,1,2,1,2,1,1,1,1,1,2,1,1,1,2,2,3,3,3,2,2,2,3,2,3,3,3,3,2,3,2,3,3,3,5,3,3,3,3,3,3,4,3,3,4,4,3,4,4,4,3,3,3,3,3,3,3,3,3,3,3,3,3,3,3,3,3,3,3,6,6,5,5,5,5,6,5,5,5,4,5,5,6,3,6,3,5,3,2,2,3,3,3,3,3,2,2,3,3,2,2,2,3,3,4,3,4,3,4,4,4,4,3,3,4,3,4,3,3,4,3,3,3,1,1,2,1,1,1,2,1,1,1,2,1,1,1,1,1,2,2,2,5,2,3,4,2,3,2,2
R_3rlGVYZkQSH4wjI,3,5,5,6,6,6,3,3,3,3,5,3,3,3,5,5,6,7,6,5,6,2,3,3,5,6,6,5,3,6,4,3,5,5,5,4,2,4,6,7,6,7,6,6,5,4,6,4,6,6,6,7,7,7,3,3,3,2,2,2,2,2,3,2,3,2,3,3,3,3,3,3,7,3,2,4,5,4,7,7,7,7,5,7,5,5,6,3,3,2,4,5,6,5,6,5,5,5,5,5,6,5,6,4,5,5,6,4,3,5,4,6,6,6,4,3,4,3,3,4,3,3,3,2,3,5,2,3,2,3,3,2,2,2,2,2,5,2,4,3,4,4,4,6,5,4,3,5,5,5,5,4,4,4,4,4,4,5,4,4,3,5,5,6,6,4,5,2,5,2,2
R_6SNT7Jr4IqgDtzr,2,5,6,4,6,5,3,2,2,5,5,3,5,2,5,5,6,7,7,7,7,7,7,7,7,7,7,7,7,7,7,7,7,7,7,7,2,3,7,5,7,5,3,3,3,4,7,1,5,3,6,6,7,7,1,3,3,3,4,3,3,2,2,3,3,1,3,3,3,4,3,2,7,5,3,2,3,5,3,3,6,2,2,6,2,2,2,2,2,2,7,5,5,5,5,6,2,6,5,2,5,7,5,1,1,3,2,7,2,3,3,6,5,5,1,1,6,1,6,1,4,1,6,5,2,6,2,2,2,1,2,2,2,5,1,2,3,6,2,3,3,2,3,5,5,5,5,5,5,5,5,5,5,5,3,5,5,5,5,5,5,5,3,4,5,7,7,1,3,1,1
R_3MwI7Sdd9ZuTNDj,5,5,3,4,4,3,3,5,4,5,5,5,6,6,6,5,6,6,3,3,3,3,3,3,5,6,7,5,6,6,3,2,3,2,3,6,4,4,3,3,3,2,5,4,5,5,4,3,5,5,5,5,6,5,3,4,3,2,2,1,3,3,5,3,5,1,5,4,4,5,5,3,5,5,5,5,5,6,4,4,5,3,2,7,2,2,3,3,3,2,6,4,5,3,6,6,4,4,5,3,2,5,2,2,2,3,2,2,4,2,3,3,5,2,3,2,3,4,3,3,5,6,5,6,6,5,4,5,3,4,4,3,5,5,3,5,4,4,5,3,4,4,5,5,4,4,3,3,5,3,3,3,4,4,4,4,5,5,5,5,5,5,4,6,7,5,5,5,4,4,5
R_6nu6vNmvwYYF1kd,3,6,4,2,7,6,1,2,5,2,1,3,7,2,7,6,6,7,7,6,6,6,7,1,2,7,7,6,7,6,7,5,7,6,7,3,1,6,5,7,7,1,2,5,7,2,1,2,7,7,7,7,6,2,1,7,3,2,6,1,2,6,2,2,2,3,7,2,7,6,5,1,7,1,2,1,1,7,7,7,2,7,6,6,1,6,1,2,3,6,4,5,1,4,3,7,6,6,2,6,4,7,1,1,2,1,2,7,1,2,1,5,6,6,1,1,2,1,1,1,4,6,7,6,5,7,6,2,1,1,1,7,3,1,1,2,3,7,7,3,7,1,5,7,3,1,1,5,6,7,1,1,1,2,2,2,1,5,2,2,4,7,3,2,3,7,6,1,6,3,2
R_6SACdyYN5LQWTbM,5,7,7,7,7,3,5,5,5,6,7,2,7,7,7,7,7,7,7,7,7,7,7,7,7,7,7,7,7,7,7,7,7,7,7,7,5,7,7,6,7,5,5,6,6,5,7,4,7,7,7,7,7,7,3,3,3,3,4,2,3,4,3,3,3,1,4,4,4,3,3,3,6,7,3,6,2,5,7,7,7,7,7,7,1,1,1,1,1,1,4,2,2,4,3,7,4,4,4,3,6,7,4,2,4,5,2,6,1,1,1,1,1,1,1,1,1,1,1,1,1,1,1,1,1,1,3,3,1,1,3,1,2,1,1,1,4,2,1,1,1,1,4,4,3,4,2,4,4,4,3,2,2,3,2,3,3,3,2,2,4,4,3,4,4,1,3,1,2,1,1
R_5ErOxzPfDhPrSa0,3,5,5,5,6,6,3,1,2,1,2,1,7,4,7,7,7,7,7,7,7,7,7,7,7,7,7,7,7,7,7,7,7,7,7,7,3,5,6,4,5,4,6,4,3,3,5,3,6,5,5,5,6,6,2,3,2,2,2,3,2,3,2,2,3,2,3,3,3,3,3,4,7,4,3,2,3,4,6,6,6,5,5,6,1,5,1,1,1,1,2,3,5,3,3,4,3,4,5,3,4,6,3,3,4,4,2,6,1,1,1,1,1,1,1,1,1,1,1,1,1,1,1,1,1,1,1,3,4,3,3,1,2,2,2,2,2,3,3,2,2,1,3,3,1,2,5,3,2,3,2,2,2,2,2,3,2,2,2,2,2,3,1,5,4,2,3,1,4,1,1
R_7AsrtQZMXwq641j,6,3,4,5,2,4,5,3,3,3,3,3,4,3,5,4,5,5,6,4,5,5,5,4,4,4,1,3,4,4,4,4,4,4,7,6,6,2,5,4,4,5,5,4,5,5,4,5,4,4,4,3,3,4,4,3,4,3,3,3,5,4,4,3,5,5,5,4,4,3,4,4,4,5,2,3,3,3,4,4,5,3,4,4,6,4,5,4,5,4,3,4,4,3,3,3,4,5,5,4,3,3,4,6,4,4,3,5,3,3,3,3,5,4,4,3,4,2,3,4,5,2,3,3,4,5,4,6,3,5,4,5,4,5,4,3,5,3,4,3,5,3,5,5,7,3,5,4,3,5,4,3,5,4,3,5,5,3,4,5,2,4,2,3,2,3,3,4,4,3,5
R_1PY8D4z44OIfBHO,1,1,4,1,1,1,1,1,1,1,1,1,4,1,4,4,4,6,7,7,7,7,7,7,7,7,7,7,7,7,7,7,7,7,7,7,2,4,4,4,4,1,4,2,4,4,4,2,4,3,4,4,3,4,1,1,1,1,1,1,1,1,1,1,1,1,1,1,1,1,1,1,2,2,2,2,2,2,2,2,2,2,2,2,2,2,2,2,2,2,6,3,4,4,4,7,3,3,2,3,3,6,4,4,4,4,3,4,1,1,1,1,1,1,1,1,1,1,1,1,1,1,1,1,1,1,2,2,2,2,2,2,2,2,2,2,2,2,2,2,2,2,2,2,5,5,5,5,5,5,5,5,5,5,5,5,5,5,5,5,5,5,2,3,4,1,1,1,1,1,1
R_3JFUGttgjJ08MyG,5,5,6,5,6,4,5,6,2,3,5,3,4,6,5,2,4,3,6,3,5,6,3,6,4,5,5,4,4,4,4,3,6,3,2,3,4,2,6,3,5,5,4,5,6,5,3,3,4,3,2,4,6,4,5,6,5,6,5,4,5,5,5,4,3,4,3,5,4,3,4,4,6,4,5,6,4,5,4,6,5,3,4,4,6,6,4,3,6,6,5,5,4,3,3,5,4,3,3,4,4,5,5,3,5,3,5,6,6,5,3,5,5,7,5,5,3,6,6,6,5,5,6,3,3,5,5,2,3,3,6,3,5,5,5,4,5,6,5,5,5,5,4,7,4,5,5,3,5,5,2,4,3,3,6,3,3,2,5,5,2,3,4,5,3,3,6,5,6,5,5
R_5LgOlQznHlzrukh,1,7,6,4,3,5,1,2,1,1,6,1,7,3,7,7,7,7,6,7,6,5,5,5,6,7,6,7,6,6,6,7,6,6,5,5,6,7,7,6,7,4,6,7,7,6,7,4,7,7,7,7,6,7,1,6,4,2,1,3,2,6,2,4,2,2,1,5,1,2,1,1,7,5,2,6,6,6,7,7,7,7,4,7,2,7,1,1,1,1,7,1,1,2,6,7,7,1,1,2,2,4,7,1,1,7,2,7,7,1,1,1,1,2,3,1,1,3,1,6,4,4,1,7,6,7,6,1,1,6,7,6,1,1,1,1,1,4,7,6,4,7,7,1,6,5,5,5,6,4,3,2,4,2,5,3,6,4,5,6,6,6,2,6,5,7,7,4,1,3,6
R_5Ey1jXhmoWYQ9e1,2,6,4,4,4,6,2,2,2,2,5,2,5,2,6,6,4,6,3,5,3,5,5,4,3,3,3,3,3,4,5,5,5,6,5,5,3,5,5,3,6,3,4,3,4,3,5,4,5,5,5,6,5,6,2,2,2,2,2,2,2,2,2,2,2,2,2,2,2,2,2,2,5,5,3,4,3,4,4,5,5,5,3,5,5,4,4,4,3,4,6,4,4,4,5,6,4,3,4,4,6,6,4,4,3,4,6,6,2,2,6,2,2,6,2,2,2,2,2,2,2,2,2,2,2,5,2,2,4,2,4,4,2,2,2,2,2,2,2,2,3,2,4,4,3,4,2,4,5,4,3,2,2,2,2,2,4,4,3,3,4,4,3,5,5,4,6,4,2,2,2
R_55DcffHoOKoJCpj,1,7,4,1,7,7,1,1,3,1,5,1,7,1,7,7,7,7,7,4,2,3,3,3,5,7,5,5,4,6,5,4,5,4,3,3,4,4,6,7,7,3,3,7,6,4,7,3,5,5,7,5,6,7,1,1,1,1,1,1,1,1,1,1,1,1,1,1,1,1,1,1,5,5,7,3,7,3,7,7,7,7,1,7,4,7,4,7,1,1,4,2,4,1,4,4,1,1,7,1,1,7,1,7,4,1,3,6,5,5,7,6,5,5,4,1,5,3,3,3,4,5,4,3,5,5,4,4,7,6,4,7,2,1,4,4,1,5,4,4,3,6,5,7,3,4,5,3,4,4,1,3,5,3,1,3,4,3,4,4,3,5,7,7,4,4,6,5,1,4,5
R_7nAxhIAmCLatdEk,2,5,1,2,5,3,2,2,2,1,3,1,7,5,7,6,7,7,5,5,5,6,5,6,5,6,5,5,6,6,6,6,7,6,7,6,2,2,3,5,3,2,3,3,5,3,6,3,6,6,6,7,6,7,1,1,1,1,1,1,1,2,1,2,2,1,3,3,3,3,3,3,7,5,6,6,6,7,6,6,5,5,5,6,2,2,2,2,3,1,2,1,5,5,2,7,3,3,3,3,3,5,3,1,1,1,1,2,3,2,3,1,3,2,2,2,1,2,1,2,1,2,2,2,2,1,1,5,2,2,2,1,2,3,3,2,3,3,2,3,4,3,2,2,3,3,5,4,5,5,3,3,3,3,2,3,2,3,2,2,2,2,3,5,5,6,6,3,3,2,3
R_5f30GaWSe50WgyU,1,1,7,7,7,2,1,1,1,1,6,1,7,1,7,6,6,7,7,7,7,7,7,7,7,7,7,7,7,7,7,7,7,7,7,7,3,6,3,2,5,4,3,2,2,3,5,2,7,2,7,6,2,7,2,6,1,6,5,3,2,2,1,2,3,1,6,6,6,6,6,6,7,7,3,2,7,7,7,7,7,7,6,7,2,7,2,2,3,1,7,3,6,7,2,2,1,2,1,1,1,1,7,6,7,2,7,7,2,1,1,1,2,1,1,1,1,1,1,1,1,1,1,1,1,1,7,4,6,6,5,3,7,2,6,6,3,3,6,6,2,5,2,6,1,1,1,2,2,1,1,1,1,2,1,1,1,1,1,1,1,1,5,5,6,2,7,1,2,1,1
R_7q4CwP6txrjU6WH,4,3,4,2,4,3,3,2,2,2,2,3,3,2,3,3,4,5,5,6,6,5,5,7,5,6,7,5,6,5,6,5,6,6,7,7,6,6,7,5,4,5,5,7,6,4,5,5,6,5,6,6,6,7,3,3,4,2,1,2,2,3,2,2,3,2,2,2,3,3,4,2,5,3,2,3,4,5,7,7,7,7,4,6,4,6,4,5,2,1,3,3,4,3,5,6,5,4,6,5,2,6,5,3,5,6,2,4,4,5,5,5,5,4,2,3,4,3,2,4,4,3,4,4,5,5,5,5,2,5,4,4,2,2,2,2,3,3,5,3,5,2,2,5,4,4,2,5,5,4,5,2,4,5,2,5,4,4,4,2,2,5,4,6,7,5,5,2,2,6,2
R_6QH5yWiTL4pt0oN,6,6,6,6,6,6,6,6,6,6,6,6,6,6,6,6,6,6,6,6,3,6,6,6,6,6,6,6,6,6,6,6,6,6,6,6,6,6,6,6,6,6,6,6,6,6,6,6,6,6,6,6,6,6,2,2,2,2,2,2,2,2,2,2,2,2,2,2,2,2,2,2,4,4,4,4,4,4,4,4,4,4,4,4,4,4,4,4,4,4,2,2,2,2,2,4,2,2,2,2,2,4,2,2,6,2,2,4,2,2,2,2,5,2,2,2,2,2,2,2,5,5,5,5,5,5,3,2,2,2,5,5,2,2,3,3,2,5,2,2,2,2,3,5,4,4,4,4,4,4,4,4,4,4,4,4,4,4,4,4,4,4,3,5,4,4,5,3,5,4,3
R_1OUrpCPYKJUO71C,2,1,6,2,2,2,1,1,1,1,2,1,7,7,7,7,7,7,4,5,4,5,5,5,5,5,5,5,4,4,3,4,3,3,2,3,6,6,6,6,6,3,6,6,7,7,7,3,7,6,6,7,7,6,1,2,2,3,2,1,2,2,2,2,3,1,2,2,2,2,2,2,2,1,4,2,5,6,7,6,7,7,6,7,1,1,1,1,1,1,6,4,4,3,5,7,5,5,7,5,4,4,5,4,6,3,2,6,1,1,1,1,1,1,1,1,1,1,1,1,1,1,1,1,1,1,5,5,3,3,3,7,5,4,5,4,4,5,2,2,2,2,2,2,3,3,3,4,4,5,2,3,3,3,5,5,4,5,5,5,5,5,4,4,4,4,5,4,4,3,3
R_1DRT5x1hUiViqEO,3,7,7,7,7,5,3,3,3,5,7,3,7,1,7,7,7,7,7,7,7,7,7,7,7,7,7,7,7,7,7,7,7,7,7,7,6,6,6,6,6,4,6,6,6,6,6,6,6,6,6,6,6,6,4,5,5,4,5,4,5,5,5,5,5,5,5,5,5,5,5,5,6,1,1,1,1,5,5,7,5,5,7,5,1,7,1,1,1,1,3,1,3,1,1,7,4,4,7,6,7,5,1,1,1,3,3,3,1,1,1,1,1,1,1,1,1,1,1,1,1,1,1,1,1,1,3,4,6,6,5,6,4,4,3,4,4,3,3,3,2,4,4,5,2,2,2,2,2,3,2,2,2,2,2,3,2,2,2,2,2,2,1,3,3,4,3,2,2,2,1
R_6axZvUvUhW3T2vS,2,5,2,5,3,2,2,2,2,2,4,3,4,5,5,4,5,2,3,6,4,5,6,5,3,3,4,4,4,4,3,6,4,3,5,4,3,4,5,4,6,3,3,5,3,3,5,3,5,5,4,5,6,6,2,2,2,2,2,2,2,3,2,2,2,2,4,4,2,3,3,5,6,3,4,3,6,5,6,6,5,5,5,4,3,4,2,3,4,3,3,4,5,5,6,5,4,3,5,6,6,5,6,5,5,5,5,6,2,4,4,4,2,2,3,3,4,2,3,3,3,2,3,3,3,2,5,5,4,4,4,5,3,3,2,3,5,2,3,3,3,4,3,3,5,3,2,4,3,4,3,4,2,2,3,5,4,2,3,3,3,4,3,4,3,3,6,5,5,6,4
R_16hJCJYfMiwu1SF,5,6,7,5,3,5,2,4,3,4,5,3,4,5,7,6,6,7,7,6,7,6,7,6,7,7,7,7,7,7,7,7,7,7,7,7,3,2,3,5,4,4,4,5,5,5,4,5,5,4,3,4,2,4,2,2,2,2,2,1,2,2,2,2,3,2,2,2,2,3,2,1,6,4,1,3,4,5,7,7,7,7,3,7,2,5,2,1,1,6,1,4,1,5,3,7,5,4,5,5,1,5,1,1,1,1,1,2,6,7,5,6,5,6,4,4,4,3,6,3,3,3,3,5,6,5,2,5,4,2,7,7,3,2,3,2,2,4,4,3,4,2,3,7,2,3,2,5,2,4,3,3,2,3,3,4,2,2,2,2,2,5,2,7,5,6,7,1,1,2,1
R_52NAdQDgBYvgXuN,1,7,7,7,7,1,7,1,1,1,7,1,7,7,7,7,7,7,7,7,7,7,7,7,7,7,7,7,7,7,7,7,7,7,7,7,4,7,7,7,7,3,7,7,7,7,7,4,7,5,7,7,7,7,1,1,1,1,1,1,1,1,1,1,1,1,1,1,1,1,1,2,7,4,3,3,5,6,7,7,7,7,3,7,1,7,1,1,1,1,7,7,1,6,4,7,6,7,7,5,7,7,4,5,4,5,6,1,1,1,1,1,1,1,1,1,1,1,1,1,1,1,1,1,1,1,4,4,4,4,4,4,4,4,4,4,4,4,4,4,4,4,4,4,2,2,2,2,2,2,2,2,2,2,2,2,2,2,2,2,2,2,1,1,1,4,4,4,4,4,4
R_6HTgg93oqDQDBuP,2,5,3,3,3,2,1,1,1,1,3,1,7,3,7,4,5,7,6,6,5,6,6,6,6,6,6,6,6,6,6,6,6,6,6,6,2,5,6,4,6,3,1,2,1,3,5,3,7,4,6,6,7,7,2,3,6,2,3,4,5,4,6,6,5,4,6,5,5,6,6,3,7,6,6,5,2,7,7,7,7,7,5,7,3,5,4,4,4,2,3,3,5,3,2,3,3,4,3,3,3,5,3,2,4,5,3,5,1,1,1,1,2,1,1,1,1,1,1,1,1,1,1,1,1,2,5,5,2,6,5,4,4,2,3,3,3,2,3,2,4,3,4,6,3,3,2,3,3,2,2,2,2,2,3,2,2,2,2,2,2,3,1,2,2,7,7,1,3,4,1
R_7bq3dA4v8xQ2001,2,5,5,1,1,3,2,2,3,2,4,4,5,2,5,2,1,7,5,6,5,6,7,5,6,6,4,5,6,6,6,4,6,5,5,5,4,4,4,6,5,3,3,7,4,5,6,2,6,4,7,6,4,6,4,5,3,3,3,1,4,4,3,3,5,1,5,4,5,5,4,6,5,4,2,4,5,5,5,6,5,5,4,6,3,6,2,2,3,2,6,5,7,3,4,7,6,3,7,6,3,7,2,2,1,1,3,2,4,6,3,3,3,3,2,3,1,2,4,3,7,7,7,6,3,7,4,2,3,3,3,5,3,4,5,3,2,6,5,4,6,5,1,6,4,4,3,4,5,4,4,6,4,3,5,3,4,4,4,4,4,4,2,2,2,1,4,1,1,3,1
R_62UZE9518pK5k3d,5,5,5,5,5,5,5,5,5,5,5,5,5,5,7,6,5,7,7,7,7,7,7,7,7,7,7,7,7,7,7,7,7,7,7,7,5,5,6,5,5,5,6,6,6,5,5,5,7,5,7,6,7,6,1,2,1,1,2,2,1,2,2,1,2,1,2,1,2,2,2,2,7,4,5,5,6,6,7,7,7,7,6,7,2,7,2,3,6,1,6,2,6,2,4,7,4,3,5,4,4,5,1,6,1,1,1,4,2,2,4,4,5,4,2,5,5,2,4,5,4,2,4,3,2,7,3,4,4,4,3,5,3,3,5,4,4,3,3,3,3,4,4,7,3,4,3,4,3,3,4,3,3,3,4,4,3,3,3,3,4,5,3,4,5,1,7,1,1,1,1
R_3QMbqMvwQmIE9nk,1,7,7,7,7,7,1,1,1,1,4,1,7,1,7,7,7,7,7,7,7,7,7,7,7,7,7,7,7,7,7,7,7,7,7,7,4,4,7,7,7,1,4,7,4,4,7,4,7,7,7,7,7,7,1,1,1,1,1,1,1,1,1,1,1,1,1,1,1,1,1,1,7,7,4,7,7,7,7,7,7,7,7,7,1,7,1,4,4,1,7,4,1,1,1,7,4,4,7,7,4,7,1,7,1,1,1,1,1,4,1,4,1,1,1,1,1,1,4,1,4,1,4,4,4,1,7,7,7,7,5,7,1,7,1,1,4,1,4,1,7,7,7,4,1,7,7,4,4,7,7,4,7,7,4,7,4,4,4,4,4,4,1,1,1,7,7,4,4,1,1
R_500Ex5P1gSc6Wao,1,1,1,1,1,1,1,1,1,1,1,2,4,1,4,5,3,4,7,7,7,7,6,7,7,7,7,7,7,7,7,7,7,7,6,7,7,7,7,7,7,6,7,7,7,7,7,6,7,7,7,7,7,7,2,2,2,1,1,1,2,2,2,1,3,2,1,2,1,1,1,1,7,7,4,6,7,7,7,7,7,7,7,7,3,7,3,3,3,3,5,5,5,3,3,6,5,3,5,3,4,6,5,3,5,3,3,7,1,1,1,1,1,3,1,1,1,1,1,1,1,1,1,1,1,4,3,1,1,2,6,3,1,1,1,2,4,1,3,1,2,5,5,7,2,2,2,3,4,2,2,2,2,2,3,2,2,2,2,3,3,4,1,5,1,7,7,2,3,4,2
R_5lhugODb0QMzaXE,1,6,1,6,7,4,1,1,1,1,1,1,6,7,6,4,4,7,7,7,7,7,7,7,7,7,7,7,7,7,7,7,7,7,7,7,3,7,7,6,7,4,6,6,6,6,6,3,7,7,7,7,7,7,2,3,5,4,4,2,4,4,4,5,5,2,5,5,5,5,5,4,7,2,2,4,4,7,7,7,7,7,6,7,5,5,5,1,1,1,6,4,5,2,4,7,3,3,6,2,4,7,2,5,3,2,2,6,1,1,1,1,1,1,1,1,1,1,1,1,1,1,1,1,1,1,1,1,2,3,4,1,2,2,2,1,1,2,2,2,2,2,1,3,1,1,1,1,1,1,1,1,1,1,1,1,1,1,1,1,1,1,1,1,1,5,5,2,2,4,1
R_5DSdMgaOaJh1ypB,3,3,6,6,3,2,2,3,2,2,2,3,6,6,5,6,3,6,6,6,6,6,6,5,6,7,6,6,6,6,6,6,6,6,6,6,4,6,5,5,6,6,6,6,6,5,6,5,6,5,6,6,6,6,4,4,3,4,4,4,4,4,4,5,4,3,4,4,3,5,3,3,5,3,3,6,3,3,3,5,3,6,3,3,5,3,5,4,3,3,6,6,6,6,6,6,6,6,6,6,6,6,6,6,6,6,6,6,2,2,2,2,2,2,2,2,2,2,2,2,2,2,2,2,2,2,1,1,1,1,1,1,1,1,1,1,1,1,1,1,1,1,1,1,3,3,3,3,3,3,3,3,3,3,3,3,4,4,4,4,4,4,4,4,4,4,4,4,3,5,2
R_3Ge8lCtbYtsgZr5,2,5,3,3,7,3,2,2,2,2,2,2,5,3,7,5,4,7,6,6,6,6,6,6,6,6,6,6,6,6,6,6,6,6,6,6,4,6,4,5,7,6,5,4,4,5,4,4,7,4,7,7,5,7,2,2,2,2,2,2,2,2,2,2,2,2,2,2,2,2,2,2,6,4,4,3,2,4,7,7,7,7,3,7,2,6,2,4,4,1,6,3,4,2,2,5,3,4,5,3,3,5,2,2,2,2,2,4,2,2,2,2,2,2,2,2,2,2,2,2,2,2,2,2,2,2,4,4,3,4,4,4,3,4,4,3,4,4,4,4,4,4,4,4,4,4,4,4,4,4,4,4,4,4,4,4,4,4,4,4,4,4,4,4,5,2,6,2,3,2,2
R_1dYQBxqsJj6JQqX,1,3,6,5,7,6,1,2,2,1,2,1,7,7,7,7,7,7,7,7,7,7,7,7,7,7,7,7,7,7,7,7,7,7,7,7,7,3,4,2,7,7,3,3,2,2,4,7,7,7,7,7,7,7,5,3,6,7,7,7,1,6,2,1,2,1,7,7,7,7,7,7,6,4,3,4,1,4,7,5,7,7,5,7,1,1,1,1,1,1,3,3,2,3,1,7,1,3,2,1,1,7,1,1,1,1,1,1,7,5,6,6,7,6,1,2,1,1,2,6,2,1,6,6,7,7,1,1,1,2,1,2,1,1,2,1,1,2,1,1,2,1,1,1,1,1,1,3,1,2,1,1,1,1,1,2,1,1,1,1,2,2,1,1,1,3,7,7,7,7,2
R_3Yy4ePSt4W0Znew,3,6,3,6,7,6,2,4,2,2,7,2,6,4,6,7,5,7,7,7,6,6,6,7,7,7,7,7,7,7,7,7,7,7,5,5,4,5,6,7,7,7,4,5,7,4,7,3,7,7,7,7,7,7,3,3,4,3,3,2,3,4,3,3,3,3,4,3,4,3,3,4,6,5,4,6,4,4,6,6,7,6,6,6,3,6,3,3,3,3,3,3,3,4,3,6,3,1,2,2,5,6,5,3,5,3,2,3,1,1,3,1,2,1,1,1,1,1,1,1,1,1,1,1,1,3,4,2,6,4,5,4,3,3,3,3,1,2,2,3,2,2,2,5,2,2,2,2,3,2,2,2,2,2,2,2,3,2,2,3,2,4,3,3,4,3,5,4,2,4,2
R_86c1lcCUcVUxfa6,5,6,6,6,4,4,5,5,4,5,5,6,5,3,6,3,4,5,5,5,3,4,4,2,5,4,4,5,4,3,6,2,6,3,5,5,5,3,6,5,4,3,6,5,4,5,6,3,4,5,4,4,5,3,3,6,4,5,4,4,4,5,5,6,5,3,4,4,4,6,5,5,2,4,5,4,5,3,6,4,6,3,4,5,5,3,5,5,5,4,5,5,6,5,3,3,6,5,5,4,5,5,4,4,4,6,4,3,4,5,4,5,4,6,5,6,6,3,2,5,4,5,3,5,3,4,5,6,6,5,6,4,3,5,5,4,4,5,3,5,3,3,4,4,6,5,3,4,5,5,3,5,5,3,4,4,4,4,4,5,6,5,5,6,5,4,5,5,4,5,6
R_1RqhqKqSy1iGnTf,5,4,6,6,7,4,1,1,1,1,6,1,5,7,1,5,3,7,6,6,2,6,6,6,6,7,6,6,5,6,6,5,6,5,3,4,2,3,5,3,3,1,2,4,1,3,3,1,2,5,5,3,2,2,3,3,3,3,3,1,3,3,2,2,2,1,3,3,3,2,2,3,3,5,5,5,5,4,3,5,5,5,5,4,4,5,4,5,5,5,7,6,2,3,2,7,6,1,6,2,4,6,7,1,2,1,3,1,2,3,5,3,3,2,2,3,4,3,7,6,3,6,5,3,3,6,7,7,7,7,7,7,7,7,7,6,7,7,7,7,7,7,7,7,6,4,7,6,4,5,4,5,4,6,5,4,4,4,6,5,5,6,4,4,4,1,5,1,3,1,1
R_1maNKK4wgjyZNsJ,2,2,1,1,2,1,1,1,1,1,1,1,4,3,5,4,2,7,7,7,7,7,7,7,7,7,7,7,7,7,7,7,7,7,7,7,3,4,7,7,6,2,2,4,3,2,6,2,7,6,7,7,7,7,2,2,2,2,3,2,2,2,2,2,5,1,3,3,4,5,2,5,7,6,2,3,3,6,7,7,7,7,3,7,2,3,2,3,3,2,3,4,3,3,3,6,2,4,4,3,3,6,3,5,3,4,3,6,1,1,3,1,1,1,1,1,1,1,1,1,1,1,1,1,1,1,2,3,2,4,3,5,2,1,1,3,4,1,4,3,3,4,4,2,2,2,2,2,3,2,2,2,2,2,2,3,2,2,2,2,2,2,1,6,3,3,6,4,6,1,2
R_6MG1wv2rbLHLOOm,5,3,4,5,5,4,2,2,4,7,4,6,6,2,7,6,7,7,4,2,4,5,3,2,4,2,4,3,2,5,6,3,1,3,2,6,5,4,4,4,3,4,4,3,3,4,6,4,6,4,6,6,7,3,1,1,2,1,3,1,1,1,1,1,2,1,2,3,1,2,2,1,7,3,6,6,4,4,6,7,6,7,6,7,2,4,2,2,4,2,2,5,3,4,4,3,5,5,6,6,2,5,6,3,2,6,2,6,5,4,4,5,5,6,2,2,3,2,5,4,4,4,3,4,4,6,3,3,4,2,6,3,5,4,5,5,3,3,4,2,4,4,4,4,2,4,3,5,6,6,5,4,4,5,3,4,3,3,3,4,3,5,5,5,5,5,6,2,3,6,4
R_1IoXytDfk3CWelN,6,4,4,4,4,5,5,5,5,5,5,6,3,4,3,4,3,2,6,6,6,6,6,6,6,6,6,6,5,6,5,5,5,5,5,5,3,2,4,4,4,2,4,3,3,4,4,2,4,3,4,3,4,4,3,3,4,3,3,3,4,4,4,3,4,3,3,4,4,3,4,3,6,5,6,6,5,6,6,6,6,6,5,6,3,4,4,3,3,3,6,5,4,5,5,6,5,5,5,5,4,6,4,4,3,5,3,5,4,3,2,3,3,3,2,3,2,2,3,3,4,3,3,4,4,5,3,3,3,2,3,4,3,3,3,3,3,3,3,2,4,2,3,4,3,3,3,3,3,3,3,3,3,3,3,3,4,3,3,4,4,4,1,3,3,3,4,3,3,5,3
R_6dfhML9tvbvayqZ,4,4,4,6,3,3,4,3,4,4,4,2,6,4,6,7,5,7,6,7,5,6,5,4,5,6,7,7,6,7,7,7,7,7,6,7,4,5,4,7,5,2,2,2,2,3,7,1,7,5,7,7,4,7,1,1,1,1,1,1,1,1,1,1,1,1,1,2,1,1,1,2,7,7,7,5,7,7,7,7,7,7,7,7,2,7,4,1,3,1,4,5,4,4,4,7,5,4,6,4,6,7,3,3,4,1,2,2,1,1,1,1,1,1,1,1,1,1,1,1,1,1,3,3,1,5,3,3,4,4,3,3,4,4,1,3,3,5,3,5,5,5,1,3,1,1,1,1,1,1,2,1,1,1,1,2,1,1,1,1,1,1,2,5,4,4,6,2,2,4,2
R_7x8GClfvXpyekXD,2,6,5,5,1,5,2,3,2,2,4,1,7,2,7,7,6,7,6,6,4,6,5,7,7,7,6,7,7,5,4,7,6,7,6,5,4,6,4,3,5,2,6,5,5,6,6,3,5,7,5,6,7,2,3,5,3,4,3,5,4,4,2,3,3,2,5,7,6,4,6,3,3,2,1,1,2,5,7,5,7,6,6,7,2,4,2,1,3,2,5,3,4,2,6,7,5,4,5,4,6,6,3,2,2,3,1,6,2,1,4,2,4,2,1,1,1,1,1,1,3,1,3,2,1,4,1,2,3,4,5,2,2,1,2,2,1,4,5,1,4,1,2,6,2,2,4,2,4,2,2,1,1,1,1,2,2,1,1,2,1,3,2,2,3,4,4,5,3,1,2
R_5fwJO6yqfsmwwKS,3,3,2,3,4,3,4,4,3,4,5,5,6,4,3,6,5,6,5,6,5,3,2,5,5,5,6,5,6,6,5,6,5,5,5,5,4,3,3,5,4,2,5,4,3,4,5,2,4,3,5,3,5,2,2,3,4,3,3,2,2,3,2,4,5,2,5,2,4,4,5,2,4,5,4,6,6,7,4,5,5,5,4,7,5,3,5,3,5,6,5,5,4,4,2,6,4,6,4,3,4,6,3,4,5,3,5,5,6,6,5,5,5,6,3,5,3,5,4,5,5,5,5,3,5,5,2,2,3,2,4,2,4,3,5,3,2,6,4,4,3,5,2,2,4,4,3,5,5,5,4,3,3,3,4,7,4,3,5,3,4,6,4,4,5,6,6,5,6,6,5
R_1dQt6x8sliLGyGZ,1,1,1,1,4,4,1,1,1,1,1,1,4,1,4,4,7,4,7,4,4,7,7,7,7,3,2,7,7,7,4,1,1,4,1,1,3,4,2,4,7,4,2,3,4,2,7,3,4,1,4,5,4,4,1,4,3,7,4,4,1,2,1,4,5,1,1,4,2,7,3,3,7,7,4,5,2,7,6,7,7,7,7,7,6,4,4,4,4,6,1,1,7,1,4,2,1,2,1,3,7,1,7,1,7,7,4,7,5,3,4,1,2,1,2,2,1,5,1,4,1,3,1,1,1,2,1,1,1,1,7,1,1,1,1,1,1,1,1,7,1,7,1,7,2,4,4,5,4,4,4,3,4,4,2,4,2,3,4,2,5,7,2,4,7,6,7,1,1,1,2
R_7TYrVQNHgFJuo6Y,3,4,5,4,3,4,3,3,3,3,4,3,7,5,7,7,5,7,6,6,5,6,6,7,7,7,7,6,7,7,7,7,7,6,7,7,6,6,6,5,6,5,5,5,5,5,6,4,7,6,7,7,6,7,1,1,1,1,1,1,1,1,1,1,2,1,2,1,2,2,1,2,5,5,4,5,5,5,6,6,6,6,6,6,3,3,3,3,4,3,5,5,5,5,5,5,5,5,5,5,5,5,4,4,4,3,4,4,1,4,4,4,4,4,1,1,1,1,1,1,4,4,4,4,4,4,3,3,5,3,3,3,1,1,1,1,2,4,5,5,5,5,5,5,5,5,6,5,5,5,4,4,4,4,5,4,4,5,4,4,4,5,2,6,4,6,6,3,3,2,2
R_7xtlqfqYgFIheKt,1,7,7,7,7,1,1,1,1,1,7,1,7,7,7,7,7,7,7,7,7,7,7,7,7,7,7,7,7,7,7,7,7,7,7,7,7,7,7,7,4,7,7,7,7,7,7,7,7,7,7,7,7,7,1,1,1,1,1,1,1,1,1,1,1,1,1,1,1,1,1,1,7,1,1,7,1,7,7,7,7,7,1,7,1,1,1,1,1,1,7,1,1,1,7,7,7,7,7,1,1,7,1,1,1,1,1,1,1,1,1,1,1,1,1,1,1,1,1,1,1,1,1,1,1,1,1,1,1,1,1,1,1,1,1,1,1,1,1,1,1,1,1,1,1,1,1,1,1,1,1,1,1,1,1,1,1,1,1,1,1,1,1,4,5,3,4,1,2,1,1
R_1ieYsLF8eFd3rbX,2,5,2,4,4,5,3,3,2,2,2,2,7,7,6,6,7,7,7,7,7,7,7,7,7,7,7,7,7,7,7,7,7,7,7,7,7,7,6,6,7,6,6,6,6,6,6,6,7,7,7,7,7,7,3,2,2,3,3,3,2,4,4,3,3,4,3,2,2,3,4,3,1,1,2,2,2,5,2,2,2,2,2,1,1,1,1,1,1,1,4,3,2,2,4,5,4,2,3,2,3,3,6,3,5,2,3,3,1,1,1,1,1,1,1,1,1,1,1,1,1,1,1,1,1,1,2,3,2,3,2,2,2,2,2,2,3,2,2,2,2,2,2,3,3,3,2,3,2,2,2,2,2,2,2,2,3,2,2,2,2,2,3,5,4,5,6,5,4,2,3
R_7TFC4d3wc9zgDhU,2,5,2,4,3,3,3,3,3,2,2,2,7,7,7,7,6,6,6,5,6,6,5,6,6,6,6,6,6,6,5,6,6,5,5,6,3,6,6,5,2,3,6,5,5,5,6,3,7,7,7,7,7,4,2,5,4,4,1,2,3,3,5,4,5,2,5,5,4,4,5,2,6,2,2,3,7,5,6,6,6,6,4,6,1,2,1,1,2,1,6,2,2,2,7,7,3,3,5,3,1,7,1,2,1,1,1,3,5,3,1,3,3,6,2,2,2,2,2,1,7,6,7,7,3,7,5,2,2,2,6,6,3,5,4,3,1,6,1,1,1,1,1,2,4,1,2,2,6,4,3,1,2,2,2,4,3,1,2,2,1,4,1,3,3,2,5,2,1,1,1
R_1zScRfmdCAZhysE,1,5,4,4,6,5,1,1,1,1,4,1,3,3,3,3,6,6,6,7,6,6,6,6,6,6,6,6,7,7,7,7,7,7,7,7,7,7,7,7,7,7,6,6,7,6,7,6,7,7,7,7,7,7,2,3,2,2,2,2,2,2,2,2,4,3,3,3,3,3,4,3,7,5,4,7,4,5,7,7,7,7,1,7,2,2,2,2,2,2,3,1,1,1,1,7,1,1,1,1,1,3,1,1,1,1,1,1,1,1,1,1,1,1,1,1,1,1,1,1,1,1,1,1,1,1,1,1,1,1,1,1,1,1,1,1,1,1,1,1,1,1,1,1,3,3,4,3,5,4,3,4,3,3,3,3,3,3,3,3,3,3,2,4,3,2,6,3,2,2,3
R_6hzZUZjIlZDVIYh,6,6,5,4,6,6,3,5,6,3,5,3,6,5,6,6,6,6,5,4,6,4,3,5,6,6,5,5,5,6,4,4,5,4,4,3,6,6,6,6,4,5,6,5,4,5,5,4,6,5,6,6,5,5,4,4,4,5,3,3,3,4,3,3,4,2,5,4,5,5,4,3,5,3,5,3,6,6,6,6,5,5,3,6,3,5,3,3,4,3,3,2,2,3,2,2,3,4,3,3,2,5,2,3,2,2,3,3,3,4,3,3,4,3,2,3,3,3,3,4,3,3,3,3,3,4,4,4,3,4,4,4,3,3,3,3,4,3,5,3,4,4,4,6,3,3,3,4,5,4,3,2,2,3,3,4,3,3,3,3,3,4,5,4,4,5,4,4,4,4,5
R_7HddIm4djr9uYxc,3,3,5,6,7,4,5,2,3,7,3,4,5,6,6,7,7,7,7,7,7,7,7,7,7,7,7,7,7,7,7,7,7,7,7,7,2,4,6,4,6,3,4,5,4,4,3,3,6,5,6,7,6,7,2,3,2,3,2,2,2,2,2,2,2,2,3,3,3,3,3,3,7,5,1,4,4,7,7,7,7,5,3,7,3,4,3,1,1,1,6,3,2,3,4,6,4,5,4,2,5,7,1,1,1,1,1,1,4,3,3,4,4,4,3,4,4,3,3,4,3,3,3,3,3,3,3,2,5,4,4,1,3,3,2,5,3,2,5,5,5,5,5,5,4,4,3,4,4,4,3,3,4,3,2,3,4,4,3,3,3,4,3,4,3,6,6,5,3,5,5
R_1wGoKrzoOKPzJqt,1,7,3,7,7,1,5,3,1,5,4,1,7,1,7,7,7,7,6,7,7,5,5,7,5,7,5,7,6,7,4,4,7,6,6,4,6,7,7,7,7,5,6,6,6,7,6,4,7,6,7,7,7,7,2,5,2,3,4,2,2,2,3,4,3,2,5,2,4,5,5,5,7,3,4,3,4,7,6,7,7,5,6,7,1,5,1,1,1,1,7,7,4,7,1,7,1,7,7,1,7,7,1,7,1,1,1,1,1,1,1,1,1,1,1,1,1,1,1,1,1,1,1,1,1,4,1,4,2,3,6,2,3,2,1,4,4,1,3,2,2,4,4,3,4,2,2,4,4,4,3,2,5,2,4,4,3,2,2,2,4,4,2,4,6,1,6,1,1,1,1
R_6nd5Da8IROZDOgF,2,3,4,3,2,3,4,4,4,3,4,2,3,3,3,2,4,4,4,4,3,3,3,4,3,3,3,4,3,4,4,4,2,3,2,3,3,5,4,4,2,4,3,4,2,4,4,4,3,3,2,4,4,3,4,4,3,3,4,5,2,3,3,5,4,3,3,4,3,4,4,4,5,6,4,4,4,5,5,6,4,5,5,4,6,4,5,6,5,6,4,4,3,6,5,3,4,5,3,2,5,4,4,5,3,6,4,4,6,6,5,4,5,4,3,4,4,4,5,3,5,5,4,5,4,5,4,4,4,4,4,5,3,5,3,3,4,3,4,4,3,3,2,3,6,5,4,5,5,4,5,5,5,6,4,5,4,6,6,5,4,5,5,4,5,6,5,4,5,5,6
R_6szhCXFiJiWUmaV,3,6,6,3,3,5,3,5,5,2,6,2,4,4,4,4,6,6,6,6,7,6,6,6,7,7,7,7,7,7,5,5,5,5,5,5,7,7,7,6,7,6,7,7,7,7,7,6,7,7,7,7,7,5,1,1,2,2,3,1,1,2,2,1,2,1,1,1,2,2,2,1,7,2,2,5,7,5,6,6,7,6,3,7,6,4,4,4,2,1,5,5,2,5,1,7,5,5,5,5,3,7,2,2,2,1,1,6,1,1,1,1,1,1,1,1,1,1,1,1,1,1,1,1,1,1,1,1,1,2,2,2,1,1,1,1,1,2,1,1,1,1,2,2,3,3,4,2,2,2,2,3,3,3,4,3,4,3,4,4,4,4,2,3,3,2,5,2,2,2,2
R_5Jsi93NTEI0DAfR,2,5,7,4,6,3,4,2,2,4,2,2,6,1,7,7,7,7,6,7,5,4,5,6,6,5,6,4,3,3,6,3,7,5,4,4,4,3,2,4,5,2,3,2,2,3,2,1,5,2,1,2,4,5,1,2,2,1,2,1,2,1,1,1,1,1,1,1,2,1,1,1,2,2,1,3,2,2,3,2,4,2,1,2,1,1,1,1,1,1,7,7,6,6,4,7,6,7,6,3,5,6,5,5,4,3,4,6,1,1,2,1,1,1,1,1,1,1,2,1,2,2,2,1,2,2,1,1,1,2,5,2,2,1,2,1,5,2,1,3,1,1,4,4,2,4,3,2,4,2,1,2,2,2,6,3,3,3,2,2,6,5,1,4,7,7,7,6,7,7,6
R_1IZwnBUNKYLQwy5,2,4,6,1,4,4,1,2,2,3,3,2,2,2,1,4,4,6,7,7,7,7,7,7,7,7,7,7,7,7,7,7,7,7,7,7,3,4,4,6,4,4,4,4,4,3,4,4,4,4,5,5,5,5,1,2,2,2,2,2,2,2,2,2,2,2,3,2,3,2,2,3,7,5,4,4,4,4,6,6,6,6,5,6,3,6,5,3,3,2,6,4,3,3,3,5,3,3,5,4,3,5,2,2,3,2,2,4,1,1,1,1,1,1,1,1,1,1,1,1,1,1,1,1,1,1,4,4,4,4,4,1,6,3,4,5,5,5,6,5,5,5,3,5,4,4,3,4,5,4,3,3,4,4,4,4,3,2,2,5,3,5,4,6,6,5,6,4,4,3,4
R_6pnx4GKmVHCqv3m,5,7,6,6,6,6,6,5,6,5,6,4,7,5,7,7,7,7,6,7,7,7,5,7,7,6,7,5,6,6,5,4,5,6,7,4,5,7,7,7,6,5,7,6,7,6,7,3,6,6,6,7,7,5,2,3,3,3,3,3,3,3,3,3,4,1,3,2,2,3,4,2,7,3,3,1,7,4,7,6,6,7,3,7,6,7,6,2,1,1,4,1,2,3,1,6,2,3,2,2,5,7,4,5,4,6,1,3,4,3,2,3,3,4,2,2,2,2,3,6,2,2,3,2,2,6,5,2,1,5,4,5,4,2,1,4,2,7,5,3,2,3,2,6,3,3,1,4,5,4,2,1,1,2,3,6,4,4,4,2,1,6,2,7,6,5,5,2,1,4,1
R_5fqExJSjfqujTdU,1,7,6,5,6,2,2,5,2,3,7,1,7,4,7,7,7,5,6,6,6,6,6,6,7,7,6,6,7,7,6,7,6,7,7,4,5,7,7,7,6,6,6,7,7,6,7,4,6,7,6,7,7,3,5,7,7,6,6,5,6,6,7,7,6,5,6,6,5,6,7,4,7,4,1,2,5,6,6,5,6,6,2,7,1,4,1,1,1,4,5,3,1,3,2,6,3,1,2,2,1,6,2,1,6,4,1,5,2,2,1,1,2,2,1,1,2,1,1,1,2,2,2,2,2,3,3,2,1,2,4,3,1,1,1,2,1,4,2,1,2,2,1,6,3,3,1,3,2,2,2,1,1,2,1,2,3,2,3,2,1,5,2,4,2,5,5,4,5,4,4
R_7hGeMvleIqomTqJ,1,1,1,1,1,1,1,1,1,1,2,1,7,1,7,4,7,7,6,6,6,7,7,7,6,6,7,6,6,6,6,6,7,6,7,6,4,7,5,6,7,7,5,7,7,7,7,4,7,5,5,7,7,7,1,1,1,1,1,1,1,1,1,1,1,1,1,1,1,1,1,1,7,7,7,7,7,5,7,7,7,7,6,7,1,5,1,5,2,1,7,5,5,4,5,7,7,7,7,3,5,7,3,5,2,2,5,4,1,1,2,1,1,1,2,1,2,1,2,2,1,2,1,1,1,1,2,1,2,2,4,2,2,4,6,2,4,5,2,2,2,4,4,6,2,2,3,2,3,2,3,2,4,2,2,4,1,2,1,2,1,2,2,4,3,2,7,2,2,1,3
R_1MMvrNwIxOBaLu6,4,4,5,4,4,4,5,5,5,5,4,6,2,2,2,3,3,2,4,3,4,4,4,4,3,3,3,3,4,4,3,3,3,2,3,3,6,5,6,5,5,4,5,5,6,5,6,4,5,6,6,5,5,5,5,4,4,5,6,5,6,5,5,6,6,4,6,6,6,6,6,6,4,4,4,4,4,4,5,5,5,5,3,5,2,2,2,2,2,2,5,5,4,3,4,5,3,4,5,3,3,6,2,3,3,3,3,3,3,3,2,3,3,3,2,3,4,2,2,3,4,2,2,2,2,2,4,4,2,2,3,3,3,4,2,3,3,5,3,3,2,3,2,2,4,4,3,4,4,5,3,3,4,3,4,5,3,3,3,3,3,4,4,4,4,4,5,1,2,2,2
R_707hR3T40PSQY13,3,3,3,4,3,5,1,2,2,1,2,1,7,1,6,2,7,7,7,7,7,7,7,7,7,7,7,7,7,7,7,7,7,7,7,7,6,6,7,6,5,6,7,7,7,7,6,6,7,7,7,7,7,7,3,3,3,3,2,3,3,3,2,3,2,3,3,3,3,3,3,2,1,1,1,1,3,5,1,1,1,1,1,1,1,1,1,1,1,1,7,3,4,3,6,7,3,3,5,4,6,3,4,5,5,3,6,2,5,5,5,4,6,4,4,3,4,5,5,5,5,5,5,4,6,4,1,1,1,1,1,1,1,1,1,1,1,1,1,1,1,1,1,1,2,2,3,2,2,2,2,5,2,4,4,4,1,2,1,2,3,2,2,4,2,6,5,5,5,1,1
R_7qw3xv4FzfPP8yZ,2,4,4,4,6,4,3,4,3,2,5,3,6,4,6,7,7,7,6,5,5,5,5,6,6,6,7,7,7,7,6,6,6,6,7,7,6,5,5,6,6,5,5,5,6,5,6,5,6,5,6,7,6,7,3,4,3,3,4,3,3,4,3,3,4,3,4,4,4,4,4,4,6,5,7,4,5,6,7,7,7,7,4,7,4,5,4,4,5,1,4,2,2,1,3,5,4,2,3,2,3,4,7,2,7,5,2,5,4,5,3,4,4,5,4,2,2,2,2,2,2,2,2,2,2,4,1,2,3,3,3,2,2,1,2,2,3,1,1,1,1,1,2,4,2,4,2,4,4,3,2,2,2,2,2,2,2,2,2,2,2,2,3,3,3,2,4,2,2,2,2
R_3GexEZFyiYU4WbZ,2,3,1,2,6,3,1,1,1,1,4,2,6,2,5,6,6,7,6,5,5,4,6,4,6,5,6,5,6,6,6,5,6,6,6,5,5,4,3,6,7,3,4,3,3,3,5,3,6,4,7,6,7,7,1,1,1,1,1,1,1,1,1,1,1,1,1,1,1,1,1,1,6,4,7,6,5,5,6,6,7,7,4,7,2,7,2,3,1,1,3,2,2,2,2,4,2,2,4,2,2,3,2,2,2,2,2,2,3,3,3,6,3,3,3,3,3,2,5,3,4,3,6,5,6,7,3,3,3,2,2,2,2,2,3,2,3,2,2,2,2,2,2,2,7,7,7,7,7,7,7,7,6,7,7,7,7,7,7,7,7,7,5,6,6,1,1,1,1,1,1
R_7Ok0yJxWVZlDrJl,1,1,4,4,1,4,1,1,1,1,1,7,1,1,1,1,7,7,6,4,6,4,6,5,7,5,7,7,7,7,5,6,7,5,5,6,3,2,6,4,6,2,3,2,1,3,5,3,3,5,5,5,4,3,1,1,1,1,1,1,1,1,1,1,1,1,1,1,1,1,1,1,7,7,7,7,7,7,7,7,7,7,4,7,2,7,7,3,2,1,7,7,7,7,7,7,7,7,7,7,4,7,7,7,5,4,7,7,7,7,7,7,7,7,7,7,7,7,7,7,7,7,7,7,7,7,7,7,7,7,7,7,7,7,7,7,7,7,7,7,7,7,7,7,5,3,7,3,5,4,7,7,6,7,4,6,5,4,7,2,7,3,4,5,4,5,6,2,4,5,1
R_3MgSozxRy0QDhcJ,6,7,6,6,7,6,5,5,5,5,6,5,7,6,7,6,7,7,4,5,5,5,4,4,6,6,5,6,5,5,5,4,5,5,4,4,4,6,6,6,6,4,4,4,4,4,5,4,7,4,7,7,6,7,1,1,1,1,1,1,1,1,1,1,1,1,1,1,1,1,1,2,6,4,4,4,5,5,7,7,7,7,5,7,3,6,2,2,5,2,7,6,6,5,7,7,7,7,6,7,6,7,6,7,6,6,4,4,2,3,2,3,3,3,2,1,1,1,1,2,3,6,6,3,3,7,2,2,3,2,2,2,2,2,2,2,2,2,2,2,2,2,2,2,5,5,5,5,5,5,5,5,5,5,5,5,5,5,5,5,5,5,5,5,5,3,6,3,4,1,2
R_5hQqh7S6dlE70Ne,2,2,2,2,2,2,2,2,2,2,2,2,7,7,7,7,7,7,7,7,7,7,7,7,7,7,7,7,7,7,7,7,7,7,7,7,5,5,5,5,5,5,5,5,5,5,7,5,7,7,7,7,7,7,1,1,1,1,1,1,1,1,1,1,1,1,1,1,1,1,1,1,7,7,7,7,7,7,7,7,7,7,7,7,7,7,7,7,7,7,2,2,3,2,2,3,2,2,3,2,2,3,2,2,2,2,2,3,1,1,1,1,1,1,1,1,1,1,1,1,1,1,1,1,1,1,1,1,1,1,1,1,1,1,1,1,1,1,1,1,1,1,1,1,4,4,3,4,4,4,4,4,3,4,4,4,3,3,3,3,3,3,2,5,4,7,7,7,7,7,5
R_11vxMqkZjO8BMsu,3,6,7,5,6,3,4,5,3,5,5,3,7,4,7,7,7,7,7,7,7,7,7,7,7,7,7,7,7,7,7,7,7,7,7,7,2,4,5,7,3,3,4,2,3,3,7,3,7,5,7,7,7,7,2,2,3,3,2,2,3,3,2,3,3,2,3,3,3,3,3,3,6,6,1,3,5,7,6,7,6,6,4,7,1,7,1,2,3,1,2,5,5,3,3,5,2,3,3,3,5,5,3,2,4,5,2,4,1,1,1,1,1,1,1,1,1,1,1,1,1,1,1,1,1,1,4,2,2,1,1,5,1,4,2,1,1,1,1,1,1,1,1,1,5,5,5,5,5,3,5,4,4,5,5,6,5,5,5,5,5,5,2,6,5,7,7,1,2,1,2
R_1dv3SWLlVFlSUPV,1,4,4,3,1,3,2,2,2,1,3,2,4,1,5,3,4,5,5,4,3,6,3,2,5,6,3,5,5,6,5,5,4,6,6,3,4,3,2,4,3,2,5,5,4,3,5,2,4,3,2,4,5,5,3,3,3,3,2,2,5,3,2,3,5,1,2,3,3,3,4,2,6,4,4,5,6,6,5,6,6,5,5,6,4,5,3,4,3,3,4,5,5,3,5,6,5,3,5,4,3,6,4,4,6,3,2,6,5,4,4,2,5,6,3,4,5,4,3,4,3,2,6,3,3,5,4,5,6,5,6,6,5,4,6,3,3,5,4,4,4,3,3,5,5,6,4,5,4,6,4,3,5,4,5,4,3,5,5,4,4,5,3,5,5,6,5,4,3,5,6
R_5uCfuwFesmGiLaH,3,6,4,5,3,6,2,2,2,2,4,2,7,7,7,7,7,7,5,6,4,6,6,5,4,4,5,4,5,4,5,5,5,4,4,4,5,7,7,7,5,6,4,5,5,6,7,5,7,6,7,6,7,7,3,5,5,4,3,4,4,4,4,4,4,3,6,3,5,4,5,5,5,4,3,2,5,5,6,6,6,6,4,7,1,6,1,2,1,1,6,4,3,5,5,5,4,4,6,4,5,6,5,4,5,5,5,5,2,2,4,2,2,2,3,3,3,3,3,2,3,4,2,3,2,2,5,4,3,4,5,4,3,5,5,5,4,6,3,5,3,5,4,3,2,3,3,3,4,2,3,4,5,3,2,4,3,3,3,2,3,3,5,5,6,2,4,1,1,1,1
R_1C3EaVm2lb14u9r,3,7,5,7,4,1,4,4,3,4,7,4,7,6,7,7,7,7,7,7,7,7,7,7,7,7,7,7,7,7,7,7,7,7,7,7,2,4,3,6,7,2,3,1,1,3,4,3,7,6,7,7,6,7,2,2,3,2,4,2,6,5,2,3,4,2,5,5,4,2,4,2,6,5,6,3,2,7,6,6,6,6,2,6,2,4,2,2,2,1,2,5,4,1,1,7,4,2,3,1,1,5,2,1,2,1,1,6,5,6,3,4,1,7,4,3,2,4,2,5,2,5,4,4,2,6,7,5,5,6,1,7,3,2,5,3,2,6,2,5,5,2,2,7,4,5,4,6,4,4,5,3,5,4,4,5,5,4,5,4,4,6,4,6,6,4,4,1,2,1,1
R_62wf09TX2mX3lXr,1,6,3,3,7,6,1,1,1,2,2,2,6,6,7,7,7,7,4,7,7,5,4,4,6,7,7,7,6,7,5,7,6,7,7,7,2,6,3,2,6,2,6,2,2,5,5,2,6,2,2,6,7,3,1,2,1,1,2,1,1,1,1,2,1,1,2,1,1,1,3,2,7,6,3,7,5,2,7,7,6,6,7,7,2,3,2,1,3,1,6,3,5,6,6,7,6,1,6,6,2,7,7,3,7,5,2,6,5,4,3,5,4,6,2,2,2,2,2,5,6,2,5,5,5,6,5,5,6,6,2,6,6,3,2,3,4,2,1,2,5,4,2,2,6,5,2,6,3,6,2,2,2,2,3,5,6,5,5,5,2,3,5,4,5,2,4,3,1,2,1
R_6YyyYLG0TwL2Yfm,2,3,3,3,2,3,2,2,1,1,2,1,3,1,3,1,2,5,6,7,7,6,6,5,7,7,6,7,6,6,6,5,5,6,6,6,4,6,7,6,6,4,6,6,6,5,7,3,6,6,6,7,7,7,1,4,2,1,3,1,3,2,5,3,3,1,2,1,3,5,5,5,7,6,6,3,3,6,7,7,7,7,4,7,2,7,1,1,3,1,6,3,1,3,5,7,3,7,6,5,2,7,2,4,2,4,2,1,2,2,1,2,3,3,1,2,2,1,1,2,2,1,1,2,1,2,2,1,2,2,4,4,1,1,1,1,1,3,1,1,1,1,1,2,2,2,2,2,3,3,2,2,1,1,2,3,2,2,2,2,2,3,2,3,3,4,5,2,3,1,1
R_7uJ6Q2xGSl0oDQt,3,3,1,4,2,3,1,1,1,1,2,1,7,7,7,7,7,7,7,6,5,6,5,6,7,7,7,7,7,7,7,7,7,7,7,7,6,6,7,6,6,5,7,7,7,7,7,6,7,7,7,7,7,7,1,2,3,2,1,1,1,3,3,1,1,1,2,2,2,2,2,1,7,4,6,4,6,5,7,7,7,7,7,7,1,2,1,2,2,1,3,2,4,4,3,6,2,5,3,3,3,4,2,4,2,2,2,3,1,1,1,1,1,1,1,1,1,1,1,1,1,1,1,1,1,1,2,4,3,2,3,2,1,1,2,3,3,1,4,2,2,3,3,3,2,2,3,3,2,1,2,1,1,2,2,1,2,2,2,3,2,2,1,1,2,4,6,5,5,5,4
R_6jD1QGZkmcVm5xR,4,5,3,5,6,5,6,4,4,3,5,5,5,6,3,4,3,4,4,4,6,6,4,4,6,5,3,5,4,5,6,5,3,5,3,5,4,3,5,6,5,5,4,5,5,3,4,3,4,4,6,6,5,5,4,3,6,3,5,3,5,4,6,4,4,5,5,5,4,5,3,6,4,5,5,5,4,5,5,5,6,6,6,5,3,6,4,6,4,3,3,3,5,5,3,6,6,4,5,3,6,5,4,5,4,3,4,6,6,6,5,3,5,4,4,3,5,5,6,4,6,3,4,5,3,5,5,5,6,3,3,3,6,3,5,6,3,5,6,4,5,2,5,5,5,3,4,3,5,5,5,4,3,3,6,5,4,6,4,3,6,6,6,4,5,5,5,5,4,6,4
R_5Ci6QCRMBOWyFup,5,5,5,5,7,5,5,5,5,5,7,5,7,6,7,5,7,7,7,7,7,7,7,6,7,7,7,7,7,7,7,7,7,7,7,6,6,6,6,6,6,6,6,6,6,6,7,5,7,7,7,6,6,7,2,2,2,2,2,2,2,2,1,2,2,1,2,2,2,2,2,2,1,1,1,1,1,1,1,1,1,1,1,1,1,1,1,1,1,1,4,2,3,2,3,4,3,3,3,2,3,4,4,2,4,3,3,4,1,1,1,1,2,1,1,1,1,1,1,1,1,1,1,1,1,3,1,1,1,1,1,1,1,1,1,1,1,1,1,1,1,1,1,1,3,3,3,3,3,3,3,3,3,3,3,3,3,3,3,3,3,3,3,5,6,4,6,1,1,1,1
R_7I5dbJnyrAM5Vvj,1,7,3,5,4,4,3,4,2,5,2,5,2,2,2,4,7,7,7,7,7,7,7,7,7,7,7,7,7,7,7,7,7,7,7,7,7,6,7,7,7,6,7,6,5,6,7,7,7,7,5,7,7,5,4,4,5,4,5,5,4,5,4,4,4,4,5,5,5,5,5,4,7,1,1,1,7,2,7,7,3,5,1,7,3,7,1,4,1,1,1,1,1,1,1,1,1,1,1,1,1,1,1,1,1,1,1,1,1,1,1,1,1,1,1,1,1,1,1,1,1,1,1,1,1,1,1,1,1,1,1,1,1,1,1,1,1,1,2,1,1,1,1,3,4,4,4,4,4,4,4,4,4,4,4,4,4,4,4,4,4,4,1,2,2,2,3,2,1,1,1
R_6VvpR3zkKm1lhWp,3,4,6,2,3,3,3,3,2,2,6,2,6,2,5,5,6,6,3,3,4,5,6,3,5,3,3,5,6,5,3,2,3,4,2,4,4,6,2,5,5,5,4,3,5,4,6,4,5,5,6,5,6,6,4,3,2,4,5,4,4,4,3,5,5,5,5,2,4,4,6,5,5,4,5,4,6,5,5,5,6,4,6,6,1,1,1,3,5,1,4,5,4,4,4,4,5,4,3,5,3,3,2,3,6,5,4,5,4,5,3,6,2,1,5,4,2,4,3,5,7,5,6,4,2,6,3,2,4,2,4,2,5,3,3,3,5,5,3,6,3,5,6,4,5,2,3,6,4,3,3,3,4,2,3,5,5,6,4,3,3,5,2,3,4,4,5,5,5,4,4
R_3LXtzRcSRuNNl8S,7,7,7,1,7,7,1,1,1,1,1,1,7,7,7,1,7,7,7,7,7,7,7,7,7,7,7,7,7,7,7,7,7,7,7,7,4,7,3,7,6,7,3,4,4,4,4,4,7,7,7,7,7,7,1,1,1,1,1,1,1,1,1,1,1,1,1,1,1,1,1,1,7,7,6,6,6,7,7,6,6,7,7,7,6,4,3,6,4,6,7,7,7,7,7,7,7,7,7,7,7,7,7,7,7,7,7,7,1,1,1,1,1,1,1,1,1,1,1,1,1,1,1,1,1,1,6,6,1,3,4,1,2,2,4,2,1,1,3,1,1,1,2,2,1,1,1,1,1,1,1,1,1,1,1,1,1,1,1,1,1,1,1,1,1,6,6,2,5,4,2
R_3DiGl2Yye7VIcYr,1,5,3,5,3,2,3,2,2,1,2,1,6,4,6,5,5,7,7,7,7,7,7,7,7,7,7,7,7,7,7,7,7,7,7,5,3,4,4,5,4,3,1,3,2,1,2,2,3,2,6,5,4,4,1,1,1,1,1,1,1,1,1,1,1,1,1,1,1,1,1,1,5,6,5,7,6,7,7,7,7,7,7,7,4,7,5,5,7,2,7,5,5,6,5,5,7,3,4,4,6,4,5,7,4,5,4,7,5,5,2,5,4,5,1,1,1,1,4,1,4,5,4,5,4,5,2,5,5,6,6,5,5,4,6,5,5,4,6,4,5,5,4,5,4,5,3,5,5,2,3,1,1,4,2,1,4,5,4,4,3,5,5,4,5,1,7,1,2,1,1
R_7kRLLRlljE8lARR,2,7,2,7,6,6,2,3,3,3,7,2,7,3,7,7,6,7,7,7,5,7,7,7,7,7,7,7,7,6,7,7,7,7,5,7,4,3,3,3,4,3,4,3,3,3,3,2,4,4,4,4,3,4,4,3,2,3,4,3,4,3,3,4,4,3,3,3,4,4,4,3,4,3,5,4,3,2,6,6,3,6,4,5,2,2,2,2,5,2,3,6,6,5,5,5,6,3,6,5,4,6,3,5,6,5,3,5,1,1,1,1,1,1,1,1,1,1,1,1,1,1,1,1,1,1,2,2,2,3,5,2,3,3,2,2,2,2,4,2,3,3,4,3,3,3,3,2,3,2,2,2,3,3,2,2,3,3,3,2,3,3,2,5,6,2,3,2,5,5,4
R_7Ceiyxu3RwxZCW5,2,5,3,5,6,3,1,1,1,1,4,1,7,7,7,7,7,7,7,7,7,7,7,7,7,7,7,7,7,7,7,7,7,7,7,7,6,6,6,6,6,3,7,6,6,6,7,3,7,7,7,7,7,7,2,3,3,2,2,1,2,3,3,2,3,2,3,4,4,4,4,4,7,6,5,4,5,6,7,7,7,7,3,7,2,2,1,1,1,1,2,2,1,1,2,7,4,3,3,4,1,7,1,2,1,1,1,1,1,1,1,1,1,4,1,1,1,1,1,1,2,2,2,2,2,6,2,3,2,2,3,5,2,1,1,2,1,2,2,1,2,2,3,5,2,2,2,2,3,4,2,2,2,2,2,3,2,2,2,2,2,3,2,2,2,2,4,2,2,2,1
R_5qPQuJ4pKXtNk00,1,1,1,1,7,1,1,1,1,1,1,1,7,7,7,7,7,7,7,1,7,1,1,1,7,7,7,7,7,7,1,7,1,1,1,1,1,1,1,1,7,1,1,1,1,1,1,1,7,7,7,7,7,7,1,1,1,1,1,1,1,1,1,1,1,1,7,1,7,7,1,7,7,1,7,7,1,7,7,7,7,7,7,7,1,7,1,1,1,1,7,7,7,7,7,7,7,7,7,7,7,7,7,7,7,7,7,7,1,7,7,7,7,1,1,1,1,1,1,1,1,7,1,1,1,7,1,1,1,1,1,1,1,1,1,1,1,1,1,1,1,1,1,1,1,7,7,7,7,1,1,1,1,1,1,1,1,7,1,1,1,7,7,7,7,7,7,7,7,7,7
R_1T4kTBVJ7TWkF6p,3,2,1,3,7,7,7,3,1,1,7,1,7,7,7,7,7,7,6,4,5,2,1,3,7,2,5,3,5,6,2,3,6,5,2,5,2,2,7,2,7,7,2,7,7,2,7,7,7,7,7,7,7,7,1,1,1,1,1,1,1,1,1,1,1,1,1,1,1,1,1,1,7,7,1,7,1,1,7,7,7,7,7,7,1,7,4,7,1,1,6,6,1,6,2,7,6,2,7,7,6,2,2,2,6,1,4,3,6,1,7,7,7,7,7,1,3,1,7,1,2,7,5,6,5,6,1,1,7,7,7,7,1,1,1,7,7,7,1,1,7,7,7,7,3,4,4,7,7,4,4,2,1,4,4,3,5,4,5,5,5,7,7,7,7,7,7,2,7,7,1
R_3ClddPSDPxSUy40,5,5,5,5,5,5,5,5,5,5,5,5,5,5,5,5,5,5,6,6,6,6,6,6,6,6,6,6,6,6,6,6,6,6,6,6,6,6,6,6,6,6,6,6,6,6,6,6,6,6,6,6,6,6,1,1,1,1,1,1,1,1,1,1,1,1,1,1,1,1,1,1,6,6,6,6,6,6,6,6,6,6,6,6,6,6,6,6,6,6,7,7,7,7,7,7,7,7,7,7,7,7,7,7,7,7,7,7,1,1,1,1,1,1,1,1,1,1,1,1,1,1,1,1,1,1,1,1,1,1,1,1,1,1,1,1,1,1,1,1,1,1,1,1,1,1,1,1,1,1,1,1,1,1,1,1,1,1,1,1,1,1,1,1,4,4,5,5,5,6,5
R_3K3WLkTEZgFB31J,2,2,2,2,2,2,2,2,2,2,2,2,2,2,2,2,6,7,7,7,7,7,7,7,7,7,7,7,7,7,7,7,7,7,7,7,7,7,7,7,7,7,7,7,7,7,7,7,7,7,7,7,7,7,1,1,1,1,1,1,1,1,1,1,1,1,1,1,1,1,1,1,7,7,7,7,7,7,7,7,7,7,6,7,6,6,6,6,6,6,7,7,7,7,7,7,7,7,7,7,7,7,7,7,7,7,7,7,2,2,2,2,2,2,2,2,2,2,2,2,1,1,1,1,1,1,1,1,1,1,1,1,1,1,1,1,1,1,1,1,1,1,1,1,2,3,3,3,3,3,2,2,2,2,2,2,2,2,2,2,2,2,2,4,5,2,6,4,4,5,5
R_7LCnYZmCMlZ1rv9,3,5,6,4,7,4,4,4,4,3,4,3,7,5,6,6,7,7,7,6,6,5,5,5,7,7,6,7,7,7,6,6,5,6,6,6,3,4,5,6,4,3,3,4,5,4,6,2,7,6,7,6,7,6,2,2,2,1,1,1,2,2,2,2,4,1,2,2,2,3,2,5,5,4,4,4,3,5,5,5,4,5,4,6,3,3,3,3,4,1,5,5,3,2,2,6,3,3,4,3,2,5,2,2,4,2,2,2,1,2,1,1,4,4,1,1,1,1,1,1,2,2,1,2,2,4,4,3,3,2,6,4,2,4,2,3,4,3,5,3,4,2,5,6,4,4,2,6,6,5,3,2,4,3,2,5,5,3,6,6,6,6,1,5,5,5,6,5,5,5,4
R_7TReYBPQrFB5daF,4,6,5,5,7,4,4,2,4,3,6,5,7,2,7,7,7,7,7,7,7,7,7,7,7,7,7,7,7,7,7,7,7,7,7,7,3,6,5,4,7,3,5,2,4,3,5,3,7,3,6,6,6,6,2,3,5,3,3,3,2,2,2,2,4,3,4,3,4,3,5,5,6,4,3,3,2,4,6,6,6,6,3,4,1,5,1,1,1,2,5,4,3,3,2,5,5,6,4,6,3,5,2,4,3,2,1,2,3,5,5,5,4,5,4,4,3,3,6,3,5,4,6,5,6,3,4,2,3,3,5,5,5,3,4,3,2,5,1,5,1,1,2,1,2,1,3,2,3,3,4,2,3,3,3,4,2,2,2,3,1,2,1,2,2,5,5,2,2,6,1
R_7dsxTDJShpBCBwn,5,5,6,4,4,5,6,4,6,3,4,7,6,3,6,4,6,7,5,6,5,5,4,4,5,6,6,5,6,5,4,5,4,5,6,5,3,3,3,2,3,2,5,5,6,4,3,4,3,4,3,4,3,3,3,3,2,2,2,2,2,4,3,3,2,2,2,4,2,3,4,2,4,2,3,4,5,2,7,7,7,7,6,7,4,5,4,2,4,2,4,5,4,4,4,7,4,5,5,3,2,6,6,2,5,4,2,6,6,6,3,4,5,6,3,3,2,2,3,7,5,2,5,4,5,7,5,4,3,3,4,2,2,1,1,2,3,2,2,1,4,3,3,6,3,4,2,3,4,4,3,2,2,3,4,2,2,2,2,5,5,5,2,4,4,6,5,5,4,3,3
R_11j4RWE0xOYTMzv,2,3,5,3,4,4,2,2,3,4,2,5,5,4,5,2,3,5,7,5,4,6,5,5,6,7,7,7,6,6,5,6,5,6,6,5,3,6,5,3,3,5,6,6,5,6,6,4,4,4,5,4,4,4,2,3,3,3,2,3,4,5,5,5,4,2,2,2,2,2,2,2,7,3,6,5,4,5,6,5,5,6,6,6,6,6,6,6,5,6,5,5,5,5,7,6,5,6,5,4,3,6,5,6,6,5,6,7,6,4,3,4,5,5,6,6,6,6,7,5,5,3,3,3,3,3,5,3,3,2,3,3,2,2,3,2,2,4,4,5,4,4,4,5,3,3,3,3,3,4,1,1,1,1,1,2,4,4,4,4,4,4,1,2,4,4,5,4,4,3,5
R_3BeC85pn442wHUC,1,2,2,4,5,5,2,1,2,1,2,1,6,6,7,7,5,7,5,6,6,4,5,5,5,7,6,6,6,7,6,6,7,4,3,4,2,3,4,4,4,2,5,6,6,6,6,2,7,5,7,6,4,3,5,4,3,2,3,1,5,5,5,5,4,3,3,6,6,5,5,3,7,6,5,6,6,4,7,7,7,3,7,7,1,7,5,2,4,2,7,6,4,6,5,4,5,7,4,4,2,7,5,2,3,4,6,6,6,5,5,3,4,3,4,3,6,3,5,3,3,4,4,4,4,3,1,2,2,1,5,2,4,2,2,1,3,2,4,4,4,4,4,5,5,4,3,5,4,4,4,2,3,2,3,2,2,2,2,2,4,3,4,3,5,3,4,3,3,4,3
R_7lMshUtSme3BT0V,1,3,6,6,7,1,3,2,3,2,3,2,6,4,6,7,7,7,6,6,6,6,6,6,6,6,6,6,6,6,6,6,6,6,6,6,7,7,7,7,7,7,7,7,7,7,7,7,7,7,7,7,7,7,2,2,2,2,2,2,2,2,2,2,2,2,2,2,2,2,2,2,1,1,1,1,1,1,1,1,1,1,1,1,1,1,1,1,1,1,2,3,4,3,4,5,3,4,3,3,4,4,3,4,4,5,2,5,1,1,1,1,1,1,1,1,1,1,1,1,1,1,1,1,1,1,5,2,1,2,3,4,2,3,2,5,1,3,1,2,1,1,1,1,4,4,4,4,4,4,4,4,4,4,4,4,4,4,4,4,4,4,3,7,5,5,6,1,1,1,1
R_6irGdhY2lmrWZN6,3,6,6,6,4,2,5,3,5,6,7,1,2,1,6,7,7,5,6,6,6,6,5,5,6,6,7,7,4,4,4,7,5,6,4,7,2,2,3,2,3,2,2,2,2,3,2,1,2,2,3,3,2,3,1,1,1,1,1,1,2,2,2,2,1,1,2,1,2,3,1,3,7,7,7,5,6,7,7,6,7,7,7,6,5,7,5,7,6,4,7,6,2,5,3,6,1,4,2,2,4,7,1,3,2,1,2,3,6,6,5,6,3,7,6,5,6,2,2,5,2,5,2,2,6,2,5,1,4,4,4,1,2,3,2,3,3,1,2,3,2,2,2,2,5,5,2,5,3,4,1,2,1,1,3,1,2,2,2,2,3,2,5,3,5,6,7,2,1,6,1
R_1TpdXgT5V0GrM3B,3,7,7,7,7,6,6,6,3,6,7,3,7,6,7,7,7,7,7,7,7,7,7,7,7,7,7,7,7,7,7,7,7,7,7,7,7,7,7,7,7,5,7,7,7,7,7,5,7,7,7,7,7,7,4,4,4,4,3,3,4,4,4,4,5,2,4,4,4,4,4,4,1,1,1,1,1,1,1,1,1,1,1,1,3,3,3,3,3,3,5,4,2,4,4,6,4,4,4,5,3,6,3,2,3,3,4,3,1,4,2,3,5,1,1,1,1,1,2,1,7,7,7,7,7,7,4,5,7,6,5,4,4,5,4,5,7,4,7,7,7,7,7,7,1,2,2,2,5,5,1,2,2,3,5,5,2,2,2,2,5,5,2,5,4,2,5,1,1,2,1
R_3wJCKPZlvPG98Ot,1,1,3,6,7,1,1,1,1,1,1,1,7,2,7,7,7,7,6,6,6,7,7,5,7,7,6,7,3,3,7,5,7,5,7,6,1,2,6,3,7,2,1,1,2,1,1,1,7,5,7,7,7,7,1,2,2,2,2,1,1,2,1,1,1,1,7,2,7,5,7,7,7,7,4,2,2,7,7,7,7,7,7,7,1,7,6,6,2,1,2,7,1,1,5,7,6,2,3,6,6,7,1,1,2,1,1,1,1,1,1,1,1,1,1,1,1,1,1,1,1,1,1,1,1,1,6,2,6,4,6,5,2,1,1,2,6,7,1,2,1,1,1,6,5,5,5,5,2,6,1,1,2,1,6,7,1,1,2,2,1,3,5,6,7,5,7,3,3,6,3
R_1OBzYV3WumIUqL7,2,7,3,6,7,5,2,3,3,3,4,2,7,6,7,7,7,7,5,6,3,7,4,5,6,6,4,5,6,5,5,4,5,5,6,4,5,7,6,6,7,6,6,3,3,5,6,3,7,5,7,7,7,7,4,7,5,6,5,5,4,3,4,5,6,3,7,6,6,5,6,3,5,2,4,2,2,3,6,5,6,5,5,6,1,4,1,1,2,1,3,2,2,3,4,6,3,4,5,4,4,6,5,4,6,2,3,5,3,6,4,3,7,6,2,3,3,3,4,3,5,6,6,5,6,7,5,6,4,5,6,5,3,2,2,2,3,2,3,2,4,5,6,6,2,3,3,3,4,5,2,2,2,3,3,4,4,2,3,2,5,5,5,6,6,3,6,2,2,1,1
R_77WI3sl7fvwk84S,1,7,1,1,2,4,1,1,1,1,1,1,6,7,7,7,7,7,7,7,6,7,7,7,7,7,7,7,7,7,7,7,7,7,7,7,6,7,3,7,6,6,5,3,6,7,7,7,7,7,7,7,7,7,7,7,3,5,5,4,5,3,3,3,7,2,7,4,7,7,7,7,7,5,7,5,5,6,7,5,7,6,2,7,5,5,2,5,3,6,7,7,7,7,4,7,4,7,7,4,7,5,7,7,7,7,7,7,3,3,3,3,3,3,3,2,2,2,3,3,3,3,3,3,3,3,1,1,1,1,1,1,1,1,1,1,1,1,1,1,2,2,1,3,1,1,1,1,1,1,1,1,1,1,1,1,1,1,1,1,2,2,1,5,2,5,6,5,4,6,6
R_3vt5W1AuaQfaP0B,4,4,2,2,3,5,3,2,2,3,6,2,6,6,6,6,3,6,6,5,6,5,5,5,5,6,6,6,6,5,6,5,4,6,5,6,3,3,3,4,3,3,3,3,5,3,5,4,4,5,5,3,3,3,3,3,3,3,3,3,3,3,3,3,3,3,3,3,3,3,3,2,6,5,3,5,6,5,6,6,6,6,4,6,2,2,2,2,4,2,3,3,3,3,3,5,5,4,5,5,4,5,5,5,5,5,5,6,2,3,2,3,3,2,2,3,2,2,3,3,3,3,3,3,3,2,5,6,5,5,5,6,5,4,5,4,5,5,6,5,5,5,6,5,5,5,6,5,5,5,4,5,5,4,5,5,5,5,5,5,5,6,4,5,5,3,5,3,2,2,2
R_5SJlkvHskmEwzjf,1,1,1,1,1,1,1,1,1,1,1,1,1,1,1,1,1,1,5,5,5,5,5,5,5,5,5,5,5,5,5,5,5,5,5,5,5,5,7,7,5,5,7,7,5,7,7,7,7,7,7,7,7,7,1,3,1,1,1,1,1,1,1,1,1,1,1,1,1,1,1,1,6,5,5,1,1,4,3,6,5,6,1,6,3,6,3,1,1,1,7,7,7,4,7,7,7,7,7,4,5,7,4,7,7,7,7,7,1,1,1,1,1,1,1,1,1,1,1,1,1,1,1,1,1,1,4,4,1,1,1,4,4,4,4,1,1,4,1,4,1,1,1,1,1,1,1,1,1,1,1,1,1,1,1,1,1,1,1,1,1,1,2,2,2,6,6,5,1,5,4
R_3FbmcduSWF0xz4G,1,7,1,7,1,7,1,1,1,1,1,4,7,7,7,7,7,7,6,6,5,5,6,5,5,6,5,5,6,6,6,7,7,6,6,6,3,3,4,4,3,3,3,4,4,3,5,4,5,5,5,5,4,5,2,3,2,2,3,2,2,3,2,2,3,2,3,3,3,3,2,3,4,3,2,2,2,4,6,4,6,6,2,6,1,1,1,2,1,1,6,2,6,2,3,6,6,5,4,4,6,6,3,6,6,6,2,6,3,4,2,4,4,3,3,3,3,4,3,2,4,3,4,4,3,4,2,6,2,6,6,2,2,2,2,2,4,2,2,6,6,6,6,2,5,5,6,6,6,6,6,5,6,5,5,6,5,5,5,5,5,5,4,6,6,2,6,2,4,2,2
R_7WTFpD2CdxT7OjP,2,6,2,6,6,6,2,2,2,6,6,2,6,2,6,6,6,6,7,7,7,7,7,7,7,7,7,7,7,7,7,7,7,7,7,7,4,4,6,7,6,4,6,5,6,6,6,3,6,6,7,7,6,7,3,4,2,4,2,2,4,4,4,4,4,3,4,6,4,4,4,2,5,4,2,2,2,4,5,4,4,4,5,5,6,2,6,1,2,4,4,4,4,3,6,6,3,4,4,3,4,6,3,4,2,3,4,6,2,2,4,4,4,4,2,2,2,2,4,4,4,4,4,4,6,4,2,6,4,4,5,2,4,4,4,4,4,4,4,4,4,4,4,3,2,2,4,4,5,2,3,3,2,2,3,3,4,3,4,4,2,5,3,4,6,4,5,2,4,6,1
R_5RhentY8fX76cbn,5,7,6,6,7,7,3,4,5,3,6,1,7,5,7,2,7,7,7,7,5,7,5,7,7,7,7,7,7,7,6,7,6,6,6,6,5,7,4,6,7,3,5,5,6,6,7,1,6,5,7,7,6,7,2,2,1,1,2,1,1,1,2,1,3,1,1,1,1,1,1,2,7,4,7,7,3,6,7,5,4,7,7,7,2,3,3,2,3,1,3,3,3,5,3,3,5,4,3,5,3,5,6,3,6,5,2,3,5,6,1,6,4,7,1,2,1,1,1,1,4,3,4,4,3,7,1,1,4,1,2,4,4,2,2,3,1,3,3,2,2,3,5,6,2,3,5,4,4,2,2,4,2,2,2,4,3,3,4,4,5,5,1,5,4,3,7,2,6,1,2
R_5ivakyndjS2YP4d,1,2,2,2,2,2,1,1,2,1,2,1,5,2,5,5,2,6,5,5,4,5,5,6,6,5,6,5,5,5,6,5,6,6,5,6,3,4,4,5,5,4,4,4,4,4,6,4,6,4,6,6,5,6,2,3,2,3,3,3,2,3,3,3,4,3,4,2,4,4,4,3,6,5,6,5,5,6,6,6,6,6,4,6,2,5,2,3,4,2,6,4,3,4,3,4,4,4,4,4,3,4,3,6,3,2,2,3,4,4,4,4,4,4,3,3,3,3,4,4,4,3,4,3,3,4,3,4,5,3,4,3,4,4,3,4,3,3,4,4,4,3,2,2,4,3,4,4,4,4,3,3,3,3,4,4,4,4,4,3,4,4,4,5,5,6,6,4,4,3,4
R_62Mux3l5VxEN46Q,2,3,2,2,6,5,4,4,3,4,5,4,7,5,7,7,6,7,5,4,4,5,4,4,6,7,7,6,7,6,3,5,7,7,5,6,2,4,4,3,3,4,7,3,3,5,6,2,7,7,7,7,7,5,3,2,2,4,2,2,5,4,4,4,4,2,2,3,7,6,4,2,7,6,4,4,7,3,4,7,5,5,7,7,2,3,2,3,1,1,5,2,2,3,7,4,2,6,6,3,5,7,4,4,2,3,2,7,2,3,3,6,6,6,2,3,2,3,4,3,4,3,4,2,2,6,4,3,4,4,7,5,4,5,4,3,2,6,3,5,3,5,2,6,2,3,4,4,5,3,2,2,2,2,3,4,2,3,3,2,2,3,2,5,3,3,7,2,2,1,2
R_7iqSg9r3YMuOvJT,2,4,3,1,7,7,1,5,6,1,4,3,5,5,2,1,5,7,2,5,2,2,3,3,6,5,3,2,5,5,4,5,4,7,6,3,3,1,2,3,2,3,4,3,4,2,5,3,4,4,3,3,1,1,3,5,3,2,3,2,3,3,3,2,5,2,4,3,3,2,2,3,7,7,6,6,6,7,7,7,7,7,6,7,6,3,5,4,2,2,2,3,3,3,4,3,2,3,2,2,2,2,2,3,4,3,3,2,3,2,3,3,5,2,1,3,2,2,3,3,5,6,3,3,5,6,2,3,6,1,2,3,3,2,3,2,1,3,1,2,3,2,5,5,7,7,7,6,7,6,7,7,7,7,7,7,7,7,7,6,6,7,2,2,7,7,7,7,7,7,6
R_7ivuy0JC2yLBQvT,5,6,5,5,4,4,2,2,4,4,4,2,4,2,5,4,5,4,6,7,5,7,6,6,6,7,6,5,7,7,7,6,5,5,6,6,4,5,5,5,4,5,4,5,5,3,6,4,5,4,5,4,4,5,4,3,4,4,4,3,3,3,3,3,4,3,4,4,3,4,3,4,4,5,4,5,4,4,5,5,6,6,5,6,4,6,4,4,4,3,5,5,5,4,5,4,4,5,5,5,4,4,4,6,4,4,4,4,3,3,4,3,4,3,3,3,3,3,3,4,4,4,3,4,3,4,3,3,3,3,2,3,3,3,3,3,3,3,3,3,2,4,3,3,3,3,4,3,4,3,4,3,4,4,3,4,3,3,3,3,3,3,4,4,5,4,4,5,4,4,4
R_3CgAQOiNoKGZklE,4,6,4,5,6,4,4,4,4,4,6,2,7,7,7,7,7,7,7,7,7,7,7,7,7,7,7,7,7,7,7,7,7,7,7,7,4,7,7,4,6,2,4,5,4,4,7,1,7,7,7,7,7,7,1,1,1,1,1,1,1,1,1,1,1,1,1,1,1,1,1,1,1,1,1,1,1,2,1,2,2,1,1,1,1,1,1,1,1,1,7,7,7,7,7,7,7,7,7,7,7,7,7,7,7,7,6,7,1,1,1,1,1,1,1,1,1,1,1,1,7,7,7,7,7,7,1,4,1,4,5,4,1,2,2,3,1,4,1,1,1,1,1,2,6,6,5,7,7,7,5,4,6,6,4,7,6,4,6,4,5,5,2,7,4,7,7,1,4,3,2
R_6lG71B54AO71Ifn,6,7,7,5,6,6,5,6,7,6,7,7,6,5,6,7,5,5,5,5,5,6,7,6,6,6,4,7,4,4,7,4,4,7,6,5,4,7,7,5,6,7,3,6,6,4,4,5,6,7,6,5,6,6,6,6,7,7,5,6,6,4,7,4,5,6,5,5,6,7,6,5,5,6,6,7,6,6,5,7,4,6,4,4,7,7,5,5,5,4,4,7,7,5,6,6,6,6,6,7,5,4,5,7,6,5,4,6,6,5,5,7,5,4,7,5,6,6,5,6,5,6,7,7,6,7,6,7,6,4,6,6,5,5,7,6,6,5,4,5,5,5,5,4,4,6,4,4,7,5,7,7,7,5,4,7,6,6,6,6,4,6,2,3,6,7,7,7,7,7,7
R_6KCsoYncohiNr0O,3,3,2,2,3,3,3,2,3,2,3,2,6,7,7,7,6,7,1,1,3,6,2,2,1,1,2,1,1,1,6,5,6,6,5,5,3,2,1,2,2,1,3,2,1,1,2,4,5,5,6,6,5,2,1,2,2,2,2,2,1,6,3,6,2,5,5,7,2,6,5,6,6,6,6,5,6,6,7,5,7,6,7,6,2,1,1,1,2,2,2,6,6,4,5,2,6,5,6,4,6,6,3,3,5,5,4,5,6,2,6,2,6,6,6,6,6,3,2,3,2,2,2,2,2,3,3,2,6,2,2,1,2,2,2,1,2,3,6,6,7,6,7,6,7,6,7,7,7,7,7,5,7,7,6,7,6,6,6,7,7,6,2,2,6,7,7,7,7,7,7
R_1aXZZG0AXCl5ITT,4,5,5,5,5,6,2,3,2,2,4,2,6,6,6,6,6,6,6,6,6,6,6,6,6,6,6,6,6,6,6,6,6,6,6,6,5,6,5,6,6,6,5,5,5,5,6,5,6,6,6,6,6,6,2,2,2,2,2,2,3,2,2,3,3,3,3,2,2,3,3,3,6,5,4,4,4,5,6,5,5,5,5,5,2,2,2,2,2,2,6,6,6,5,6,6,5,5,6,6,4,6,4,5,4,4,4,5,6,6,5,6,6,6,6,4,6,6,5,6,4,5,5,4,5,4,6,5,5,5,5,4,6,6,6,6,6,6,6,6,6,6,5,6,6,6,6,6,6,6,6,6,6,6,6,6,5,6,6,5,5,5,4,5,5,3,3,2,2,4,3
R_1Jypw8o7iQR0ni9,5,7,7,7,7,6,4,3,4,4,4,4,7,4,7,7,7,7,7,7,7,7,7,6,7,7,7,7,7,7,7,7,7,7,7,6,5,7,6,7,7,7,6,4,3,6,6,5,7,6,7,7,7,7,2,1,4,2,3,2,2,1,2,3,2,2,3,3,2,3,3,1,7,4,4,5,3,6,7,7,7,7,6,7,5,6,2,6,1,1,7,4,7,4,7,5,7,7,6,7,5,7,7,6,7,6,5,5,1,1,1,1,1,1,1,1,1,1,1,1,1,1,1,1,1,1,6,4,1,4,4,6,3,1,1,3,3,3,1,4,1,3,5,7,3,2,2,2,3,4,2,2,2,2,2,2,2,1,2,2,2,5,1,4,4,4,5,2,3,2,1
R_18wS1MeolzjB3Q5,6,5,4,5,4,6,4,5,4,5,5,4,5,4,5,5,6,3,4,5,4,5,4,5,5,5,4,5,4,4,5,5,5,5,4,4,3,4,4,3,4,3,4,3,4,4,2,4,5,5,5,4,3,4,5,4,4,4,4,3,4,4,4,5,5,5,5,5,5,5,5,4,3,3,5,3,4,3,4,4,5,5,3,5,4,4,3,3,3,4,5,3,4,4,5,4,4,4,5,3,5,5,4,4,4,5,3,5,3,3,3,3,2,3,2,2,3,3,4,3,3,2,3,2,2,4,3,4,4,3,4,4,3,4,3,4,3,3,4,3,3,4,3,4,3,4,4,4,4,4,4,3,3,3,4,5,3,4,4,3,4,4,4,4,5,4,4,5,5,4,4
R_5O1hCCXvB7YFMbP,3,4,6,5,4,4,2,2,2,2,4,2,6,3,6,6,5,6,7,7,7,7,7,7,7,7,7,7,7,7,7,7,7,7,7,7,5,4,6,6,5,4,6,6,5,6,6,4,5,6,5,6,5,4,2,2,2,2,2,2,2,2,2,2,3,2,3,3,3,3,2,2,5,5,4,5,4,5,6,6,6,6,4,6,5,5,5,3,3,2,3,3,4,4,5,5,4,4,4,3,4,5,6,3,6,5,3,6,1,1,1,1,1,1,1,1,1,1,1,1,1,1,1,1,1,1,1,2,1,1,1,2,1,1,3,1,1,3,1,1,1,1,4,4,2,3,2,2,2,3,2,2,2,2,2,3,2,2,2,2,3,4,3,4,5,4,6,3,4,2,3
R_5z8DMi9Ld4UOtkm,2,1,3,1,3,2,3,2,1,2,2,1,7,7,7,7,7,6,6,2,3,1,2,1,1,2,1,6,1,2,7,2,5,6,6,5,3,3,3,4,3,3,2,2,3,3,2,2,3,2,3,4,3,3,1,2,1,1,1,2,1,1,2,2,1,1,1,2,1,1,1,3,7,7,7,7,7,7,7,7,7,7,7,7,1,1,2,1,1,1,6,5,6,5,1,2,5,2,6,1,4,3,3,1,5,2,2,2,6,5,7,2,6,7,2,7,1,6,3,7,7,6,6,2,7,1,6,1,2,4,2,1,1,3,1,1,2,1,6,5,6,3,6,3,5,7,7,6,6,7,7,5,6,7,5,7,7,7,7,7,6,7,1,2,5,7,7,7,7,7,7
R_5zhwkkbDRbnEJ5V,3,7,7,7,7,6,3,2,2,2,4,2,7,4,7,7,7,7,7,7,7,7,7,7,7,7,7,7,7,7,7,7,7,7,7,7,6,6,6,7,7,5,5,5,6,6,6,5,7,7,7,7,7,7,2,2,3,2,2,2,2,2,2,2,2,2,3,2,2,3,2,3,2,2,1,2,1,2,3,2,2,4,1,2,2,1,1,2,1,1,7,7,7,7,7,7,7,7,7,7,7,7,7,7,7,7,7,7,1,2,3,1,3,1,1,1,1,1,1,1,1,1,1,3,1,1,2,2,1,2,6,1,1,1,1,1,4,1,5,1,4,5,5,6,3,4,2,3,3,2,2,2,4,3,4,4,4,3,4,4,3,4,7,6,7,5,6,2,1,1,1
R_1Ybkh2c2gIy9Dgp,3,6,6,6,7,7,3,6,2,2,6,5,7,6,7,6,6,7,6,6,6,5,4,4,5,5,6,4,7,7,7,7,7,7,7,5,5,4,5,5,4,3,3,6,5,2,6,2,6,6,7,6,7,7,4,5,5,3,2,1,2,4,2,2,5,2,5,6,6,6,6,5,5,4,5,5,5,3,7,7,7,7,3,7,1,3,1,1,2,1,6,5,4,3,2,6,4,3,3,3,3,5,3,3,3,4,2,3,3,2,3,1,2,2,2,1,2,2,1,4,1,1,1,1,1,2,1,2,2,1,5,5,1,1,3,2,1,3,1,1,1,1,1,1,2,1,3,4,5,5,2,1,2,2,1,4,1,1,1,1,1,1,1,2,2,1,2,3,4,1,3
R_60jW33wydaPII8x,4,5,6,4,5,4,4,4,4,4,6,4,7,5,7,6,5,6,4,4,4,4,4,4,4,4,4,4,4,4,4,4,4,4,4,4,4,6,4,4,4,4,4,4,4,4,6,4,6,4,6,6,5,6,1,1,1,1,1,1,1,1,1,1,1,1,1,1,1,1,1,1,6,2,2,2,6,6,6,6,6,6,2,6,2,6,2,1,2,1,6,2,3,2,6,6,5,4,6,2,2,6,2,2,2,3,2,2,2,2,2,2,2,2,2,2,2,2,2,2,2,2,2,2,2,2,4,4,4,4,4,4,4,4,4,4,4,4,4,4,4,4,4,4,4,4,4,4,4,4,4,4,4,4,4,4,4,4,3,4,4,4,2,4,5,2,6,4,4,2,2
R_3rVDRxmOb2nZMVK,1,1,1,7,1,7,1,1,1,1,1,1,7,1,7,7,4,7,7,7,7,7,7,7,7,7,7,7,7,7,7,7,7,7,7,7,7,7,6,7,6,6,7,7,7,7,7,6,7,7,7,7,7,7,1,1,1,1,1,1,1,1,1,1,1,1,1,1,1,1,1,1,7,4,7,1,7,1,7,7,7,7,7,7,1,7,1,4,5,1,1,1,1,1,1,3,1,1,1,1,1,2,1,1,1,1,1,1,1,1,1,1,1,1,1,1,1,1,1,1,1,1,1,1,1,3,1,1,1,1,1,1,1,1,1,1,1,1,1,1,1,1,1,2,1,1,1,1,1,1,1,1,1,1,1,1,1,1,1,1,1,2,1,4,4,5,5,3,2,2,1
R_7PuivOvQz9qB0ry,2,6,6,6,7,6,6,3,6,6,6,3,6,3,6,6,7,6,3,6,6,6,7,5,6,6,5,5,6,6,6,3,5,3,5,5,5,7,7,7,7,7,7,7,7,7,7,7,7,7,7,7,7,7,3,2,3,1,3,3,2,2,2,3,3,2,3,3,3,3,3,3,7,3,5,5,3,3,7,7,7,7,7,7,5,5,3,3,3,3,2,3,2,4,3,3,4,3,1,2,3,3,2,3,2,4,3,2,1,2,5,2,4,4,1,2,1,2,3,1,2,4,5,5,6,4,2,2,1,1,2,1,1,1,2,2,3,1,4,4,4,4,5,5,2,2,2,2,3,2,2,2,2,2,2,2,2,2,2,2,2,2,3,6,5,4,1,1,1,1,1
R_71T4a23Dhsa4A3S,2,4,2,3,5,3,1,2,2,2,6,5,6,2,6,6,7,6,5,5,3,6,6,4,6,6,4,3,6,5,5,5,4,5,5,3,4,5,6,5,7,1,3,6,6,3,7,1,7,4,7,6,7,6,5,4,5,3,5,2,4,6,1,3,6,2,4,6,6,5,6,5,5,4,6,4,2,6,7,6,7,7,5,7,2,2,2,2,2,2,5,5,6,5,1,7,3,3,6,4,6,5,4,2,5,5,2,5,7,6,4,5,1,7,7,2,7,4,6,6,2,2,2,2,4,3,5,6,2,5,1,7,2,5,6,4,2,7,2,3,2,2,2,2,3,4,3,2,2,5,4,2,5,3,2,6,2,2,2,2,2,2,2,2,4,6,4,1,1,1,1
R_7hS7z9dYWQSbph8,3,2,6,2,5,3,2,3,2,3,2,2,7,2,7,6,7,7,7,7,7,7,7,7,7,7,7,7,4,3,4,6,7,7,7,6,5,5,5,5,5,5,5,5,5,5,5,5,5,5,5,5,5,5,2,3,3,2,2,2,2,3,2,2,2,2,2,2,2,2,2,2,5,6,2,3,4,5,6,6,7,6,6,6,3,3,2,5,3,2,5,3,3,5,3,6,3,3,3,5,3,6,3,3,3,6,3,3,2,2,2,2,2,2,2,2,2,2,2,2,2,2,2,2,2,2,5,3,5,3,3,5,3,3,5,3,3,3,5,3,3,5,3,5,3,3,3,3,3,3,3,3,3,3,5,3,3,3,3,5,3,3,2,5,5,6,3,5,3,6,3
R_6ilKte1jeNTcfWg,6,6,7,7,7,6,5,5,5,5,7,6,7,7,7,7,7,7,7,7,7,7,7,7,7,7,7,7,7,7,7,7,7,7,7,7,7,7,7,7,7,7,7,7,7,7,7,6,7,7,7,6,7,6,3,5,6,5,4,3,4,6,6,5,4,3,5,5,6,5,6,4,7,2,1,1,7,4,7,7,7,7,4,7,1,7,2,3,1,1,5,5,7,7,7,7,7,7,7,7,7,7,7,7,7,7,7,7,1,1,1,1,1,1,1,1,1,1,1,1,1,1,1,1,1,1,3,4,1,4,5,5,3,1,2,1,4,5,4,2,2,5,1,5,1,1,1,3,3,5,1,1,1,1,2,5,1,2,1,3,2,5,2,3,2,3,4,2,4,3,2
R_7ri5BrhArpfMxiu,4,6,5,6,7,6,2,2,1,2,4,2,7,3,7,7,6,7,6,6,6,6,5,5,5,7,7,5,6,6,6,7,6,7,7,7,4,5,6,6,7,3,4,5,6,5,6,2,7,6,7,7,7,7,1,2,1,2,2,1,1,1,1,1,1,1,3,2,3,2,2,4,4,1,2,2,3,2,2,4,2,2,4,3,3,4,1,1,3,1,5,3,5,4,5,7,4,6,6,5,3,7,1,5,3,3,1,7,1,3,6,2,2,2,1,2,2,1,4,1,5,3,5,5,6,7,3,3,5,3,6,4,2,1,2,2,5,2,6,4,5,7,6,7,4,2,2,3,5,4,3,2,2,3,3,2,2,1,3,3,3,3,2,2,2,7,7,5,5,5,4
R_7ltwXNyNw9Vud3o,3,3,2,3,3,2,4,2,2,3,3,1,4,2,4,4,4,6,7,7,7,7,7,7,7,7,7,7,7,7,7,7,7,7,7,7,6,6,4,5,4,6,6,5,6,6,4,4,6,5,6,6,6,6,2,2,2,2,2,1,2,2,2,2,2,2,2,2,2,2,2,2,1,1,1,1,1,1,1,1,1,1,1,1,1,1,1,1,1,1,4,4,6,5,5,6,5,5,5,5,5,6,5,4,5,5,4,6,1,1,1,1,1,1,1,1,1,1,1,1,1,1,1,1,1,1,4,2,1,4,4,2,2,3,1,2,4,1,2,5,2,2,1,3,3,2,2,3,4,3,2,3,2,2,3,4,3,3,3,3,3,3,4,4,5,6,6,3,2,2,2
R_3GEjuZ2RkdCBUn7,2,6,4,6,5,4,5,4,3,4,5,7,5,3,5,4,7,7,4,4,3,3,3,3,5,5,6,5,5,5,5,4,5,4,4,4,6,5,5,6,5,5,5,5,5,5,7,5,5,5,5,5,6,6,5,5,5,5,5,5,5,5,5,5,5,5,5,5,5,5,5,5,5,4,4,4,4,4,7,1,4,4,5,2,5,7,5,5,7,5,4,6,4,6,5,7,5,5,5,5,3,5,4,5,4,5,5,6,6,4,4,3,5,4,2,3,4,3,2,4,3,3,3,4,3,3,4,4,5,4,3,4,2,3,4,3,4,4,4,6,5,4,5,5,5,4,5,5,4,5,5,3,4,4,2,4,3,5,5,2,5,6,4,4,4,4,4,4,4,4,4
R_3SUER5i3AKtRr57,4,4,5,4,7,3,4,5,3,4,6,4,7,5,6,5,4,7,7,7,7,7,7,7,7,7,7,7,7,7,7,7,7,7,7,7,6,6,5,6,6,6,6,6,6,5,6,5,6,6,5,5,6,6,5,6,6,4,5,6,6,6,6,5,5,5,6,5,6,6,6,6,6,1,3,2,1,3,3,4,5,5,3,5,1,1,1,1,1,1,1,1,1,1,1,1,1,1,1,1,1,1,1,1,1,1,1,1,1,1,1,1,1,1,1,1,1,1,1,1,2,1,1,1,1,1,1,1,1,1,1,1,1,1,1,1,1,1,1,1,1,1,1,1,1,1,2,2,1,1,1,2,2,1,1,1,2,2,1,3,2,2,1,1,1,7,1,1,1,1,1
R_3IiJSCit2InmlAd,5,6,4,6,6,6,1,1,2,1,3,2,7,7,7,7,7,7,4,4,4,6,4,3,6,6,6,7,7,5,5,5,6,5,4,3,3,2,4,5,4,7,3,2,2,4,5,2,5,2,6,5,6,6,2,2,1,2,3,1,2,1,1,2,1,2,3,2,3,4,2,4,7,7,5,5,6,5,7,7,7,7,4,7,6,6,4,3,5,6,5,5,5,4,4,6,3,5,5,4,3,5,5,5,4,5,2,3,3,3,4,4,3,4,1,1,1,1,3,1,3,4,4,2,3,6,4,4,4,4,4,4,4,4,5,4,4,5,4,4,4,4,4,4,3,3,5,3,3,3,3,3,3,3,5,3,5,5,5,5,5,5,4,5,5,2,6,4,3,2,3
R_6WvthHYAxQB8LC4,1,6,6,6,7,6,3,5,5,6,6,5,6,2,6,6,6,6,7,7,5,6,7,6,7,7,7,7,7,7,7,7,7,7,7,7,5,6,7,7,7,6,6,6,6,6,7,4,7,6,7,5,7,7,4,5,4,3,4,3,4,4,4,5,4,3,4,5,3,4,4,5,4,3,4,3,3,3,5,5,5,5,5,5,3,4,2,4,2,2,2,2,3,2,3,6,3,3,4,3,2,4,3,3,2,3,2,6,4,2,3,4,3,4,2,3,3,2,1,2,3,2,3,3,3,5,5,4,1,3,4,6,2,3,3,1,3,2,2,3,3,3,1,4,2,2,2,2,3,3,2,1,1,1,2,2,2,1,2,2,2,3,3,5,4,3,3,3,1,2,2
